trial_id,tunnel_id,ring_id,case_id,kind,k_y,per_ring_offsets,r_surface_min_ceiling_ref,gt_miou,best_so_far,regret_vs_ceiling,search_x,hough_threshold,hough_oblique_threshold,hough_horizontal_threshold,merge_distance_threshold,line_merge_distance,single_ring_visual_slot_snap_px,line_snap_tolerance_px,slot_inset_y,segmentation_slot_inset_y,agent_error,n_reclassified_by_r_filter,r_surface_min,r_surface_min_frac,r_surface_min_otsu_ref,k_y_frac,arc_width_entropy,order_branch,branch_is_minus,direction_score_plus,direction_score_minus,direction_margin,direction_select_enabled,det_k_count_match,det_k_confidence_avg,det_block_count_per_ring,det_y_coverage_pct,det_min_y_gap_px,det_y_order_consistency,det_ready_for_segmentation,det_guardrail_violations,bo_surrogate_mean,bo_surrogate_std,ei_value
0,1-4,206,1-4/r206,gt_layout_ceiling_r,1015.0645836177204,"{""0"": {""K"": 0.0, ""B1"": 2804.3082845282397, ""A1"": 1567.4040440208469, ""A2"": 1507.5730990482648, ""A3"": 861.1451303604473, ""B2"": 214.17723716765397}}",2.7397,0.9169283635126143,0.9169283635126143,0.018171636487385734,"[0.2937108170190163, 0.0, 0.811431795291736, 0.45353126273751354, 0.43621906801165067, 0.2491739381829998, 0.06197258019897395, 0.29333333333333333, 0.36363636363636365, 0.18181818181818182, 0.2, 0.0, 0.0013904466436097153]",37.0,37.0,50.0,3.0,3.0,20.0,20.0,0.0,0.0,False,0,2.7397,0.00139,2.4101,0.2937108170190163,1.7830379166889898,plus,False,1.8092611448242033,1.8134615292258396,0.004200384401636281,True,True,1.0,False,100.0,59.90000000000009,0.0,False,"[""block_count_per_ring != 7 (missing or extra blocks)""]",,,
1,1-4,206,1-4/r206,gt_layout_otsu_r,1015.0645836177204,"{""0"": {""K"": 0.0, ""B1"": 2804.3082845282397, ""A1"": 1567.4040440208469, ""A2"": 1507.5730990482648, ""A3"": 861.1451303604473, ""B2"": 214.17723716765397}}",2.7397,0.9169283635126143,0.9169283635126143,0.018171636487385734,"[0.2937108170190163, 0.0, 0.811431795291736, 0.45353126273751354, 0.43621906801165067, 0.2491739381829998, 0.06197258019897395, 0.29333333333333333, 0.36363636363636365, 0.18181818181818182, 0.2, 0.0, 0.0]",37.0,37.0,50.0,3.0,3.0,20.0,20.0,0.0,0.0,False,0,2.7397,0.00139,2.4101,0.2937108170190163,1.7830379166889898,plus,False,1.8092611448242033,1.8134615292258396,0.004200384401636281,True,True,1.0,False,100.0,59.90000000000009,0.0,False,"[""block_count_per_ring != 7 (missing or extra blocks)""]",,,
2,1-4,206,1-4/r206,intrinsic_r_otsu,2160.3299325857292,"{""0"": {""K"": 0.0, ""B1"": 2680.7697454873887, ""A1"": 778.3160486074855, ""A2"": 1037.3746806531951, ""A3"": 3019.000707289481, ""B2"": 18.196892578626247}}",2.7397,0.17059605785635545,0.9169283635126143,0.018171636487385734,"[0.625095466604667, 0.8972138009695755, 0.7756856902451935, 0.22520718999059186, 0.30016628491122543, 0.8735534453962619, 0.005265304565574724, 0.8212284183827663, 0.7970694287520462, 0.4679349528437208, 0.3030324268193135, 0.2784256121007733, 0.0]",77.0,77.0,98.0,6.1473,6.1473,27.7274,27.7274,6.9606,6.9606,False,0,2.7397,0.00139,2.4101,0.625095466604667,1.5458869746539976,plus,False,1.69348335549244,1.423753365951796,0.269729989540644,True,True,1.0,False,100.0,18.199999999999818,0.0,False,"[""block_count_per_ring != 7 (missing or extra blocks)""]",,,
3,1-4,206,1-4/r206,random,1538.1837131304264,"{""0"": {""K"": 0.0, ""B1"": 1912.886848769446, ""A1"": 3440.448979549261, ""A2"": 2739.4395928027307, ""A3"": 2150.251416948658, ""B2"": 3417.8462703885943}}",2.7397,0.07814044901571364,0.9169283635126143,0.018171636487385734,"[0.4450763058826466, 0.5045482589579533, 0.5534973520744925, 0.9955002834343927, 0.7926619192137531, 0.6221792294411627, 0.9889601476818849, 0.21530869823559895, 0.16021203385784455, 0.6125396042730308, 0.04394200796138337, 0.03568027877359614, 0.5148888202713703]",31.0,31.0,28.0,7.7379,7.7379,8.2957,8.2957,0.892,0.892,False,0,2.7468,0.515187,2.4101,0.4450763058826465,1.5791616556368795,plus,False,-2.3084330362704657,-2.1972911222737403,0.11114191399672535,True,True,1.0,False,100.0,15.600000000000136,0.0,False,"[""block_count_per_ring != 7 (missing or extra blocks)""]",,,
4,1-4,206,1-4/r206,random,1611.2080235241992,"{""0"": {""K"": 0.0, ""B1"": 2174.6059355209322, ""A1"": 1776.79058664792, ""A2"": 1717.1945927199508, ""A3"": 855.4115705264553, ""B2"": 40.76015227490025}}",2.7397,0.05836244516249538,0.9169283635126143,0.018171636487385734,"[0.4662060253252891, 0.9171677731928523, 0.6292262544910104, 0.5141176465995139, 0.49687343539350426, 0.24751492202733083, 0.01179402554250586, 0.19240214398531064, 0.6920321208818392, 0.2006067239869952, 0.3695363106022067, 0.0037342420520759534, 0.8300477298017456]",29.0,29.0,86.0,3.2067,3.2067,32.7152,32.7152,0.0934,0.0934,False,0,2.7512,0.833596,2.4101,0.46620602532528915,1.7792959576398664,minus,True,1.931814627943528,2.279849897513741,0.34803526957021313,True,True,1.0,False,100.00000000000003,40.799999999999955,0.0,False,"[""block_count_per_ring != 7 (missing or extra blocks)""]",,,
5,1-4,206,1-4/r206,random,533.8174961483361,"{""0"": {""K"": 0.0, ""B1"": 3042.4279241577437, ""A1"": 1761.8370389052704, ""A2"": 2927.7512514404443, ""A3"": 2210.8625289533707, ""B2"": 2563.560394082578}}",2.7397,0.10075107693337178,0.9169283635126143,0.018171636487385734,"[0.15446108106143985, 0.26759930456378545, 0.8803321539808286, 0.5097908098684232, 0.8471502463658693, 0.6397171669425262, 0.7417709473618571, 0.09149560506304566, 0.5411438213764888, 0.50777223630035, 0.8713393766928806, 0.3612640590141576, 0.5981840672072131]",22.0,22.0,70.0,6.5855,6.5855,70.3505,70.3505,9.0316,9.0316,False,0,2.7479,0.594789,2.4101,0.15446108106143985,1.6109255292733478,plus,False,-2.4701526455881737,-2.439443498707172,0.030709146881001903,True,True,1.0,False,100.0,114.60000000000001,0.0,False,"[""block_count_per_ring != 7 (missing or extra blocks)""]",,,
6,1-4,206,1-4/r206,random,204.7736759460605,"{""0"": {""K"": 0.0, ""B1"": 1116.4136126683622, ""A1"": 519.0902636674816, ""A2"": 2821.2644867987256, ""A3"": 1311.3659688778798, ""B2"": 3382.552688525182}}",2.7397,0.15812672768218247,0.9169283635126143,0.018171636487385734,"[0.05925164234550362, 0.3876318011107287, 0.32303634625820665, 0.15019972907045187, 0.8163381038190757, 0.37944617155031246, 0.9787478844112216, 0.5899916930106103, 0.6050562538298513, 0.6379965807883322, 0.6764502438127883, 0.1507880191683687, 0.44031346718818754]",59.0,59.0,77.0,8.018,8.018,55.7338,55.7338,3.7697,3.7697,False,0,2.7458,0.442821,2.4101,0.05925164234550362,1.6001713874068244,plus,False,0.3589848801473625,0.4476037624639807,0.08861888231661819,True,True,1.0,False,100.0,73.5,0.0,False,"[""block_count_per_ring != 7 (missing or extra blocks)""]",,,
7,1-4,206,1-4/r206,random,827.9330520828327,"{""0"": {""K"": 0.0, ""B1"": 334.2093486281128, ""A1"": 3344.813744424727, ""A2"": 743.0539531019214, ""A3"": 2321.620401984601, ""B2"": 1038.251801591667}}",2.7397,0.05653547192994187,0.9169283635126143,0.018171636487385734,"[0.23956396182952333, 0.40249829810398163, 0.09670409393174562, 0.9678280510488214, 0.21500403735588003, 0.6717651626112849, 0.3004200814790703, 0.8740770261495044, 0.6622147383384538, 0.13161581580830573, 0.8450743208745529, 0.9449481711449795, 0.9039167881959268]",81.0,81.0,83.0,2.4478,2.4478,68.3806,68.3806,23.6237,23.6237,False,0,2.7522,0.905961,2.4101,0.23956396182952333,1.6290221587531393,plus,False,1.8739532894427036,1.1811818016022744,0.6927714878404292,True,True,1.0,False,100.0,111.19999999999993,0.0,False,"[""block_count_per_ring != 7 (missing or extra blocks)""]",,,
8,1-4,206,1-4/r206,random,1968.9493750016622,"{""0"": {""K"": 0.0, ""B1"": 665.1538386105567, ""A1"": 3206.842046477076, ""A2"": 1908.8403413780636, ""A3"": 623.9894346394386, ""B2"": 3055.300626343}}",2.7397,0.12758271225155482,0.9169283635126143,0.018171636487385734,"[0.5697191478592772, 0.1454599537609269, 0.19246349496833237, 0.9279056847445244, 0.5523264876672638, 0.18055249844891164, 0.8840568941964699, 0.6415717052224807, 0.5696942744738079, 0.3762878361299201, 0.41095528215712984, 0.23948921268184487, 0.03805728669123909]",63.0,63.0,73.0,5.1392,5.1392,35.8216,35.8216,5.9872,5.9872,False,0,2.7402,0.037573,2.4101,0.5697191478592772,1.6407655329791455,minus,True,0.11487220390474576,0.8902847249625917,0.775412521057846,True,True,1.0,False,100.0,41.19999999999982,0.0,False,"[""block_count_per_ring != 7 (missing or extra blocks)""]",,,
9,1-4,206,1-4/r206,random,3028.2122008256406,"{""0"": {""K"": 0.0, ""B1"": 1892.627248482669, ""A1"": 1113.396398600458, ""A2"": 2596.5789230186306, ""A3"": 87.08038549088381, ""B2"": 1286.272301985345}}",2.7397,0.08785479912196296,0.9169283635126143,0.018171636487385734,"[0.876218808109271, 0.4677302168140961, 0.5476351992137353, 0.3221633097802251, 0.7513249198549279, 0.025196870801760363, 0.37218527256520395, 0.03035029438411163, 0.12289210220500935, 0.9671482353973677, 0.6577607300385144, 0.4282202463894813, 0.5237401079104803]",17.0,17.0,24.0,11.6386,11.6386,54.3321,54.3321,10.7055,10.7055,False,0,2.7469,0.522423,2.4101,0.876218808109271,1.7335807277825284,plus,False,2.129746325874196,2.2258230955702403,0.09607676969604428,True,True,1.0,False,100.0,87.10000000000036,0.0,False,"[""block_count_per_ring != 7 (missing or extra blocks)""]",,,
10,1-4,206,1-4/r206,random,3016.4286247998602,"{""0"": {""K"": 0.0, ""B1"": 2040.0456347932538, ""A1"": 2362.8131942614627, ""A2"": 1228.3100133932578, ""A3"": 1794.0043693301418, ""B2"": 2644.694956610574}}",2.7397,0.05757804904396673,0.9169283635126143,0.018171636487385734,"[0.8728092085647744, 0.3442106669960262, 0.5902909822897147, 0.6836843733395437, 0.35541377702351207, 0.5190984864959901, 0.7652473832785226, 0.9091793139905502, 0.1510622780768155, 0.9334193923074285, 0.005178865815432143, 0.752977503597754, 0.8105268303172452]",83.0,83.0,27.0,11.2676,11.2676,5.3884,5.3884,18.8244,18.8244,False,0,2.7509,0.811886,2.4101,0.8728092085647744,1.5838372349525842,plus,False,-1.3185878333209253,-1.786393105228956,0.46780527190803056,True,True,1.0,False,100.0,246.0999999999999,0.0,False,"[""block_count_per_ring != 7 (missing or extra blocks)""]",,,
11,1-4,206,1-4/r206,random,472.65656213116176,"{""0"": {""K"": 0.0, ""B1"": 2817.5256967508776, ""A1"": 49.32123155001426, ""A2"": 2171.964491825901, ""A3"": 2740.689762386806, ""B2"": 1772.9403822335526}}",2.7397,0.10745278166706229,0.9169283635126143,0.018171636487385734,"[0.13676405154258153, 0.41890365091318515, 0.8152562779950456, 0.014271189684610608, 0.6284619478662907, 0.7930236580980341, 0.5130035828222085, 0.7258494205510871, 0.22642348269714407, 0.19852114799267284, 0.3631269505503516, 0.17940602756714652, 0.34606143911247844]",69.0,69.0,35.0,3.1837,3.1837,32.2345,32.2345,4.4852,4.4852,False,0,2.7445,0.348746,2.4101,0.13676405154258153,1.655634448192509,plus,False,1.1037114023698984,1.2476668990926396,0.14395549672274122,True,True,1.0,False,100.0,49.30000000000001,0.0,False,"[""block_count_per_ring != 7 (missing or extra blocks)""]",,,
12,1-4,206,1-4/r206,random,3276.716756235776,"{""0"": {""K"": 0.0, ""B1"": 1175.2752410064224, ""A1"": 938.389086059162, ""A2"": 3290.248479885197, ""A3"": 1536.1166925404234, ""B2"": 3388.244259043317}}",2.7397,0.1519350479681407,0.9169283635126143,0.018171636487385734,"[0.9481240614108147, 0.5733327176111209, 0.34006806742083984, 0.2715246198087853, 0.9520394907075223, 0.44447820964711326, 0.9803947508805895, 0.515522669106271, 0.521166129026224, 0.8965405237160008, 0.7427674182150396, 0.5806528638528226, 0.4266495038362583]",54.0,54.0,67.0,10.8619,10.8619,60.7076,60.7076,14.5163,14.5163,False,0,2.7456,0.428348,2.4101,0.9481240614108147,1.5836419726509166,plus,False,-0.9603178794885252,-0.7963028337762139,0.1640150457123113,True,True,1.0,False,100.0,67.69999999999982,0.0,False,"[""block_count_per_ring != 7 (missing or extra blocks)""]",,,
13,1-4,206,1-4/r206,random,3035.017242149577,"{""0"": {""K"": 0.0, ""B1"": 3189.0570952382236, ""A1"": 237.48025693315344, ""A2"": 1486.0691547304195, ""A3"": 1795.4432174978806, ""B2"": 3286.442403930873}}",2.7397,0.20671929169904907,0.9169283635126143,0.018171636487385734,"[0.8781878594182805, 0.4116461499068884, 0.9227595761684675, 0.06871535212186153, 0.42999686190116304, 0.519514819877859, 0.9509381955818498, 0.25099924666475815, 0.8060391472621088, 0.6764711999985934, 0.717085904281123, 0.6296221828402035, 0.97156070846158]",34.0,34.0,99.0,8.4412,8.4412,58.7814,58.7814,15.7406,15.7406,False,0,2.7531,0.97109,2.4101,0.8781878594182805,1.4178998762571424,plus,False,0.3746853469774316,0.3291374953195967,0.045547851657834926,True,True,1.0,False,100.0,97.40000000000009,0.0,False,"[""block_count_per_ring != 7 (missing or extra blocks)""]",,,
14,1-4,206,1-4/r206,random,1149.7471230343388,"{""0"": {""K"": 0.0, ""B1"": 701.263015649912, ""A1"": 175.2332150209669, ""A2"": 735.8107218347723, ""A3"": 3163.844956460227, ""B2"": 2903.6234320993944}}",2.7397,0.10478460358428941,0.9169283635126143,0.018171636487385734,"[0.33268145921132486, 0.39827555967937056, 0.2029117522135162, 0.05070405527227051, 0.2129081949753392, 0.9154643971239083, 0.8401688171583896, 0.11240574149257898, 0.6037790253168653, 0.4791964948896248, 0.5946848704882786, 0.6592750066090632, 0.3066594908888719]",23.0,23.0,76.0,6.2712,6.2712,49.6014,49.6014,16.4819,16.4819,False,0,2.7439,0.305326,2.4101,0.33268145921132486,1.555993565137454,plus,False,1.0683057101316629,0.9639182221632472,0.10438748796841568,True,True,1.0,False,100.0,34.59999999999991,0.0,False,"[""block_count_per_ring != 7 (missing or extra blocks)""]",,,
15,1-4,206,1-4/r206,random,3322.4285194091954,"{""0"": {""K"": 0.0, ""B1"": 2170.716554413118, ""A1"": 2195.341691557409, ""A2"": 635.5217543374927, ""A3"": 213.80688514842905, ""B2"": 1422.2021420090014}}",2.7397,0.07429388179167631,0.9169283635126143,0.018171636487385734,"[0.9613508447364569, 0.4658400350611249, 0.6281008548649069, 0.6352261838997132, 0.18388939650969116, 0.06186541815637414, 0.4115168234979749, 0.7640300884384686, 0.8152217882917717, 0.729989249002065, 0.113204952525223, 0.9133548615310455, 0.8020365779972838]",72.0,72.0,100.0,9.0299,9.0299,13.4904,13.4904,22.8339,22.8339,False,0,2.7508,0.804649,2.4101,0.961350844736457,1.5820690096617689,plus,False,1.5099406150887953,0.914120931057472,0.5958196840313232,True,True,1.0,False,99.99999999999999,24.700000000000273,0.0,False,"[""block_count_per_ring != 7 (missing or extra blocks)""]",,,
16,1-4,206,1-4/r206,random,3033.301363140788,"{""0"": {""K"": 0.0, ""B1"": 3164.4360637081313, ""A1"": 161.23013436863408, ""A2"": 104.67821006761643, ""A3"": 69.8650215188436, ""B2"": 873.5685510036893}}",2.7397,0.2714963146413305,0.9169283635126143,0.018171636487385734,"[0.8776913666495335, 0.5233041529751773, 0.9156354351007324, 0.04665223795388718, 0.030288833931601977, 0.020215573356146876, 0.2527686779524564, 0.24856977320898288, 0.18750333435596656, 0.5670558183853956, 0.038985841033045365, 0.5903878678348518, 0.16601115304721703]",34.0,34.0,31.0,7.2376,7.2376,7.9239,7.9239,14.7597,14.7597,False,0,2.742,0.167831,2.4101,0.8776913666495335,1.618837870394788,plus,False,1.0322644489640447,0.19380178928923275,0.8384626596748119,True,True,1.0,False,100.0,34.80000000000018,0.0,False,"[""block_count_per_ring != 7 (missing or extra blocks)""]",,,
17,1-4,206,1-4/r206,random,2342.7315368086215,"{""0"": {""K"": 0.0, ""B1"": 1073.3306010158415, ""A1"": 3242.9074874041057, ""A2"": 1860.6978888557576, ""A3"": 2804.846063892771, ""B2"": 2274.1381380501243}}",2.7397,0.08812629283013175,0.9169283635126143,0.018171636487385734,"[0.6778737085673094, 0.02107535444389108, 0.3105701970531949, 0.9383412868646139, 0.5383963798772446, 0.8115874027467508, 0.6580260816117258, 0.6107507856135262, 0.19125268008489738, 0.574394748257806, 0.039686418459000006, 0.8016644050918733, 0.9600709170261761]",61.0,61.0,31.0,7.3183,7.3183,7.9765,7.9765,20.0416,20.0416,False,0,2.7529,0.956617,2.4101,0.6778737085673094,1.706765384548771,minus,True,-1.5300948789996456,-1.2221371421469844,0.30795773685266115,True,True,1.0,False,100.0,213.0999999999999,0.0,False,"[""block_count_per_ring != 7 (missing or extra blocks)""]",,,
18,1-4,206,1-4/r206,random,2951.455350557417,"{""0"": {""K"": 0.0, ""B1"": 1170.409248162035, ""A1"": 1099.0190518120476, ""A2"": 389.54992339423865, ""A3"": 2165.5704475979865, ""B2"": 2756.015454066048}}",2.7397,0.05454656969696405,0.9169283635126143,0.018171636487385734,"[0.8540090713418452, 0.0507096459660612, 0.33866008338021847, 0.31800319786228226, 0.11271699172286997, 0.626611819328121, 0.7974581753663333, 0.3137214720022439, 0.8628092349187347, 0.7971269128461297, 0.12913794147432478, 0.7668591567381553, 0.8826207199019183]",39.0,39.0,105.0,9.7684,9.7684,14.6853,14.6853,19.1715,19.1715,False,0,2.7519,0.884252,2.4101,0.8540090713418452,1.610997676967973,minus,True,1.2640916605266626,1.6084551542606234,0.3443634937339608,True,True,1.0,False,100.0,71.39999999999998,0.0,False,"[""block_count_per_ring != 7 (missing or extra blocks)""]",,,
19,1-4,206,1-4/r206,random,681.808561338516,"{""0"": {""K"": 0.0, ""B1"": 2207.5198825723874, ""A1"": 2105.859193894425, ""A2"": 332.62506188251825, ""A3"": 2285.0776892676645, ""B2"": 2184.0355284924162}}",2.7397,0.05773155692794727,0.9169283635126143,0.018171636487385734,"[0.19728256983174652, 0.5736411794985231, 0.6387499660221029, 0.6093342574925998, 0.09624567762804348, 0.6611914610149492, 0.6319547246795186, 0.8238854890020143, 0.8035126991303283, 0.32716820793265566, 0.7220473329265539, 0.867273387572356, 0.8929477581907895]",77.0,77.0,98.0,4.5989,4.5989,59.1535,59.1535,21.6818,21.6818,False,0,2.752,0.891488,2.4101,0.19728256983174652,1.7325427239987725,plus,False,-0.05438477716232237,-0.02699552266035643,0.027389254501965943,True,True,1.0,False,100.0,23.5,0.0,False,"[""block_count_per_ring != 7 (missing or extra blocks)""]",,,
20,1-4,206,1-4/r206,random,558.1866019288294,"{""0"": {""K"": 0.0, ""B1"": 2249.190524467222, ""A1"": 741.9211986024461, ""A2"": 1948.1808070669913, ""A3"": 3265.2444550124424, ""B2"": 1310.928621416874}}",2.7397,0.24402902886942598,0.9169283635126143,0.018171636487385734,"[0.16151232694699924, 0.026702350086284632, 0.6508074434222286, 0.21467627274376333, 0.5637097242670692, 0.9448045298068409, 0.3793196242525677, 0.25277455038430674, 0.4565100499618694, 0.6572439132707336, 0.10109896785465877, 0.3805847635005427, 0.1337211888385227]",34.0,34.0,60.0,8.2297,8.2297,12.5824,12.5824,9.5146,9.5146,False,0,2.7415,0.131649,2.4101,0.16151232694699924,1.7638946300465357,minus,True,0.018198357783066887,0.4838551071570206,0.46565674937395374,True,True,1.0,False,100.0,190.80000000000007,0.0,False,"[""block_count_per_ring != 7 (missing or extra blocks)""]",,,
21,1-4,206,1-4/r206,random,2289.414141898861,"{""0"": {""K"": 0.0, ""B1"": 1302.4066685487521, ""A1"": 1284.6779807883895, ""A2"": 1864.5868533223338, ""A3"": 743.2396864292514, ""B2"": 855.0475486275602}}",2.7397,0.14503474962717405,0.9169283635126143,0.018171636487385734,"[0.6624462216142538, 0.8305525322631839, 0.37685378140878245, 0.3717239527744183, 0.5395216589474345, 0.21505777963809358, 0.2474095916167709, 0.3298522832824141, 0.45742569813821743, 0.08153146030257341, 0.7527321363670056, 0.5790545744292542, 0.2996938728905012]",40.0,40.0,60.0,1.8968,1.8968,61.4549,61.4549,14.4764,14.4764,False,0,2.7438,0.29809,2.4101,0.6624462216142538,1.5193781600253418,plus,False,-0.47599627461872257,-0.38984037286687856,0.08615590175184401,True,True,1.0,False,100.0,17.700000000000017,0.0,False,"[""block_count_per_ring != 7 (missing or extra blocks)""]",,,
22,1-4,206,1-4/r206,random,268.0009540450657,"{""0"": {""K"": 0.0, ""B1"": 453.0089835348043, ""A1"": 460.3621559604881, ""A2"": 451.64475350994815, ""A3"": 280.84254721686307, ""B2"": 3132.492014823288}}",2.7397,0.08319974350753447,0.9169283635126143,0.018171636487385734,"[0.07754657235100282, 0.7631809514014812, 0.1310789882913207, 0.13320664234967827, 0.13068424580727667, 0.08126231111599047, 0.906392365400257, 0.2692442996733905, 0.3064105792068602, 0.8327943100020676, 0.6199234597118014, 0.18714338654071883, 0.4348134123765889]",35.0,35.0,44.0,10.1607,10.1607,51.4943,51.4943,4.6786,4.6786,False,0,2.7457,0.435584,2.4101,0.07754657235100282,1.3354328346252025,plus,False,0.2966678631952555,0.18420350416884235,0.11246435902641316,True,True,1.0,False,100.0,1.3999999999999773,0.0,False,"[""block_count_per_ring != 7 (missing or extra blocks)""]",,,
23,1-4,206,1-4/r206,random,3054.836038079739,"{""0"": {""K"": 0.0, ""B1"": 2456.8066478472206, ""A1"": 334.5674417388336, ""A2"": 2513.6344284084075, ""A3"": 2683.492499169492, ""B2"": 2853.84999756257}}",2.7397,0.13312686675509494,0.9169283635126143,0.018171636487385734,"[0.8839224647221466, 0.3753740170194637, 0.7108815531965337, 0.09680770883646805, 0.7273247767385439, 0.7764735240652465, 0.8257667817021326, 0.6742009904352112, 0.37073279482625254, 0.06421200016610362, 0.5187762340602949, 0.7574599063822021, 0.19083820348967717]",66.0,66.0,51.0,1.7063,1.7063,43.9082,43.9082,18.9365,18.9365,False,0,2.7423,0.189541,2.4101,0.8839224647221466,1.4440149771497341,plus,False,0.7368682869614015,0.479613968581891,0.2572543183795105,True,True,1.0,False,100.0,56.90000000000009,0.0,False,"[""block_count_per_ring != 7 (missing or extra blocks)""]",,,
24,1-4,206,1-4/r206,perturb_wrong_r_low,1015.0645836177204,"{""0"": {""K"": 0.0, ""B1"": 2804.3082845282397, ""A1"": 1567.4040440208469, ""A2"": 1507.5730990482648, ""A3"": 861.1451303604473, ""B2"": 214.17723716765397}}",2.7397,0.9145961544472483,0.9169283635126143,0.018171636487385734,"[0.2937108170190163, 0.0, 0.811431795291736, 0.45353126273751354, 0.43621906801165067, 0.2491739381829998, 0.06197258019897395, 0.29333333333333333, 0.36363636363636365, 0.18181818181818182, 0.2, 0.0, 0.05]",37.0,37.0,50.0,3.0,3.0,20.0,20.0,0.0,0.0,False,0,2.7404,0.052046,2.4101,0.2937108170190163,1.7830379166889898,plus,False,1.8092611448242033,1.8134615292258396,0.004200384401636281,True,True,1.0,False,100.0,59.90000000000009,0.0,False,"[""block_count_per_ring != 7 (missing or extra blocks)""]",,,
25,1-4,206,1-4/r206,perturb_weak_hough,1015.0645836177204,"{""0"": {""K"": 0.0, ""B1"": 2804.3082845282397, ""A1"": 1567.4040440208469, ""A2"": 1507.5730990482648, ""A3"": 861.1451303604473, ""B2"": 214.17723716765397}}",2.7397,0.9169283635126143,0.9169283635126143,0.018171636487385734,"[0.2937108170190163, 0.0, 0.811431795291736, 0.45353126273751354, 0.43621906801165067, 0.2491739381829998, 0.06197258019897395, 0.9466782434535213, 0.9581459187714966, 0.18181818181818182, 0.2, 0.0, 0.0013904466436097153]",86.0,86.0,115.0,3.0,3.0,20.0,20.0,0.0,0.0,False,0,2.7397,0.00139,2.4101,0.2937108170190163,1.7830379166889898,plus,False,1.8092611448242033,1.8134615292258396,0.004200384401636281,True,True,1.0,False,100.0,59.90000000000009,0.0,False,"[""block_count_per_ring != 7 (missing or extra blocks)""]",,,
26,1-4,206,1-4/r206,perturb_ambiguous_lines,1015.0645836177204,"{""0"": {""K"": 0.0, ""B1"": 2804.3082845282397, ""A1"": 1567.4040440208469, ""A2"": 1507.5730990482648, ""A3"": 861.1451303604473, ""B2"": 214.17723716765397}}",2.7397,0.9169283635126143,0.9169283635126143,0.018171636487385734,"[0.2937108170190163, 0.0, 0.811431795291736, 0.45353126273751354, 0.43621906801165067, 0.2491739381829998, 0.06197258019897395, 0.29333333333333333, 0.36363636363636365, 0.999515674754697, 0.9908769938036321, 0.0, 0.0013904466436097153]",37.0,37.0,50.0,11.9947,11.9947,79.3158,79.3158,0.0,0.0,False,0,2.7397,0.00139,2.4101,0.2937108170190163,1.7830379166889898,plus,False,1.8092611448242033,1.8134615292258396,0.004200384401636281,True,True,1.0,False,100.0,59.90000000000009,0.0,False,"[""block_count_per_ring != 7 (missing or extra blocks)""]",,,
27,1-4,206,1-4/r206,perturb_wrong_r_high,1015.0645836177204,"{""0"": {""K"": 0.0, ""B1"": 2804.3082845282397, ""A1"": 1567.4040440208469, ""A2"": 1507.5730990482648, ""A3"": 861.1451303604473, ""B2"": 214.17723716765397}}",2.7397,0.42418429583323836,0.9169283635126143,0.018171636487385734,"[0.2937108170190163, 0.0, 0.811431795291736, 0.45353126273751354, 0.43621906801165067, 0.2491739381829998, 0.06197258019897395, 0.29333333333333333, 0.36363636363636365, 0.18181818181818182, 0.2, 0.0, 0.95]",37.0,37.0,50.0,3.0,3.0,20.0,20.0,0.0,0.0,False,0,2.7528,0.949381,2.4101,0.2937108170190163,1.7830379166889898,plus,False,1.8092611448242033,1.8134615292258396,0.004200384401636281,True,True,1.0,False,100.0,59.90000000000009,0.0,False,"[""block_count_per_ring != 7 (missing or extra blocks)""]",,,
28,1-4,206,1-4/r206,perturb_wrong_k,521.2381143006714,"{""0"": {""K"": 0.0, ""B1"": 2804.3082845282397, ""A1"": 1567.4040440208469, ""A2"": 1507.5730990482648, ""A3"": 861.1451303604473, ""B2"": 214.17723716765397}}",2.7397,0.18396493032493583,0.9169283635126143,0.018171636487385734,"[0.15082121362866652, 0.0, 0.811431795291736, 0.45353126273751354, 0.43621906801165067, 0.2491739381829998, 0.06197258019897395, 0.29333333333333333, 0.36363636363636365, 0.18181818181818182, 0.2, 0.0, 0.0013904466436097153]",37.0,37.0,50.0,3.0,3.0,20.0,20.0,0.0,0.0,False,0,2.7397,0.00139,2.4101,0.15082121362866652,1.7830379166889898,plus,False,1.8088107781731904,1.81301108631387,0.0042003081406796205,True,True,1.0,False,100.0,59.799999999999955,0.0,False,"[""block_count_per_ring != 7 (missing or extra blocks)""]",,,
29,1-4,206,1-4/r206,perturb_small_segment,1015.0645836177204,"{""0"": {""K"": 0.0, ""B1"": 241.92000000000002, ""A1"": 864.0, ""A2"": 1486.08, ""A3"": 2108.16, ""B2"": 2730.2400000000002}}",2.7397,0.31507981566238874,0.9169283635126143,0.018171636487385734,"[0.2937108170190163, 0.0, 0.07, 0.25, 0.43, 0.61, 0.79, 0.29333333333333333, 0.36363636363636365, 0.18181818181818182, 0.2, 0.0, 0.0013904466436097153]",37.0,37.0,50.0,3.0,3.0,20.0,20.0,0.0,0.0,False,0,2.7397,0.00139,2.4101,0.2937108170190163,1.7485390979470619,plus,False,3.74189990917909,3.515617942456913,0.2262819667221767,True,True,1.0,False,100.0,241.89999999999998,0.0,False,"[""block_count_per_ring != 7 (missing or extra blocks)""]",,,
30,1-4,206,1-4/r206,perturb_misaligned,1204.743724578444,"{""0"": {""K"": 0.0, ""B1"": 2919.2337528587755, ""A1"": 1523.8664129512604, ""A2"": 1566.143635800367, ""A3"": 730.2784271958924, ""B2"": 321.79478180890976}}",2.7397,0.37701510739246047,0.9169283635126143,0.018171636487385734,"[0.3485948277136701, 0.0, 0.8446856923781179, 0.440933568562286, 0.45316656128482846, 0.21130741527658925, 0.09311191603267065, 0.29333333333333333, 0.36363636363636365, 0.18181818181818182, 0.2, 0.0, 0.0013904466436097153]",37.0,37.0,50.0,3.0,3.0,20.0,20.0,0.0,0.0,False,0,2.7397,0.00139,2.4101,0.3485948277136701,1.6148532956106532,plus,False,0.9128797669771902,1.0169365217312678,0.10405675475407761,True,True,1.0,False,100.0,42.30000000000018,0.0,False,"[""block_count_per_ring != 7 (missing or extra blocks)""]",,,
31,1-4,206,1-4/r206,perturb_offset_shift,1015.0645836177204,"{""0"": {""K"": 0.0, ""B1"": 3010.28441605829, ""A1"": 1896.3489419817404, ""A2"": 1197.148143351806, ""A3"": 599.2662157204343, ""B2"": 462.6251827158352}}",2.7397,0.19800315971068588,0.9169283635126143,0.018171636487385734,"[0.2937108170190163, 0.0, 0.8710313703872367, 0.5487120781197166, 0.3463970322198513, 0.17339878927095898, 0.13386145333212823, 0.29333333333333333, 0.36363636363636365, 0.18181818181818182, 0.2, 0.0, 0.0013904466436097153]",37.0,37.0,50.0,3.0,3.0,20.0,20.0,0.0,0.0,False,0,2.7397,0.00139,2.4101,0.2937108170190163,1.7863493127044388,minus,True,0.60983872784886,0.9604567511171805,0.3506180232683206,True,True,1.0,False,100.0,136.5999999999999,0.0,False,"[""block_count_per_ring != 7 (missing or extra blocks)""]",,,
32,1-4,206,1-4/r206,perturb_guardrail_smoke,3386.88,"{""0"": {""K"": 0.0, ""B1"": 1957.4388774964766, ""A1"": 1670.7676285256846, ""A2"": 1601.6973648903231, ""A3"": 1644.818502681155, ""B2"": 1244.1661189633403}}",2.7397,0.14976488219332654,0.9169283635126143,0.018171636487385734,"[0.98, 0.0, 0.5663885640904157, 0.4834397073280337, 0.4634540986372463, 0.47593127971098237, 0.36000177053337395, 0.29333333333333333, 0.36363636363636365, 0.18181818181818182, 0.2, 0.0, 0.0013904466436097153]",37.0,37.0,50.0,3.0,3.0,20.0,20.0,0.0,0.0,False,0,2.7397,0.00139,2.4101,0.98,1.6039014263181695,minus,True,-1.0224483628089776,-0.3603047092858546,0.6621436535231229,True,True,1.0,False,100.0,25.899999999999864,0.0,False,"[""block_count_per_ring != 7 (missing or extra blocks)""]",,,
33,1-4,206,1-4/r206,perturb_wrong_k,1434.273852031667,"{""0"": {""K"": 0.0, ""B1"": 2804.3082845282397, ""A1"": 1567.4040440208469, ""A2"": 1507.5730990482648, ""A3"": 861.1451303604473, ""B2"": 214.17723716765397}}",2.7397,0.27617058590226456,0.9169283635126143,0.018171636487385734,"[0.4150097951480518, 0.0, 0.811431795291736, 0.45353126273751354, 0.43621906801165067, 0.2491739381829998, 0.06197258019897395, 0.29333333333333333, 0.36363636363636365, 0.18181818181818182, 0.2, 0.0, 0.0013904466436097153]",37.0,37.0,50.0,3.0,3.0,20.0,20.0,0.0,0.0,False,0,2.7397,0.00139,2.4101,0.4150097951480518,1.7830379166889898,plus,False,1.558907694961291,1.5631976677239487,0.0042899727626577455,True,True,1.0,False,100.0,59.899999999999636,0.0,False,"[""block_count_per_ring != 7 (missing or extra blocks)""]",,,
34,1-4,206,1-4/r206,perturb_wrong_r_low,1015.0645836177204,"{""0"": {""K"": 0.0, ""B1"": 2804.3082845282397, ""A1"": 1567.4040440208469, ""A2"": 1507.5730990482648, ""A3"": 861.1451303604473, ""B2"": 214.17723716765397}}",2.7397,0.9145961544472483,0.9169283635126143,0.018171636487385734,"[0.2937108170190163, 0.0, 0.811431795291736, 0.45353126273751354, 0.43621906801165067, 0.2491739381829998, 0.06197258019897395, 0.29333333333333333, 0.36363636363636365, 0.18181818181818182, 0.2, 0.0, 0.05]",37.0,37.0,50.0,3.0,3.0,20.0,20.0,0.0,0.0,False,0,2.7404,0.052046,2.4101,0.2937108170190163,1.7830379166889898,plus,False,1.8092611448242033,1.8134615292258396,0.004200384401636281,True,True,1.0,False,100.0,59.90000000000009,0.0,False,"[""block_count_per_ring != 7 (missing or extra blocks)""]",,,
35,1-4,206,1-4/r206,perturb_weak_hough,1015.0645836177204,"{""0"": {""K"": 0.0, ""B1"": 2804.3082845282397, ""A1"": 1567.4040440208469, ""A2"": 1507.5730990482648, ""A3"": 861.1451303604473, ""B2"": 214.17723716765397}}",2.7397,0.9169283635126143,0.9169283635126143,0.018171636487385734,"[0.2937108170190163, 0.0, 0.811431795291736, 0.45353126273751354, 0.43621906801165067, 0.2491739381829998, 0.06197258019897395, 0.9466782434535213, 0.9581459187714966, 0.18181818181818182, 0.2, 0.0, 0.0013904466436097153]",86.0,86.0,115.0,3.0,3.0,20.0,20.0,0.0,0.0,False,0,2.7397,0.00139,2.4101,0.2937108170190163,1.7830379166889898,plus,False,1.8092611448242033,1.8134615292258396,0.004200384401636281,True,True,1.0,False,100.0,59.90000000000009,0.0,False,"[""block_count_per_ring != 7 (missing or extra blocks)""]",,,
36,1-4,206,1-4/r206,perturb_ambiguous_lines,1015.0645836177204,"{""0"": {""K"": 0.0, ""B1"": 2804.3082845282397, ""A1"": 1567.4040440208469, ""A2"": 1507.5730990482648, ""A3"": 861.1451303604473, ""B2"": 214.17723716765397}}",2.7397,0.9169283635126143,0.9169283635126143,0.018171636487385734,"[0.2937108170190163, 0.0, 0.811431795291736, 0.45353126273751354, 0.43621906801165067, 0.2491739381829998, 0.06197258019897395, 0.29333333333333333, 0.36363636363636365, 0.999515674754697, 0.9908769938036321, 0.0, 0.0013904466436097153]",37.0,37.0,50.0,11.9947,11.9947,79.3158,79.3158,0.0,0.0,False,0,2.7397,0.00139,2.4101,0.2937108170190163,1.7830379166889898,plus,False,1.8092611448242033,1.8134615292258396,0.004200384401636281,True,True,1.0,False,100.0,59.90000000000009,0.0,False,"[""block_count_per_ring != 7 (missing or extra blocks)""]",,,
37,1-4,206,1-4/r206,perturb_wrong_r_high,1015.0645836177204,"{""0"": {""K"": 0.0, ""B1"": 2804.3082845282397, ""A1"": 1567.4040440208469, ""A2"": 1507.5730990482648, ""A3"": 861.1451303604473, ""B2"": 214.17723716765397}}",2.7397,0.42418429583323836,0.9169283635126143,0.018171636487385734,"[0.2937108170190163, 0.0, 0.811431795291736, 0.45353126273751354, 0.43621906801165067, 0.2491739381829998, 0.06197258019897395, 0.29333333333333333, 0.36363636363636365, 0.18181818181818182, 0.2, 0.0, 0.95]",37.0,37.0,50.0,3.0,3.0,20.0,20.0,0.0,0.0,False,0,2.7528,0.949381,2.4101,0.2937108170190163,1.7830379166889898,plus,False,1.8092611448242033,1.8134615292258396,0.004200384401636281,True,True,1.0,False,100.0,59.90000000000009,0.0,False,"[""block_count_per_ring != 7 (missing or extra blocks)""]",,,
38,1-4,206,1-4/r206,perturb_wrong_k,521.2381143006714,"{""0"": {""K"": 0.0, ""B1"": 2804.3082845282397, ""A1"": 1567.4040440208469, ""A2"": 1507.5730990482648, ""A3"": 861.1451303604473, ""B2"": 214.17723716765397}}",2.7397,0.18396493032493583,0.9169283635126143,0.018171636487385734,"[0.15082121362866652, 0.0, 0.811431795291736, 0.45353126273751354, 0.43621906801165067, 0.2491739381829998, 0.06197258019897395, 0.29333333333333333, 0.36363636363636365, 0.18181818181818182, 0.2, 0.0, 0.0013904466436097153]",37.0,37.0,50.0,3.0,3.0,20.0,20.0,0.0,0.0,False,0,2.7397,0.00139,2.4101,0.15082121362866652,1.7830379166889898,plus,False,1.8088107781731904,1.81301108631387,0.0042003081406796205,True,True,1.0,False,100.0,59.799999999999955,0.0,False,"[""block_count_per_ring != 7 (missing or extra blocks)""]",,,
39,1-4,206,1-4/r206,perturb_small_segment,1015.0645836177204,"{""0"": {""K"": 0.0, ""B1"": 241.92000000000002, ""A1"": 864.0, ""A2"": 1486.08, ""A3"": 2108.16, ""B2"": 2730.2400000000002}}",2.7397,0.31507981566238874,0.9169283635126143,0.018171636487385734,"[0.2937108170190163, 0.0, 0.07, 0.25, 0.43, 0.61, 0.79, 0.29333333333333333, 0.36363636363636365, 0.18181818181818182, 0.2, 0.0, 0.0013904466436097153]",37.0,37.0,50.0,3.0,3.0,20.0,20.0,0.0,0.0,False,0,2.7397,0.00139,2.4101,0.2937108170190163,1.7485390979470619,plus,False,3.74189990917909,3.515617942456913,0.2262819667221767,True,True,1.0,False,100.0,241.89999999999998,0.0,False,"[""block_count_per_ring != 7 (missing or extra blocks)""]",,,
40,1-4,206,1-4/r206,perturb_misaligned,1204.743724578444,"{""0"": {""K"": 0.0, ""B1"": 2919.2337528587755, ""A1"": 1523.8664129512604, ""A2"": 1566.143635800367, ""A3"": 730.2784271958924, ""B2"": 321.79478180890976}}",2.7397,0.37701510739246047,0.9169283635126143,0.018171636487385734,"[0.3485948277136701, 0.0, 0.8446856923781179, 0.440933568562286, 0.45316656128482846, 0.21130741527658925, 0.09311191603267065, 0.29333333333333333, 0.36363636363636365, 0.18181818181818182, 0.2, 0.0, 0.0013904466436097153]",37.0,37.0,50.0,3.0,3.0,20.0,20.0,0.0,0.0,False,0,2.7397,0.00139,2.4101,0.3485948277136701,1.6148532956106532,plus,False,0.9128797669771902,1.0169365217312678,0.10405675475407761,True,True,1.0,False,100.0,42.30000000000018,0.0,False,"[""block_count_per_ring != 7 (missing or extra blocks)""]",,,
41,1-4,206,1-4/r206,perturb_offset_shift,1015.0645836177204,"{""0"": {""K"": 0.0, ""B1"": 3010.28441605829, ""A1"": 1896.3489419817404, ""A2"": 1197.148143351806, ""A3"": 599.2662157204343, ""B2"": 462.6251827158352}}",2.7397,0.19800315971068588,0.9169283635126143,0.018171636487385734,"[0.2937108170190163, 0.0, 0.8710313703872367, 0.5487120781197166, 0.3463970322198513, 0.17339878927095898, 0.13386145333212823, 0.29333333333333333, 0.36363636363636365, 0.18181818181818182, 0.2, 0.0, 0.0013904466436097153]",37.0,37.0,50.0,3.0,3.0,20.0,20.0,0.0,0.0,False,0,2.7397,0.00139,2.4101,0.2937108170190163,1.7863493127044388,minus,True,0.60983872784886,0.9604567511171805,0.3506180232683206,True,True,1.0,False,100.0,136.5999999999999,0.0,False,"[""block_count_per_ring != 7 (missing or extra blocks)""]",,,
42,1-4,206,1-4/r206,perturb_guardrail_smoke,3386.88,"{""0"": {""K"": 0.0, ""B1"": 1957.4388774964766, ""A1"": 1670.7676285256846, ""A2"": 1601.6973648903231, ""A3"": 1644.818502681155, ""B2"": 1244.1661189633403}}",2.7397,0.14976488219332654,0.9169283635126143,0.018171636487385734,"[0.98, 0.0, 0.5663885640904157, 0.4834397073280337, 0.4634540986372463, 0.47593127971098237, 0.36000177053337395, 0.29333333333333333, 0.36363636363636365, 0.18181818181818182, 0.2, 0.0, 0.0013904466436097153]",37.0,37.0,50.0,3.0,3.0,20.0,20.0,0.0,0.0,False,0,2.7397,0.00139,2.4101,0.98,1.6039014263181695,minus,True,-1.0224483628089776,-0.3603047092858546,0.6621436535231229,True,True,1.0,False,100.0,25.899999999999864,0.0,False,"[""block_count_per_ring != 7 (missing or extra blocks)""]",,,
43,1-4,206,1-4/r206,perturb_wrong_k,1434.273852031667,"{""0"": {""K"": 0.0, ""B1"": 2804.3082845282397, ""A1"": 1567.4040440208469, ""A2"": 1507.5730990482648, ""A3"": 861.1451303604473, ""B2"": 214.17723716765397}}",2.7397,0.27617058590226456,0.9169283635126143,0.018171636487385734,"[0.4150097951480518, 0.0, 0.811431795291736, 0.45353126273751354, 0.43621906801165067, 0.2491739381829998, 0.06197258019897395, 0.29333333333333333, 0.36363636363636365, 0.18181818181818182, 0.2, 0.0, 0.0013904466436097153]",37.0,37.0,50.0,3.0,3.0,20.0,20.0,0.0,0.0,False,0,2.7397,0.00139,2.4101,0.4150097951480518,1.7830379166889898,plus,False,1.558907694961291,1.5631976677239487,0.0042899727626577455,True,True,1.0,False,100.0,59.899999999999636,0.0,False,"[""block_count_per_ring != 7 (missing or extra blocks)""]",,,
44,1-4,206,1-4/r206,perturb_wrong_r_low,1015.0645836177204,"{""0"": {""K"": 0.0, ""B1"": 2804.3082845282397, ""A1"": 1567.4040440208469, ""A2"": 1507.5730990482648, ""A3"": 861.1451303604473, ""B2"": 214.17723716765397}}",2.7397,0.9145961544472483,0.9169283635126143,0.018171636487385734,"[0.2937108170190163, 0.0, 0.811431795291736, 0.45353126273751354, 0.43621906801165067, 0.2491739381829998, 0.06197258019897395, 0.29333333333333333, 0.36363636363636365, 0.18181818181818182, 0.2, 0.0, 0.05]",37.0,37.0,50.0,3.0,3.0,20.0,20.0,0.0,0.0,False,0,2.7404,0.052046,2.4101,0.2937108170190163,1.7830379166889898,plus,False,1.8092611448242033,1.8134615292258396,0.004200384401636281,True,True,1.0,False,100.0,59.90000000000009,0.0,False,"[""block_count_per_ring != 7 (missing or extra blocks)""]",,,
45,1-4,206,1-4/r206,perturb_weak_hough,1015.0645836177204,"{""0"": {""K"": 0.0, ""B1"": 2804.3082845282397, ""A1"": 1567.4040440208469, ""A2"": 1507.5730990482648, ""A3"": 861.1451303604473, ""B2"": 214.17723716765397}}",2.7397,0.9169283635126143,0.9169283635126143,0.018171636487385734,"[0.2937108170190163, 0.0, 0.811431795291736, 0.45353126273751354, 0.43621906801165067, 0.2491739381829998, 0.06197258019897395, 0.9466782434535213, 0.9581459187714966, 0.18181818181818182, 0.2, 0.0, 0.0013904466436097153]",86.0,86.0,115.0,3.0,3.0,20.0,20.0,0.0,0.0,False,0,2.7397,0.00139,2.4101,0.2937108170190163,1.7830379166889898,plus,False,1.8092611448242033,1.8134615292258396,0.004200384401636281,True,True,1.0,False,100.0,59.90000000000009,0.0,False,"[""block_count_per_ring != 7 (missing or extra blocks)""]",,,
46,1-4,206,1-4/r206,perturb_ambiguous_lines,1015.0645836177204,"{""0"": {""K"": 0.0, ""B1"": 2804.3082845282397, ""A1"": 1567.4040440208469, ""A2"": 1507.5730990482648, ""A3"": 861.1451303604473, ""B2"": 214.17723716765397}}",2.7397,0.9169283635126143,0.9169283635126143,0.018171636487385734,"[0.2937108170190163, 0.0, 0.811431795291736, 0.45353126273751354, 0.43621906801165067, 0.2491739381829998, 0.06197258019897395, 0.29333333333333333, 0.36363636363636365, 0.999515674754697, 0.9908769938036321, 0.0, 0.0013904466436097153]",37.0,37.0,50.0,11.9947,11.9947,79.3158,79.3158,0.0,0.0,False,0,2.7397,0.00139,2.4101,0.2937108170190163,1.7830379166889898,plus,False,1.8092611448242033,1.8134615292258396,0.004200384401636281,True,True,1.0,False,100.0,59.90000000000009,0.0,False,"[""block_count_per_ring != 7 (missing or extra blocks)""]",,,
47,1-4,206,1-4/r206,perturb_wrong_r_high,1015.0645836177204,"{""0"": {""K"": 0.0, ""B1"": 2804.3082845282397, ""A1"": 1567.4040440208469, ""A2"": 1507.5730990482648, ""A3"": 861.1451303604473, ""B2"": 214.17723716765397}}",2.7397,0.42418429583323836,0.9169283635126143,0.018171636487385734,"[0.2937108170190163, 0.0, 0.811431795291736, 0.45353126273751354, 0.43621906801165067, 0.2491739381829998, 0.06197258019897395, 0.29333333333333333, 0.36363636363636365, 0.18181818181818182, 0.2, 0.0, 0.95]",37.0,37.0,50.0,3.0,3.0,20.0,20.0,0.0,0.0,False,0,2.7528,0.949381,2.4101,0.2937108170190163,1.7830379166889898,plus,False,1.8092611448242033,1.8134615292258396,0.004200384401636281,True,True,1.0,False,100.0,59.90000000000009,0.0,False,"[""block_count_per_ring != 7 (missing or extra blocks)""]",,,
48,1-4,206,1-4/r206,bo,1003.6178812881786,"{""0"": {""K"": 0.0, ""B1"": 1825.7091579546172, ""A1"": 3176.6996242501978, ""A2"": 757.3917085783685, ""A3"": 990.6922887451349, ""B2"": 3032.0554943498278}}",2.7397,0.16036729723315007,0.9169283635126143,0.018171636487385734,"[0.2903986925023665, 0.06779373148044177, 0.5282723257970536, 0.9191839190538766, 0.21915269345438904, 0.2866586483637543, 0.8773308722077048, 0.790721432825269, 0.3030822681762113, 0.8976282554176291, 0.22589922983578126, 0.9213970902719505, 0.05172963749247772]",74.0,74.0,43.0,10.8739,10.8739,21.9424,21.9424,23.0349,23.0349,False,0,2.7404,0.052046,2.4101,0.2903986925023665,1.6010544966862517,minus,True,-0.3135634524562174,0.6142496134040801,0.9278130658602975,True,True,1.0,False,100.0,144.5999999999999,0.0,False,"[""block_count_per_ring != 7 (missing or extra blocks)""]",0.8200166044221981,0.14719390977852856,0.020108954541417052
49,1-4,206,1-4/r206,bo,980.6753293860635,"{""0"": {""K"": 0.0, ""B1"": 1807.3500422170741, ""A1"": 314.4058627702551, ""A2"": 2207.4179398565097, ""A3"": 874.1149520190171, ""B2"": 751.6074825410235}}",2.7397,0.1654526105221512,0.9169283635126143,0.018171636487385734,"[0.28376022262328227, 0.6691125631262935, 0.522960081660033, 0.09097391862565252, 0.6387204687084809, 0.2529267800980952, 0.21747901693895355, 0.128331658581615, 0.053802823509811026, 0.49954872529238803, 0.9278721701780941, 0.016447456894973844, 0.29756133276453933]",25.0,25.0,16.0,6.495,6.495,74.5904,74.5904,0.4112,0.4112,False,0,2.7438,0.29809,2.4101,0.28376022262328227,1.765316161010077,minus,True,0.8106287526585252,1.051136052911653,0.24050730025312772,True,True,1.0,False,100.0,122.5,0.0,False,"[""block_count_per_ring != 7 (missing or extra blocks)""]",0.8065811459420561,0.08473244346017558,0.002970529327511188
50,1-4,206,1-4/r206,bo,929.4956508167509,"{""0"": {""K"": 0.0, ""B1"": 2729.203873302073, ""A1"": 2295.85876208267, ""A2"": 178.57677522631835, ""A3"": 1978.6940248282424, ""B2"": 845.664048740502}}",2.7397,0.3080067806578975,0.9169283635126143,0.018171636487385734,"[0.2689512878520691, 0.5302179348155684, 0.7897001948212017, 0.6643109843989208, 0.051671520609467114, 0.572538780332246, 0.24469445854759897, 0.3461204198124136, 0.4086535408993671, 0.8508988502785728, 0.08447414665859287, 0.6191278943845115, 0.02608667376838736]",41.0,41.0,55.0,10.3599,10.3599,11.3356,11.3356,15.4782,15.4782,False,0,2.74,0.0231,2.4101,0.2689512878520691,1.7587263549201917,plus,False,2.5952809941137045,2.1583159703769508,0.4369650237367537,True,True,1.0,False,100.0,178.5999999999999,0.0,False,"[""block_count_per_ring != 7 (missing or extra blocks)""]",0.8761329800116567,0.10031420044157757,0.019645583314125768
51,1-4,206,1-4/r206,bo,935.8972644250732,"{""0"": {""K"": 0.0, ""B1"": 1174.4394087770065, ""A1"": 1092.0106798394102, ""A2"": 2251.752681713904, ""A3"": 897.4057599655349, ""B2"": 60.62692228330677}}",2.7397,0.23750755789414565,0.9169283635126143,0.018171636487385734,"[0.2708036066044772, 0.2137977467632336, 0.33982621781742084, 0.31597531245353305, 0.6515488083662917, 0.259666018508546, 0.017542512234753116, 0.953062173304975, 0.9740828922483363, 0.0660930067151374, 0.17112338658687198, 0.07215831500104508, 0.12663991808169817]",86.0,86.0,117.0,1.727,1.727,17.8343,17.8343,1.804,1.804,False,0,2.7414,0.124412,2.4101,0.2708036066044772,1.7079770383596042,plus,False,2.0750243028336,2.244381247328848,0.16935694449524785,True,True,1.0,False,100.0,60.60000000000002,0.0,False,"[""block_count_per_ring != 7 (missing or extra blocks)""]",0.6099379720399405,0.16524107707266522,0.0017413589346787581
52,1-4,206,1-4/r206,bo,1107.8622389781472,"{""0"": {""K"": 0.0, ""B1"": 3117.8235617824425, ""A1"": 2152.984712750565, ""A2"": 3061.058386402433, ""A3"": 811.8916759258839, ""B2"": 3365.959340894086}}",2.7397,0.3109183230587253,0.9169283635126143,0.018171636487385734,"[0.3205619904450657, 0.07321007205458241, 0.9021480213490863, 0.6229701136431033, 0.8857229127321855, 0.23492235993225807, 0.9739465685457425, 0.9234507554525055, 0.18362202753116874, 0.3919204747696299, 0.06202086259637951, 0.8863538592375927, 0.5230901748394028]",84.0,84.0,30.0,5.3111,5.3111,9.6516,9.6516,22.1588,22.1588,False,0,2.7469,0.522423,2.4101,0.3205619904450657,1.553938744181696,plus,False,-0.39602073267806376,-0.28457696144739636,0.1114437712306674,True,True,1.0,False,100.00000000000003,56.80000000000007,0.0,False,"[""block_count_per_ring != 7 (missing or extra blocks)""]",0.4529615439189312,0.20412566228595724,0.0007007711004421721
53,1-4,206,1-4/r206,bo,1067.5463545960629,"{""0"": {""K"": 0.0, ""B1"": 3103.0863886357115, ""A1"": 1391.9725562196354, ""A2"": 1199.3229720759118, ""A3"": 836.8065880094728, ""B2"": 1402.872377106388}}",2.7397,0.27573746464469695,0.9169283635126143,0.018171636487385734,"[0.3088965146400645, 0.07914728930147008, 0.8978837930080183, 0.4027698368691075, 0.3470263229386319, 0.24213153588237057, 0.40592372022754286, 0.6636568523303267, 0.6106341091768384, 0.6135282325434704, 0.6956884002425455, 0.9920722554283036, 0.016358779297476977]",65.0,65.0,77.0,7.7488,7.7488,57.1766,57.1766,24.8018,24.8018,False,0,2.7399,0.015864,2.4101,0.3088965146400645,1.6864957540671326,plus,False,0.36122449448360505,-0.44542275885493365,0.8066472533385387,True,True,1.0,False,100.0,10.900000000000091,0.0,False,"[""block_count_per_ring != 7 (missing or extra blocks)""]",0.3884646625214877,0.2029643637500273,0.0002506769271998161
54,1-4,206,1-4/r206,bo,972.8077785392322,"{""0"": {""K"": 0.0, ""B1"": 2941.3859070918315, ""A1"": 590.808507503642, ""A2"": 969.2804857817094, ""A3"": 856.3953547348035, ""B2"": 2175.5936597035134}}",2.7397,0.2781157811504459,0.9169283635126143,0.018171636487385734,"[0.28148373221621303, 0.038270025495099835, 0.8510954592279605, 0.17095153573600752, 0.2804631035248002, 0.24779958180983896, 0.6295120543123592, 0.012524949715007505, 0.5082384485699919, 0.6784170221778604, 0.8937162249454341, 0.46472847526588235, 0.005332599355994061]",16.0,16.0,66.0,8.4626,8.4626,72.0287,72.0287,11.6182,11.6182,False,0,2.7398,0.008627,2.4101,0.28148373221621303,1.6024950405308647,plus,False,0.7420004197915189,0.5027233013584431,0.23927711843307575,True,True,1.0,False,100.0,112.89999999999986,0.0,False,"[""block_count_per_ring != 7 (missing or extra blocks)""]",0.49019927279257886,0.18125256025094263,0.0004791455411450171
55,1-4,206,1-4/r206,bo,1881.9506822861392,"{""0"": {""K"": 0.0, ""B1"": 2963.20400173551, ""A1"": 1338.637256791071, ""A2"": 1122.623622522526, ""A3"": 2858.2536757393377, ""B2"": 2457.9109664504354}}",2.7397,0.17727275147810356,0.9169283635126143,0.018171636487385734,"[0.5445459150133505, 0.026142902207364482, 0.8574085653169878, 0.3873371692103793, 0.3248332241095272, 0.8270409941375398, 0.7112010898294084, 0.9392824120422604, 0.02831304908555643, 0.5661945507977149, 0.9340310336142585, 0.04343329255016115, 0.04114616013733852]",85.0,85.0,13.0,7.2281,7.2281,75.0523,75.0523,1.0858,1.0858,False,0,2.7402,0.037573,2.4101,0.5445459150133505,1.7218859474061048,plus,False,-1.4562635080013835,-1.3794059115565336,0.07685759644484991,True,True,1.0,False,100.0,105.0,0.0,False,"[""block_count_per_ring != 7 (missing or extra blocks)""]",0.3401068283318657,0.2245327989664932,0.0003148121894992143
56,1-4,206,1-4/r206,bo,914.0119386722038,"{""0"": {""K"": 0.0, ""B1"": 3123.3773229217354, ""A1"": 3229.916524938795, ""A2"": 1670.8130137154037, ""A3"": 3293.5630466911443, ""B2"": 996.8215019527939}}",2.7397,0.1664058383257297,0.9169283635126143,0.018171636487385734,"[0.2644710470695034, 0.7689497375189058, 0.9037550124194836, 0.9345823278179385, 0.4834528396167256, 0.9529985667509098, 0.2884321475557853, 0.7852710331098466, 0.14440571995621854, 0.9465184330936809, 0.043632544270289286, 0.10402088949153587, 0.12289824574564479]",74.0,74.0,26.0,11.4117,11.4117,8.2724,8.2724,2.6005,2.6005,False,0,2.7414,0.124412,2.4101,0.2644710470695034,1.595776165625116,plus,False,-0.374779021887445,-0.7433682381750193,0.3685892162875743,True,True,1.0,False,100.0,63.700000000000045,0.0,False,"[""block_count_per_ring != 7 (missing or extra blocks)""]",0.5870766696255623,0.1741639453018858,0.0016831129570516624
57,1-4,206,1-4/r206,bo,1085.9871184778453,"{""0"": {""K"": 0.0, ""B1"": 2942.281029886027, ""A1"": 3044.9241838717694, ""A2"": 2052.93464755526, ""A3"": 136.75200675409818, ""B2"": 227.53167648634462}}",2.7397,0.08381397437659924,0.9169283635126143,0.018171636487385734,"[0.314232383818821, 0.03602922364129135, 0.8513544646660959, 0.8810544513517852, 0.5940204420009433, 0.03956944639875526, 0.06583671194628027, 0.7432562061474763, 0.9498179521155492, 0.9675763347528699, 0.9688338608424696, 0.1920987378530994, 0.8235613348689829]",71.0,71.0,114.0,11.6433,11.6433,77.6625,77.6625,4.8025,4.8025,False,0,2.7511,0.826359,2.4101,0.314232383818821,1.4326396530448489,plus,False,2.131595495971468,1.2035088528412383,0.9280866431302295,True,True,1.0,False,100.0,90.79999999999995,0.0,False,"[""block_count_per_ring != 7 (missing or extra blocks)""]",0.3354353873979256,0.21884170781415685,0.00022985365867081095
58,1-4,206,1-4/r206,bo,804.5474676870467,"{""0"": {""K"": 0.0, ""B1"": 1621.6320126745256, ""A1"": 2446.8229901388368, ""A2"": 371.86372887722274, ""A3"": 790.9064617586873, ""B2"": 217.5431979047}}",2.7397,0.0767304241403111,0.9169283635126143,0.018171636487385734,"[0.23279729967796492, 0.07713744109486387, 0.4692222258896197, 0.7079927633503579, 0.10759945858715936, 0.22885024935147202, 0.06294652717149885, 0.55443878347388, 0.02542219409612745, 0.847926058789855, 0.3129533069749779, 0.11073135791587296, 0.5195406691761971]",57.0,57.0,13.0,10.3272,10.3272,28.4715,28.4715,2.7683,2.7683,False,0,2.7469,0.522423,2.4101,0.23279729967796492,1.6091584305355968,minus,True,1.5694809656673914,2.257481835797283,0.6880008701298914,True,True,1.0,False,100.0,154.30000000000007,0.0,False,"[""block_count_per_ring != 7 (missing or extra blocks)""]",0.3604969187310826,0.1912595430560499,8.365868401963208e-05
59,1-4,206,1-4/r206,bo,949.7747410705301,"{""0"": {""K"": 0.0, ""B1"": 2849.5571469804513, ""A1"": 2158.452433901826, ""A2"": 2238.4456222418403, ""A3"": 355.43661676727686, ""B2"": 2285.467581748168}}",2.7397,0.35265613859579364,0.9169283635126143,0.018171636487385734,"[0.274819080170871, 0.11333883865265615, 0.8245246374364732, 0.6245522088836303, 0.6476983860653472, 0.10284624327756853, 0.661304277126206, 0.709327653178316, 0.4194192214528607, 0.6007902605352348, 0.564847867785643, 0.5001554080780937, 0.23122834243856405]",68.0,68.0,56.0,7.6087,7.6087,47.3636,47.3636,12.5039,12.5039,False,0,2.7429,0.232961,2.4101,0.274819080170871,1.590294555087421,plus,False,0.5021483657397023,0.5263630431089314,0.02421467736922911,True,True,1.0,False,100.0,47.0,0.0,False,"[""block_count_per_ring != 7 (missing or extra blocks)""]",0.7042284555996317,0.11961749319455449,0.0014595013089946183
60,1-4,206,1-4/r206,bo,1159.9708423469465,"{""0"": {""K"": 0.0, ""B1"": 328.4413806557677, ""A1"": 2010.4216448554128, ""A2"": 2121.0698923947107, ""A3"": 800.314480024375, ""B2"": 2583.116683417136}}",2.7397,0.24478738629941946,0.9169283635126143,0.018171636487385734,"[0.33563971132724146, 0.15078930083068853, 0.09503512171752537, 0.5817192259419597, 0.6137355012716177, 0.2315724768589048, 0.747429595896162, 0.2598280298855635, 0.09453967066987634, 0.8555147982043924, 0.8389250335770962, 0.17596992986474413, 0.1681152214067807]",34.0,34.0,20.0,10.4107,10.4107,67.9194,67.9194,4.3992,4.3992,False,0,2.742,0.167831,2.4101,0.33563971132724146,1.5285725830351118,plus,False,1.475964858528433,1.1047217617158536,0.3712430968125795,True,True,1.0,False,100.0,110.59999999999991,0.0,False,"[""block_count_per_ring != 7 (missing or extra blocks)""]",0.3645313821449429,0.19096090952621653,8.84797916341181e-05
61,1-4,206,1-4/r206,bo,873.1086920302224,"{""0"": {""K"": 0.0, ""B1"": 2729.918161297711, ""A1"": 1260.1303860307607, ""A2"": 2719.8955679265982, ""A3"": 321.9972325342926, ""B2"": 3030.786905481027}}",2.7397,0.19589590866819528,0.9169283635126143,0.018171636487385734,"[0.25263561690689307, 0.5179719830614335, 0.7899068753754951, 0.36462106077278955, 0.7870068194232055, 0.09317049552496892, 0.8769638036692786, 0.1880064926713949, 0.3132532471005385, 0.1460175435629969, 0.0671258595720674, 0.004374429314716322, 0.31931081373941794]",29.0,29.0,44.0,2.6062,2.6062,10.0344,10.0344,0.1094,0.1094,False,0,2.7441,0.319799,2.4101,0.25263561690689307,1.6585336709427476,plus,False,1.0543602042005105,0.9676707951868573,0.08668940901365318,True,True,1.0,False,100.0,10.0,0.0,False,"[""block_count_per_ring != 7 (missing or extra blocks)""]",0.7264487968140719,0.10399891267447733,0.0010694639403080299
62,1-4,206,1-4/r206,bo,1336.5842300048066,"{""0"": {""K"": 0.0, ""B1"": 583.3805066770603, ""A1"": 2641.746330486943, ""A2"": 2837.470370115283, ""A3"": 668.2603197496942, ""B2"": 2286.5893285194256}}",2.7397,0.2086367657729134,0.9169283635126143,0.018171636487385734,"[0.3867431221078723, 0.06581289092724041, 0.16880222994127903, 0.7643941928492312, 0.8210273061676165, 0.19336236103868465, 0.6616288566317783, 0.5148485682268364, 0.13040466975353893, 0.465389799375716, 0.06268576466647624, 0.14054640171255084, 0.1397335246268504]",54.0,54.0,24.0,6.1193,6.1193,9.7014,9.7014,3.5137,3.5137,False,0,2.7416,0.138885,2.4101,0.38674312210787226,1.623817038384601,plus,False,0.4192193457639938,0.23877403932671779,0.180445306437276,True,True,1.0,False,100.0,84.79999999999995,0.0,False,"[""block_count_per_ring != 7 (missing or extra blocks)""]",0.3226362829031198,0.20818952133516988,0.00011176287021001262
63,1-4,206,1-4/r206,bo,997.4713504925287,"{""0"": {""K"": 0.0, ""B1"": 3050.122549976919, ""A1"": 948.8715923800546, ""A2"": 1438.030259898695, ""A3"": 297.0700651245199, ""B2"": 103.46136678993064}}",2.7397,0.2545706110415333,0.9169283635126143,0.018171636487385734,"[0.28862018243418075, 0.6482040476774421, 0.882558608210914, 0.2745577524247843, 0.4160967187206872, 0.08595777347353006, 0.029936738075790115, 0.5433486013770735, 0.31322227827722915, 0.5102512791232596, 0.7000209123482128, 0.4143443671645609, 0.08387958884781987]",56.0,56.0,44.0,6.6128,6.6128,57.5016,57.5016,10.3586,10.3586,False,0,2.7408,0.080993,2.4101,0.28862018243418075,1.6628960720140327,plus,False,1.5163326721522274,1.6598501769391545,0.14351750478692704,True,True,1.0,False,100.0,103.40000000000009,0.0,False,"[""block_count_per_ring != 7 (missing or extra blocks)""]",0.735287462540801,0.1342473100812902,0.004631745579571802
64,1-4,206,1-4/r206,bo,877.9841964702213,"{""0"": {""K"": 0.0, ""B1"": 2753.1454509335736, ""A1"": 1621.3115723555377, ""A2"": 3256.6877655856106, ""A3"": 2655.2925328915835, ""B2"": 2383.5208601907157}}",2.7397,0.1527972053698566,0.9169283635126143,0.018171636487385734,"[0.25404635314531865, 0.7337092644219475, 0.7966277346451313, 0.46912950588991253, 0.942328635875466, 0.7683138116005739, 0.6896761748237025, 0.9872905163579218, 0.33106264059650026, 0.2990596195147971, 0.9884390003434493, 0.6507016490718909, 0.3304982264606623]",89.0,89.0,46.0,4.2897,4.2897,79.1329,79.1329,16.2675,16.2675,False,0,2.7442,0.327036,2.4101,0.25404635314531865,1.7359200671995434,plus,False,-2.100378864783278,-1.9491961477707895,0.15118271701248842,True,True,1.0,False,100.0,97.8,0.0,False,"[""block_count_per_ring != 7 (missing or extra blocks)""]",0.6994109426089408,0.1158538439582633,0.0010832009851769664
65,1-4,206,1-4/r206,bo,1240.6201614503198,"{""0"": {""K"": 0.0, ""B1"": 2769.581811929489, ""A1"": 1990.275857676604, ""A2"": 1573.7304569770386, ""A3"": 220.2361893150391, ""B2"": 2077.3534506272304}}",2.7397,0.1851371664046547,0.9169283635126143,0.018171636487385734,"[0.35897574116039344, 0.16004948279419018, 0.801383626137005, 0.5758900051147581, 0.4553618220419672, 0.06372574922310159, 0.6010860678898235, 0.9415632257273823, 0.43257590181545247, 0.4683012294135398, 0.991492440344283, 0.09795192729704161, 0.9773839391757916]",86.0,86.0,58.0,6.1513,6.1513,79.3619,79.3619,2.4488,2.4488,False,0,2.7532,0.978327,2.4101,0.35897574116039344,1.7590445196162223,plus,False,1.2451591255636032,1.240430467927481,0.004728657636122291,True,True,1.0,False,100.0,87.09999999999991,0.0,False,"[""block_count_per_ring != 7 (missing or extra blocks)""]",0.32022923309647255,0.20143512771954214,7.381027999502933e-05
66,1-4,206,1-4/r206,bo,1074.8551685349867,"{""0"": {""K"": 0.0, ""B1"": 117.24026617419786, ""A1"": 1468.4532656610581, ""A2"": 2947.809369109452, ""A3"": 2707.295136840153, ""B2"": 197.425375009218}}",2.7397,0.355588733088024,0.9169283635126143,0.018171636487385734,"[0.3110113334881327, 0.6935334044971285, 0.033923688129108176, 0.42489967177692656, 0.852954099858059, 0.783360861354211, 0.057125397861463534, 0.9337131637784483, 0.34625792734562577, 0.6843400941810455, 0.9703972045603289, 0.2874859076404076, 0.14697697843733715]",85.0,85.0,48.0,8.5277,8.5277,77.7798,77.7798,7.1871,7.1871,False,0,2.7417,0.146122,2.4101,0.3110113334881327,1.5394104735614664,plus,False,2.1815393241721424,1.3794101840290423,0.8021291401431001,True,True,1.0,False,100.0,80.20000000000005,0.0,False,"[""block_count_per_ring != 7 (missing or extra blocks)""]",0.6069458250302717,0.11160351391412143,6.766622925712487e-05
67,1-4,206,1-4/r206,bo,958.1266968385723,"{""0"": {""K"": 0.0, ""B1"": 2146.95607595853, ""A1"": 2673.0955414925606, ""A2"": 1564.7101274126965, ""A3"": 1575.6017159838198, ""B2"": 2623.77413079544}}",2.7397,0.1618377736158578,0.9169283635126143,0.018171636487385734,"[0.27723573403893875, 0.2111639131378299, 0.6212257164231858, 0.7734651451078011, 0.4527517729782108, 0.45590327430087374, 0.7591939035866435, 0.27118702800011774, 0.30196598768273186, 0.4079265427347879, 0.8936603694754719, 0.14594484072374947, 0.022863535958384418]",35.0,35.0,43.0,5.4872,5.4872,72.0245,72.0245,3.6486,3.6486,False,0,2.74,0.0231,2.4101,0.27723573403893875,1.4770662585734435,minus,True,-2.170892419342728,-1.8947641274781315,0.2761282918645964,True,True,1.0,False,100.00000000000003,10.899999999999636,0.0,False,"[""block_count_per_ring != 7 (missing or extra blocks)""]",0.45875006786395167,0.15981220647322864,7.815781475505469e-05
68,1-4,206,1-4/r206,bo,1100.3560618333777,"{""0"": {""K"": 0.0, ""B1"": 2867.284432730656, ""A1"": 1369.4911598866836, ""A2"": 1449.4468591822845, ""A3"": 1717.1933034613378, ""B2"": 1164.845337188347}}",2.7397,0.19029910564130184,0.9169283635126143,0.018171636487385734,"[0.3183900641878986, 0.41725612346025254, 0.8296540603966018, 0.39626480320795243, 0.41940013286524436, 0.4968730623441371, 0.337050155436443, 0.7780898096874995, 0.1506531308086354, 0.09818336902747049, 0.23836519313708693, 0.04847945010658439, 0.5023663336232167]",73.0,73.0,27.0,2.08,2.08,22.8774,22.8774,1.212,1.212,False,0,2.7466,0.500714,2.4101,0.3183900641878986,1.4922575964492353,minus,True,-1.3593898061559222,-1.0649173136548922,0.29447249250103,True,True,1.0,False,100.0,80.0,0.0,False,"[""block_count_per_ring != 7 (missing or extra blocks)""]",0.3789451656138299,0.1701857883912888,2.9276633557087932e-05
69,1-4,206,1-4/r206,bo,1077.8823112203108,"{""0"": {""K"": 0.0, ""B1"": 3119.1114078667015, ""A1"": 1720.2779172626042, ""A2"": 1582.050312914459, ""A3"": 3115.352577127681, ""B2"": 2548.8678871620928}}",2.7397,0.10335355916171486,0.9169283635126143,0.018171636487385734,"[0.31188724282995106, 0.025796189546191672, 0.9025206619984669, 0.4977656010597813, 0.4577691877646004, 0.9014330373633336, 0.7375196432760684, 0.4854023482114499, 0.08265672823999182, 0.08727247401345661, 0.2001768489560407, 0.3420627782474923, 0.9540514172327008]",51.0,51.0,19.0,1.96,1.96,20.0133,20.0133,8.5516,8.5516,False,0,2.7529,0.956617,2.4101,0.31188724282995106,1.7117647140538197,plus,False,-2.366710930897871,-2.5138155903710637,0.14710465947319262,True,True,1.0,False,100.0,3.7999999999999545,0.0,False,"[""block_count_per_ring != 7 (missing or extra blocks)""]",0.31556909722023885,0.193138857937254,4.065819576266655e-05
70,1-4,206,1-4/r206,bo,1395.1984034917534,"{""0"": {""K"": 0.0, ""B1"": 2661.3869343675437, ""A1"": 1465.79943317314, ""A2"": 763.779244836197, ""A3"": 2526.852373940218, ""B2"": 2790.263959114706}}",2.7397,0.23679105835651978,0.9169283635126143,0.018171636487385734,"[0.4037032417510861, 0.648771587710339, 0.7700772379535717, 0.4241317804320428, 0.22100093889936256, 0.7311494137558502, 0.80736804372532, 0.5731609086992244, 0.998332899128304, 0.2961122320880831, 0.9740949698607949, 0.2944159684257376, 0.29402053905239267]",58.0,58.0,120.0,4.2572,4.2572,78.0571,78.0571,7.3604,7.3604,False,0,2.7437,0.290853,2.4101,0.4037032417510861,1.6041583663693897,plus,False,0.03460618190311468,-0.498065251649078,0.5326714335521927,True,True,1.0,False,100.0,128.89999999999998,0.0,False,"[""block_count_per_ring != 7 (missing or extra blocks)""]",0.30880597192044645,0.19184723105389276,3.27530291375865e-05
71,1-4,206,1-4/r206,bo,853.3438959500043,"{""0"": {""K"": 0.0, ""B1"": 593.7263693653812, ""A1"": 2408.5745334352073, ""A2"": 1537.7077861536427, ""A3"": 844.8283907269922, ""B2"": 2378.1052061683367}}",2.7397,0.32935194806186857,0.9169283635126143,0.018171636487385734,"[0.24691663655960772, 0.19530808724719773, 0.17179582446914965, 0.6969255015726873, 0.4449385955305679, 0.24445265935387506, 0.6881091453033382, 0.32303316337798604, 0.19977227427323452, 0.72921808977301, 0.14360962443227676, 0.029196123814871466, 0.1801756130626625]",39.0,39.0,32.0,9.0214,9.0214,15.7707,15.7707,0.7299,0.7299,False,0,2.7422,0.182305,2.4101,0.24691663655960772,1.6855668203562435,plus,False,-0.31702644490495024,-0.10120861963720115,0.2158178252677491,True,True,1.0,False,100.0,30.5,0.0,False,"[""block_count_per_ring != 7 (missing or extra blocks)""]",0.655498567649313,0.121023509642049,0.0005232584464461582
72,1-4,206,1-4/r206,bo,1263.1630477982717,"{""0"": {""K"": 0.0, ""B1"": 412.5231244416346, ""A1"": 2147.2850407844903, ""A2"": 1653.0052709780275, ""A3"": 2929.945927382708, ""B2"": 2300.3153971817683}}",2.7397,0.1081268251926255,0.9169283635126143,0.018171636487385734,"[0.36549856707125916, 0.12137397835762476, 0.1193643299888989, 0.6213209030047715, 0.47830013627836443, 0.847785279913978, 0.6656005200178727, 0.2948834927515154, 0.34894613841767086, 0.14448698349334033, 0.107889461980747, 0.8878631663675379, 0.881051377458627]",37.0,37.0,48.0,2.5894,2.5894,13.0917,13.0917,22.1966,22.1966,False,0,2.7519,0.884252,2.4101,0.36549856707125916,1.642151043907562,minus,True,1.0658284781298022,1.6857348129782115,0.6199063348484093,True,True,1.0,False,100.0,153.0999999999999,0.0,False,"[""block_count_per_ring != 7 (missing or extra blocks)""]",0.30808063970265903,0.18829979557721652,2.5223438991011727e-05
73,1-4,206,1-4/r206,bo,1046.5724546516105,"{""0"": {""K"": 0.0, ""B1"": 1904.0748846811532, ""A1"": 2280.321980042595, ""A2"": 496.29891266097457, ""A3"": 2488.5490483440917, ""B2"": 455.26434809524693}}",2.7397,0.15068961861635297,0.9169283635126143,0.018171636487385734,"[0.30282767785058173, 0.09637584495957618, 0.5509475939470929, 0.6598153877438064, 0.14360500945051347, 0.7200662755625266, 0.1317315822034858, 0.8347081204349893, 0.9960466923405746, 0.631611761983198, 0.5541918000561521, 0.45607615900988663, 0.39640034699245374]",78.0,78.0,120.0,7.9477,7.9477,46.5644,46.5644,11.4019,11.4019,False,0,2.7452,0.399402,2.4101,0.30282767785058173,1.6741783419277383,minus,True,0.22517306294531264,0.4654634866575035,0.24029042371219084,True,True,1.0,False,100.0,41.100000000000136,0.0,False,"[""block_count_per_ring != 7 (missing or extra blocks)""]",0.30535846831399976,0.18706742820974137,2.1835668070569782e-05
74,1-4,206,1-4/r206,bo,785.3510689368887,"{""0"": {""K"": 0.0, ""B1"": 388.01058413387705, ""A1"": 2195.006173887945, ""A2"": 2321.7982241050563, ""A3"": 447.5143921205271, ""B2"": 1232.517437537258}}",2.7397,0.0862181681113248,0.9169283635126143,0.018171636487385734,"[0.22724278615072013, 0.17784904667902734, 0.1122715810572561, 0.6351291012407249, 0.6718166157711389, 0.1294891180904303, 0.35663120299110473, 0.2264656472548473, 0.28967410122015325, 0.9585248746696787, 0.08240713364996055, 0.21489413717474581, 0.7197390561300872]",32.0,32.0,42.0,11.5438,11.5438,11.1805,11.1805,5.3724,5.3724,False,0,2.7496,0.717811,2.4101,0.22724278615072013,1.5351275228226782,plus,False,1.1920007576768425,0.4512743277631114,0.7407264299137312,True,True,1.0,False,100.0,59.5,0.0,False,"[""block_count_per_ring != 7 (missing or extra blocks)""]",0.30325163286925844,0.1854562354383477,1.8551572952383216e-05
75,1-4,206,1-4/r206,bo,1182.2423135682398,"{""0"": {""K"": 0.0, ""B1"": 438.113911200027, ""A1"": 1132.1708400922855, ""A2"": 1959.4868595946411, ""A3"": 1824.3564006590277, ""B2"": 692.7183834545534}}",2.7397,0.09492826075435233,0.9169283635126143,0.018171636487385734,"[0.34208400276858786, 0.7406530753276478, 0.1267690715277856, 0.32759572919336966, 0.566981151503079, 0.5278809029684687, 0.20043934706439626, 0.09564317138119571, 0.960494991925676, 0.08373838971839176, 0.9854584563963322, 0.29923454007310757, 0.3325710421118677]",22.0,22.0,116.0,1.9211,1.9211,78.9094,78.9094,7.4809,7.4809,False,0,2.7443,0.334273,2.4101,0.3420840027685879,1.568753823517476,plus,False,0.662815756356724,0.5236063392462647,0.1392094171104593,True,True,1.0,False,100.0,135.0999999999999,0.0,False,"[""block_count_per_ring != 7 (missing or extra blocks)""]",0.3003580154238535,0.1845093962904832,1.624807352045601e-05
76,1-4,206,1-4/r206,bo,963.4841672531193,"{""0"": {""K"": 0.0, ""B1"": 327.9892584735958, ""A1"": 560.9966119232226, ""A2"": 2118.210102581486, ""A3"": 951.261839376554, ""B2"": 2594.8606836651784}}",2.7397,0.318825494692046,0.9169283635126143,0.018171636487385734,"[0.2787859280246294, 0.15901931418325488, 0.09490429932685063, 0.16232540854259914, 0.612908015793254, 0.27524937481960476, 0.7508277441160817, 0.2639074366544085, 0.5937011671767438, 0.3491220198219851, 0.5468183778595082, 0.12753810639527197, 0.189720071679224]",35.0,35.0,75.0,4.8403,4.8403,46.0114,46.0114,3.1885,3.1885,False,0,2.7423,0.189541,2.4101,0.2787859280246294,1.5616980145755153,plus,False,1.9497823791819162,1.3098817005888141,0.6399006785931021,True,True,1.0,False,100.0,233.0,0.0,False,"[""block_count_per_ring != 7 (missing or extra blocks)""]",0.29767256997115066,0.1834529385545064,1.4138309626218591e-05
77,1-4,206,1-4/r206,bo,731.0595401416282,"{""0"": {""K"": 0.0, ""B1"": 2778.7370684213415, ""A1"": 3159.2233625870203, ""A2"": 1354.3676743183285, ""A3"": 664.5770311838673, ""B2"": 250.86606686955471}}",2.7397,0.10940846920290702,0.9169283635126143,0.018171636487385734,"[0.21153343175394335, 0.0024648266048354905, 0.8040327165571012, 0.9141271303781888, 0.3918887946522941, 0.19229659467125793, 0.07258856101549616, 0.7982738378019563, 0.8465482792437455, 0.4440883363655752, 0.9935192919956284, 0.7624097612682094, 0.5406686639895428]",75.0,75.0,103.0,5.885,5.885,79.5139,79.5139,19.0602,19.0602,False,0,2.7472,0.544133,2.4101,0.21153343175394335,1.6691708448079465,plus,False,1.6076523961534517,1.580036145738643,0.027616250414808752,True,True,1.0,False,100.0,250.79999999999995,0.0,False,"[""block_count_per_ring != 7 (missing or extra blocks)""]",0.30274891915645585,0.1821070448132838,1.4173974625770797e-05
78,1-4,206,1-4/r206,bo,964.6879449892472,"{""0"": {""K"": 0.0, ""B1"": 1995.1628087979773, ""A1"": 2213.9641024754123, ""A2"": 802.0754009253893, ""A3"": 999.549128719994, ""B2"": 580.7928610066544}}",2.7397,0.22012762331241095,0.9169283635126143,0.018171636487385734,"[0.27913424334179604, 0.08532950911278436, 0.5773040534716369, 0.6406146129847837, 0.23208200258257794, 0.2892213914120353, 0.16805348987461066, 0.7173329689214446, 0.5364331146652448, 0.060522523882171164, 0.03722724137055777, 0.8301506263613104, 0.9271800471587327]",69.0,69.0,69.0,1.6657,1.6657,7.792,7.792,20.7538,20.7538,False,0,2.7525,0.927671,2.4101,0.27913424334179604,1.5094843222517371,plus,False,0.1431661128864543,0.1411231778400297,0.00204293504642461,True,True,1.0,False,100.0,197.4000000000001,0.0,False,"[""block_count_per_ring != 7 (missing or extra blocks)""]",0.29551328700133006,0.1809697886679919,1.1053261528856857e-05
79,1-4,206,1-4/r206,bo,1198.4947625730042,"{""0"": {""K"": 0.0, ""B1"": 2248.3993851312366, ""A1"": 602.6899632788288, ""A2"": 1343.8422978671595, ""A3"": 3210.1788770120293, ""B2"": 1863.4735717816066}}",2.7397,0.1994327831092067,0.9169283635126143,0.018171636487385734,"[0.3467866789852443, 0.06983519880683753, 0.6505785257902884, 0.17438945696725372, 0.3888432574847105, 0.9288712028391288, 0.5391995288719926, 0.7574180080861449, 0.19939033801588635, 0.9558728206482261, 0.9805485514367484, 0.051633215951587985, 0.9085852137071236]",72.0,72.0,32.0,11.5146,11.5146,78.5411,78.5411,1.2908,1.2908,False,0,2.7522,0.905961,2.4101,0.3467866789852443,1.745173131533303,minus,True,0.32848726726295374,1.161524345172995,0.8330370779100413,True,True,1.0,False,100.0,245.79999999999995,0.0,False,"[""block_count_per_ring != 7 (missing or extra blocks)""]",0.29455858114176553,0.17928682049141925,9.408744563132153e-06
80,1-4,206,1-4/r206,bo,963.7726076453349,"{""0"": {""K"": 0.0, ""B1"": 780.3528136513237, ""A1"": 3398.6121800400515, ""A2"": 2848.9812409670567, ""A3"": 1321.2759200177381, ""B2"": 3154.1420790070047}}",2.7397,0.0889496844456389,0.9169283635126143,0.018171636487385734,"[0.2788693887862659, 0.10945301362377158, 0.22579653172781355, 0.9833947280208483, 0.8243579979650049, 0.3823136342643918, 0.9126568515645268, 0.5390758255883175, 0.7281692263217755, 0.3362385171170612, 0.04130609389723272, 0.879858758389151, 0.7335990821574622]",55.0,55.0,90.0,4.6986,4.6986,8.098,8.098,21.9965,21.9965,False,0,2.7498,0.732284,2.4101,0.2788693887862659,1.6208899123233391,plus,False,-0.194723420875223,0.011578061585832272,0.20630148246105529,True,True,1.0,False,100.0,57.39999999999998,0.0,False,"[""block_count_per_ring != 7 (missing or extra blocks)""]",0.29337352134952055,0.17767116155235033,7.979240148535348e-06
81,1-4,206,1-4/r206,bo,357.9554988693695,"{""0"": {""K"": 0.0, ""B1"": 3420.7531026307624, ""A1"": 256.26352431432747, ""A2"": 1577.6635970409582, ""A3"": 1749.7008884376462, ""B2"": 1544.7473039551408}}",2.7397,0.15062136371709517,0.9169283635126143,0.018171636487385734,"[0.10357508647840552, 0.19012943048623987, 0.989801244974179, 0.07415032532243271, 0.45649988340305503, 0.5062791922562634, 0.44697549304257544, 0.34746021772096314, 0.8005131647825308, 0.2176896738566112, 0.15582643182685907, 0.04868060189782486, 0.36056844143934497]",41.0,41.0,98.0,3.3946,3.3946,16.687,16.687,1.217,1.217,False,0,2.7447,0.363219,2.4101,0.10357508647840552,1.4722001424068325,plus,False,0.8570813709368841,0.8583173285067786,0.0012359575698944747,True,True,1.0,False,100.0,32.899999999999864,0.0,False,"[""block_count_per_ring != 7 (missing or extra blocks)""]",0.29087137777164734,0.17680965401058624,6.98840202827659e-06
82,1-4,206,1-4/r206,bo,523.7120486780898,"{""0"": {""K"": 0.0, ""B1"": 2991.057525465128, ""A1"": 2808.680871032007, ""A2"": 2341.4849174421606, ""A3"": 225.42938668527097, ""B2"": 2330.8766394635827}}",2.7397,0.17212914586018016,0.9169283635126143,0.018171636487385734,"[0.15153705112213245, 0.13145013580119336, 0.8654680339887523, 0.8126970112939835, 0.6775129969450696, 0.06522841049921035, 0.6744434720670088, 0.8890540434443024, 0.6849522560073581, 0.3607467781146789, 0.5383367115818706, 0.5202853147937897, 0.8830785127682484]",82.0,82.0,85.0,4.9682,4.9682,45.3753,45.3753,13.0071,13.0071,False,0,2.7519,0.884252,2.4101,0.15153705112213245,1.7204498815161116,plus,False,0.3553864943353936,0.5728969151508483,0.21751042081545469,True,True,1.0,False,100.00000000000003,10.599999999999909,0.0,False,"[""block_count_per_ring != 7 (missing or extra blocks)""]",0.28914903310673873,0.1754392422775099,5.939676363480087e-06
83,1-4,206,1-4/r206,bo,1289.1435224667525,"{""0"": {""K"": 0.0, ""B1"": 2456.3548312265607, ""A1"": 588.0438645977069, ""A2"": 3.098182179858199, ""A3"": 764.2698366161856, ""B2"": 75.04679450832822}}",2.7397,0.13364217192248756,0.9169283635126143,0.018171636487385734,"[0.37301606552857425, 0.7395835503944209, 0.7107508192206483, 0.17015158119146612, 0.000896464751116377, 0.22114289253940556, 0.021714928966530156, 0.44009973049102225, 0.5391604872231214, 0.9090869408583849, 0.47113485915740205, 0.4930775397863052, 0.6811685204035295]",48.0,48.0,69.0,11.0,11.0,40.3351,40.3351,12.3269,12.3269,False,0,2.7491,0.681628,2.4101,0.37301606552857425,1.7080044316893408,minus,True,1.3924107192941135,1.6644854772691415,0.272074757975028,True,True,1.0,False,100.0,3.1000000000001364,0.0,False,"[""block_count_per_ring != 7 (missing or extra blocks)""]",0.29049831701442197,0.15970702788067098,1.2195560833078696e-06
84,1-4,206,1-4/r206,bo,872.4428898342777,"{""0"": {""K"": 0.0, ""B1"": 2130.8214466893146, ""A1"": 476.4539554806834, ""A2"": 1507.3893240306372, ""A3"": 1468.9887230528686, ""B2"": 42.18632018311236}}",2.7397,0.18760305631753565,0.9169283635126143,0.018171636487385734,"[0.25244296580852943, 0.6630531069404261, 0.6165571315651952, 0.13786283434047553, 0.43616589236997605, 0.4250546073648347, 0.012206689867798715, 0.1917216237875634, 0.5499217037941597, 0.9788373405624528, 0.9621621100461704, 0.8141851239471973, 0.3018515986512579]",29.0,29.0,70.0,11.7672,11.7672,77.1622,77.1622,20.3546,20.3546,False,0,2.7439,0.305326,2.4101,0.25244296580852943,1.7198997953375443,minus,True,1.584978339622401,2.2211389423372387,0.6361606027148377,True,True,1.0,False,100.0,38.40000000000009,0.0,False,"[""block_count_per_ring != 7 (missing or extra blocks)""]",0.4149968812611572,0.16899945088250076,5.82346034284976e-05
85,1-4,206,1-4/r206,bo,1363.1189487238103,"{""0"": {""K"": 0.0, ""B1"": 1204.178427248403, ""A1"": 2313.4310336777016, ""A2"": 3307.330805793775, ""A3"": 1605.1848582572452, ""B2"": 151.8531950233097}}",2.7397,0.1784778196126633,0.9169283635126143,0.018171636487385734,"[0.39442099210758397, 0.2904257850055194, 0.3484312578843759, 0.6693955537261868, 0.9569822933431062, 0.4644632113012862, 0.04393900318961508, 0.5560578211647405, 0.15362734794423494, 0.6158923486297074, 0.3956749965001092, 0.014248150186445319, 0.14374413249829587]",57.0,57.0,27.0,7.7748,7.7748,34.6756,34.6756,0.3562,0.3562,False,0,2.7417,0.146122,2.4101,0.39442099210758397,1.69656870659548,plus,False,2.505868986418241,1.9104107516688802,0.5954582347493607,True,True,1.0,False,100.0,148.69999999999982,0.0,False,"[""block_count_per_ring != 7 (missing or extra blocks)""]",0.2864245006876978,0.15728814226275378,8.142371897061314e-07
86,1-4,206,1-4/r206,bo,2304.1825415710064,"{""0"": {""K"": 0.0, ""B1"": 1262.332374793413, ""A1"": 2370.030627853641, ""A2"": 3420.700156051156, ""A3"": 1112.206620499422, ""B2"": 568.5128790601195}}",2.7397,0.12699850583948433,0.9169283635126143,0.018171636487385734,"[0.6667194854082773, 0.012694168839351816, 0.36525821029901995, 0.6857727511150582, 0.9897859247833205, 0.32181904528339755, 0.16450025435767346, 0.9594726242533704, 0.3151116683026516, 0.8692430670024213, 0.0488823951317271, 0.8340285687279102, 0.49034888000008425]",87.0,87.0,45.0,10.5617,10.5617,8.6662,8.6662,20.8507,20.8507,False,0,2.7465,0.493477,2.4101,0.6667194854082773,1.6836178373908743,minus,True,0.031311128917058006,0.5000034811627334,0.4686923522456754,True,True,1.0,False,100.0,35.29999999999973,0.0,False,"[""block_count_per_ring != 7 (missing or extra blocks)""]",0.28341173359669886,0.15602104011382098,6.373067577764807e-07
87,1-4,206,1-4/r206,bo,730.8394460927443,"{""0"": {""K"": 0.0, ""B1"": 2337.238827886309, ""A1"": 497.2036835013865, ""A2"": 3038.6789631724437, ""A3"": 2295.722172775438, ""B2"": 473.07460872309673}}",2.7397,0.16412808005032983,0.9169283635126143,0.018171636487385734,"[0.21146974713331723, 0.6640365980194841, 0.6762843830689552, 0.14386680656868822, 0.8792473851772117, 0.66427146202993, 0.13688501409811826, 0.9499162802015246, 0.4732349844142001, 0.3153441118991279, 0.9701599982142566, 0.3266963309308022, 0.9491835144507097]",86.0,86.0,62.0,4.4688,4.4688,77.762,77.762,8.1674,8.1674,False,0,2.7528,0.949381,2.4101,0.21146974713331723,1.7656141888317878,minus,True,0.1756873399298584,0.5574450413359667,0.3817577014061083,True,True,1.0,False,100.0,24.09999999999991,0.0,False,"[""block_count_per_ring != 7 (missing or extra blocks)""]",0.28170799384243556,0.16887622173971034,2.6327239722816176e-06
88,1-4,206,1-4/r206,bo,2060.1701426979016,"{""0"": {""K"": 0.0, ""B1"": 1838.8899651359839, ""A1"": 736.363105856761, ""A2"": 15.833845286211698, ""A3"": 2577.230831310441, ""B2"": 3273.991529621038}}",2.7397,0.0769850147951089,0.9169283635126143,0.018171636487385734,"[0.5961140459195318, 0.1474536276555649, 0.5320862167638842, 0.21306802831503502, 0.00458155245550107, 0.7457265136893637, 0.9473355120431244, 0.8158325308966918, 0.8372890800062811, 0.9826224968687379, 0.3757399717373183, 0.07721244256178561, 0.6170480334278804]",76.0,76.0,102.0,11.8088,11.8088,33.1805,33.1805,1.9303,1.9303,False,0,2.7482,0.616499,2.4101,0.5961140459195318,1.5927261410904656,minus,True,2.037162212471294,2.5469813756360957,0.5098191631648019,True,True,1.0,False,99.99999999999999,15.800000000000182,0.0,False,"[""block_count_per_ring != 7 (missing or extra blocks)""]",0.28019501335444713,0.15366828500887655,4.268726150453268e-07
89,1-4,206,1-4/r206,bo,1218.1398709391544,"{""0"": {""K"": 0.0, ""B1"": 1859.809416118868, ""A1"": 3092.3535290783284, ""A2"": 1187.3631952908859, ""A3"": 941.6590607799877, ""B2"": 7.279296550975005}}",2.7397,0.12918942654563423,0.9169283635126143,0.018171636487385734,"[0.35247102747082015, 0.5624899371435067, 0.5381392986455058, 0.8947782202194237, 0.3435657393781498, 0.27247079304976496, 0.0021062779372034157, 0.7864772223856122, 0.41984956219776093, 0.020231129994354058, 0.8679384496434452, 0.02036728959333789, 0.3258274808523315]",74.0,74.0,56.0,1.2225,1.2225,70.0954,70.0954,0.5092,0.5092,False,0,2.7442,0.327036,2.4101,0.35247102747082015,1.726626044919121,minus,True,2.4753146823294787,2.7154742718494496,0.24015958951997085,True,True,1.0,False,100.0,7.300000000000182,0.0,False,"[""block_count_per_ring != 7 (missing or extra blocks)""]",0.39674408326192834,0.13701183215603782,1.7312915091125447e-06
90,1-4,206,1-4/r206,bo,993.7064222390023,"{""0"": {""K"": 0.0, ""B1"": 2433.180000533168, ""A1"": 1583.1697141114935, ""A2"": 3016.8020488498305, ""A3"": 2567.3383284255215, ""B2"": 2286.2160964517607}}",2.7397,0.12609350190356028,0.9169283635126143,0.018171636487385734,"[0.28753079347193355, 0.3022280037228732, 0.704045139043162, 0.4580930885739275, 0.8729172595051593, 0.7428640996601624, 0.6615208612418289, 0.4990162420201222, 0.8039951251091446, 0.9497306572890066, 0.1634189223566751, 0.5376445031154959, 0.19023334744975706]",52.0,52.0,98.0,11.447,11.447,17.2564,17.2564,13.4411,13.4411,False,0,2.7423,0.189541,2.4101,0.28753079347193355,1.733981060523657,plus,False,-2.4414352792415164,-2.450277786665515,0.008842507423998835,True,True,1.0,False,100.0,134.0999999999999,0.0,False,"[""block_count_per_ring != 7 (missing or extra blocks)""]",0.836863874847732,0.060937243522817174,0.0018774221177018883
91,1-4,206,1-4/r206,bo,472.2146162124164,"{""0"": {""K"": 0.0, ""B1"": 2870.6383814916585, ""A1"": 2268.6680418396863, ""A2"": 1029.9341577221142, ""A3"": 2109.3254518309227, ""B2"": 1729.9917746530955}}",2.7397,0.12368149407416265,0.9169283635126143,0.018171636487385734,"[0.1366361736725742, 0.06771354221380188, 0.8306245316816141, 0.6564432991434278, 0.298013355822371, 0.6103372256455216, 0.5005763236843448, 0.3327834114798899, 0.5568898123068199, 0.6774527737194653, 0.08355746714301826, 0.8893907160389952, 0.24213624495424446]",40.0,40.0,71.0,8.452,8.452,11.2668,11.2668,22.2348,22.2348,False,0,2.743,0.240197,2.4101,0.1366361736725742,1.738957494867685,minus,True,-1.9167922970268254,-1.6592986843521742,0.2574936126746512,True,True,1.0,False,100.0,159.4000000000001,0.0,False,"[""block_count_per_ring != 7 (missing or extra blocks)""]",0.27477438467547166,0.16494093999059992,1.444559686072707e-06
92,1-4,206,1-4/r206,bo,1019.0418872446788,"{""0"": {""K"": 0.0, ""B1"": 3300.6377650951267, ""A1"": 2377.106202631312, ""A2"": 1476.9026101602901, ""A3"": 852.1937961560659, ""B2"": 1487.0586130387103}}",2.7397,0.3634451272502534,0.9169283635126143,0.018171636487385734,"[0.2948616571888538, 0.7348284347347388, 0.9550456496224325, 0.6878200817798935, 0.42734450525471357, 0.2465838530544172, 0.4302831634949972, 0.4632231850464579, 0.06600933197314007, 0.22413064302971353, 0.8866335530677432, 0.27885461416227575, 0.11316858860669698]",50.0,50.0,17.0,3.4654,3.4654,71.4975,71.4975,6.9714,6.9714,False,0,2.7412,0.109939,2.4101,0.2948616571888538,1.7088072961761733,plus,False,-0.38535825709462684,-1.064146041877695,0.6787877847830681,True,True,1.0,False,100.0,10.199999999999818,0.0,False,"[""block_count_per_ring != 7 (missing or extra blocks)""]",0.5242939240912374,0.14870198856452846,0.00015373582719741788
93,1-4,206,1-4/r206,bo,1128.4347544136945,"{""0"": {""K"": 0.0, ""B1"": 972.9421200630437, ""A1"": 1868.3214834699597, ""A2"": 2122.543009794671, ""A3"": 877.5263745144555, ""B2"": 2132.5617856779663}}",2.7397,0.08309452260449181,0.9169283635126143,0.018171636487385734,"[0.3265146858835921, 0.4321901721748874, 0.2815226041849085, 0.5406022810966319, 0.6141617505192913, 0.25391388151459937, 0.6170607018744115, 0.24683989751872304, 0.23196916244659982, 0.9986995588985462, 0.2677915421773507, 0.45819388246412596, 0.7183517464951061]",34.0,34.0,36.0,11.9857,11.9857,25.0844,25.0844,11.4548,11.4548,False,0,2.7496,0.717811,2.4101,0.32651468588359217,1.6531023725552703,plus,False,-0.23902598004436765,-0.5363566089982161,0.2973306289538485,True,True,1.0,False,100.0,10.0,0.0,False,"[""block_count_per_ring != 7 (missing or extra blocks)""]",0.5472859632134751,0.1477384931744858,0.00023808909255830643
94,1-4,206,1-4/r206,bo,1047.6913743585742,"{""0"": {""K"": 0.0, ""B1"": 2712.524037049075, ""A1"": 3208.72590060826, ""A2"": 2260.547886831779, ""A3"": 1841.5003320601984, ""B2"": 1308.6772204351587}}",2.7397,0.21294639919560251,0.9169283635126143,0.018171636487385734,"[0.3031514393398652, 0.33595184056423766, 0.7848738533128111, 0.9284507814260011, 0.6540937172545658, 0.5328415312674185, 0.3786681772092473, 0.8322961430768488, 0.2246705598852875, 0.7077544108767198, 0.18857696553766623, 0.19741540690793946, 0.09908483694759707]",77.0,77.0,35.0,8.7853,8.7853,19.1433,19.1433,4.9354,4.9354,False,0,2.7411,0.102702,2.4101,0.3031514393398652,1.6993933043129144,plus,False,-2.2040000582793753,-2.2402183854134483,0.036218327134073025,True,True,1.0,False,99.99999999999999,247.30000000000007,0.0,False,"[""block_count_per_ring != 7 (missing or extra blocks)""]",0.6569001427884813,0.1148154634152286,0.0003607711351883026
95,1-4,206,1-4/r206,bo,980.3733015906679,"{""0"": {""K"": 0.0, ""B1"": 3325.9178335405786, ""A1"": 2902.839968974164, ""A2"": 1671.310054243138, ""A3"": 930.6547223596066, ""B2"": 3432.7453893741695}}",2.7397,0.2682458972256051,0.9169283635126143,0.018171636487385734,"[0.2836728303213738, 0.09240657451193324, 0.9623604842420656, 0.8399421206522465, 0.48359665921387096, 0.2692866673494232, 0.9932712353513222, 0.28715952572425374, 0.28233743178905224, 0.6153904285972868, 0.15246304550606893, 0.27073459713010417, 0.3006877944460694]",37.0,37.0,41.0,7.7693,7.7693,16.4347,16.4347,6.7684,6.7684,False,0,2.7438,0.29809,2.4101,0.2836728303213738,1.609320188705023,plus,False,-0.9117808765813927,-0.8471096837514794,0.0646711928299133,True,True,1.0,False,100.0,23.299999999999955,0.0,False,"[""block_count_per_ring != 7 (missing or extra blocks)""]",0.6223650641028046,0.10740153224350418,7.245806828427728e-05
96,1-4,206,1-4/r206,bo,923.514330729776,"{""0"": {""K"": 0.0, ""B1"": 1717.4040235894663, ""A1"": 296.05249902142464, ""A2"": 1495.188407763868, ""A3"": 2160.7274635296726, ""B2"": 1057.0452967680644}}",2.7397,0.22913545974998425,0.9169283635126143,0.018171636487385734,"[0.26722058180838426, 0.09634321861055617, 0.49693403460343355, 0.08566333883721777, 0.43263553465389704, 0.6252104929194654, 0.3058580141111298, 0.5698984224239669, 0.5504139459089652, 0.5206255809759488, 0.647183634277681, 0.43688840796737904, 0.14878568579016593]",58.0,58.0,71.0,6.7269,6.7269,53.5388,53.5388,10.9222,10.9222,False,0,2.7417,0.146122,2.4101,0.26722058180838426,1.7183365207636807,plus,False,1.2947701489835488,1.2995848324309986,0.004814683447449841,True,True,1.0,False,100.0,222.20000000000027,0.0,False,"[""block_count_per_ring != 7 (missing or extra blocks)""]",0.5681751511232611,0.10130646184160322,5.023737483948214e-06
97,1-4,206,1-4/r206,bo,1033.4333112353859,"{""0"": {""K"": 0.0, ""B1"": 2873.865689969836, ""A1"": 1212.7743819283273, ""A2"": 2347.8926924401494, ""A3"": 2345.762167069256, ""B2"": 917.0022286560082}}",2.7397,0.18891014475209997,0.9169283635126143,0.018171636487385734,"[0.2990258423713501, 0.06332923178146188, 0.8315583593662719, 0.35091851328944657, 0.6793670985069877, 0.6787506270455024, 0.2653362930138913, 0.1237507530517361, 0.4318445963999904, 0.6678601043660418, 0.09775096580673936, 0.3715883808710294, 0.07636587952895335]",24.0,24.0,58.0,8.3465,8.3465,12.3313,12.3313,9.2897,9.2897,False,0,2.7407,0.073756,2.4101,0.2990258423713501,1.7361403218126026,minus,True,-1.1262424582305424,-0.8684111276760046,0.2578313305545378,True,True,1.0,False,100.0,2.100000000000364,0.0,False,"[""block_count_per_ring != 7 (missing or extra blocks)""]",0.5642136508284283,0.11296849559377667,2.010723084585708e-05
98,1-4,206,1-4/r206,bo,813.6967780564124,"{""0"": {""K"": 0.0, ""B1"": 623.5738859368031, ""A1"": 1439.180365238768, ""A2"": 2177.08540984437, ""A3"": 2192.045815996528, ""B2"": 62.76448216044052}}",2.7397,0.05605585843706392,0.9169283635126143,0.018171636487385734,"[0.23544466957650823, 0.2814652620812462, 0.18043225866226942, 0.416429503830662, 0.6299436949781164, 0.6342725162026991, 0.018161019143645984, 0.10796110323387986, 0.47111173421493147, 0.568681873822112, 0.9326774872477737, 0.18243242567908746, 0.8720507733140548]",23.0,23.0,62.0,7.2555,7.2555,74.9508,74.9508,4.5608,4.5608,False,0,2.7517,0.869779,2.4101,0.23544466957650823,1.3873994265345932,plus,False,1.70808662877628,1.9050956756790214,0.19700904690274146,True,True,1.0,False,100.0,14.899999999999636,0.0,False,"[""block_count_per_ring != 7 (missing or extra blocks)""]",0.35047410829903536,0.12588798079238264,5.9165715562906797e-08
99,1-4,206,1-4/r206,bo,1063.6577932189577,"{""0"": {""K"": 0.0, ""B1"": 1869.5384348868001, ""A1"": 2077.253083925764, ""A2"": 1575.4661947920192, ""A3"": 836.3983875250134, ""B2"": 1508.237211809137}}",2.7397,0.29343623034358995,0.9169283635126143,0.018171636487385734,"[0.30777135220455953, 0.33433347928648105, 0.5409544082427084, 0.60105702659889, 0.4558640609930611, 0.24201342231626544, 0.43641123026884754, 0.584486693272073, 0.8673744627805914, 0.48985540772396907, 0.11735163330912657, 0.11231776398744686, 0.22545841223302132]",59.0,59.0,105.0,6.3884,6.3884,13.8014,13.8014,2.8079,2.8079,False,0,2.7428,0.225724,2.4101,0.30777135220455953,1.5873433096531417,plus,False,-1.035648481101691,-0.9297792466149538,0.10586923448673724,True,True,1.0,False,100.0,67.19999999999982,0.0,False,"[""block_count_per_ring != 7 (missing or extra blocks)""]",0.49402572049096594,0.10285084252924297,2.8517841426869164e-07
100,1-4,206,1-4/r206,bo,953.0379436251851,"{""0"": {""K"": 0.0, ""B1"": 1809.6921174955448, ""A1"": 1571.6671132979177, ""A2"": 1458.8565629749087, ""A3"": 164.0922084337213, ""B2"": 962.9162308393136}}",2.7397,0.1442216878980624,0.9169283635126143,0.018171636487385734,"[0.2757632938730281, 0.24935773662001803, 0.523637765479035, 0.45476478972740675, 0.4221228480830176, 0.047480384384757324, 0.27862159457156066, 0.22214045346006894, 0.7711190254118798, 0.45461525192049934, 0.8974547267138256, 0.6230825522632512, 0.2233675690570287]",32.0,32.0,95.0,6.0008,6.0008,72.3091,72.3091,15.5771,15.5771,False,0,2.7428,0.225724,2.4101,0.2757632938730281,1.7125532599352384,minus,True,1.516492883091579,2.24339002524551,0.726897142153931,True,True,1.0,False,100.0,112.79999999999973,0.0,False,"[""block_count_per_ring != 7 (missing or extra blocks)""]",0.7081302642048395,0.10427700463332155,0.0006777834961867891
101,1-4,206,1-4/r206,bo,752.110838454034,"{""0"": {""K"": 0.0, ""B1"": 3430.334235185871, ""A1"": 1679.1924300099658, ""A2"": 1662.6942852343357, ""A3"": 1083.595791801467, ""B2"": 812.347533441179}}",2.7397,0.30748017000956823,0.9169283635126143,0.018171636487385734,"[0.21762466390452373, 0.09184695401729992, 0.9925735634218377, 0.48587743923899473, 0.4811036704960462, 0.31354044901662814, 0.23505426314848932, 0.8472535732916264, 0.5677368439756628, 0.12306393957737183, 0.6184498144037518, 0.12651089634098867, 0.5226772713124325]",79.0,79.0,72.0,2.3537,2.3537,51.3837,51.3837,3.1628,3.1628,False,0,2.7469,0.522423,2.4101,0.21762466390452373,1.7681781947538588,plus,False,-0.14248252373301612,-0.28056737314958763,0.1380848494165715,True,True,1.0,False,100.0,16.5,0.0,False,"[""block_count_per_ring != 7 (missing or extra blocks)""]",0.3402183731298295,0.13297512355190325,1.4137624384210146e-07
102,1-4,206,1-4/r206,bo,987.5626920804291,"{""0"": {""K"": 0.0, ""B1"": 1016.4152471788167, ""A1"": 271.7033163009453, ""A2"": 1477.9146507850808, ""A3"": 3377.8656322590764, ""B2"": 267.3937390396418}}",2.7397,0.08073082879925673,0.9169283635126143,0.018171636487385734,"[0.2857530937732723, 0.07693009120581396, 0.29410163402164835, 0.07861785772596797, 0.42763734108364604, 0.9773916760008902, 0.07737087356471117, 0.6918577275336585, 0.30475687397120454, 0.6450263140701713, 0.8901187747376295, 0.13563030112843844, 0.6741850704294687]",67.0,67.0,44.0,8.0953,8.0953,71.7589,71.7589,3.3908,3.3908,False,0,2.749,0.674391,2.4101,0.2857530937732723,1.615661789667954,plus,False,0.5481230422734025,0.7880799846861439,0.23995694241274146,True,True,1.0,False,100.0,4.2999999999999545,0.0,False,"[""block_count_per_ring != 7 (missing or extra blocks)""]",0.3463238356756264,0.13362947276648543,1.9599817912131435e-07
103,1-4,206,1-4/r206,bo,1088.9948080749184,"{""0"": {""K"": 0.0, ""B1"": 2003.7733761191025, ""A1"": 442.02100580366675, ""A2"": 1067.7691414573715, ""A3"": 930.0746617844942, ""B2"": 925.9776534738247}}",2.7397,0.1668848666948391,0.9169283635126143,0.018171636487385734,"[0.31510266437352963, 0.011121243766324063, 0.5797955370714996, 0.12789959658670913, 0.3089609784309524, 0.2691188257478282, 0.26793334880608355, 0.8229381745240192, 0.4706095802671991, 0.6100752046385439, 0.08313581738843101, 0.018843774232725985, 0.21265998922229024]",77.0,77.0,62.0,7.7108,7.7108,11.2352,11.2352,0.4711,0.4711,False,0,2.7426,0.211251,2.4101,0.31510266437352963,1.6921858049763783,minus,True,0.44884196334464255,1.4420463019539396,0.993204338609297,True,True,1.0,False,100.0,4.099999999999909,0.0,False,"[""block_count_per_ring != 7 (missing or extra blocks)""]",0.6862396840019129,0.09614616077720327,0.00019069214970001878
104,1-4,206,1-4/r206,bo,1214.2874646424718,"{""0"": {""K"": 0.0, ""B1"": 729.6676269110628, ""A1"": 2397.5738382946683, ""A2"": 624.1051168828197, ""A3"": 2647.3697400491233, ""B2"": 3081.0818200050157}}",2.7397,0.10627134718576094,0.9169283635126143,0.018171636487385734,"[0.3513563265747893, 0.939111893087073, 0.21113067908306216, 0.6937424300621147, 0.18058597132026033, 0.7660213368197695, 0.8915167303255254, 0.264366431668855, 0.36080244920900584, 0.10120580942580593, 0.7550492836798394, 0.9558843338781225, 0.4362293398260959]",35.0,35.0,50.0,2.1133,2.1133,61.6287,61.6287,23.8971,23.8971,False,0,2.7457,0.435584,2.4101,0.3513563265747893,1.6157825037703617,minus,True,0.3584224312461835,1.2051212913627964,0.846698860116613,True,True,1.0,False,100.0,105.59999999999991,0.0,False,"[""block_count_per_ring != 7 (missing or extra blocks)""]",0.27657116790543046,0.13887040164451864,3.8718948131942495e-08
105,1-4,206,1-4/r206,bo,1167.5535084019768,"{""0"": {""K"": 0.0, ""B1"": 944.5873838772752, ""A1"": 3229.7872432746467, ""A2"": 1628.4284292603277, ""A3"": 1030.4145597851668, ""B2"": 622.6127571114937}}",2.7397,0.16704356505104662,0.9169283635126143,0.018171636487385734,"[0.33783376979223867, 0.9859262064444083, 0.27331810876078566, 0.9345449199290066, 0.47118878161467814, 0.2981523610489487, 0.18015415425679793, 0.31153737965533146, 0.9590841184729135, 0.0633950107832163, 0.34356166201252236, 0.6073458285551946, 0.20705510215204992]",38.0,38.0,115.0,1.6973,1.6973,30.7671,30.7671,15.1836,15.1836,False,0,2.7425,0.204014,2.4101,0.33783376979223867,1.7344902203968307,plus,False,0.2981957948169241,0.13842281084201086,0.15977298397491324,True,True,1.0,False,100.0,85.90000000000009,0.0,False,"[""block_count_per_ring != 7 (missing or extra blocks)""]",0.39905412101411253,0.12058619584403468,1.51357453418284e-07
106,1-4,206,1-4/r206,bo,932.6969503507503,"{""0"": {""K"": 0.0, ""B1"": 2463.752862639241, ""A1"": 821.550656582589, ""A2"": 1735.446051340078, ""A3"": 969.3478646374557, ""B2"": 1852.5640517382149}}",2.7397,0.13831695971725302,0.9169283635126143,0.018171636487385734,"[0.2698775898005643, 0.5132492596739544, 0.7128914533099655, 0.2377172038722769, 0.5021545287442355, 0.28048259972148604, 0.5360428390446224, 0.0031595993204063255, 0.6856070824946183, 0.7881040134755436, 0.4261117989827864, 0.5977544803849638, 0.20267870037175895]",15.0,15.0,85.0,9.6691,9.6691,36.9584,36.9584,14.9439,14.9439,False,0,2.7425,0.204014,2.4101,0.2698775898005643,1.7090685146195927,minus,True,-0.7569101035372752,-0.3717250255451249,0.3851850779921503,True,True,1.0,False,100.0,117.20000000000027,0.0,False,"[""block_count_per_ring != 7 (missing or extra blocks)""]",0.3493004274468914,0.13412084219631049,2.3560245056573935e-07
107,1-4,206,1-4/r206,bo,1107.78729833995,"{""0"": {""K"": 0.0, ""B1"": 3271.9767725333395, ""A1"": 2205.158808922578, ""A2"": 2201.5197059664056, ""A3"": 2237.775914955314, ""B2"": 1559.7420923610498}}",2.7397,0.05422775104428951,0.9169283635126143,0.018171636487385734,"[0.3205403062326244, 0.22438464625518095, 0.9467525383487672, 0.6380667849891719, 0.6370138038097238, 0.6475046050217923, 0.4513142628359519, 0.04422437700902382, 0.99645732651367, 0.5967862417474262, 0.44986849774977744, 0.6410187595459603, 0.9485028736653195]",18.0,18.0,120.0,7.5646,7.5646,38.7401,38.7401,16.0255,16.0255,False,0,2.7528,0.949381,2.4101,0.3205403062326244,1.6014831925632123,plus,False,-2.331114273704288,-2.6006300158470763,0.2695157421427883,True,True,1.0,False,100.0,3.599999999999909,0.0,False,"[""block_count_per_ring != 7 (missing or extra blocks)""]",0.2740472826729149,0.1371612539423372,2.585275444951453e-08
108,1-4,206,1-4/r206,bo,965.4559819403523,"{""0"": {""K"": 0.0, ""B1"": 1252.4252144075042, ""A1"": 1638.0693952603565, ""A2"": 581.7305047331517, ""A3"": 1130.734965370319, ""B2"": 436.00704635212384}}",2.7397,0.2960581983708323,0.9169283635126143,0.018171636487385734,"[0.279356476255889, 0.637530351442446, 0.36239155509476395, 0.4739784129804272, 0.1683247988232499, 0.3271802561835414, 0.12615944628244324, 0.5910251249954555, 0.7438947467403784, 0.12028967779080424, 0.631434430665895, 0.027953236954407767, 0.1127698405981642]",59.0,59.0,92.0,2.3232,2.3232,52.3576,52.3576,0.6988,0.6988,False,0,2.7412,0.109939,2.4101,0.279356476255889,1.5836911711191162,plus,False,0.6701855235014794,0.8102699525019392,0.1400844290004598,True,True,1.0,False,100.0,121.70000000000027,0.0,False,"[""block_count_per_ring != 7 (missing or extra blocks)""]",0.7826702009129383,0.07226866463144085,0.0006199920051451766
109,1-4,206,1-4/r206,bo,995.5792270518548,"{""0"": {""K"": 0.0, ""B1"": 3168.7162064505765, ""A1"": 1515.8870979474214, ""A2"": 512.2602100137167, ""A3"": 1151.1006865324434, ""B2"": 279.7623867641252}}",2.7397,0.43602014275872986,0.9169283635126143,0.018171636487385734,"[0.28807269301268945, 0.9730711850901591, 0.9168739023294492, 0.4386247389894159, 0.14822344039748747, 0.3330731153161005, 0.08094976468869364, 0.9683237081781336, 0.4248765069980702, 0.34756640703402797, 0.5340668268118772, 0.6570328466033294, 0.15009400080984958]",88.0,88.0,57.0,4.8232,4.8232,45.055,45.055,16.4258,16.4258,False,0,2.7418,0.153358,2.4101,0.28807269301268945,1.7036327807393383,plus,False,1.232733150909299,1.269631181243779,0.036898030334480136,True,True,1.0,False,100.0,232.5,0.0,False,"[""block_count_per_ring != 7 (missing or extra blocks)""]",0.7349117304179812,0.07069377655800206,7.107357599725743e-05
110,1-4,206,1-4/r206,bo,1092.7222932692723,"{""0"": {""K"": 0.0, ""B1"": 2093.2764510904835, ""A1"": 1949.158293207317, ""A2"": 1438.1111170485515, ""A3"": 1219.67265333016, ""B2"": 2693.7609687188015}}",2.7397,0.17272690139074248,0.9169283635126143,0.018171636487385734,"[0.31618121911726627, 0.08970966710255479, 0.6056934175609038, 0.563992561691932, 0.4161201148867336, 0.35291454089414354, 0.7794447247450236, 0.1032542524754354, 0.1584981011676172, 0.2115218054512693, 0.042985663884496095, 0.39967271908000246, 0.31663777417856187]",23.0,23.0,27.0,3.3267,3.3267,8.2239,8.2239,9.9918,9.9918,False,0,2.7441,0.319799,2.4101,0.3161812191172663,1.6960071247024804,plus,False,-1.6494118985093476,-1.80140399031519,0.1519920918058424,True,True,1.0,False,100.0,144.0999999999999,0.0,False,"[""block_count_per_ring != 7 (missing or extra blocks)""]",0.51433446307874,0.12693618203378956,1.9482621700212633e-05
111,1-4,206,1-4/r206,bo,1112.8928696550943,"{""0"": {""K"": 0.0, ""B1"": 2797.8894608235596, ""A1"": 1813.9385001537232, ""A2"": 3041.2969863298854, ""A3"": 3334.063695760931, ""B2"": 467.319817140552}}",2.7397,0.3376495929742794,0.9169283635126143,0.018171636487385734,"[0.32201761274742313, 0.09219652611231355, 0.8095744967660763, 0.5248664641648505, 0.8800049150260085, 0.9647175045604545, 0.1352198544966875, 0.4473908970680296, 0.49312359880141265, 0.3509144243187051, 0.04464715352092785, 0.12003216864657196, 0.004096763449290219]",49.0,49.0,64.0,4.8601,4.8601,8.3485,8.3485,3.0008,3.0008,False,0,2.7397,0.00139,2.4101,0.32201761274742313,1.5701829969500731,plus,False,1.5127519966506617,0.6721636094475172,0.8405883872031445,True,True,1.0,False,100.0,121.90000000000009,0.0,False,"[""block_count_per_ring != 7 (missing or extra blocks)""]",0.7733951776936756,0.08239904985773153,0.0010014650858488827
112,1-4,206,1-4/r206,bo,917.429016868536,"{""0"": {""K"": 0.0, ""B1"": 3237.1034649779454, ""A1"": 1431.7809008565541, ""A2"": 120.9996837969672, ""A3"": 1809.9027468249083, ""B2"": 584.8174226608671}}",2.7397,0.19367896391832987,0.9169283635126143,0.018171636487385734,"[0.26545978497353473, 0.07948749617094941, 0.9366618822274148, 0.4142884551089566, 0.035011482580140973, 0.5236987114655406, 0.16921800424214906, 0.5140189505098769, 0.45211337931906315, 0.309914074142135, 0.0036575267018538193, 0.035196926606423484, 0.36903421578035966]",54.0,54.0,60.0,4.4091,4.4091,5.2743,5.2743,0.8799,0.8799,False,0,2.7448,0.370455,2.4101,0.26545978497353473,1.7604694672991532,plus,False,2.0892049585138492,1.61369127626434,0.4755136822495092,True,True,1.0,False,100.0,121.00000000000011,0.0,False,"[""block_count_per_ring != 7 (missing or extra blocks)""]",0.48643669301986786,0.10491492655092588,3.053227660864974e-07
113,1-4,206,1-4/r206,bo,1032.5651952600776,"{""0"": {""K"": 0.0, ""B1"": 2575.468819633475, ""A1"": 1559.6699380459972, ""A2"": 3221.9560604742715, ""A3"": 1003.6149456363617, ""B2"": 469.01539635135305}}",2.7397,0.446820901817861,0.9169283635126143,0.018171636487385734,"[0.29877465140627246, 0.244358666981903, 0.745216672347649, 0.45129338485127235, 0.9322789526835277, 0.29039784306607686, 0.13571047348129428, 0.7480160036176688, 0.01864643231479357, 0.3043972326070149, 0.45472220635613636, 0.11760164169995502, 0.005842210083756627]",71.0,71.0,12.0,4.3484,4.3484,39.1042,39.1042,2.94,2.94,False,0,2.7398,0.008627,2.4101,0.29877465140627246,1.7494916959453373,plus,False,1.238279790439558,1.3990445659435087,0.16076477550395074,True,True,1.0,False,100.0,234.0999999999999,0.0,False,"[""block_count_per_ring != 7 (missing or extra blocks)""]",0.7992162111441428,0.06611677641077927,0.000672977627371678
114,1-4,206,1-4/r206,bo,890.4100714279795,"{""0"": {""K"": 0.0, ""B1"": 2166.455092660067, ""A1"": 910.5305777290745, ""A2"": 1578.7605982708392, ""A3"": 558.9273052169037, ""B2"": 2120.3852951599206}}",2.7397,0.3147686615123633,0.9169283635126143,0.018171636487385734,"[0.25764180307522555, 0.6259976381428894, 0.6268677930150657, 0.26346370883364423, 0.4568173027404049, 0.1617266508150763, 0.6135374117939585, 0.6420148507038727, 0.9553843200363968, 0.7500366852040635, 0.2906409530984313, 0.31738602145631545, 0.24337507125454805]",63.0,63.0,115.0,9.2504,9.2504,26.7981,26.7981,7.9347,7.9347,False,0,2.743,0.240197,2.4101,0.25764180307522555,1.7222320191504903,minus,True,-0.12134291371826289,0.9896342243752476,1.1109771380935105,True,True,1.0,False,100.0,46.09999999999991,0.0,False,"[""block_count_per_ring != 7 (missing or extra blocks)""]",0.38259113945437295,0.14787260178936693,4.145412531055752e-06
115,1-4,206,1-4/r206,bo,987.4803938333818,"{""0"": {""K"": 0.0, ""B1"": 2440.887095283042, ""A1"": 1602.8225848996042, ""A2"": 1060.812591979272, ""A3"": 942.1413213410707, ""B2"": 378.1719971505446}}",2.7397,0.13971670412461698,0.9169283635126143,0.018171636487385734,"[0.285729280623085, 0.21154803632753405, 0.7062752011814358, 0.4637796831306725, 0.30694808795696527, 0.27261033603618945, 0.10942476769402332, 0.4204050084726312, 0.8621288115153898, 0.3475404906287376, 0.7284019365240855, 0.3855095783596977, 0.40878067795146233]",47.0,47.0,105.0,4.8229,4.8229,59.6301,59.6301,9.6377,9.6377,False,0,2.7453,0.406638,2.4101,0.285729280623085,1.7866078890374364,minus,True,1.440599120717962,1.9605910112549259,0.5199918905369638,True,True,1.0,False,100.0,118.70000000000027,0.0,False,"[""block_count_per_ring != 7 (missing or extra blocks)""]",0.2672799110976692,0.13576799661815592,1.534356047162363e-08
116,1-4,206,1-4/r206,bo,877.1143083148293,"{""0"": {""K"": 0.0, ""B1"": 216.47847099511654, ""A1"": 1692.0226605723242, ""A2"": 938.4908142218259, ""A3"": 2915.3977779959264, ""B2"": 21.456067312497595}}",2.7397,0.2654020587558056,0.9169283635126143,0.018171636487385734,"[0.253794649396652, 0.23173883793721883, 0.06263844646849437, 0.48958989021189936, 0.2715540550410376, 0.8435757459478954, 0.006208352810329165, 0.7051045097014937, 0.6791561132763215, 0.4414488591885397, 0.8271175129236952, 0.031812947652747114, 0.008470314016431169]",68.0,68.0,85.0,5.8559,5.8559,67.0338,67.0338,0.7953,0.7953,False,0,2.7398,0.008627,2.4101,0.253794649396652,1.5487178202183147,minus,True,1.9361501582714964,2.387388310239062,0.45123815196756567,True,True,1.0,False,100.0,21.5,0.0,False,"[""block_count_per_ring != 7 (missing or extra blocks)""]",0.3962420662094803,0.11473802990535578,4.284617220336967e-08
117,1-4,206,1-4/r206,bo,1024.3969439755647,"{""0"": {""K"": 0.0, ""B1"": 2578.5626638751064, ""A1"": 2222.673053171327, ""A2"": 1488.946900658695, ""A3"": 771.6200353124952, ""B2"": 321.47320103127436}}",2.7397,0.29086607413336907,0.9169283635126143,0.018171636487385734,"[0.2964111527707074, 0.6077156262213027, 0.7461118819083062, 0.6431345639963331, 0.4308295430146687, 0.22326968614366183, 0.09301886603914189, 0.14173361200955037, 0.2180213391551522, 0.5671978889631392, 0.8499260023536025, 0.2096473743552394, 0.10238783775155347]",26.0,26.0,34.0,7.2392,7.2392,68.7445,68.7445,5.2412,5.2412,False,0,2.7411,0.102702,2.4101,0.2964111527707074,1.7890900710795004,minus,True,2.114032095969254,2.798191355124836,0.6841592591555821,True,True,1.0,False,100.0,321.5,0.0,False,"[""block_count_per_ring != 7 (missing or extra blocks)""]",0.7972829955742505,0.0683968116715053,0.0007649893665099376
118,1-4,206,1-4/r206,bo,948.0696091584364,"{""0"": {""K"": 0.0, ""B1"": 1189.0917120028175, ""A1"": 172.0721935073994, ""A2"": 3330.710930995434, ""A3"": 24.06859791845156, ""B2"": 1731.8494472087236}}",2.7397,0.05422071327007342,0.9169283635126143,0.018171636487385734,"[0.274325697094455, 0.29972658751256775, 0.34406588888970413, 0.04978940784357622, 0.9637473758667343, 0.006964293379181585, 0.5011138446784501, 0.9038087487060914, 0.21941972301536983, 0.407199427839984, 0.5979741003362106, 0.36547006740783616, 0.9026675963067301]",83.0,83.0,34.0,5.4792,5.4792,49.8481,49.8481,9.1368,9.1368,False,0,2.7522,0.905961,2.4101,0.274325697094455,1.6073801282815092,plus,False,2.329516818272097,1.7036390856720809,0.6258777326000162,True,True,1.0,False,100.0,24.0,0.0,False,"[""block_count_per_ring != 7 (missing or extra blocks)""]",0.2862974932632835,0.13337759145843361,2.0120614408932103e-08
119,1-4,206,1-4/r206,bo,858.117626826621,"{""0"": {""K"": 0.0, ""B1"": 1979.6353575919538, ""A1"": 1089.3483059370867, ""A2"": 1480.4978441679393, ""A3"": 798.7779213523613, ""B2"": 1087.2052948939054}}",2.7397,0.20580357759554976,0.9169283635126143,0.018171636487385734,"[0.24829792442899912, 0.1709323639199425, 0.5728111567106348, 0.3152049496345737, 0.4283847928726676, 0.23112787076167862, 0.3145848654206902, 0.12359858838517868, 0.9961264285956898, 0.6048498671294966, 0.5842473574956519, 0.652412007666577, 0.5494387255006826]",24.0,24.0,120.0,7.6533,7.6533,48.8186,48.8186,16.3103,16.3103,False,0,2.7473,0.55137,2.4101,0.24829792442899912,1.5750939482107194,minus,True,-0.7480328308461082,0.31215835074891185,1.06019118159502,True,True,1.0,False,100.0,2.2000000000000455,0.0,False,"[""block_count_per_ring != 7 (missing or extra blocks)""]",0.2859218387749123,0.13359145199543726,2.0667978986215876e-08
