trial_id,tunnel_id,ring_id,case_id,kind,k_y,per_ring_offsets,r_surface_min_ceiling_ref,gt_miou,best_so_far,regret_vs_ceiling,search_x,hough_threshold,hough_oblique_threshold,hough_horizontal_threshold,merge_distance_threshold,line_merge_distance,single_ring_visual_slot_snap_px,line_snap_tolerance_px,slot_inset_y,segmentation_slot_inset_y,agent_error,n_reclassified_by_r_filter,r_surface_min,r_surface_min_frac,r_surface_min_otsu_ref,k_y_frac,arc_width_entropy,order_branch,branch_is_minus,direction_score_plus,direction_score_minus,direction_margin,direction_select_enabled,det_k_count_match,det_k_confidence_avg,det_block_count_per_ring,det_y_coverage_pct,det_min_y_gap_px,det_y_order_consistency,det_ready_for_segmentation,det_guardrail_violations,bo_surrogate_mean,bo_surrogate_std,ei_value
0,4-6,283,4-6/r283,sam4tun_static,1668.106294028332,"{""0"": {""K"": 0.0, ""B1"": 290.59732045705584, ""A1"": 1017.1644337142133, ""A2"": 1743.7315469713708, ""A3"": 2470.298660228528, ""A4"": 3196.8657734856856, ""B2"": 3923.432886742843}}",3.7343,0.8055310465609322,0.8055310465609322,0.06306895343906782,"[0.35873253635017893, 0.0, 0.06249404741011954, 0.21874503950843296, 0.3749960316067464, 0.5312470237050598, 0.6874980158033732, 0.8437490079016867, 0.29333333333333333, 0.24545454545454545, 1.0, 0.4266666666666667, 0.0, 0.0]",37.0,37.0,37.0,12.0,12.0,37.0,37.0,0.0,0.0,False,0,3.7343,0.0,2.9953,0.35873253635017893,1.9135607065024494,plus,False,3.6240224189051045,3.6240224189051053,8.881784197001252e-16,True,True,1.0,True,100.0,290.60000000000014,1.0,True,[],,,
1,4-6,283,4-6/r283,intrinsic_r_otsu,2906.6939197117013,"{""0"": {""K"": 0.0, ""B1"": 3606.9384596401496, ""A1"": 1047.2134334562522, ""A2"": 1395.7732248371983, ""A3"": 4062.023521092618, ""A4"": 24.48366622992247, ""B2"": 3818.712145479863}}",3.7343,0.11067038894320042,0.8055310465609322,0.06306895343906782,"[0.625095466604667, 0.8972138009695755, 0.7756856902451935, 0.22520718999059186, 0.30016628491122543, 0.8735534453962619, 0.005265304565574724, 0.8212284183827663, 0.7970694287520462, 0.4679349528437208, 0.3030324268193135, 0.2784256121007733, 0.2548695876541246, 0.0]",75.0,75.0,61.0,4.3334,4.3334,25.8819,25.8819,6.3717,6.3717,False,0,3.7343,0.0,2.9953,0.625095466604667,1.7020488428809706,plus,False,1.2753198567675919,1.2569161137013436,0.018403743066248257,True,True,1.0,True,100.0,24.5,0.0,True,[],,,
2,4-6,283,4-6/r283,random,2346.149404154483,"{""0"": {""K"": 0.0, ""B1"": 4629.076317969926, ""A1"": 3685.8779243439517, ""A2"": 2893.1334169014062, ""A3"": 4598.664686720765, ""A4"": 1001.1854467955351, ""B2"": 744.9859574389772}}",3.7343,0.03710516870064609,0.8055310465609322,0.06306895343906782,"[0.5045482589579533, 0.5534973520744925, 0.9955002834343927, 0.7926619192137531, 0.6221792294411627, 0.9889601476818849, 0.21530869823559895, 0.16021203385784455, 0.6125396042730308, 0.04394200796138337, 0.03568027877359614, 0.5148888202713703, 0.4662060253252891, 0.9171677731928523]",61.0,61.0,15.0,1.3925,1.3925,43.6167,43.6167,11.6552,11.6552,False,0,3.755,0.918952,2.9953,0.5045482589579533,1.8583562585459996,plus,False,-0.3987182945825119,-0.557121011126735,0.15840271654422305,True,True,1.0,True,100.0,20.90000000000009,0.0,True,[],,,
3,4-6,283,4-6/r283,random,2925.9020833831987,"{""0"": {""K"": 0.0, ""B1"": 2310.461474579795, ""A1"": 1150.9443874270883, ""A2"": 54.842218772652245, ""A3"": 894.6699695316945, ""A4"": 3217.949362100552, ""B2"": 932.8212665395276}}",3.7343,0.11579608361330482,0.8055310465609322,0.06306895343906782,"[0.6292262544910104, 0.5141176465995139, 0.49687343539350426, 0.24751492202733083, 0.01179402554250586, 0.19240214398531064, 0.6920321208818392, 0.2006067239869952, 0.3695363106022067, 0.0037342420520759534, 0.8300477298017456, 0.15446108106143985, 0.26759930456378545, 0.8803321539808286]",43.0,43.0,10.0,10.1305,10.1305,16.5846,16.5846,6.69,6.69,False,0,3.7541,0.878984,2.9953,0.6292262544910104,1.8730249625200213,minus,True,1.4651391713753994,2.00715905319381,0.5420198818184105,True,True,1.0,True,100.0,38.09999999999991,0.0,True,[],,,
4,4-6,283,4-6/r283,random,2370.5272658881677,"{""0"": {""K"": 0.0, ""B1"": 2974.684826282747, ""A1"": 3449.2349052326354, ""A2"": 425.4545635431623, ""A3"": 2516.318769400673, ""A4"": 2361.1408987966274, ""B2"": 4051.728101621895}}",3.7343,0.1052290198590647,0.8055310465609322,0.06306895343906782,"[0.5097908098684232, 0.8471502463658693, 0.6397171669425262, 0.7417709473618571, 0.09149560506304566, 0.5411438213764888, 0.50777223630035, 0.8713393766928806, 0.3612640590141576, 0.5981840672072131, 0.05925164234550362, 0.3876318011107287, 0.32303634625820665, 0.15019972907045187]",42.0,42.0,76.0,1.6518,1.6518,34.0724,34.0724,8.0759,8.0759,False,0,3.7377,0.150673,2.9953,0.5097908098684232,1.7352813753567913,plus,False,1.0888691935996375,0.9949212188572917,0.09394797474234584,True,True,1.0,True,100.0,155.10000000000002,0.0,True,[],,,
5,4-6,283,4-6/r283,random,3795.972182758702,"{""0"": {""K"": 0.0, ""B1"": 4551.17766251218, ""A1"": 2743.461372499338, ""A2"": 2813.5115803088083, ""A3"": 2966.6841006657446, ""A4"": 3145.4936337294657, ""B2"": 701.1642891329145}}",3.7343,0.13500620266112126,0.8055310465609322,0.06306895343906782,"[0.8163381038190757, 0.37944617155031246, 0.9787478844112216, 0.5899916930106103, 0.6050562538298513, 0.6379965807883322, 0.6764502438127883, 0.1507880191683687, 0.44031346718818754, 0.23956396182952333, 0.40249829810398163, 0.09670409393174562, 0.9678280510488214, 0.21500403735588003]",48.0,48.0,36.0,5.4275,5.4275,12.2528,12.2528,24.1957,24.1957,False,0,3.7391,0.212846,2.9953,0.8163381038190757,1.4704178581757068,plus,False,1.296722533367341,0.19336970886627056,1.1033528245010704,True,True,1.0,True,100.0,70.09999999999991,0.0,True,[],,,
6,4-6,283,4-6/r283,random,3123.708006142475,"{""0"": {""K"": 0.0, ""B1"": 4064.458171595196, ""A1"": 3079.2985332738103, ""A2"": 612.0135435086216, ""A3"": 3929.595592066671, ""A4"": 4394.008995824155, ""B2"": 4203.213065111059}}",3.7343,0.10585467034194572,0.8055310465609322,0.06306895343906782,"[0.6717651626112849, 0.3004200814790703, 0.8740770261495044, 0.6622147383384538, 0.13161581580830573, 0.8450743208745529, 0.9449481711449795, 0.9039167881959268, 0.5697191478592772, 0.1454599537609269, 0.19246349496833237, 0.9279056847445244, 0.5523264876672638, 0.18055249844891164]",58.0,58.0,26.0,3.1171,3.1171,74.5929,74.5929,13.8082,13.8082,False,0,3.7384,0.181759,2.9953,0.6717651626112849,1.7354254627337802,plus,False,0.45957729344948367,0.432233729012701,0.027343564436782652,True,True,1.0,True,100.0,134.89999999999964,0.0,True,[],,,
7,4-6,283,4-6/r283,random,4110.864558013585,"{""0"": {""K"": 0.0, ""B1"": 2649.078376303207, ""A1"": 1749.7384380041285, ""A2"": 1910.9420620306537, ""A3"": 1113.6248389705786, ""A4"": 176.96638311426176, ""B2"": 4074.4174577081103}}",3.7343,0.05822399250234302,0.8055310465609322,0.06306895343906782,"[0.8840568941964699, 0.6415717052224807, 0.5696942744738079, 0.3762878361299201, 0.41095528215712984, 0.23948921268184487, 0.03805728669123909, 0.876218808109271, 0.4677302168140961, 0.5476351992137353, 0.3221633097802251, 0.7513249198549279, 0.025196870801760363, 0.37218527256520395]",50.0,50.0,70.0,4.5438,4.5438,61.3494,61.3494,0.6299,0.6299,False,0,3.7427,0.372719,2.9953,0.8840568941964699,1.7244218378159588,minus,True,1.8766001655914537,2.7294812044379104,0.8528810388464567,True,True,1.0,True,100.0,161.20000000000005,0.0,True,[],,,
8,4-6,283,4-6/r283,random,141.12886888611908,"{""0"": {""K"": 0.0, ""B1"": 4497.23929459776, ""A1"": 3058.587394679092, ""A2"": 1991.224145711088, ""A3"": 2435.3915017837335, ""A4"": 4058.562819826201, ""B2"": 1600.5796015315218}}",3.7343,0.052805253378649275,0.8055310465609322,0.06306895343906782,"[0.03035029438411163, 0.12289210220500935, 0.9671482353973677, 0.6577607300385144, 0.4282202463894813, 0.5237401079104803, 0.8728092085647744, 0.3442106669960262, 0.5902909822897147, 0.6836843733395437, 0.35541377702351207, 0.5190984864959901, 0.7652473832785226, 0.9091793139905502]",59.0,59.0,85.0,4.9096,4.9096,43.9324,43.9324,19.1312,19.1312,False,0,3.7548,0.91007,2.9953,0.03035029438411163,1.8142393329605415,plus,False,-1.8522850456967572,-2.06748188266673,0.2151968369699726,True,True,1.0,True,100.0,152.70000000000073,0.0,True,[],,,
9,4-6,283,4-6/r283,random,702.439593057192,"{""0"": {""K"": 0.0, ""B1"": 24.081726041759467, ""A1"": 3501.345391729556, ""A2"": 3768.9497609751897, ""A3"": 635.9528396730042, ""A4"": 1947.901976746311, ""B2"": 3790.9416926769622}}",3.7343,0.06403919528269164,0.8055310465609322,0.06306895343906782,"[0.1510622780768155, 0.9334193923074285, 0.005178865815432143, 0.752977503597754, 0.8105268303172452, 0.13676405154258153, 0.41890365091318515, 0.8152562779950456, 0.014271189684610608, 0.6284619478662907, 0.7930236580980341, 0.5130035828222085, 0.7258494205510871, 0.22642348269714407]",16.0,16.0,79.0,9.7233,9.7233,43.4753,43.4753,18.1462,18.1462,False,0,3.7394,0.226169,2.9953,0.1510622780768155,1.5982099193957546,plus,False,1.3974830905887399,1.2187743642339612,0.17870872635477864,True,True,1.0,True,100.0,22.0,0.0,True,[],,,
10,4-6,283,4-6/r283,random,923.1233381659287,"{""0"": {""K"": 0.0, ""B1"": 834.2380281872313, ""A1"": 1609.1856918730248, ""A2"": 4408.776885560288, ""A3"": 2665.997136891712, ""A4"": 1581.3165135069053, ""B2"": 1262.5894821108516}}",3.7343,0.07676668848679673,0.8055310465609322,0.06306895343906782,"[0.19852114799267284, 0.3631269505503516, 0.17940602756714652, 0.34606143911247844, 0.9481240614108147, 0.5733327176111209, 0.34006806742083984, 0.2715246198087853, 0.9520394907075223, 0.44447820964711326, 0.9803947508805895, 0.515522669106271, 0.521166129026224, 0.8965405237160008]",86.0,86.0,59.0,11.7843,11.7843,43.6642,43.6642,13.0292,13.0292,False,0,3.7545,0.896748,2.9953,0.19852114799267284,1.8129334770818162,plus,False,-0.06686133445321135,0.014727325012252879,0.08158865946546423,True,True,1.0,True,100.0,27.90000000000009,0.0,True,[],,,
11,4-6,283,4-6/r283,random,3453.8684946999338,"{""0"": {""K"": 0.0, ""B1"": 1983.9201928386012, ""A1"": 4083.5735462950042, ""A2"": 1914.154597067031, ""A3"": 4290.832029183373, ""A4"": 319.5263873666561, ""B2"": 1999.4854078404082}}",3.7343,0.1469542520443841,0.8055310465609322,0.06306895343906782,"[0.7427674182150396, 0.5806528638528226, 0.4266495038362583, 0.8781878594182805, 0.4116461499068884, 0.9227595761684675, 0.06871535212186153, 0.42999686190116304, 0.519514819877859, 0.9509381955818498, 0.25099924666475815, 0.8060391472621088, 0.6764711999985934, 0.717085904281123]",54.0,54.0,115.0,3.761,3.761,65.4529,65.4529,16.9118,16.9118,False,0,3.7505,0.719111,2.9953,0.7427674182150396,1.8885443468618484,plus,False,1.517037933131731,0.4104470239936031,1.1065909091381279,True,True,1.0,True,100.0,15.600000000000023,0.0,True,[],,,
12,4-6,283,4-6/r283,random,2927.7431502069467,"{""0"": {""K"": 0.0, ""B1"": 1546.9687853326607, ""A1"": 1851.981352509073, ""A2"": 943.5396477928504, ""A3"": 235.77385701605786, ""A4"": 990.0231066353273, ""B2"": 4256.909446626173}}",3.7343,0.046717032789219556,0.8055310465609322,0.06306895343906782,"[0.6296221828402035, 0.97156070846158, 0.33268145921132486, 0.39827555967937056, 0.2029117522135162, 0.05070405527227051, 0.2129081949753392, 0.9154643971239083, 0.8401688171583896, 0.11240574149257898, 0.6037790253168653, 0.4791964948896248, 0.5946848704882786, 0.6592750066090632]",78.0,78.0,22.0,7.6416,7.6416,40.9397,40.9397,14.8671,14.8671,False,0,3.7492,0.661379,2.9953,0.6296221828402035,1.635822503506163,plus,False,1.0285778739694238,0.9798911227537034,0.048686751215720414,True,True,1.0,True,100.0,46.5,0.0,True,[],,,
13,4-6,283,4-6/r283,random,1425.9666326332542,"{""0"": {""K"": 0.0, ""B1"": 2166.1561630342308, ""A1"": 2920.668975121817, ""A2"": 2953.801755133666, ""A3"": 855.0856937700639, ""A4"": 287.67419442713975, ""B2"": 1913.5532292655835}}",3.7343,0.03955302968472369,0.8055310465609322,0.06306895343906782,"[0.3066594908888719, 0.9613508447364569, 0.4658400350611249, 0.6281008548649069, 0.6352261838997132, 0.18388939650969116, 0.06186541815637414, 0.4115168234979749, 0.7640300884384686, 0.8152217882917717, 0.729989249002065, 0.113204952525223, 0.9133548615310455, 0.8020365779972838]",72.0,72.0,100.0,9.0299,9.0299,13.4904,13.4904,22.8339,22.8339,False,0,3.7524,0.803488,2.9953,0.3066594908888719,1.7016821941429168,minus,True,0.742048451632441,1.130530803255927,0.3884823516234859,True,True,1.0,True,100.0,33.19999999999982,0.0,True,[],,,
14,4-6,283,4-6/r283,random,4081.264854920331,"{""0"": {""K"": 0.0, ""B1"": 4257.7047732184055, ""A1"": 216.93290648557536, ""A2"": 140.8430777819492, ""A3"": 94.00241610608298, ""A4"": 1175.3743524789222, ""B2"": 1155.8494454217705}}",3.7343,0.058920971386240195,0.8055310465609322,0.06306895343906782,"[0.8776913666495335, 0.5233041529751773, 0.9156354351007324, 0.04665223795388718, 0.030288833931601977, 0.020215573356146876, 0.2527686779524564, 0.24856977320898288, 0.18750333435596656, 0.5670558183853956, 0.038985841033045365, 0.5903878678348518, 0.16601115304721703, 0.6778737085673094]",29.0,29.0,72.0,1.4288,1.4288,49.2791,49.2791,4.1503,4.1503,False,0,3.7496,0.679143,2.9953,0.8776913666495335,1.7957132949951884,plus,False,0.8658011630568975,1.0131808235901714,0.1473796605332739,True,True,1.0,True,100.0,19.5,0.0,True,[],,,
15,4-6,283,4-6/r283,random,98.00039816409353,"{""0"": {""K"": 0.0, ""B1"": 4363.286983920455, ""A1"": 2503.5431664291877, ""A2"": 3773.881422772391, ""A3"": 3059.8212794945252, ""A4"": 2839.991153102897, ""B2"": 889.3249623947728}}",3.7343,0.20355903476714604,0.8055310465609322,0.06306895343906782,"[0.02107535444389108, 0.3105701970531949, 0.9383412868646139, 0.5383963798772446, 0.8115874027467508, 0.6580260816117258, 0.6107507856135262, 0.19125268008489738, 0.574394748257806, 0.039686418459000006, 0.8016644050918733, 0.9600709170261761, 0.8540090713418452, 0.0507096459660612]",58.0,58.0,14.0,9.8183,9.8183,77.0053,77.0053,21.3502,21.3502,False,0,3.7354,0.048532,2.9953,0.02107535444389108,1.8885009093896166,plus,False,1.0382107999430292,-0.16990323705125246,1.2081140369942818,True,True,1.0,True,100.0,219.80000000000018,0.0,True,[],,,
16,4-6,283,4-6/r283,random,1574.7693877180159,"{""0"": {""K"": 0.0, ""B1"": 524.1340115113454, ""A1"": 2913.744959875763, ""A2"": 3708.18051545345, ""A3"": 1458.804844810434, ""A4"": 4012.0629423721166, ""B2"": 3706.640144734503}}",3.7343,0.10918873869564598,0.8055310465609322,0.06306895343906782,"[0.33866008338021847, 0.31800319786228226, 0.11271699172286997, 0.626611819328121, 0.7974581753663333, 0.3137214720022439, 0.8628092349187347, 0.7971269128461297, 0.12913794147432478, 0.7668591567381553, 0.8826207199019183, 0.19728256983174652, 0.5736411794985231, 0.6387499660221029]",25.0,25.0,94.0,10.7088,10.7088,19.7962,19.7962,14.341,14.341,False,0,3.7487,0.639174,2.9953,0.33866008338021847,1.7478262868042485,minus,True,-0.02179249391048549,0.8608178226074625,0.882610316517948,True,True,1.0,True,100.0,1.5,0.0,True,[],,,
17,4-6,283,4-6/r283,random,2833.4042973405894,"{""0"": {""K"": 0.0, ""B1"": 3074.5402937195136, ""A1"": 2938.5894697597614, ""A2"": 3831.0675238593667, ""A3"": 3736.3340509560267, ""A4"": 1521.3321668868489, ""B2"": 3357.5200981084754}}",3.7343,0.155094580377594,0.8055310465609322,0.06306895343906782,"[0.6093342574925998, 0.09624567762804348, 0.6611914610149492, 0.6319547246795186, 0.8238854890020143, 0.8035126991303283, 0.32716820793265566, 0.7220473329265539, 0.867273387572356, 0.8929477581907895, 0.16151232694699924, 0.026702350086284632, 0.6508074434222286, 0.21467627274376333]",80.0,80.0,108.0,2.7766,2.7766,7.0027,7.0027,16.2702,16.2702,False,0,3.7391,0.212846,2.9953,0.6093342574925998,1.8115084845968752,plus,False,-1.2964438013817658,-1.3669188010042717,0.07047499962250581,True,True,1.0,True,100.0,94.79999999999995,0.0,True,[],,,
18,4-6,283,4-6/r283,random,2621.2502178418717,"{""0"": {""K"": 0.0, ""B1"": 1763.8362527744398, ""A1"": 1175.4016592870264, ""A2"": 2122.7717323226925, ""A3"": 3056.1841967089113, ""A4"": 470.1102005241633, ""B2"": 1769.7191502775236}}",3.7343,0.04932962307108525,0.8055310465609322,0.06306895343906782,"[0.5637097242670692, 0.9448045298068409, 0.3793196242525677, 0.25277455038430674, 0.4565100499618694, 0.6572439132707336, 0.10109896785465877, 0.3805847635005427, 0.1337211888385227, 0.6624462216142538, 0.8305525322631839, 0.37685378140878245, 0.3717239527744183, 0.5395216589474345]",25.0,25.0,83.0,10.1361,10.1361,33.264,33.264,9.2931,9.2931,False,0,3.7465,0.541474,2.9953,0.5637097242670692,1.8138939100443465,plus,False,0.4373219271766823,0.13243822510088615,0.3048837020757961,True,True,1.0,True,100.0,5.899999999999636,0.0,True,[],,,
19,4-6,283,4-6/r283,random,1000.0186753171351,"{""0"": {""K"": 0.0, ""B1"": 1533.8131172632256, ""A1"": 2127.029496342711, ""A2"": 379.12129040696635, ""A3"": 3500.204434106576, ""A4"": 2692.6037710960322, ""B2"": 1393.5765089408305}}",3.7343,0.09119373306007997,0.8055310465609322,0.06306895343906782,"[0.21505777963809358, 0.2474095916167709, 0.3298522832824141, 0.45742569813821743, 0.08153146030257341, 0.7527321363670056, 0.5790545744292542, 0.2996938728905012, 0.07754657235100282, 0.7631809514014812, 0.1310789882913207, 0.13320664234967827, 0.13068424580727667, 0.08126231111599047]",21.0,21.0,94.0,2.4419,2.4419,14.9905,14.9905,3.2671,3.2671,False,0,3.7361,0.079618,2.9953,0.21505777963809358,1.844683229962505,minus,True,0.935113089622986,1.5002156601389303,0.5651025705159443,True,True,1.0,True,100.0,140.20000000000027,0.0,True,[],,,
20,4-6,283,4-6/r283,random,4214.724499111195,"{""0"": {""K"": 0.0, ""B1"": 1424.8091933119, ""A1"": 3872.4935415096143, ""A2"": 2882.6440876598767, ""A3"": 870.2167474143425, ""A4"": 2021.8823675511383, ""B2"": 4110.2394609579815}}",3.7343,0.04014121195442981,0.8055310465609322,0.06306895343906782,"[0.906392365400257, 0.2692442996733905, 0.3064105792068602, 0.8327943100020676, 0.6199234597118014, 0.18714338654071883, 0.4348134123765889, 0.8839224647221466, 0.3753740170194637, 0.7108815531965337, 0.09680770883646805, 0.7273247767385439, 0.7764735240652465, 0.8257667817021326]",43.0,43.0,88.0,2.0649,2.0649,59.5494,59.5494,19.4118,19.4118,False,0,3.7529,0.825693,2.9953,0.9063923654002569,1.8204106720250324,plus,False,-0.41140367991890164,-0.3134888457945511,0.09791483412435054,True,True,1.0,True,100.0,237.80000000000018,0.0,True,[],,,
21,4-6,283,4-6/r283,random,3135.034605523732,"{""0"": {""K"": 0.0, ""B1"": 298.58580077238184, ""A1"": 2412.3094883803715, ""A2"": 3522.18856467724, ""A3"": 887.3976462269989, ""A4"": 1238.0031037501876, ""B2"": 2492.9581970640807}}",3.7343,0.21836889936643555,0.8055310465609322,0.06306895343906782,"[0.6742009904352112, 0.37073279482625254, 0.06421200016610362, 0.5187762340602949, 0.7574599063822021, 0.19083820348967717, 0.2662372266129436, 0.5361200423793722, 0.7483315628979192, 0.8965867307591795, 0.12574151753416918, 0.18427021286649659, 0.7995369713881428, 0.6445216230234747]",71.0,71.0,109.0,2.3832,2.3832,18.8203,18.8203,19.9884,19.9884,False,0,3.7488,0.643615,2.9953,0.6742009904352112,1.7649971554709298,plus,False,1.909518863613289,1.4728184493425605,0.4367004142707285,True,True,1.0,True,100.0,80.70000000000005,0.0,True,[],,,
22,4-6,283,4-6/r283,random,3352.523481916395,"{""0"": {""K"": 0.0, ""B1"": 4367.186807912597, ""A1"": 3920.066560813376, ""A2"": 3613.588512097296, ""A3"": 1836.8393507099315, ""A4"": 2981.7153643356405, ""B2"": 857.672237376592}}",3.7343,0.10602100203164415,0.8055310465609322,0.06306895343906782,"[0.7209727918099774, 0.9967711650313137, 0.9391799586908811, 0.8430250668415862, 0.777115809053182, 0.3950192152064369, 0.6412291106098151, 0.1844456424465789, 0.7594944652808059, 0.7576906645183887, 0.721295213634719, 0.444799024426779, 0.3781803287908211, 0.41977093236994134]",72.0,72.0,93.0,8.9342,8.9342,38.3599,38.3599,9.4545,9.4545,False,0,3.7438,0.421569,2.9953,0.7209727918099774,1.8803033325549459,plus,False,0.5214772807396474,-0.38456538771723214,0.9060426684568795,True,True,1.0,True,100.0,282.8000000000002,0.0,True,[],,,
23,4-6,283,4-6/r283,random,155.02744326729663,"{""0"": {""K"": 0.0, ""B1"": 2522.0199306296868, ""A1"": 1801.9616713580508, ""A2"": 2548.333772437081, ""A3"": 3355.6270161164293, ""A4"": 1773.79304270254, ""B2"": 3862.4791313657624}}",3.7343,0.09038098094832044,0.8055310465609322,0.06306895343906782,"[0.03333923511124659, 0.844320116411493, 0.5423698775547714, 0.38751863900173134, 0.5480287682660389, 0.7216402185196622, 0.38146086939839574, 0.8306406734119919, 0.9194633463053871, 0.38743229731064444, 0.1378161543499311, 0.7603732959901822, 0.9929488587486061, 0.14798814876206468]",84.0,84.0,53.0,2.516,2.516,62.028,62.028,24.8237,24.8237,False,0,3.7376,0.146232,2.9953,0.03333923511124659,1.7673489647679796,plus,False,-2.084004065578728,-2.650476973105457,0.566472907526729,True,True,1.0,True,100.0,26.40000000000009,0.0,True,[],,,
24,4-6,283,4-6/r283,perturb_small_segment,1668.106294028332,"{""0"": {""K"": 0.0, ""B1"": 325.50000000000006, ""A1"": 1023.0, ""A2"": 1720.5, ""A3"": 2418.0, ""A4"": 3115.5, ""B2"": 3813.0000000000005}}",3.7343,0.7235825253941496,0.8055310465609322,0.06306895343906782,"[0.35873253635017893, 0.0, 0.07, 0.22, 0.37, 0.52, 0.67, 0.8200000000000001, 0.29333333333333333, 0.24545454545454545, 1.0, 0.4266666666666667, 0.0, 0.0]",37.0,37.0,37.0,12.0,12.0,37.0,37.0,0.0,0.0,False,0,3.7343,0.0,2.9953,0.35873253635017893,1.917651908306252,plus,False,3.8255,3.4366111111111115,0.3888888888888884,True,True,1.0,True,100.0,325.5,1.0,True,[],,,
25,4-6,283,4-6/r283,perturb_wrong_k,896.0859891167171,"{""0"": {""K"": 0.0, ""B1"": 290.59732045705584, ""A1"": 1017.1644337142133, ""A2"": 1743.7315469713708, ""A3"": 2470.298660228528, ""A4"": 3196.8657734856856, ""B2"": 3923.432886742843}}",3.7343,0.082825679475164,0.8055310465609322,0.06306895343906782,"[0.19270666432617573, 0.0, 0.06249404741011954, 0.21874503950843296, 0.3749960316067464, 0.5312470237050598, 0.6874980158033732, 0.8437490079016867, 0.29333333333333333, 0.24545454545454545, 1.0, 0.4266666666666667, 0.0, 0.0]",37.0,37.0,37.0,12.0,12.0,37.0,37.0,0.0,0.0,False,0,3.7343,0.0,2.9953,0.19270666432617573,1.9135607065024494,plus,False,3.624022418905105,3.6240224189051045,4.440892098500626e-16,True,True,1.0,True,100.0,290.6,1.0,True,[],,,
26,4-6,283,4-6/r283,perturb_wrong_r_low,1668.106294028332,"{""0"": {""K"": 0.0, ""B1"": 290.59732045705584, ""A1"": 1017.1644337142133, ""A2"": 1743.7315469713708, ""A3"": 2470.298660228528, ""A4"": 3196.8657734856856, ""B2"": 3923.432886742843}}",3.7343,0.7920261394765765,0.8055310465609322,0.06306895343906782,"[0.35873253635017893, 0.0, 0.06249404741011954, 0.21874503950843296, 0.3749960316067464, 0.5312470237050598, 0.6874980158033732, 0.8437490079016867, 0.29333333333333333, 0.24545454545454545, 1.0, 0.4266666666666667, 0.0, 0.05]",37.0,37.0,37.0,12.0,12.0,37.0,37.0,0.0,0.0,False,0,3.7354,0.048532,2.9953,0.35873253635017893,1.9135607065024494,plus,False,3.6240224189051045,3.6240224189051053,8.881784197001252e-16,True,True,1.0,True,100.0,290.60000000000014,1.0,True,[],,,
27,4-6,283,4-6/r283,perturb_wrong_k,2398.2216455231974,"{""0"": {""K"": 0.0, ""B1"": 290.59732045705584, ""A1"": 1017.1644337142133, ""A2"": 1743.7315469713708, ""A3"": 2470.298660228528, ""A4"": 3196.8657734856856, ""B2"": 3923.432886742843}}",3.7343,0.08583696531613128,0.8055310465609322,0.06306895343906782,"[0.5157465904350962, 0.0, 0.06249404741011954, 0.21874503950843296, 0.3749960316067464, 0.5312470237050598, 0.6874980158033732, 0.8437490079016867, 0.29333333333333333, 0.24545454545454545, 1.0, 0.4266666666666667, 0.0, 0.0]",37.0,37.0,37.0,12.0,12.0,37.0,37.0,0.0,0.0,False,0,3.7343,0.0,2.9953,0.5157465904350962,1.9135607065024494,plus,False,3.623754814359132,3.6240224189051053,0.00026760454597329897,True,True,1.0,True,100.0,290.60000000000036,1.0,True,[],,,
28,4-6,283,4-6/r283,perturb_weak_hough,1668.106294028332,"{""0"": {""K"": 0.0, ""B1"": 290.59732045705584, ""A1"": 1017.1644337142133, ""A2"": 1743.7315469713708, ""A3"": 2470.298660228528, ""A4"": 3196.8657734856856, ""B2"": 3923.432886742843}}",3.7343,0.8055310465609322,0.8055310465609322,0.06306895343906782,"[0.35873253635017893, 0.0, 0.06249404741011954, 0.21874503950843296, 0.3749960316067464, 0.5312470237050598, 0.6874980158033732, 0.8437490079016867, 0.9362429400743528, 0.9169409554434452, 1.0, 0.4266666666666667, 0.0, 0.0]",85.0,85.0,111.0,12.0,12.0,37.0,37.0,0.0,0.0,False,0,3.7343,0.0,2.9953,0.35873253635017893,1.9135607065024494,plus,False,3.6240224189051045,3.6240224189051053,8.881784197001252e-16,True,True,1.0,True,100.0,290.60000000000014,1.0,True,[],,,
29,4-6,283,4-6/r283,perturb_offset_shift,1668.106294028332,"{""0"": {""K"": 0.0, ""B1"": 759.9556110729948, ""A1"": 596.8580920479862, ""A2"": 1288.191410048567, ""A3"": 3014.7633455692594, ""A4"": 2769.166010859058, ""B2"": 3562.750122739619}}",3.7343,0.297406364436915,0.8055310465609322,0.06306895343906782,"[0.35873253635017893, 0.0, 0.1634313142092462, 0.1283565789350508, 0.2770304107631327, 0.6483362033482278, 0.5955195722277544, 0.7661828220945418, 0.29333333333333333, 0.24545454545454545, 1.0, 0.4266666666666667, 0.0, 0.0]",37.0,37.0,37.0,12.0,12.0,37.0,37.0,0.0,0.0,False,0,3.7343,0.0,2.9953,0.35873253635017893,1.656828406037462,plus,False,0.9820164692213833,0.45427123166805805,0.5277452375533253,True,True,1.0,True,99.99999999999997,163.0999999999999,0.0,True,[],,,
30,4-6,283,4-6/r283,perturb_ambiguous_lines,1668.106294028332,"{""0"": {""K"": 0.0, ""B1"": 290.59732045705584, ""A1"": 1017.1644337142133, ""A2"": 1743.7315469713708, ""A3"": 2470.298660228528, ""A4"": 3196.8657734856856, ""B2"": 3923.432886742843}}",3.7343,0.8055310465609322,0.8055310465609322,0.06306895343906782,"[0.35873253635017893, 0.0, 0.06249404741011954, 0.21874503950843296, 0.3749960316067464, 0.5312470237050598, 0.6874980158033732, 0.8437490079016867, 0.29333333333333333, 0.24545454545454545, 0.962558828699175, 0.878583587223717, 0.0, 0.0]",37.0,37.0,37.0,11.5881,11.5881,70.8938,70.8938,0.0,0.0,False,0,3.7343,0.0,2.9953,0.35873253635017893,1.9135607065024494,plus,False,3.6240224189051045,3.6240224189051053,8.881784197001252e-16,True,True,1.0,True,100.0,290.60000000000014,1.0,True,[],,,
31,4-6,283,4-6/r283,perturb_wrong_r_high,1668.106294028332,"{""0"": {""K"": 0.0, ""B1"": 290.59732045705584, ""A1"": 1017.1644337142133, ""A2"": 1743.7315469713708, ""A3"": 2470.298660228528, ""A4"": 3196.8657734856856, ""B2"": 3923.432886742843}}",3.7343,0.2846541423497096,0.8055310465609322,0.06306895343906782,"[0.35873253635017893, 0.0, 0.06249404741011954, 0.21874503950843296, 0.3749960316067464, 0.5312470237050598, 0.6874980158033732, 0.8437490079016867, 0.29333333333333333, 0.24545454545454545, 1.0, 0.4266666666666667, 0.0, 0.95]",37.0,37.0,37.0,12.0,12.0,37.0,37.0,0.0,0.0,False,0,3.7557,0.950039,2.9953,0.35873253635017893,1.9135607065024494,plus,False,3.6240224189051045,3.6240224189051053,8.881784197001252e-16,True,True,1.0,True,100.0,290.60000000000014,1.0,True,[],,,
32,4-6,283,4-6/r283,perturb_guardrail_smoke,93.0,"{""0"": {""K"": 0.0, ""B1"": 2631.5490725983127, ""A1"": 2262.2493889975976, ""A2"": 1706.7002355381187, ""A3"": 3016.029514903451, ""A4"": 2867.235532858124, ""B2"": 2905.7718892878975}}",3.7343,0.1187505907408633,0.8055310465609322,0.06306895343906782,"[0.02, 0.0, 0.5659245317415726, 0.48650524494571995, 0.367032308717875, 0.6486084978286991, 0.6166097920124998, 0.6248971804920209, 0.29333333333333333, 0.24545454545454545, 1.0, 0.4266666666666667, 0.0, 0.0]",37.0,37.0,37.0,12.0,12.0,37.0,37.0,0.0,0.0,False,0,3.7343,0.0,2.9953,0.02,1.7128588326763625,plus,False,-1.5376574743195797,-1.4594986625104462,0.07815881180913342,True,True,1.0,True,100.0,38.600000000000364,0.0,True,[],,,
33,4-6,283,4-6/r283,perturb_misaligned,1976.4405486289122,"{""0"": {""K"": 0.0, ""B1"": 132.792044696765, ""A1"": 1167.328366238358, ""A2"": 1502.4543140742965, ""A3"": 2455.4573041970266, ""A4"": 2936.033319753703, ""B2"": 3819.5392609124265}}",3.7343,0.11623321557122634,0.8055310465609322,0.06306895343906782,"[0.42504097819976605, 0.0, 0.028557428967046238, 0.2510383583308297, 0.32310845463963367, 0.5280553342359197, 0.6314050150007964, 0.8214062926693391, 0.29333333333333333, 0.24545454545454545, 1.0, 0.4266666666666667, 0.0, 0.0]",37.0,37.0,37.0,12.0,12.0,37.0,37.0,0.0,0.0,False,0,3.7343,0.0,2.9953,0.42504097819976605,1.8080687464474945,minus,True,2.6473771344892016,2.9071814647505003,0.2598043302612987,True,True,1.0,True,100.0,132.79999999999973,0.0,True,[],,,
34,4-6,283,4-6/r283,perturb_small_segment,1668.106294028332,"{""0"": {""K"": 0.0, ""B1"": 325.50000000000006, ""A1"": 1023.0, ""A2"": 1720.5, ""A3"": 2418.0, ""A4"": 3115.5, ""B2"": 3813.0000000000005}}",3.7343,0.7235825253941496,0.8055310465609322,0.06306895343906782,"[0.35873253635017893, 0.0, 0.07, 0.22, 0.37, 0.52, 0.67, 0.8200000000000001, 0.29333333333333333, 0.24545454545454545, 1.0, 0.4266666666666667, 0.0, 0.0]",37.0,37.0,37.0,12.0,12.0,37.0,37.0,0.0,0.0,False,0,3.7343,0.0,2.9953,0.35873253635017893,1.917651908306252,plus,False,3.8255,3.4366111111111115,0.3888888888888884,True,True,1.0,True,100.0,325.5,1.0,True,[],,,
35,4-6,283,4-6/r283,perturb_wrong_k,896.0859891167171,"{""0"": {""K"": 0.0, ""B1"": 290.59732045705584, ""A1"": 1017.1644337142133, ""A2"": 1743.7315469713708, ""A3"": 2470.298660228528, ""A4"": 3196.8657734856856, ""B2"": 3923.432886742843}}",3.7343,0.082825679475164,0.8055310465609322,0.06306895343906782,"[0.19270666432617573, 0.0, 0.06249404741011954, 0.21874503950843296, 0.3749960316067464, 0.5312470237050598, 0.6874980158033732, 0.8437490079016867, 0.29333333333333333, 0.24545454545454545, 1.0, 0.4266666666666667, 0.0, 0.0]",37.0,37.0,37.0,12.0,12.0,37.0,37.0,0.0,0.0,False,0,3.7343,0.0,2.9953,0.19270666432617573,1.9135607065024494,plus,False,3.624022418905105,3.6240224189051045,4.440892098500626e-16,True,True,1.0,True,100.0,290.6,1.0,True,[],,,
36,4-6,283,4-6/r283,perturb_wrong_r_low,1668.106294028332,"{""0"": {""K"": 0.0, ""B1"": 290.59732045705584, ""A1"": 1017.1644337142133, ""A2"": 1743.7315469713708, ""A3"": 2470.298660228528, ""A4"": 3196.8657734856856, ""B2"": 3923.432886742843}}",3.7343,0.7920261394765765,0.8055310465609322,0.06306895343906782,"[0.35873253635017893, 0.0, 0.06249404741011954, 0.21874503950843296, 0.3749960316067464, 0.5312470237050598, 0.6874980158033732, 0.8437490079016867, 0.29333333333333333, 0.24545454545454545, 1.0, 0.4266666666666667, 0.0, 0.05]",37.0,37.0,37.0,12.0,12.0,37.0,37.0,0.0,0.0,False,0,3.7354,0.048532,2.9953,0.35873253635017893,1.9135607065024494,plus,False,3.6240224189051045,3.6240224189051053,8.881784197001252e-16,True,True,1.0,True,100.0,290.60000000000014,1.0,True,[],,,
37,4-6,283,4-6/r283,perturb_wrong_k,2398.2216455231974,"{""0"": {""K"": 0.0, ""B1"": 290.59732045705584, ""A1"": 1017.1644337142133, ""A2"": 1743.7315469713708, ""A3"": 2470.298660228528, ""A4"": 3196.8657734856856, ""B2"": 3923.432886742843}}",3.7343,0.08583696531613128,0.8055310465609322,0.06306895343906782,"[0.5157465904350962, 0.0, 0.06249404741011954, 0.21874503950843296, 0.3749960316067464, 0.5312470237050598, 0.6874980158033732, 0.8437490079016867, 0.29333333333333333, 0.24545454545454545, 1.0, 0.4266666666666667, 0.0, 0.0]",37.0,37.0,37.0,12.0,12.0,37.0,37.0,0.0,0.0,False,0,3.7343,0.0,2.9953,0.5157465904350962,1.9135607065024494,plus,False,3.623754814359132,3.6240224189051053,0.00026760454597329897,True,True,1.0,True,100.0,290.60000000000036,1.0,True,[],,,
38,4-6,283,4-6/r283,perturb_weak_hough,1668.106294028332,"{""0"": {""K"": 0.0, ""B1"": 290.59732045705584, ""A1"": 1017.1644337142133, ""A2"": 1743.7315469713708, ""A3"": 2470.298660228528, ""A4"": 3196.8657734856856, ""B2"": 3923.432886742843}}",3.7343,0.8055310465609322,0.8055310465609322,0.06306895343906782,"[0.35873253635017893, 0.0, 0.06249404741011954, 0.21874503950843296, 0.3749960316067464, 0.5312470237050598, 0.6874980158033732, 0.8437490079016867, 0.9362429400743528, 0.9169409554434452, 1.0, 0.4266666666666667, 0.0, 0.0]",85.0,85.0,111.0,12.0,12.0,37.0,37.0,0.0,0.0,False,0,3.7343,0.0,2.9953,0.35873253635017893,1.9135607065024494,plus,False,3.6240224189051045,3.6240224189051053,8.881784197001252e-16,True,True,1.0,True,100.0,290.60000000000014,1.0,True,[],,,
39,4-6,283,4-6/r283,perturb_offset_shift,1668.106294028332,"{""0"": {""K"": 0.0, ""B1"": 759.9556110729948, ""A1"": 596.8580920479862, ""A2"": 1288.191410048567, ""A3"": 3014.7633455692594, ""A4"": 2769.166010859058, ""B2"": 3562.750122739619}}",3.7343,0.297406364436915,0.8055310465609322,0.06306895343906782,"[0.35873253635017893, 0.0, 0.1634313142092462, 0.1283565789350508, 0.2770304107631327, 0.6483362033482278, 0.5955195722277544, 0.7661828220945418, 0.29333333333333333, 0.24545454545454545, 1.0, 0.4266666666666667, 0.0, 0.0]",37.0,37.0,37.0,12.0,12.0,37.0,37.0,0.0,0.0,False,0,3.7343,0.0,2.9953,0.35873253635017893,1.656828406037462,plus,False,0.9820164692213833,0.45427123166805805,0.5277452375533253,True,True,1.0,True,99.99999999999997,163.0999999999999,0.0,True,[],,,
40,4-6,283,4-6/r283,perturb_ambiguous_lines,1668.106294028332,"{""0"": {""K"": 0.0, ""B1"": 290.59732045705584, ""A1"": 1017.1644337142133, ""A2"": 1743.7315469713708, ""A3"": 2470.298660228528, ""A4"": 3196.8657734856856, ""B2"": 3923.432886742843}}",3.7343,0.8055310465609322,0.8055310465609322,0.06306895343906782,"[0.35873253635017893, 0.0, 0.06249404741011954, 0.21874503950843296, 0.3749960316067464, 0.5312470237050598, 0.6874980158033732, 0.8437490079016867, 0.29333333333333333, 0.24545454545454545, 0.962558828699175, 0.878583587223717, 0.0, 0.0]",37.0,37.0,37.0,11.5881,11.5881,70.8938,70.8938,0.0,0.0,False,0,3.7343,0.0,2.9953,0.35873253635017893,1.9135607065024494,plus,False,3.6240224189051045,3.6240224189051053,8.881784197001252e-16,True,True,1.0,True,100.0,290.60000000000014,1.0,True,[],,,
41,4-6,283,4-6/r283,perturb_wrong_r_high,1668.106294028332,"{""0"": {""K"": 0.0, ""B1"": 290.59732045705584, ""A1"": 1017.1644337142133, ""A2"": 1743.7315469713708, ""A3"": 2470.298660228528, ""A4"": 3196.8657734856856, ""B2"": 3923.432886742843}}",3.7343,0.2846541423497096,0.8055310465609322,0.06306895343906782,"[0.35873253635017893, 0.0, 0.06249404741011954, 0.21874503950843296, 0.3749960316067464, 0.5312470237050598, 0.6874980158033732, 0.8437490079016867, 0.29333333333333333, 0.24545454545454545, 1.0, 0.4266666666666667, 0.0, 0.95]",37.0,37.0,37.0,12.0,12.0,37.0,37.0,0.0,0.0,False,0,3.7557,0.950039,2.9953,0.35873253635017893,1.9135607065024494,plus,False,3.6240224189051045,3.6240224189051053,8.881784197001252e-16,True,True,1.0,True,100.0,290.60000000000014,1.0,True,[],,,
42,4-6,283,4-6/r283,perturb_guardrail_smoke,93.0,"{""0"": {""K"": 0.0, ""B1"": 2631.5490725983127, ""A1"": 2262.2493889975976, ""A2"": 1706.7002355381187, ""A3"": 3016.029514903451, ""A4"": 2867.235532858124, ""B2"": 2905.7718892878975}}",3.7343,0.1187505907408633,0.8055310465609322,0.06306895343906782,"[0.02, 0.0, 0.5659245317415726, 0.48650524494571995, 0.367032308717875, 0.6486084978286991, 0.6166097920124998, 0.6248971804920209, 0.29333333333333333, 0.24545454545454545, 1.0, 0.4266666666666667, 0.0, 0.0]",37.0,37.0,37.0,12.0,12.0,37.0,37.0,0.0,0.0,False,0,3.7343,0.0,2.9953,0.02,1.7128588326763625,plus,False,-1.5376574743195797,-1.4594986625104462,0.07815881180913342,True,True,1.0,True,100.0,38.600000000000364,0.0,True,[],,,
43,4-6,283,4-6/r283,perturb_misaligned,1976.4405486289122,"{""0"": {""K"": 0.0, ""B1"": 132.792044696765, ""A1"": 1167.328366238358, ""A2"": 1502.4543140742965, ""A3"": 2455.4573041970266, ""A4"": 2936.033319753703, ""B2"": 3819.5392609124265}}",3.7343,0.11623321557122634,0.8055310465609322,0.06306895343906782,"[0.42504097819976605, 0.0, 0.028557428967046238, 0.2510383583308297, 0.32310845463963367, 0.5280553342359197, 0.6314050150007964, 0.8214062926693391, 0.29333333333333333, 0.24545454545454545, 1.0, 0.4266666666666667, 0.0, 0.0]",37.0,37.0,37.0,12.0,12.0,37.0,37.0,0.0,0.0,False,0,3.7343,0.0,2.9953,0.42504097819976605,1.8080687464474945,minus,True,2.6473771344892016,2.9071814647505003,0.2598043302612987,True,True,1.0,True,100.0,132.79999999999973,0.0,True,[],,,
44,4-6,283,4-6/r283,perturb_small_segment,1668.106294028332,"{""0"": {""K"": 0.0, ""B1"": 325.50000000000006, ""A1"": 1023.0, ""A2"": 1720.5, ""A3"": 2418.0, ""A4"": 3115.5, ""B2"": 3813.0000000000005}}",3.7343,0.7235825253941496,0.8055310465609322,0.06306895343906782,"[0.35873253635017893, 0.0, 0.07, 0.22, 0.37, 0.52, 0.67, 0.8200000000000001, 0.29333333333333333, 0.24545454545454545, 1.0, 0.4266666666666667, 0.0, 0.0]",37.0,37.0,37.0,12.0,12.0,37.0,37.0,0.0,0.0,False,0,3.7343,0.0,2.9953,0.35873253635017893,1.917651908306252,plus,False,3.8255,3.4366111111111115,0.3888888888888884,True,True,1.0,True,100.0,325.5,1.0,True,[],,,
45,4-6,283,4-6/r283,perturb_wrong_k,896.0859891167171,"{""0"": {""K"": 0.0, ""B1"": 290.59732045705584, ""A1"": 1017.1644337142133, ""A2"": 1743.7315469713708, ""A3"": 2470.298660228528, ""A4"": 3196.8657734856856, ""B2"": 3923.432886742843}}",3.7343,0.082825679475164,0.8055310465609322,0.06306895343906782,"[0.19270666432617573, 0.0, 0.06249404741011954, 0.21874503950843296, 0.3749960316067464, 0.5312470237050598, 0.6874980158033732, 0.8437490079016867, 0.29333333333333333, 0.24545454545454545, 1.0, 0.4266666666666667, 0.0, 0.0]",37.0,37.0,37.0,12.0,12.0,37.0,37.0,0.0,0.0,False,0,3.7343,0.0,2.9953,0.19270666432617573,1.9135607065024494,plus,False,3.624022418905105,3.6240224189051045,4.440892098500626e-16,True,True,1.0,True,100.0,290.6,1.0,True,[],,,
46,4-6,283,4-6/r283,perturb_wrong_r_low,1668.106294028332,"{""0"": {""K"": 0.0, ""B1"": 290.59732045705584, ""A1"": 1017.1644337142133, ""A2"": 1743.7315469713708, ""A3"": 2470.298660228528, ""A4"": 3196.8657734856856, ""B2"": 3923.432886742843}}",3.7343,0.7920261394765765,0.8055310465609322,0.06306895343906782,"[0.35873253635017893, 0.0, 0.06249404741011954, 0.21874503950843296, 0.3749960316067464, 0.5312470237050598, 0.6874980158033732, 0.8437490079016867, 0.29333333333333333, 0.24545454545454545, 1.0, 0.4266666666666667, 0.0, 0.05]",37.0,37.0,37.0,12.0,12.0,37.0,37.0,0.0,0.0,False,0,3.7354,0.048532,2.9953,0.35873253635017893,1.9135607065024494,plus,False,3.6240224189051045,3.6240224189051053,8.881784197001252e-16,True,True,1.0,True,100.0,290.60000000000014,1.0,True,[],,,
47,4-6,283,4-6/r283,perturb_wrong_k,2398.2216455231974,"{""0"": {""K"": 0.0, ""B1"": 290.59732045705584, ""A1"": 1017.1644337142133, ""A2"": 1743.7315469713708, ""A3"": 2470.298660228528, ""A4"": 3196.8657734856856, ""B2"": 3923.432886742843}}",3.7343,0.08583696531613128,0.8055310465609322,0.06306895343906782,"[0.5157465904350962, 0.0, 0.06249404741011954, 0.21874503950843296, 0.3749960316067464, 0.5312470237050598, 0.6874980158033732, 0.8437490079016867, 0.29333333333333333, 0.24545454545454545, 1.0, 0.4266666666666667, 0.0, 0.0]",37.0,37.0,37.0,12.0,12.0,37.0,37.0,0.0,0.0,False,0,3.7343,0.0,2.9953,0.5157465904350962,1.9135607065024494,plus,False,3.623754814359132,3.6240224189051053,0.00026760454597329897,True,True,1.0,True,100.0,290.60000000000036,1.0,True,[],,,
48,4-6,283,4-6/r283,bo,1682.6200617786153,"{""0"": {""K"": 0.0, ""B1"": 2021.3342104789326, ""A1"": 3512.0588433661283, ""A2"": 3195.830581681782, ""A3"": 1732.1379848706133, ""A4"": 3392.907465736215, ""B2"": 2590.968183537163}}",3.7343,0.12057104512655498,0.8055310465609322,0.06306895343906782,"[0.3618537767265839, 0.514967661008803, 0.43469552913525433, 0.7552814716916405, 0.6872753939100607, 0.37250279244529316, 0.7296575195131645, 0.5571974588251963, 0.3804259009888198, 0.3738430945066128, 0.4621321913405275, 0.4539073687889287, 0.009122460778200892, 0.015331103269724533]",44.0,44.0,51.0,6.0835,6.0835,39.0431,39.0431,0.2281,0.2281,False,0,3.7347,0.017445,2.9953,0.3618537767265839,1.870444736401108,plus,False,-1.5828629585968088,-1.6096013902049713,0.026738431608162472,True,True,1.0,True,100.0,119.20000000000005,0.0,True,[],0.8015285118932001,0.059851932686498764,0.017526689176821424
49,4-6,283,4-6/r283,bo,1556.4976058941552,"{""0"": {""K"": 0.0, ""B1"": 2145.022557203667, ""A1"": 4205.263849088928, ""A2"": 5.8216815451845205, ""A3"": 2242.2117787880156, ""A4"": 1378.5812349961236, ""B2"": 4030.52901891996}}",3.7343,0.1061171883102843,0.8055310465609322,0.06306895343906782,"[0.3347306679342269, 0.04555341130876711, 0.4612951735921864, 0.9043578170083715, 0.0012519745258461334, 0.4821960814597883, 0.2964690827948653, 0.8667804341763354, 0.769771673865942, 0.45488341276520194, 0.9636849526293026, 0.2734861559300058, 0.9624024065468585, 0.047692359757286695]",73.0,73.0,60.0,11.6005,11.6005,25.5115,25.5115,24.0601,24.0601,False,0,3.7354,0.048532,2.9953,0.3347306679342269,1.7825828110379298,plus,False,1.0705715363783288,1.0206485518813317,0.04992298449699706,True,True,1.0,True,100.0,5.7999999999999545,0.0,True,[],0.6187698132414878,0.11933479734807985,0.002469705530428582
50,4-6,283,4-6/r283,bo,1526.7991839913782,"{""0"": {""K"": 0.0, ""B1"": 466.334027622393, ""A1"": 896.277192779926, ""A2"": 4527.616040729675, ""A3"": 3492.8114342736667, ""A4"": 3288.4480809923025, ""B2"": 4259.3086661513735}}",3.7343,0.2604857739215554,0.8055310465609322,0.06306895343906782,"[0.32834391053578027, 0.8148304580626953, 0.10028688766072968, 0.1927477833935325, 0.9736808689741235, 0.7511422439298208, 0.7071931356972694, 0.9159803583121233, 0.9832837572190531, 0.38128374524164443, 0.6930739124805664, 0.13996058091119257, 0.8215312850195085, 0.12049642768121349]",89.0,89.0,52.0,8.6238,8.6238,15.497,15.497,20.5383,20.5383,False,0,3.737,0.119587,2.9953,0.32834391053578027,1.571176725875685,plus,False,0.695994966832945,0.7861650656511414,0.09017009881819638,True,True,1.0,True,100.0,122.39999999999986,0.0,True,[],0.6946734798415714,0.11503891584199216,0.008696368476339873
51,4-6,283,4-6/r283,bo,1692.0430685529896,"{""0"": {""K"": 0.0, ""B1"": 2981.713572675995, ""A1"": 138.26003419020137, ""A2"": 2205.652756091607, ""A3"": 4035.908994690005, ""A4"": 368.41037024510956, ""B2"": 4030.0379047068946}}",3.7343,0.22779296602700333,0.8055310465609322,0.06306895343906782,"[0.3638802297963418, 0.06525212556867155, 0.6412287253066655, 0.029733340686064813, 0.47433392604120583, 0.8679374182129043, 0.07922803661185152, 0.8666748182165365, 0.554161875029292, 0.5400718222769431, 0.533879257019863, 0.25776713249364325, 0.6547771202430043, 0.18274973772418956]",57.0,57.0,69.0,6.8727,6.8727,24.3325,24.3325,16.3694,16.3694,False,0,3.7384,0.181759,2.9953,0.3638802297963418,1.8202480153741323,minus,True,0.7708666419125529,1.492138230047669,0.7212715881351162,True,True,1.0,True,100.0,5.900000000000091,0.0,True,[],0.621213083383813,0.12277770712824458,0.0029721803515407354
52,4-6,283,4-6/r283,bo,1654.151440397164,"{""0"": {""K"": 0.0, ""B1"": 4245.808118075956, ""A1"": 2077.023677156156, ""A2"": 1874.4848132796199, ""A3"": 2841.3086146190235, ""A4"": 3390.508563434144, ""B2"": 3825.5569887230195}}",3.7343,0.20194115711938435,0.8055310465609322,0.06306895343906782,"[0.35573149255852987, 0.40163523944187984, 0.9130770146399906, 0.4466717585282055, 0.4031150136085204, 0.6110341106707577, 0.7291416265449772, 0.8227004276823697, 0.09824067958507743, 0.5835138720515699, 0.40558826487112665, 0.009642484461408585, 0.2246233020104067, 0.24492052861823121]",22.0,22.0,74.0,5.4615,5.4615,5.7232,5.7232,5.6156,5.6156,False,0,3.7398,0.243932,2.9953,0.35573149255852987,1.6212824530810657,plus,False,-2.0313040868327574,-2.043985273602403,0.012681186769645691,True,True,1.0,True,99.99999999999997,202.5999999999999,0.0,True,[],0.6309705849233624,0.08518927501102659,0.0004577687708604843
53,4-6,283,4-6/r283,bo,1648.9531712526837,"{""0"": {""K"": 0.0, ""B1"": 1945.3275650506175, ""A1"": 839.7832207651303, ""A2"": 3323.673617334262, ""A3"": 575.2464065136115, ""A4"": 3236.3314211877723, ""B2"": 4599.5600670257545}}",3.7343,0.11709917704743009,0.8055310465609322,0.06306895343906782,"[0.3546135852156309, 0.5261042198501015, 0.4183500139893801, 0.18059854210002801, 0.7147685198568305, 0.12370890462658313, 0.6959852518683382, 0.9891527025861837, 0.26490204043174936, 0.5467191599492842, 0.18394890017054033, 0.7381953282373839, 0.9043147518762439, 0.0627829080239598]",35.0,35.0,70.0,3.0234,3.0234,60.3646,60.3646,22.6079,22.6079,False,0,3.7357,0.061855,2.9953,0.3546135852156309,1.7653842321767919,minus,True,0.0008409092810517382,0.9888886952714033,0.9880477859903516,True,True,1.0,True,100.0,50.5,0.0,True,[],0.6934890428200355,0.10065865111019447,0.005504676794945977
54,4-6,283,4-6/r283,bo,1670.5911696041208,"{""0"": {""K"": 0.0, ""B1"": 1006.2535729673149, ""A1"": 1172.7876638660166, ""A2"": 3100.4067750409827, ""A3"": 642.009054599312, ""A4"": 3352.514954348998, ""B2"": 4424.482917822721}}",3.7343,0.23555484874940125,0.8055310465609322,0.06306895343906782,"[0.35926691819443457, 0.002060456091039664, 0.2163986178424333, 0.2522124008314014, 0.6667541451701038, 0.13806646335469075, 0.7209709579245157, 0.9515017027575744, 0.89590761360003, 0.9059262554094394, 0.6470412635557654, 0.6362218507236969, 0.7490587300763533, 0.17095699818585985]",82.0,82.0,110.0,8.1175,8.1175,52.7166,52.7166,18.7265,18.7265,False,0,3.7382,0.172878,2.9953,0.35926691819443457,1.6779943670122979,plus,False,0.40550321203999073,0.3649646295975461,0.040538582442444626,True,True,1.0,True,100.0,166.5999999999999,0.0,True,[],0.7765957237671526,0.0452768483262229,0.004890844499928093
55,4-6,283,4-6/r283,bo,1702.984447231456,"{""0"": {""K"": 0.0, ""B1"": 196.17156878812963, ""A1"": 4469.509243168943, ""A2"": 4035.8434730284116, ""A3"": 660.2816019983709, ""A4"": 140.94362073984277, ""B2"": 4168.672416571211}}",3.7343,0.22483451567904006,0.8055310465609322,0.06306895343906782,"[0.36623321445837764, 0.7408411862175394, 0.04218743414798487, 0.9611847834771919, 0.8679233275329917, 0.14199604344050987, 0.03031045607308447, 0.8964886917357444, 0.8428354681350414, 0.5797461445638351, 0.20737632749572987, 0.45030047158780306, 0.985660661135459, 0.00024917265921109433]",78.0,78.0,74.0,3.2811,3.2811,38.7725,38.7725,24.6415,24.6415,False,0,3.7343,0.0,2.9953,0.36623321445837764,1.6660725212285883,plus,False,0.9336371443689175,0.9934917128943337,0.05985456852541615,True,True,1.0,True,100.0,55.299999999999955,0.0,True,[],0.7431532370342796,0.07971520651245378,0.007889841465482276
56,4-6,283,4-6/r283,bo,1521.5533020363716,"{""0"": {""K"": 0.0, ""B1"": 789.0852498409056, ""A1"": 1971.533385720226, ""A2"": 90.14362613577819, ""A3"": 496.68420710804827, ""A4"": 4485.083980800408, ""B2"": 4462.113732285115}}",3.7343,0.11595552423793368,0.8055310465609322,0.06306895343906782,"[0.3272157638787896, 0.05583648781220929, 0.1696957526539582, 0.4239856743484357, 0.019385726050704988, 0.10681380798022544, 0.9645341894194427, 0.9595943510290569, 0.21294921549354773, 0.5642090090444624, 0.9569811477128924, 0.6728080781585619, 0.0070146598917784075, 0.006353867634711352]",31.0,31.0,72.0,11.5268,11.5268,55.4606,55.4606,0.1754,0.1754,False,0,3.7345,0.008564,2.9953,0.3272157638787896,1.5776781516017426,minus,True,0.9616079210272535,1.5333536146841535,0.5717456936569001,True,True,1.0,True,100.0,22.899999999999864,0.0,True,[],0.4000244306471501,0.14847714681291801,0.00011359151465348293
57,4-6,283,4-6/r283,bo,1625.6188102351239,"{""0"": {""K"": 0.0, ""B1"": 159.13889421459115, ""A1"": 1588.8689641249211, ""A2"": 1042.5349617707557, ""A3"": 4323.783644959032, ""A4"": 2639.3222461829396, ""B2"": 3768.3763600740735}}",3.7343,0.0686664916034917,0.8055310465609322,0.06306895343906782,"[0.34959544306131696, 0.794163951125089, 0.03422341811066476, 0.3416922503494454, 0.22420106704747433, 0.9298459451524801, 0.5675961819748258, 0.8104035182954997, 0.6738820944625777, 0.851684708769984, 0.9114170280974127, 0.19311490496937067, 0.521781671157103, 0.3977319278890733]",66.0,66.0,104.0,11.0256,11.0256,19.4836,19.4836,13.0445,13.0445,False,0,3.7433,0.399365,2.9953,0.34959544306131696,1.692035550470117,minus,True,2.1465079956030713,2.5405574864798997,0.3940494908768284,True,True,1.0,True,100.0,159.20000000000005,0.0,True,[],0.4645969362768249,0.13421676130918778,0.0001874862704528944
58,4-6,283,4-6/r283,bo,1462.9586316671516,"{""0"": {""K"": 0.0, ""B1"": 2454.235048512745, ""A1"": 1582.808776714452, ""A2"": 2966.569002805693, ""A3"": 3637.7648265523626, ""A4"": 3320.33395345106, ""B2"": 2334.777856935965}}",3.7343,0.07594160837474305,0.8055310465609322,0.06306895343906782,"[0.3146147594983122, 0.031146401458570172, 0.527792483551128, 0.3403889842396671, 0.637971828560364, 0.7823150164628737, 0.7140503125701204, 0.5021027649324655, 0.7262160928818983, 0.30699711908547356, 0.4335109439699365, 0.14886053932537635, 0.027699108102615222, 0.3518771751141163]",69.0,69.0,44.0,5.7686,5.7686,16.1645,16.1645,0.6925,0.6925,False,0,3.7422,0.350514,2.9953,0.3146147594983122,1.8229924735075254,minus,True,-2.0131414943226216,-1.6677683126120768,0.34537318171054476,True,True,1.0,True,100.0,119.5,0.0,True,[],0.45029283983357216,0.14281744703567018,0.00023926970619207516
59,4-6,283,4-6/r283,bo,1700.3064265537143,"{""0"": {""K"": 0.0, ""B1"": 119.90547445424681, ""A1"": 892.8752601917447, ""A2"": 1150.936806390894, ""A3"": 1248.6473724136888, ""A4"": 3212.4410062575325, ""B2"": 1887.6410476074052}}",3.7343,0.23324280175490297,0.8055310465609322,0.06306895343906782,"[0.36565729603305686, 0.5974573363292486, 0.0257861235385477, 0.19201618498747197, 0.24751329169696645, 0.2685263166481051, 0.6908475282274263, 0.40594431131342046, 0.223911066453933, 0.007760063009105478, 0.3091098453289495, 0.6433591197383595, 0.897329962394989, 0.05040573848899865]",32.0,32.0,11.0,4.4002,4.4002,53.2519,53.2519,22.4332,22.4332,False,0,3.7354,0.048532,2.9953,0.36565729603305686,1.4668688452165575,plus,False,2.2847149049932023,1.844020156634899,0.44069474835830325,True,True,1.0,True,100.0,97.80000000000018,0.0,True,[],0.2532151533062876,0.16011508805075197,8.928474323987727e-06
60,4-6,283,4-6/r283,bo,1827.474702742449,"{""0"": {""K"": 0.0, ""B1"": 407.26903893051724, ""A1"": 1071.699371444748, ""A2"": 4125.238379238283, ""A3"": 2900.3479305602377, ""A4"": 2826.3669536958714, ""B2"": 4006.78809888126}}",3.7343,0.05616871293463274,0.8055310465609322,0.06306895343906782,"[0.39300531241773096, 0.36729696475372997, 0.08758473955494994, 0.2304729831063974, 0.8871480385458674, 0.6237307377548899, 0.6078208502571767, 0.8616748599744645, 0.3646641927442613, 0.7979803642877208, 0.7943823761916617, 0.34291887747815586, 0.2455206757524765, 0.5361467996488523]",42.0,42.0,98.0,9.7382,9.7382,30.7189,30.7189,6.138,6.138,False,0,3.7464,0.537033,2.9953,0.39300531241773096,1.6419839261778593,minus,True,0.6777063775059368,1.083173140043721,0.40546676253778424,True,True,1.0,True,100.0,74.0,0.0,True,[],0.25518897564994025,0.15809427077741303,7.743205152664317e-06
61,4-6,283,4-6/r283,bo,1667.5308927458943,"{""0"": {""K"": 0.0, ""B1"": 514.7879529944537, ""A1"": 1104.8146098431473, ""A2"": 2509.431108052568, ""A3"": 3777.0056518112933, ""A4"": 2875.402054455549, ""B2"": 4641.807727443877}}",3.7343,0.13470984911607134,0.8055310465609322,0.06306895343906782,"[0.358608794138902, 0.40138947298740046, 0.11070708666547391, 0.23759453975121447, 0.5396626038822727, 0.8122592799594179, 0.6183660332162472, 0.9982382209556726, 0.0902623228097067, 0.7502697373846768, 0.06267916194812262, 0.4719796582363347, 0.4972756087840131, 0.36393730210177444]",22.0,22.0,93.0,1.6895,1.6895,40.3985,40.3985,12.4319,12.4319,False,0,3.7425,0.363837,2.9953,0.358608794138902,1.5802112556980406,minus,True,0.003502388256570843,0.5790664175464876,0.5755640292899167,True,True,1.0,True,100.0,8.200000000000045,0.0,True,[],0.2988614988617479,0.15507371752082016,1.7484822889386335e-05
62,4-6,283,4-6/r283,bo,1426.769537513882,"{""0"": {""K"": 0.0, ""B1"": 2082.5391863985096, ""A1"": 1023.2893808274185, ""A2"": 291.4100504099323, ""A3"": 62.78559574248253, ""A4"": 3378.5207487762923, ""B2"": 3157.5314429951827}}",3.7343,0.048823234852278415,0.8055310465609322,0.06306895343906782,"[0.3068321586051359, 0.13679149867193785, 0.4478578895480666, 0.22006223243600398, 0.06266882804514673, 0.013502278654297317, 0.7265636018873747, 0.679039019998964, 0.18917728534737743, 0.3873076466765588, 0.363556138724225, 0.9102359258414394, 0.7973875580776233, 0.5114619052509086]",29.0,29.0,53.0,4.9991,4.9991,73.2677,73.2677,19.9347,19.9347,False,0,3.7458,0.510388,2.9953,0.3068321586051359,1.8902158908656084,minus,True,1.6053460783556228,2.3724285413381923,0.7670824629825694,True,True,1.0,True,100.0,62.799999999999955,0.0,True,[],0.37185165460575004,0.14200624837413156,3.473740756481194e-05
63,4-6,283,4-6/r283,bo,1618.4000644345638,"{""0"": {""K"": 0.0, ""B1"": 1638.2364800296164, ""A1"": 595.7716102052523, ""A2"": 2365.573926352169, ""A3"": 506.3312714621267, ""A4"": 3175.4158068741613, ""B2"": 1349.2404971480091}}",3.7343,0.1709453819560486,0.8055310465609322,0.06306895343906782,"[0.3480430246095836, 0.1813276336639189, 0.35230892043647666, 0.1281229269258607, 0.5087255755596063, 0.10888844547572618, 0.6828851197578841, 0.2901592466984966, 0.8430461829774606, 0.6556932077519309, 0.34004393784388254, 0.009488600128879976, 0.09932429735846515, 0.10728495896803525]",78.0,78.0,82.0,4.7405,4.7405,5.7116,5.7116,2.4831,2.4831,False,0,3.7367,0.106264,2.9953,0.3480430246095836,1.912136112430947,minus,True,0.6351351710427335,1.0699681649237263,0.4348329938809927,True,True,1.0,True,100.0,89.5,0.0,True,[],0.4172183927275928,0.13363721677836585,5.469263173661599e-05
64,4-6,283,4-6/r283,bo,1699.475800289555,"{""0"": {""K"": 0.0, ""B1"": 3775.5825243880927, ""A1"": 3872.1826103275107, ""A2"": 4110.760563531714, ""A3"": 884.4468751715212, ""A4"": 3012.117475764322, ""B2"": 2916.970206156239}}",3.7343,0.2029778906912187,0.8055310465609322,0.06306895343906782,"[0.3654786667289366, 0.06242262938876453, 0.8119532310512028, 0.8327274430811851, 0.8840345297917666, 0.19020362906914434, 0.6477671990891015, 0.627305420678761, 0.8188307351719826, 0.06454019018898349, 0.6648421744179337, 0.5191119268201444, 0.02568814398901742, 0.13389425291826562]",76.0,76.0,17.0,8.3133,8.3133,43.9334,43.9334,0.6422,0.6422,False,0,3.7373,0.132909,2.9953,0.3654786667289366,1.6020209479237797,plus,False,-0.15460921935777272,-0.1537011907939717,0.000908028563801011,True,True,1.0,True,100.0,95.20000000000073,0.0,True,[],0.4024689252039701,0.13230291115024045,3.263255381712459e-05
65,4-6,283,4-6/r283,bo,1424.852986932637,"{""0"": {""K"": 0.0, ""B1"": 319.5625515770818, ""A1"": 3589.4034809006644, ""A2"": 381.84372935111725, ""A3"": 4390.845548756909, ""A4"": 3388.4119805979067, ""B2"": 1474.2887171689795}}",3.7343,0.08763275867918621,0.8055310465609322,0.06306895343906782,"[0.3064199971898144, 0.1388136762097565, 0.06872312937141545, 0.7719147270754116, 0.08211693104325102, 0.9442678599477223, 0.7286907485156788, 0.31705133702558697, 0.6736440049776817, 0.30465208723912873, 0.041280963147902305, 0.7498639186577974, 0.032321387648231115, 0.11466549955990546]",66.0,66.0,44.0,1.4541,1.4541,61.2398,61.2398,0.808,0.808,False,0,3.7369,0.115146,2.9953,0.3064199971898144,1.8076896061073513,plus,False,2.008704914483752,0.7739543759449433,1.2347505385388087,True,True,1.0,True,100.0,62.299999999999955,0.0,True,[],0.5479307936953387,0.11496258022813241,0.00038799937273223785
66,4-6,283,4-6/r283,bo,1995.9661125157925,"{""0"": {""K"": 0.0, ""B1"": 1391.1030484701812, ""A1"": 684.1598281661516, ""A2"": 1.9222445037115954, ""A3"": 4547.234273797196, ""A4"": 2691.1007792586365, ""B2"": 1223.9047709257259}}",3.7343,0.04088241246711192,0.8055310465609322,0.06306895343906782,"[0.4292400241969446, 0.03276284603025037, 0.29916194590756584, 0.14713114584218312, 0.0004133859147766872, 0.9778998438273538, 0.5787313503782014, 0.26320532708080124, 0.20034085206728047, 0.7950723951226738, 0.02943778971162092, 0.8139311464486424, 0.2654667188735216, 0.7667638349586186]",30.0,30.0,97.0,1.3238,1.3238,66.0448,66.0448,6.6367,6.6367,False,0,3.7516,0.767961,2.9953,0.4292400241969446,1.8992638331420764,minus,True,1.0652111124377959,1.7910726980268925,0.7258615855890966,True,True,1.0,True,100.0,1.900000000000091,0.0,True,[],0.23834937873213677,0.1484446290765451,1.731096364039721e-06
67,4-6,283,4-6/r283,bo,1862.6094646115298,"{""0"": {""K"": 0.0, ""B1"": 2724.9382128237735, ""A1"": 1029.805609518123, ""A2"": 459.2649916521678, ""A3"": 3867.288666721281, ""A4"": 2535.3397413137363, ""B2"": 4637.168800917131}}",3.7343,0.08206897465314744,0.8055310465609322,0.06306895343906782,"[0.40056117518527523, 0.08334033742232161, 0.5860082178115642, 0.22146357193938127, 0.09876666487143393, 0.8316749820905981, 0.545234352970696, 0.9972406023477702, 0.6796130270691902, 0.0034696741113057206, 0.21457809922640314, 0.1475949412608435, 0.6671301266730686, 0.19658019653815995]",66.0,66.0,10.0,3.3604,3.3604,16.0696,16.0696,16.6783,16.6783,False,0,3.7387,0.195082,2.9953,0.40056117518527523,1.7762643210071958,minus,True,0.17457380900706015,1.1250126883250025,0.9504388793179424,True,True,1.0,True,100.0,12.799999999999955,0.0,True,[],0.23673380251358717,0.1477188581017787,1.511893275986569e-06
68,4-6,283,4-6/r283,bo,1682.355828702615,"{""0"": {""K"": 0.0, ""B1"": 1484.950325379783, ""A1"": 31.70187374631886, ""A2"": 2514.865998298375, ""A3"": 2190.801957745045, ""A4"": 3505.0515159161228, ""B2"": 1148.071218255292}}",3.7343,0.1762879585942274,0.8055310465609322,0.06306895343906782,"[0.36179695240916454, 0.8312140010652292, 0.31934415599565225, 0.006817607257272873, 0.5408313974835215, 0.4711402059666764, 0.7537745195518544, 0.24689703618393377, 0.11316912192428052, 0.47280164219970455, 0.1732990495893567, 0.872621810213971, 0.0615529380765083, 0.16167707338161286]",23.0,23.0,62.0,2.9063,2.9063,70.4466,70.4466,1.5388,1.5388,False,0,3.7379,0.159555,2.9953,0.36179695240916454,1.8722125368141018,minus,True,1.8913092828348437,2.260336359570753,0.3690270767359092,True,True,1.0,True,100.0,31.699999999999818,0.0,True,[],0.28527649872966604,0.14782399810628832,6.093419968795523e-06
69,4-6,283,4-6/r283,bo,1613.7510280989743,"{""0"": {""K"": 0.0, ""B1"": 3993.731307643521, ""A1"": 1042.239852209471, ""A2"": 1873.4000160944317, ""A3"": 4280.442644159846, ""A4"": 3192.3406635512197, ""B2"": 4342.713134599172}}",3.7343,0.2424668396087526,0.8055310465609322,0.06306895343906782,"[0.3470432318492418, 0.045739393952515583, 0.8588669478803271, 0.2241376026256927, 0.40288172389127563, 0.9205252998193217, 0.6865248738819827, 0.9339168031396069, 0.565501498625976, 0.9769187464244022, 0.8016548585990796, 0.10102879295848999, 0.48878881247528283, 0.8560577016187019]",57.0,57.0,117.0,9.8182,9.8182,12.5772,12.5772,12.2197,12.2197,False,0,3.7536,0.856779,2.9953,0.3470432318492418,1.7240916554005479,plus,False,-0.7559716801387805,-0.7758700164493756,0.01989833631059512,True,True,1.0,True,100.0,62.299999999999955,0.0,True,[],0.27184885422479366,0.13545150281185028,9.101222660848296e-07
70,4-6,283,4-6/r283,bo,1799.0537186216209,"{""0"": {""K"": 0.0, ""B1"": 3876.2231148329797, ""A1"": 957.2289704470784, ""A2"": 4418.964045246882, ""A3"": 2760.7869089319747, ""A4"": 3386.0218059546623, ""B2"": 4192.117306208605}}",3.7343,0.2641434841682946,0.8055310465609322,0.06306895343906782,"[0.38689327282185393, 0.11238195019411945, 0.833596368781286, 0.20585569256926417, 0.9503148484401897, 0.5937176148240806, 0.7281767324633682, 0.9015306034857217, 0.7810465628066213, 0.8239114233990426, 0.05371287679614756, 0.8139903852969996, 0.7631490887583329, 0.08621872214147686]",74.0,74.0,101.0,1.5908,1.5908,66.0493,66.0493,19.0787,19.0787,False,0,3.7362,0.084059,2.9953,0.38689327282185393,1.706887226070536,plus,False,-0.2241341259900555,-0.15460442566727867,0.06952970032277683,True,True,1.0,True,100.0,226.79999999999995,0.0,True,[],0.25941360693848087,0.14332197111434544,1.7302072779512985e-06
71,4-6,283,4-6/r283,bo,1781.1934810527343,"{""0"": {""K"": 0.0, ""B1"": 2936.1785387014756, ""A1"": 806.2699794778118, ""A2"": 3786.405691665781, ""A3"": 3686.5387518946886, ""A4"": 3649.52421048642, ""B2"": 1971.858148643694}}",3.7343,0.14925954773721467,0.8055310465609322,0.06306895343906782,"[0.38305236151671707, 0.05942450360693963, 0.6314362448820378, 0.17339139343608856, 0.8142807939066196, 0.7928040326655245, 0.7848439162336387, 0.42405551583735357, 0.09888053112820427, 0.8589057669711373, 0.7743246601482527, 0.5463039135718365, 0.8427694218611691, 0.41334374368304305]",22.0,22.0,104.0,9.5176,9.5176,45.9728,45.9728,21.0692,21.0692,False,0,3.7436,0.412687,2.9953,0.38305236151671707,1.917524275965513,plus,False,0.2065300811981406,-0.050145829243373435,0.25667591044151405,True,True,1.0,True,100.0,37.0,0.0,True,[],0.23271775764400723,0.1428751583427846,7.166485935938951e-07
72,4-6,283,4-6/r283,bo,1536.5534032168016,"{""0"": {""K"": 0.0, ""B1"": 4329.421633512881, ""A1"": 603.1248582198045, ""A2"": 1936.108601453476, ""A3"": 1685.0777160027321, ""A4"": 2493.3429827677805, ""B2"": 2872.517330168521}}",3.7343,0.25866453757113717,0.8055310465609322,0.06306895343906782,"[0.33044159208963475, 0.5397262932492237, 0.9310584158092218, 0.1297042705849042, 0.41636744117279056, 0.3623823045167166, 0.5362027919930711, 0.6177456624018325, 0.33083873356194005, 0.20076843784725573, 0.10326545562772227, 0.12116834733199922, 0.3844159026326973, 0.28506054851415064]",40.0,40.0,32.0,2.1359,2.1359,14.0876,14.0876,9.6104,9.6104,False,0,3.7407,0.283901,2.9953,0.33044159208963475,1.6567378821385463,plus,False,1.6982691413628654,0.5722018611197768,1.1260672802430887,True,True,1.0,True,100.0,251.0999999999999,0.0,True,[],0.2403196975063074,0.14034529317213473,6.450343327739859e-07
73,4-6,283,4-6/r283,bo,1762.2910442247685,"{""0"": {""K"": 0.0, ""B1"": 1016.031510559448, ""A1"": 46.24480331567146, ""A2"": 2715.080582676012, ""A3"": 335.00920466693617, ""A4"": 3475.4022450971233, ""B2"": 1429.4526935163885}}",3.7343,0.1146783241390189,0.8055310465609322,0.06306895343906782,"[0.37898732133865987, 0.8951671988837209, 0.21850140012031138, 0.009945118992617519, 0.58388829734968, 0.07204499025095401, 0.7473983322789512, 0.30740918140137385, 0.7340671471839856, 0.2625491742241315, 0.6551246841454554, 0.8136740579573472, 0.044418522568588914, 0.1413077188579569]",70.0,70.0,39.0,8.2064,8.2064,66.0256,66.0256,1.1105,1.1105,False,0,3.7375,0.141791,2.9953,0.37898732133865987,1.8938855957873193,plus,False,2.7459004577384074,1.900481671585992,0.8454187861524154,True,True,1.0,True,100.0,46.200000000000045,0.0,True,[],0.3327672537821646,0.15466420940285328,3.8249020451306575e-05
74,4-6,283,4-6/r283,bo,1336.8966207049623,"{""0"": {""K"": 0.0, ""B1"": 4003.269338148321, ""A1"": 1474.6071466695848, ""A2"": 2713.1356914082944, ""A3"": 4518.025469936288, ""A4"": 3051.0512104184236, ""B2"": 2838.6878985055782}}",3.7343,0.16779904053953848,0.8055310465609322,0.06306895343906782,"[0.2875046496139704, 0.8335430557560224, 0.860918137236198, 0.31711981648808274, 0.5834700411630741, 0.9716183806314597, 0.6561400452512739, 0.6104705158076512, 0.3851985742890335, 0.24801002119039217, 0.08192298973845602, 0.9661918935594513, 0.311640801259112, 0.4809443415747333]",44.0,44.0,37.0,1.9012,1.9012,77.4644,77.4644,7.791,7.791,False,0,3.7451,0.479301,2.9953,0.2875046496139704,1.8557902968837476,plus,False,-1.4384743182852482,-1.1995848564033094,0.23888946188193882,True,True,1.0,True,100.0,125.60000000000036,0.0,True,[],0.24278852711936258,0.1571471222886846,5.121180019680309e-06
75,4-6,283,4-6/r283,bo,1727.6823792571563,"{""0"": {""K"": 0.0, ""B1"": 3702.664738346243, ""A1"": 2795.7271983647156, ""A2"": 1057.310746262469, ""A3"": 4011.323922595625, ""A4"": 3090.6361715109842, ""B2"": 1752.4013425494124}}",3.7343,0.1891193880152563,0.8055310465609322,0.06306895343906782,"[0.37154459768971104, 0.6940860869041077, 0.7962719867411275, 0.6012316555623044, 0.22737865511020838, 0.862650305934543, 0.6646529401098891, 0.3768605037740672, 0.7532896168003141, 0.23201134374994015, 0.5123954369489182, 0.7902294192910356, 0.047564283402961816, 0.06456462723279444]",71.0,71.0,36.0,6.6363,6.6363,64.2672,64.2672,1.1891,1.1891,False,0,3.7358,0.066296,2.9953,0.37154459768971104,1.9396022815180356,plus,False,-0.1661838079612667,-1.221470862439737,1.0552870544784703,True,True,1.0,True,100.0,294.90000000000055,0.0,True,[],0.2557338447945176,0.15539031642608295,6.015392729188365e-06
76,4-6,283,4-6/r283,bo,1629.271268638926,"{""0"": {""K"": 0.0, ""B1"": 453.78841267010256, ""A1"": 2590.816875425842, ""A2"": 4040.247334929736, ""A3"": 1817.421954023054, ""A4"": 3307.9787999334017, ""B2"": 1141.4375534166782}}",3.7343,0.23533256505085462,0.8055310465609322,0.06306895343906782,"[0.35038091798686577, 0.3874119152375166, 0.09758890595055969, 0.5571649194464177, 0.8688703946085454, 0.3908434309726998, 0.7113932903082584, 0.24547044159498455, 0.23132710394108846, 0.1485663498417218, 0.4737604476178552, 0.1972120022996976, 0.10851475485863982, 0.272241707126032]",32.0,32.0,26.0,6.2114,6.2114,19.7909,19.7909,2.7129,2.7129,False,0,3.7404,0.270578,2.9953,0.35038091798686577,1.831710061226441,plus,False,3.340063291878022,3.3883707859694923,0.04830749409147028,True,True,1.0,True,100.0,453.79999999999995,0.0,True,[],0.26453257552556697,0.15402425279214838,6.603995630223073e-06
77,4-6,283,4-6/r283,bo,1824.5229559119105,"{""0"": {""K"": 0.0, ""B1"": 2784.02018916941, ""A1"": 3719.273234156712, ""A2"": 1663.2077495913838, ""A3"": 4307.9364773564685, ""A4"": 3056.8783040345675, ""B2"": 3894.5135475686598}}",3.7343,0.3151658616030778,0.8055310465609322,0.06306895343906782,"[0.39237052815309903, 0.042549732067895474, 0.5987140191762172, 0.7998437062702607, 0.35767908593363096, 0.9264379521196707, 0.6573931836633479, 0.8375297951760559, 0.8172953676892781, 0.9724570971601117, 0.47834510507107997, 0.057847808028777425, 0.003923019933136818, 0.16194134718345143]",76.0,76.0,117.0,6.2618,6.2618,9.3386,9.3386,0.0981,0.0981,False,0,3.738,0.163996,2.9953,0.39237052815309903,1.8017273460047065,plus,False,-1.6941319601177238,-1.80842996741841,0.11429800730068607,True,True,1.0,True,100.0,175.20000000000005,0.0,True,[],0.2656007402790255,0.1529834490558977,6.11355290146093e-06
78,4-6,283,4-6/r283,bo,1730.9634927638467,"{""0"": {""K"": 0.0, ""B1"": 981.7962499680993, ""A1"": 3475.675516686576, ""A2"": 1131.5744017446013, ""A3"": 1022.921331309108, ""A4"": 3709.4109050609864, ""B2"": 1886.6721556183618}}",3.7343,0.10632096684785215,0.8055310465609322,0.06306895343906782,"[0.37225021349760146, 0.1451231226396329, 0.2111389784877633, 0.7474571003627045, 0.2433493337085164, 0.2199830820019587, 0.7977227752819326, 0.405735947444809, 0.87708790417487, 0.913230989488704, 0.8216597465220405, 0.6554251092118726, 0.09659086012905682, 0.24653355963573376]",81.0,81.0,110.0,10.0383,10.0383,54.1569,54.1569,2.4148,2.4148,False,0,3.7399,0.248373,2.9953,0.37225021349760146,1.8768401806443937,plus,False,0.6018623210722764,-0.6038109377137799,1.2056732587860564,True,True,1.0,True,100.0,41.09999999999991,0.0,True,[],0.29864345709910967,0.15133371579737748,1.2343896848790979e-05
79,4-6,283,4-6/r283,bo,1746.0891354934529,"{""0"": {""K"": 0.0, ""B1"": 111.70290093063518, ""A1"": 3369.1892094172954, ""A2"": 1141.2165997747372, ""A3"": 307.84027312929715, ""A4"": 3243.566702241016, ""B2"": 921.542321146395}}",3.7343,0.10853994782078183,0.8055310465609322,0.06306895343906782,"[0.37550303989106515, 0.012348266106245953, 0.024022129232394662, 0.7245568192295259, 0.24542292468273919, 0.06620220927511766, 0.6975412262883905, 0.19818114433255807, 0.6174902255135694, 0.9997347326738879, 0.3262102105223488, 0.4575157305187041, 0.4257300156309346, 0.6066967721127832]",61.0,61.0,120.0,4.5883,4.5883,39.3137,39.3137,10.6433,10.6433,False,0,3.748,0.608088,2.9953,0.37550303989106515,1.7999405506286545,plus,False,1.20892690653268,1.1952292572336727,0.013697649299007297,True,True,1.0,True,100.0,111.70000000000005,0.0,True,[],0.22738137447361714,0.15227801718112063,1.9855499831763468e-06
80,4-6,283,4-6/r283,bo,1792.4771330361668,"{""0"": {""K"": 0.0, ""B1"": 2745.4663657274127, ""A1"": 4274.792611825256, ""A2"": 4414.95834213825, ""A3"": 2910.6200878930144, ""A4"": 3239.480924297033, ""B2"": 2302.976193019142}}",3.7343,0.13248525642852776,0.8055310465609322,0.06306895343906782,"[0.38547895334111115, 0.24305494110973824, 0.5904228743499812, 0.9193102391022056, 0.9494534069114517, 0.6259398038479601, 0.6966625643649533, 0.4952636974234714, 0.44282631127496197, 0.881347790471947, 0.6466724921886091, 0.5812199560504965, 0.005635914884120297, 0.15275312410897757]",48.0,48.0,107.0,8.1134,8.1134,48.5915,48.5915,0.1409,0.1409,False,0,3.7377,0.150673,2.9953,0.38547895334111115,1.6848911003990645,plus,False,-1.9408342677752832,-2.0966416772677254,0.1558074094924422,True,True,1.0,True,100.0,140.10000000000014,0.0,True,[],0.24900803716805658,0.15019572319065963,2.8802938073838036e-06
81,4-6,283,4-6/r283,bo,1700.6097718182534,"{""0"": {""K"": 0.0, ""B1"": 3594.834588099672, ""A1"": 2086.2445333831583, ""A2"": 542.343384666638, ""A3"": 2604.1712237654347, ""A4"": 2123.795846800086, ""B2"": 1521.9655404135494}}",3.7343,0.20311594912048841,0.8055310465609322,0.06306895343906782,"[0.36572253157381795, 0.9118242023485239, 0.773082707118209, 0.44865473836196956, 0.11663298594981464, 0.5600368223151473, 0.4567302896344271, 0.32730441729323645, 0.5745898735824891, 0.17799797976273868, 0.06732984490797778, 0.7196495842832815, 0.3729497168362865, 0.13356069939230586]",58.0,58.0,30.0,1.7406,1.7406,58.9737,58.9737,9.3237,9.3237,False,0,3.7373,0.132909,2.9953,0.36572253157381795,1.925278040590471,minus,True,0.8075413522887057,1.3965993722656487,0.589058019976943,True,True,1.0,True,100.0,37.5,0.0,True,[],0.5297799440636665,0.0965938951195511,4.274332589255267e-05
82,4-6,283,4-6/r283,bo,1804.8956043838998,"{""0"": {""K"": 0.0, ""B1"": 3290.015645804893, ""A1"": 792.0654532893575, ""A2"": 2269.3966390937903, ""A3"": 2365.4752560310985, ""A4"": 2573.0728357418106, ""B2"": 3502.936500607855}}",3.7343,0.1971913862846357,0.8055310465609322,0.06306895343906782,"[0.38814959234062363, 0.6643007465426598, 0.7075302464096545, 0.1703366566213672, 0.4880422879771592, 0.5087043561357201, 0.5533489969337227, 0.7533196775500763, 0.6872571313627519, 0.9448901934096076, 0.007914654761717599, 0.4551407266362907, 0.06747784110636046, 0.740351906863642]",67.0,67.0,114.0,1.0871,1.0871,39.1356,39.1356,1.6869,1.6869,False,0,3.751,0.741315,2.9953,0.38814959234062363,1.6190189610080097,plus,False,0.715543869528445,-0.07039398765181544,0.7859378571802604,True,True,1.0,True,100.0,96.09999999999945,0.0,True,[],0.22650357741304175,0.1478707587408538,1.1371356048839192e-06
83,4-6,283,4-6/r283,bo,1649.934382876568,"{""0"": {""K"": 0.0, ""B1"": 3634.046025013632, ""A1"": 3290.9092320321743, ""A2"": 2172.346551398698, ""A3"": 2469.0267680786355, ""A4"": 3602.3702714036613, ""B2"": 4357.931612435332}}",3.7343,0.1571013985727061,0.8055310465609322,0.06306895343906782,"[0.3548245984680791, 0.9381479231617625, 0.78151527419648, 0.7077224154907902, 0.4671713013760641, 0.5309734985115345, 0.7747032841728304, 0.9371895940721143, 0.5479339588541995, 0.44624289338135603, 0.7355241275930924, 0.3002793428461684, 0.2248903663232399, 0.2018410372098427]",56.0,56.0,59.0,9.0908,9.0908,27.521,27.521,5.6223,5.6223,False,0,3.7389,0.203964,2.9953,0.3548245984680791,1.5857408644411908,minus,True,-2.1633524040183185,-1.8984426823766818,0.26490972164163673,True,True,1.0,True,100.0,31.700000000000045,0.0,True,[],0.6112950232948567,0.08098277032814749,0.00015158932614925858
84,4-6,283,4-6/r283,bo,1686.8759891785057,"{""0"": {""K"": 0.0, ""B1"": 434.4058042017779, ""A1"": 1108.9052323522658, ""A2"": 951.9355006556342, ""A3"": 3330.8893003995686, ""A4"": 885.0286863042172, ""B2"": 3932.0500123002967}}",3.7343,0.2733653688786616,0.8055310465609322,0.06306895343906782,"[0.36276902993086146, 0.7471702078591786, 0.09342060305414579, 0.23847424351661628, 0.2047173119689536, 0.7163202796558212, 0.19032874974284242, 0.8456021531828595, 0.16949863181747093, 0.9154523484327313, 0.030430717143590913, 0.8284754936852393, 0.8075935080683999, 0.26668604825342834]",28.0,28.0,111.0,1.3347,1.3347,67.1357,67.1357,20.1898,20.1898,False,0,3.7403,0.266137,2.9953,0.36276902993086146,1.6975696882625049,plus,False,0.972920205848243,0.8100841111219099,0.1628360947263331,True,True,1.0,True,100.0,66.90000000000009,0.0,True,[],0.6409796639568563,0.1012982911167362,0.0017505656357254956
85,4-6,283,4-6/r283,bo,2014.0625476696932,"{""0"": {""K"": 0.0, ""B1"": 3603.9317341945325, ""A1"": 4170.397851459032, ""A2"": 1613.3908379253967, ""A3"": 2240.279567289046, ""A4"": 916.870039828074, ""B2"": 3845.5231690624046}}",3.7343,0.16686614770980063,0.8055310465609322,0.06306895343906782,"[0.43313173068165445, 0.17902729164705788, 0.7750390826224801, 0.8968597530019423, 0.3469657715968595, 0.48178055210517123, 0.1971763526511987, 0.8269942299058934, 0.2808309903891243, 0.3917548797389361, 0.042593261391097204, 0.4059928471886213, 0.7195522554615706, 0.7273556980480119]",36.0,36.0,53.0,1.4685,1.4685,35.4495,35.4495,17.9888,17.9888,False,0,3.7507,0.727993,2.9953,0.43313173068165445,1.7378565455665753,plus,False,-0.42229237245840967,-0.5180233532859245,0.09573098082751486,True,True,1.0,True,100.0,241.5999999999999,0.0,True,[],0.23034583762658364,0.13034640359246313,9.527264560916528e-08
86,4-6,283,4-6/r283,bo,1575.3792097234239,"{""0"": {""K"": 0.0, ""B1"": 918.7787369554933, ""A1"": 2342.469065778613, ""A2"": 618.4589342796476, ""A3"": 2683.634353629697, ""A4"": 4040.978178200757, ""B2"": 3954.3276143786816}}",3.7343,0.10250729312877262,0.8055310465609322,0.06306895343906782,"[0.3387912278975105, 0.662563630159234, 0.197586825151719, 0.5037567883394867, 0.13300192135046185, 0.5771256674472467, 0.8690275652044639, 0.8503930353502541, 0.843441649984737, 0.08598062735099887, 0.9089131709786596, 0.2201687198022534, 0.48908989868893127, 0.15972186098925634]",78.0,78.0,19.0,10.998,10.998,21.5127,21.5127,12.2272,12.2272,False,0,3.7379,0.159555,2.9953,0.3387912278975105,1.764230953542402,minus,True,0.18786208398387788,1.3591681509484292,1.1713060669645514,True,True,1.0,True,100.0,86.69999999999993,0.0,True,[],0.4512636197215043,0.11314951187946133,1.950590130177094e-05
87,4-6,283,4-6/r283,bo,1530.7336106109522,"{""0"": {""K"": 0.0, ""B1"": 961.1135606616826, ""A1"": 1664.1623786812731, ""A2"": 3110.9696117226504, ""A3"": 1437.272089552552, ""A4"": 3398.3777122145298, ""B2"": 4142.202610551726}}",3.7343,0.29860606039005994,0.8055310465609322,0.06306895343906782,"[0.32919002378730156, 0.036602995583462916, 0.20669108831434035, 0.35788438251210175, 0.6690257229511076, 0.30909077194678536, 0.7308339166052752, 0.8907962603337046, 0.5784829279426528, 0.9501899580901585, 0.5892962832817543, 0.7604149228150432, 0.0926538612333867, 0.25879570679804664]",58.0,58.0,115.0,7.4823,7.4823,62.0311,62.0311,2.3163,2.3163,False,0,3.7401,0.257255,2.9953,0.32919002378730156,1.7728819759079704,plus,False,-0.2494113471348458,-0.28195538565033673,0.032544038515490925,True,True,1.0,True,100.0,226.9000000000001,0.0,True,[],0.49012814049110826,0.09115583292122958,4.030515244989097e-06
88,4-6,283,4-6/r283,bo,1550.0261950028391,"{""0"": {""K"": 0.0, ""B1"": 3986.021516935332, ""A1"": 1062.8510493236165, ""A2"": 3918.678269882597, ""A3"": 2140.890492806221, ""A4"": 668.1736820735832, ""B2"": 4073.465810721246}}",3.7343,0.2832261909508309,0.8055310465609322,0.06306895343906782,"[0.33333896666727725, 0.5100749386437385, 0.8572089283731896, 0.2285701181341111, 0.8427265096521713, 0.46040655759273574, 0.14369326496206092, 0.8760141528432787, 0.345112550413601, 0.375295722442325, 0.7497060736701939, 0.9392965553231347, 0.8818672638471236, 0.31249830172854365]",41.0,41.0,51.0,9.2468,9.2468,75.4472,75.4472,22.0467,22.0467,False,0,3.7413,0.310546,2.9953,0.33333896666727725,1.8473266677926792,plus,False,0.49545317131773414,0.13776902736166158,0.35768414395607256,True,True,1.0,True,100.0,67.29999999999995,0.0,True,[],0.3177702100062123,0.14093921939220302,7.261294642977521e-06
89,4-6,283,4-6/r283,bo,1605.264112857562,"{""0"": {""K"": 0.0, ""B1"": 2816.0986248363843, ""A1"": 4360.671537118523, ""A2"": 2212.501145744592, ""A3"": 2808.5888525524283, ""A4"": 157.66595833120974, ""B2"": 4146.920127808099}}",3.7343,0.16671605515657079,0.8055310465609322,0.06306895343906782,"[0.34521808878657245, 0.845069939434905, 0.6056126074916955, 0.9377788251867791, 0.47580669800958975, 0.6039976026994469, 0.0339066577056365, 0.8918107801737847, 0.8284637611794354, 0.7284777192951538, 0.5314334340625386, 0.4008799791389026, 0.9297657555304952, 0.33248453228133734]",77.0,77.0,90.0,6.8458,6.8458,35.066,35.066,23.2441,23.2441,False,0,3.7418,0.332751,2.9953,0.34521808878657245,1.7658269609700743,minus,True,0.7839280084727396,1.436924095293497,0.6529960868207574,True,True,1.0,True,100.0,7.5,0.0,True,[],0.37289287980378216,0.13046410717096563,1.1626826366433493e-05
90,4-6,283,4-6/r283,bo,1355.1920065833785,"{""0"": {""K"": 0.0, ""B1"": 1329.2617247178662, ""A1"": 3044.717165753223, ""A2"": 1021.1217084412297, ""A3"": 2068.8509578467697, ""A4"": 616.7905965635464, ""B2"": 4366.961241817437}}",3.7343,0.20247823522646485,0.8055310465609322,0.06306895343906782,"[0.29143914120072656, 0.34853898263820726, 0.28586273649846583, 0.65477788510822, 0.21959606633144724, 0.4449141844831763, 0.13264313904592395, 0.9391314498532124, 0.16512958437726288, 0.04884619000908075, 0.28920159232390086, 0.9249535558781814, 0.6402623491426405, 0.6106656954341609]",27.0,27.0,15.0,4.1812,4.1812,74.3715,74.3715,16.0066,16.0066,False,0,3.7481,0.612529,2.9953,0.29143914120072656,1.760465465862416,minus,True,0.48941105757664416,1.0157004469594746,0.5262893893828304,True,True,1.0,True,100.0,283.0,0.0,True,[],0.22835524148316944,0.1258542354690954,3.837003818793064e-08
91,4-6,283,4-6/r283,bo,2133.4146432747275,"{""0"": {""K"": 0.0, ""B1"": 1213.2532864202078, ""A1"": 590.7124454670887, ""A2"": 2008.0311470132845, ""A3"": 184.93204704395976, ""A4"": 3692.8658531675837, ""B2"": 4310.590384357775}}",3.7343,0.1114995453498097,0.8055310465609322,0.06306895343906782,"[0.4587988480160704, 0.2701181771822011, 0.2609146852516576, 0.12703493450905134, 0.4318346552716741, 0.039770332697625754, 0.794164699605932, 0.9270086848081237, 0.9771074720128275, 0.8713238950579875, 0.31643897185656544, 0.6868011519654652, 0.7545837771229749, 0.3441693653670719]",88.0,88.0,106.0,4.4808,4.4808,56.5101,56.5101,18.8646,18.8646,False,0,3.7421,0.346074,2.9953,0.4587988480160704,1.7024659252131558,minus,True,1.2858462878978927,1.6921866336242135,0.40634034572632083,True,True,1.0,True,100.0,184.9000000000001,0.0,True,[],0.22612485106170999,0.12523544482585078,3.1040015779059076e-08
92,4-6,283,4-6/r283,bo,1554.311441263475,"{""0"": {""K"": 0.0, ""B1"": 4361.970345268318, ""A1"": 4004.4227299096706, ""A2"": 3461.0556837163713, ""A3"": 2269.8143199230217, ""A4"": 3222.792504302182, ""B2"": 2425.706400916462}}",3.7343,0.09975937145460005,0.8055310465609322,0.06306895343906782,"[0.3342605250028978, 0.3203360932086511, 0.9380581387673802, 0.8611661784751979, 0.7443130502615852, 0.4881321118114025, 0.6930736568391789, 0.5216572905196692, 0.48322460726095107, 0.1568433123195988, 0.4721852612362142, 0.23074582266547772, 0.015515634595292593, 0.004869803289284658]",51.0,51.0,27.0,6.194,6.194,22.3059,22.3059,0.3879,0.3879,False,0,3.7344,0.004123,2.9953,0.3342605250028978,1.868859534726792,plus,False,-1.8162134564212289,-2.1195847051048795,0.3033712486836506,True,True,1.0,True,100.0,155.9000000000001,0.0,True,[],0.24427564911836055,0.1387291996809155,5.843951064334154e-07
93,4-6,283,4-6/r283,bo,1310.6605052134269,"{""0"": {""K"": 0.0, ""B1"": 4120.134913416401, ""A1"": 2800.5663517678436, ""A2"": 1919.3113061779716, ""A3"": 2303.4577054063175, ""A4"": 982.1690506311738, ""B2"": 3714.383096514691}}",3.7343,0.13430003875130717,0.8055310465609322,0.06306895343906782,"[0.28186247423944666, 0.22952505744237617, 0.8860505190142798, 0.6022723337135147, 0.4127551196081659, 0.4953672484744769, 0.21121915067337071, 0.7987920637666002, 0.09047637620775717, 0.7016619764743011, 0.7496130407919291, 0.8940614792681745, 0.0011727005459654105, 0.003766135108860591]",22.0,22.0,87.0,9.2457,9.2457,72.0546,72.0546,0.0293,0.0293,False,0,3.7344,0.004123,2.9953,0.28186247423944666,1.7855221649098567,plus,False,-0.9396200897967202,-0.7349857208613448,0.20463436893537534,True,True,1.0,True,100.0,384.0999999999999,0.0,True,[],0.2740501892036235,0.1230072647756521,1.3732251651744426e-07
94,4-6,283,4-6/r283,bo,1752.6800117260482,"{""0"": {""K"": 0.0, ""B1"": 3602.005495956837, ""A1"": 903.6549042644642, ""A2"": 3820.5674184015284, ""A3"": 1008.1946377836896, ""A4"": 3345.661729768686, ""B2"": 4398.658115572171}}",3.7343,0.16561963804480906,0.8055310465609322,0.06306895343906782,"[0.3769204326292577, 0.11890496870810985, 0.77462483784018, 0.19433438801386327, 0.8216274018067803, 0.21681605113627733, 0.7194971461868143, 0.9459479818434776, 0.34867281282931795, 0.4297648682085301, 0.17366343340520785, 0.6285776874539724, 0.03226299795356635, 0.32308000639465995]",41.0,41.0,57.0,2.9103,2.9103,52.1433,52.1433,0.8066,0.8066,False,0,3.7416,0.323869,2.9953,0.3769204326292577,1.785752445168474,plus,False,0.015421020561356635,-0.003021352962540358,0.018442373523896993,True,True,1.0,True,100.0,104.59999999999991,0.0,True,[],0.4194246278752501,0.0977657993938033,5.551035630140272e-07
95,4-6,283,4-6/r283,bo,1461.0472616999725,"{""0"": {""K"": 0.0, ""B1"": 2799.36978513896, ""A1"": 2682.206922082652, ""A2"": 1017.1177876630935, ""A3"": 4498.18958168677, ""A4"": 2450.5758275064704, ""B2"": 4128.793062859508}}",3.7343,0.10984928764865182,0.8055310465609322,0.06306895343906782,"[0.3142037121935425, 0.8648795078353696, 0.6020150075567656, 0.5768186929210004, 0.21873500809959, 0.9673525982122085, 0.5270055543024668, 0.8879124866364533, 0.624627063164163, 0.23171236056724787, 0.006225076354456682, 0.023362503779600696, 0.0029034155732559075, 0.07797689234715022]",62.0,62.0,35.0,1.0685,1.0685,6.7522,6.7522,0.0726,0.0726,False,0,3.7361,0.079618,2.9953,0.3142037121935425,1.828705624185083,minus,True,-0.32817934137565985,0.40602386261471257,0.7342032039903724,True,True,1.0,True,100.0,117.09999999999945,0.0,True,[],0.22947186435437766,0.11918807030122663,9.906583988099727e-09
96,4-6,283,4-6/r283,bo,4646.923161864574,"{""0"": {""K"": 0.0, ""B1"": 3758.0729566303894, ""A1"": 3698.594249054464, ""A2"": 205.55979851922584, ""A3"": 3805.336495392631, ""A4"": 4564.9489075644515, ""B2"": 4052.096329818578}}",3.7343,0.05060225159111896,0.8055310465609322,0.06306895343906782,"[0.9993383143794782, 0.46658567588225675, 0.8081877326086859, 0.7953966126998847, 0.04420640828370448, 0.818351934493039, 0.9817094424869788, 0.8714185655523824, 0.8791522780944817, 0.839621633379624, 0.9712891392274305, 0.9158733787128176, 0.9857981612457744, 0.6342253480421454]",81.0,81.0,102.0,11.6842,11.6842,73.6905,73.6905,24.645,24.645,False,0,3.7486,0.634733,2.9953,0.9993383143794782,1.7344945687579503,plus,False,0.42306312119913936,0.25982446112722035,0.163238660071919,True,True,1.0,True,100.0,47.30000000000018,0.0,True,[],0.21746154469867413,0.12254203294131266,1.2348825085267472e-08
97,4-6,283,4-6/r283,bo,1647.4556383595573,"{""0"": {""K"": 0.0, ""B1"": 1919.1784103778064, ""A1"": 1807.5697553660182, ""A2"": 1794.4252103097592, ""A3"": 3635.5245167489084, ""A4"": 3043.252526136905, ""B2"": 4522.507795507163}}",3.7343,0.044453373720168846,0.8055310465609322,0.06306895343906782,"[0.3542915351310876, 0.18997731903087678, 0.4127265398661949, 0.38872467857333726, 0.3858978946902708, 0.7818332294083674, 0.6544629088466463, 0.9725823216144437, 0.1742081397398495, 0.776433166787665, 0.6214978779129648, 0.25518104695270505, 0.012539608700087634, 0.7109381172805612]",28.0,28.0,95.0,7.8365,7.8365,24.1386,24.1386,0.3135,0.3135,False,0,3.7503,0.710229,2.9953,0.3542915351310876,1.7214123647089927,minus,True,-1.8832353240969117,-1.210586673648815,0.6726486504480969,True,True,1.0,True,100.0,13.099999999999909,0.0,True,[],0.270309400812383,0.11182208831366945,1.1551729092253898e-08
98,4-6,283,4-6/r283,bo,1613.3339043116607,"{""0"": {""K"": 0.0, ""B1"": 898.965004154213, ""A1"": 2924.8714506864167, ""A2"": 433.814395465754, ""A3"": 445.913138409639, ""A4"": 3195.8372972378597, ""B2"": 3891.8997422770217}}",3.7343,0.10036661173776479,0.8055310465609322,0.06306895343906782,"[0.3469535278089593, 0.6092421914399502, 0.19332580734499205, 0.6290046130508423, 0.09329341837973204, 0.09589529858271806, 0.6872768381156688, 0.8369676865111875, 0.9942042106136415, 0.8982567255537625, 0.2182917835612871, 0.19198108992909002, 0.6997270987651838, 0.24570013753428133]",90.0,90.0,109.0,3.4012,3.4012,19.3986,19.3986,17.4932,17.4932,False,0,3.7398,0.243932,2.9953,0.3469535278089593,1.664172073749251,minus,True,0.7420869871078926,1.6010518226199215,0.858964835512029,True,True,1.0,True,100.0,12.099999999999909,0.0,True,[],0.6151691899884842,0.056421645010947055,2.6889256210925353e-06
99,4-6,283,4-6/r283,bo,1519.6734617505522,"{""0"": {""K"": 0.0, ""B1"": 39.04968209763685, ""A1"": 1349.2620332266995, ""A2"": 2421.9195190203855, ""A3"": 611.8076581737735, ""A4"": 601.8789279665574, ""B2"": 408.4991813881962}}",3.7343,0.14694352112578954,0.8055310465609322,0.06306895343906782,"[0.3268114971506564, 0.01257816021985425, 0.008397781096265988, 0.2901638781132687, 0.520842907316212, 0.13157153939220934, 0.12943632859495857, 0.08784928632004219, 0.7197680894770989, 0.1471239727278686, 0.9431879325769499, 0.716813622817249, 0.10831327959053627, 0.13060808244060107]",69.0,69.0,26.0,11.3751,11.3751,58.761,58.761,2.7078,2.7078,False,0,3.7372,0.128468,2.9953,0.3268114971506564,1.6771086259554078,plus,False,1.1777007061036895,1.2759836080848759,0.09828290198118639,True,True,1.0,True,100.0,9.900000000000091,0.0,True,[],0.21389839033833144,0.12094906394836469,7.420569079088256e-09
100,4-6,283,4-6/r283,bo,1639.11623122094,"{""0"": {""K"": 0.0, ""B1"": 167.13768566556257, ""A1"": 2727.6906008346837, ""A2"": 2951.324006606337, ""A3"": 2708.7442038731856, ""A4"": 654.4864881911091, ""B2"": 3830.8626689349835}}",3.7343,0.251067873846267,0.8055310465609322,0.06306895343906782,"[0.35249811424106237, 0.47552899168237195, 0.035943588315174746, 0.58660012921176, 0.634693334754051, 0.5825256352415453, 0.14074978240669012, 0.8238414341795663, 0.30772003275645077, 0.5822950191975252, 0.9814036281058459, 0.012072149223795403, 0.03210086765930176, 0.22214321044304974]",38.0,38.0,74.0,11.7954,11.7954,5.9054,5.9054,0.8025,0.8025,False,0,3.7393,0.221728,2.9953,0.35249811424106237,1.610771195985465,plus,False,1.4592195445209077,1.2484636387726014,0.21075590574830638,True,True,1.0,True,100.0,18.900000000000546,0.0,True,[],0.5652186777960676,0.06570451462760375,1.0735063542017505e-06
101,4-6,283,4-6/r283,bo,1782.0265302877624,"{""0"": {""K"": 0.0, ""B1"": 2750.473400863812, ""A1"": 1895.0359962875375, ""A2"": 3152.6245622780307, ""A3"": 483.2413751478267, ""A4"": 2718.2173148596876, ""B2"": 3770.083442271317}}",3.7343,0.20618206112121742,0.8055310465609322,0.06306895343906782,"[0.3832315118898414, 0.6484370140506023, 0.5914996560997445, 0.40753462285753494, 0.6779837768339851, 0.10392287637587672, 0.5845628634106855, 0.8107706327465197, 0.5779129516289989, 0.25049676039965163, 0.5190457406529673, 0.2567579108972282, 0.26298094640879466, 0.045655420520398615]",58.0,58.0,38.0,6.7095,6.7095,24.2568,24.2568,6.5745,6.5745,False,0,3.7353,0.044091,2.9953,0.3832315118898414,1.8309613089649794,plus,False,0.9906727423074881,0.5060424227293613,0.48463031957812686,True,True,1.0,True,100.0,32.30000000000018,0.0,True,[],0.33911788359920064,0.10726320561699233,9.897521511269584e-08
102,4-6,283,4-6/r283,bo,1630.6446956393515,"{""0"": {""K"": 0.0, ""B1"": 1354.1590330454305, ""A1"": 2004.93922158181, ""A2"": 3008.4165451471918, ""A3"": 3484.948055484748, ""A4"": 3420.1535529816256, ""B2"": 2437.421776093401}}",3.7343,0.04296086379635246,0.8055310465609322,0.06306895343906782,"[0.3506762786321186, 0.6097555814245421, 0.291216996353856, 0.431169725071357, 0.6469713000316542, 0.7494511947279028, 0.7355168931143281, 0.5241767260415916, 0.5596407146516912, 0.22816734040145314, 0.007711007843828055, 0.4796328594274737, 0.0005803776975750186, 0.764270172151857]",57.0,57.0,35.0,1.0848,1.0848,40.9725,40.9725,0.0145,0.0145,False,0,3.7515,0.76352,2.9953,0.3506762786321186,1.6830545610547163,plus,False,-1.3313792186379003,-1.2531016042350211,0.07827761440287917,True,True,1.0,True,100.0,64.80000000000001,0.0,True,[],0.2329724756949776,0.13082059839475,1.1412774777509683e-07
103,4-6,283,4-6/r283,bo,1307.2964775698656,"{""0"": {""K"": 0.0, ""B1"": 3040.09063158465, ""A1"": 1312.9665493250586, ""A2"": 1554.0717019664653, ""A3"": 869.768577707757, ""A4"": 3054.741772061925, ""B2"": 1894.0568945064751}}",3.7343,0.09077447705214814,0.8055310465609322,0.06306895343906782,"[0.2811390274343797, 0.011910895904849061, 0.6537829315235807, 0.2823583977043137, 0.33420896816483125, 0.18704700595865742, 0.6569337144219194, 0.4073240633347258, 0.38478957968980565, 0.9442423470375824, 0.6263575120565241, 0.49680730120927263, 0.08358996788966755, 0.6496775256776763]",44.0,44.0,114.0,7.8899,7.8899,42.2605,42.2605,2.0897,2.0897,False,0,3.7489,0.648056,2.9953,0.2811390274343797,1.8211199223152976,plus,False,0.4625775907255933,-0.424858675008427,0.8874362657340202,True,True,1.0,True,100.0,14.600000000000364,0.0,True,[],0.21588765401491558,0.11582252189346946,2.3585438307248082e-09
104,4-6,283,4-6/r283,bo,1491.7526352343102,"{""0"": {""K"": 0.0, ""B1"": 3583.8864451424192, ""A1"": 528.9753114419387, ""A2"": 1402.012180125308, ""A3"": 360.90431182115356, ""A4"": 3792.1419200249347, ""B2"": 3459.7625568239073}}",3.7343,0.1814656579025997,0.8055310465609322,0.06306895343906782,"[0.32080701832995917, 0.07600123172982742, 0.7707282677725633, 0.11375813149289005, 0.3015079957258727, 0.07761383049917281, 0.8155143914032118, 0.7440349584567543, 0.9337326450674454, 0.9129272042263191, 0.6590098376768896, 0.17666865959440425, 0.002826114167218008, 0.24485298856207893]",85.0,85.0,110.0,8.2491,8.2491,18.2501,18.2501,0.0707,0.0707,False,0,3.7398,0.243932,2.9953,0.32080701832995917,1.8164042918489507,plus,False,0.795784560771073,0.8495551543830983,0.0537705936120253,True,True,1.0,True,100.0,124.10000000000002,0.0,True,[],0.2315352272540923,0.11556307354165483,4.631703588409191e-09
105,4-6,283,4-6/r283,bo,1826.621764292391,"{""0"": {""K"": 0.0, ""B1"": 4213.052572006719, ""A1"": 3868.103177320355, ""A2"": 3178.804630979935, ""A3"": 2234.3382136941464, ""A4"": 4431.430537497014, ""B2"": 3985.463763983621}}",3.7343,0.18707981607910412,0.8055310465609322,0.06306895343906782,"[0.39282188479406255, 0.05141598987356044, 0.9060328111842407, 0.8318501456602914, 0.6836138991354699, 0.4805028416546552, 0.9529958145154869, 0.857088981501854, 0.1908461758758242, 0.4884982450342277, 0.9661179750902026, 0.21344114071467168, 0.3668753031973213, 0.09839173584615657]",29.0,29.0,64.0,11.6273,11.6273,21.0081,21.0081,9.1719,9.1719,False,0,3.7365,0.097382,2.9953,0.39282188479406255,1.8497959123973424,plus,False,-2.078516975226123,-2.0838812216236735,0.0053642463975505095,True,True,1.0,True,100.0,117.39999999999986,0.0,True,[],0.22743547433420785,0.11396764736640762,2.5500177182959716e-09
106,4-6,283,4-6/r283,bo,1654.936634429354,"{""0"": {""K"": 0.0, ""B1"": 1785.8821221620806, ""A1"": 3446.0473149116365, ""A2"": 1529.7158539841496, ""A3"": 2856.669433149959, ""A4"": 1348.590191237415, ""B2"": 3775.157045244644}}",3.7343,0.1374694333418373,0.8055310465609322,0.06306895343906782,"[0.3559003514901836, 0.32885876257761004, 0.3840606714327055, 0.7410854440670186, 0.3289711513944408, 0.6143375125053675, 0.29001939596503545, 0.8118617301601385, 0.6245548981058834, 0.6888281068485391, 0.16200647052064887, 0.7957006396801701, 0.8449822254104679, 0.8907281260073534]",62.0,62.0,86.0,2.7821,2.7821,64.6775,64.6775,21.1246,21.1246,False,0,3.7544,0.892307,2.9953,0.3559003514901836,1.8732719143094203,plus,False,-0.9133370364868552,-0.7197394092279146,0.19359762725894059,True,True,1.0,True,100.0,181.19999999999982,0.0,True,[],0.2194171319016457,0.11302769761447946,1.341874896114178e-09
107,4-6,283,4-6/r283,bo,1522.5638395929714,"{""0"": {""K"": 0.0, ""B1"": 1192.5956821398197, ""A1"": 2772.894784135436, ""A2"": 3395.3671593313825, ""A3"": 77.00271486224484, ""A4"": 598.1432541562365, ""B2"": 1695.14397342676}}",3.7343,0.03983326756116811,0.8055310465609322,0.06306895343906782,"[0.3274330837834347, 0.5412505854611122, 0.2564721897074881, 0.5963214589538572, 0.7301864858777166, 0.016559723626289213, 0.12863295788306162, 0.3645470910595183, 0.07260796537275782, 0.743422173666557, 0.038025236621131664, 0.8300531699469184, 0.8606091084724854, 0.731056751972219]",20.0,20.0,92.0,1.4183,1.4183,67.254,67.254,21.5152,21.5152,False,0,3.7508,0.732434,2.9953,0.3274330837834347,1.801747865711493,plus,False,2.808935016232657,2.1603059813673973,0.6486290348652597,True,True,1.0,True,100.0,77.0,0.0,True,[],0.2145275710053665,0.11284234428307298,9.989390426373605e-10
108,4-6,283,4-6/r283,bo,1618.2185737658322,"{""0"": {""K"": 0.0, ""B1"": 1777.283493273872, ""A1"": 2311.2252625273777, ""A2"": 681.7709871948009, ""A3"": 1133.798027352514, ""A4"": 891.8503883794411, ""B2"": 2054.311147308609}}",3.7343,0.11437993351243897,0.8055310465609322,0.06306895343906782,"[0.3480039943582435, 0.8155367584527794, 0.3822115039298649, 0.4970376908661027, 0.14661741660103245, 0.2438275327639815, 0.19179578244719164, 0.4417873435072278, 0.5140662198450643, 0.38307831066697706, 0.7095279633101015, 0.3297569432392483, 0.7862135902169043, 0.030680144436977863]",54.0,54.0,52.0,8.8048,8.8048,29.7318,29.7318,19.6553,19.6553,False,0,3.735,0.030768,2.9953,0.3480039943582435,1.713822361498907,plus,False,0.4481321765968972,0.45972800061544283,0.011595824018545642,True,True,1.0,True,100.0,210.0999999999999,0.0,True,[],0.2111946994818086,0.11292363635168062,8.639499940865529e-10
109,4-6,283,4-6/r283,bo,28.211645493907206,"{""0"": {""K"": 0.0, ""B1"": 2635.9255715064505, ""A1"": 932.3508511205561, ""A2"": 4437.210446898781, ""A3"": 1412.7319628991456, ""A4"": 4323.745228811943, ""B2"": 29.458208551702796}}",3.7343,0.05624627754615843,0.8055310465609322,0.06306895343906782,"[0.00606702053632413, 0.4520421128641935, 0.5668657143024625, 0.20050555938076475, 0.954238805784684, 0.303813325354655, 0.9298376836154717, 0.006335098613269419, 0.8194534799488138, 0.9048816247539421, 0.7919018912900202, 0.1649951487360447, 0.0904427049637534, 0.4103261943573705]",76.0,76.0,110.0,9.7109,9.7109,17.3746,17.3746,2.2611,2.2611,False,0,3.7435,0.408246,2.9953,0.00606702053632413,1.8081830182509866,minus,True,1.8870988726683522,2.4388894147180085,0.5517905420496563,True,True,1.0,True,99.99999999999997,29.500000000000004,0.0,True,[],0.20615209501516818,0.11745454609809937,2.251147189252097e-09
110,4-6,283,4-6/r283,bo,1399.7827319657904,"{""0"": {""K"": 0.0, ""B1"": 4353.5826205941485, ""A1"": 466.03020490001825, ""A2"": 4421.304466133407, ""A3"": 3975.066232049201, ""A4"": 171.72509848478376, ""B2"": 4073.6334711217073}}",3.7343,0.12556204492290976,0.8055310465609322,0.06306895343906782,"[0.30102854450877214, 0.8721617297297868, 0.9362543270094943, 0.10022154944086414, 0.9508181647598725, 0.8548529531288604, 0.03693012870640511, 0.8760502088433779, 0.0826992534430051, 0.6792770905769884, 0.36354186187529103, 0.10669732095008189, 0.08343522980722384, 0.2714772835089754]",21.0,21.0,85.0,4.999,4.999,13.0023,13.0023,2.0859,2.0859,False,0,3.7404,0.270578,2.9953,0.30102854450877214,1.7120681455239652,plus,False,0.8936070124154529,0.8191511515584717,0.07445586085698119,True,True,1.0,True,100.0,67.69999999999982,0.0,True,[],0.3240884456480977,0.10265219353345563,1.679344774914568e-08
111,4-6,283,4-6/r283,bo,1638.8219609255814,"{""0"": {""K"": 0.0, ""B1"": 4117.882467263637, ""A1"": 2434.511003868057, ""A2"": 2420.8030474023303, ""A3"": 3645.7075463767114, ""A4"": 1785.3520845476924, ""B2"": 2705.400297151419}}",3.7343,0.051118583962825606,0.8055310465609322,0.06306895343906782,"[0.35243483030657663, 0.4216770383952839, 0.8855661219921801, 0.5235507535200122, 0.5206028058929743, 0.7840231282530562, 0.3839466848489661, 0.5818065155164343, 0.2498174014142962, 0.9740531678676166, 0.5692854827249334, 0.17356097370655466, 0.18808866917167233, 0.6201240266992306]",34.0,34.0,117.0,7.2621,7.2621,18.0171,18.0171,4.7022,4.7022,False,0,3.7483,0.621411,2.9953,0.35243483030657663,1.8213932197183755,plus,False,-1.5765498058519818,-1.890978050383971,0.31442824453198925,True,True,1.0,True,100.0,13.700000000000273,0.0,True,[],0.20876052320366992,0.11188400327912017,5.684126674223648e-10
112,4-6,283,4-6/r283,bo,1452.192209687857,"{""0"": {""K"": 0.0, ""B1"": 990.5996676534013, ""A1"": 3811.9864214555696, ""A2"": 3946.6512396659546, ""A3"": 3680.2272292540947, ""A4"": 2867.278913695229, ""B2"": 3806.381981314112}}",3.7343,0.04037119942025759,0.8055310465609322,0.06306895343906782,"[0.3122993999328725, 0.011419715526790997, 0.2130321865921293, 0.8197820261194774, 0.8487422020786999, 0.7914467159686225, 0.6166191212247805, 0.8185767701750779, 0.5730264363134134, 0.7844621380721176, 0.5365243348167146, 0.39665849574630596, 0.00792110636665877, 0.9227104259137873]",58.0,58.0,96.0,6.9018,6.9018,34.7494,34.7494,0.198,0.198,False,0,3.7551,0.923393,2.9953,0.3122993999328725,1.6259716075250967,minus,True,-0.5177366065876412,0.7346793784715016,1.2524159850591428,True,True,1.0,True,100.0,5.600000000000023,0.0,True,[],0.20796758571433774,0.1109367731820766,4.1365665573577145e-10
113,4-6,283,4-6/r283,bo,1691.0376940731023,"{""0"": {""K"": 0.0, ""B1"": 3566.886773515142, ""A1"": 387.43110444645873, ""A2"": 2258.0965736486073, ""A3"": 1756.292102469128, ""A4"": 2808.412390398646, ""B2"": 4125.632705029091}}",3.7343,0.35378481023212166,0.8055310465609322,0.06306895343906782,"[0.3636640202307747, 0.07236418090737984, 0.7670724244118585, 0.08331851708525995, 0.48561216637604454, 0.37769722633744685, 0.6039596538491712, 0.8872328397912024, 0.673889301871719, 0.31379627994736903, 0.33288589108777333, 0.626891529498988, 0.4362474854977515, 0.10216501681424528]",66.0,66.0,45.0,4.6617,4.6617,52.0169,52.0169,10.9062,10.9062,False,0,3.7366,0.101823,2.9953,0.3636640202307747,1.757052352187502,plus,False,1.687633806068862,1.7337869188525448,0.046153112783682726,True,True,1.0,True,100.0,387.5,0.0,True,[],0.25434745039741347,0.12400416510461076,7.595353049363321e-08
114,4-6,283,4-6/r283,bo,1972.0799084172013,"{""0"": {""K"": 0.0, ""B1"": 1518.3075790913476, ""A1"": 2173.0942103722036, ""A2"": 1240.1922844358287, ""A3"": 645.8937366468617, ""A4"": 457.32560141437733, ""B2"": 4576.595378505149}}",3.7343,0.11113390994110046,0.8055310465609322,0.06306895343906782,"[0.4241032061112261, 0.6712725076607965, 0.32651775894437585, 0.46733208825208683, 0.26670801815824274, 0.13890187884878746, 0.09834959170201663, 0.9842140598935804, 0.3520636549354067, 0.598929959406812, 0.7538421587010045, 0.7116170019868016, 0.10590490218222293, 0.06928879906010876]",41.0,41.0,76.0,9.2923,9.2923,58.3713,58.3713,2.6476,2.6476,False,0,3.7359,0.070736,2.9953,0.4241032061112261,1.6743784115518725,minus,True,0.5518248617415692,0.8740899621238523,0.32226510038228307,True,True,1.0,True,100.0,73.39999999999986,0.0,True,[],0.20589952202648268,0.11283732111144174,6.448563773886613e-10
115,4-6,283,4-6/r283,bo,1439.8816810019932,"{""0"": {""K"": 0.0, ""B1"": 1803.9923147592851, ""A1"": 291.707016434926, ""A2"": 2437.7685784941195, ""A3"": 3680.4445876507634, ""A4"": 3545.706985620672, ""B2"": 404.1194893916223}}",3.7343,0.13001629677546275,0.8055310465609322,0.06306895343906782,"[0.3096519744090308, 0.5779334345012153, 0.3879553365073731, 0.0627326917064357, 0.5242513072030365, 0.7914934597098416, 0.7625176313162736, 0.08690741707346716, 0.14673479293304514, 0.34318735227455976, 0.9454353678090929, 0.3863725587171942, 0.20246222310677675, 0.16791699608081723]",26.0,26.0,48.0,11.3998,11.3998,33.9779,33.9779,5.0616,5.0616,False,0,3.7381,0.168437,2.9953,0.3096519744090308,1.8410603333676465,plus,False,2.1097316577917686,1.4463488345998892,0.6633828231918795,True,True,1.0,True,100.0,112.40000000000009,0.0,True,[],0.20293089510394474,0.11237526628696146,4.852048476806392e-10
116,4-6,283,4-6/r283,bo,1452.8340029753033,"{""0"": {""K"": 0.0, ""B1"": 2147.780204300972, ""A1"": 3212.647119711701, ""A2"": 2116.480200813793, ""A3"": 2937.35370725752, ""A4"": 577.6830293533429, ""B2"": 3244.8908982644843}}",3.7343,0.16629647866509897,0.8055310465609322,0.06306895343906782,"[0.3124374199946889, 0.16988196680163448, 0.46188821597870366, 0.6908918537014411, 0.4551570324330738, 0.6316889693026925, 0.12423290953835331, 0.6978259996267708, 0.33794832828420895, 0.346601333468758, 0.25526421732869964, 0.6029770294336022, 0.725637305413813, 0.15422618891432127]",40.0,40.0,48.0,3.8079,3.8079,50.2233,50.2233,18.1409,18.1409,False,0,3.7378,0.155114,2.9953,0.3124374199946889,1.8436807782457751,plus,False,0.7251312447441138,0.28564483375807315,0.4394864109860407,True,True,1.0,True,100.0,31.299999999999727,0.0,True,[],0.20520601083526407,0.11154805322172388,4.288298539821844e-10
117,4-6,283,4-6/r283,bo,4636.482211341963,"{""0"": {""K"": 0.0, ""B1"": 3315.5096540213735, ""A1"": 497.27325503066123, ""A2"": 3078.2717843111077, ""A3"": 2358.0254297107676, ""A4"": 241.73088903202427, ""B2"": 2361.1296545955756}}",3.7343,0.04988880467900724,0.8055310465609322,0.06306895343906782,"[0.9970929486756911, 0.023354185266930783, 0.7130128288218007, 0.10694048495283037, 0.6619939321099156, 0.5071022429485522, 0.05198513742624178, 0.5077698181925969, 0.5734531524748679, 0.5865255483070877, 0.8730894361060162, 0.8572439541489513, 0.8750161556228471, 0.8551230122658019]",58.0,58.0,75.0,10.604,10.604,69.2933,69.2933,21.8754,21.8754,False,0,3.7536,0.856779,2.9953,0.997092948675691,1.9150456061645431,minus,True,1.0081438447784363,1.403197924251164,0.39505407947272775,True,True,1.0,True,100.0,3.099999999999909,0.0,True,[],0.20081889970984554,0.1149064609264094,8.894469966196064e-10
118,4-6,283,4-6/r283,bo,3102.7971166967063,"{""0"": {""K"": 0.0, ""B1"": 3022.6958176916655, ""A1"": 955.805787864144, ""A2"": 690.5658687811988, ""A3"": 4288.478991622753, ""A4"": 2394.5339566071816, ""B2"": 2370.1265586805853}}",3.7343,0.1463164239371731,0.8055310465609322,0.06306895343906782,"[0.6672681971390766, 0.779995121981173, 0.650042111331541, 0.20554963179874064, 0.14850878898520403, 0.9222535465855382, 0.5149535390553078, 0.5097046362753946, 0.6625535029383715, 0.6874958961560335, 0.9030913990687662, 0.8357402348956103, 0.15677260178760088, 0.13326578542617562]",65.0,65.0,86.0,10.934,10.934,67.6805,67.6805,3.9193,3.9193,False,0,3.7373,0.132909,2.9953,0.6672681971390766,1.9144627843294941,minus,True,-0.0844553272795443,0.9800125270166464,1.0644678542961907,True,True,1.0,True,100.0,24.399999999999977,0.0,True,[],0.19983544701197223,0.11084308029223675,2.619124418547181e-10
119,4-6,283,4-6/r283,bo,1758.2303020621841,"{""0"": {""K"": 0.0, ""B1"": 1042.8005092515511, ""A1"": 3369.2907662035896, ""A2"": 845.5557583735915, ""A3"": 682.7161630813999, ""A4"": 3778.667110508864, ""B2"": 4031.8642608326277}}",3.7343,0.18797292560931705,0.8055310465609322,0.06306895343906782,"[0.37811404345423316, 0.033926660814862064, 0.22425817403259163, 0.7245786593986214, 0.1818399480373315, 0.14682068023255912, 0.8126165829051321, 0.8670675829747586, 0.273640155834314, 0.49788024954750765, 0.7982128823454503, 0.16654719959534425, 0.25909388431585967, 0.05548475360538441]",36.0,36.0,65.0,9.7803,9.7803,17.491,17.491,6.4773,6.4773,False,0,3.7356,0.057414,2.9953,0.37811404345423316,1.6891082986647752,minus,True,0.6076382945966142,1.598388905627564,0.9907506110309497,True,True,1.0,True,100.0,162.9000000000001,0.0,True,[],0.31094172575566215,0.09101861328986159,2.2924697660419487e-10
