trial_id,tunnel_id,ring_id,case_id,kind,k_y,per_ring_offsets,r_surface_min_ceiling_ref,gt_miou,best_so_far,regret_vs_ceiling,search_x,hough_threshold,hough_oblique_threshold,hough_horizontal_threshold,merge_distance_threshold,line_merge_distance,single_ring_visual_slot_snap_px,line_snap_tolerance_px,slot_inset_y,segmentation_slot_inset_y,agent_error,n_reclassified_by_r_filter,r_surface_min,r_surface_min_frac,r_surface_min_otsu_ref,k_y_frac,arc_width_entropy,order_branch,branch_is_minus,direction_score_plus,direction_score_minus,direction_margin,direction_select_enabled,det_k_count_match,det_k_confidence_avg,det_block_count_per_ring,det_y_coverage_pct,det_min_y_gap_px,det_y_order_consistency,det_ready_for_segmentation,det_guardrail_violations,bo_surrogate_mean,bo_surrogate_std,ei_value
0,1-4,206,1-4/r206,sam4tun_static,1119.0077525328509,"{""0"": {""K"": 0.0, ""B1"": 215.98449493429825, ""A1"": 863.937979737193, ""A2"": 1511.8914645400878, ""A3"": 2159.8449493429825, ""B2"": 2807.7984341458773}}",2.7397,0.1719663166806335,0.1719663166806335,0.7631336833193665,"[0.3237869654319592, 0.0, 0.062495513580526116, 0.24998205432210446, 0.4374685950636828, 0.6249551358052612, 0.8124416765468395, 0.29333333333333333, 0.24545454545454545, 1.0, 0.4266666666666667, 0.0, 0.0]",37.0,37.0,37.0,12.0,12.0,37.0,37.0,0.0,0.0,False,0,2.7397,0.00139,2.4101,0.3237869654319592,1.7426347616144442,plus,False,3.6245065443868,3.6238798011291395,0.0006267432576603227,True,True,1.0,False,100.0,216.0,0.0,False,"[""block_count_per_ring != 7 (missing or extra blocks)""]",,,
1,1-4,206,1-4/r206,intrinsic_r_otsu,2160.3299325857292,"{""0"": {""K"": 0.0, ""B1"": 2680.7697454873887, ""A1"": 778.3160486074855, ""A2"": 1037.3746806531951, ""A3"": 3019.000707289481, ""B2"": 18.196892578626247}}",2.7397,0.17059605785635545,0.1719663166806335,0.7631336833193665,"[0.625095466604667, 0.8972138009695755, 0.7756856902451935, 0.22520718999059186, 0.30016628491122543, 0.8735534453962619, 0.005265304565574724, 0.8212284183827663, 0.7970694287520462, 0.4679349528437208, 0.3030324268193135, 0.2784256121007733, 0.0]",77.0,77.0,98.0,6.1473,6.1473,27.7274,27.7274,6.9606,6.9606,False,0,2.7397,0.00139,2.4101,0.625095466604667,1.5458869746539976,plus,False,1.69348335549244,1.423753365951796,0.269729989540644,True,True,1.0,False,100.0,18.199999999999818,0.0,False,"[""block_count_per_ring != 7 (missing or extra blocks)""]",,,
2,1-4,206,1-4/r206,random,1538.1837131304264,"{""0"": {""K"": 0.0, ""B1"": 1912.886848769446, ""A1"": 3440.448979549261, ""A2"": 2739.4395928027307, ""A3"": 2150.251416948658, ""B2"": 3417.8462703885943}}",2.7397,0.07814044901571364,0.1719663166806335,0.7631336833193665,"[0.4450763058826466, 0.5045482589579533, 0.5534973520744925, 0.9955002834343927, 0.7926619192137531, 0.6221792294411627, 0.9889601476818849, 0.21530869823559895, 0.16021203385784455, 0.6125396042730308, 0.04394200796138337, 0.03568027877359614, 0.5148888202713703]",31.0,31.0,28.0,7.7379,7.7379,8.2957,8.2957,0.892,0.892,False,0,2.7468,0.515187,2.4101,0.4450763058826465,1.5791616556368795,plus,False,-2.3084330362704657,-2.1972911222737403,0.11114191399672535,True,True,1.0,False,100.0,15.600000000000136,0.0,False,"[""block_count_per_ring != 7 (missing or extra blocks)""]",,,
3,1-4,206,1-4/r206,random,1611.2080235241992,"{""0"": {""K"": 0.0, ""B1"": 2174.6059355209322, ""A1"": 1776.79058664792, ""A2"": 1717.1945927199508, ""A3"": 855.4115705264553, ""B2"": 40.76015227490025}}",2.7397,0.05836244516249538,0.1719663166806335,0.7631336833193665,"[0.4662060253252891, 0.9171677731928523, 0.6292262544910104, 0.5141176465995139, 0.49687343539350426, 0.24751492202733083, 0.01179402554250586, 0.19240214398531064, 0.6920321208818392, 0.2006067239869952, 0.3695363106022067, 0.0037342420520759534, 0.8300477298017456]",29.0,29.0,86.0,3.2067,3.2067,32.7152,32.7152,0.0934,0.0934,False,0,2.7512,0.833596,2.4101,0.46620602532528915,1.7792959576398664,minus,True,1.931814627943528,2.279849897513741,0.34803526957021313,True,True,1.0,False,100.00000000000003,40.799999999999955,0.0,False,"[""block_count_per_ring != 7 (missing or extra blocks)""]",,,
4,1-4,206,1-4/r206,random,533.8174961483361,"{""0"": {""K"": 0.0, ""B1"": 3042.4279241577437, ""A1"": 1761.8370389052704, ""A2"": 2927.7512514404443, ""A3"": 2210.8625289533707, ""B2"": 2563.560394082578}}",2.7397,0.10075107693337178,0.1719663166806335,0.7631336833193665,"[0.15446108106143985, 0.26759930456378545, 0.8803321539808286, 0.5097908098684232, 0.8471502463658693, 0.6397171669425262, 0.7417709473618571, 0.09149560506304566, 0.5411438213764888, 0.50777223630035, 0.8713393766928806, 0.3612640590141576, 0.5981840672072131]",22.0,22.0,70.0,6.5855,6.5855,70.3505,70.3505,9.0316,9.0316,False,0,2.7479,0.594789,2.4101,0.15446108106143985,1.6109255292733478,plus,False,-2.4701526455881737,-2.439443498707172,0.030709146881001903,True,True,1.0,False,100.0,114.60000000000001,0.0,False,"[""block_count_per_ring != 7 (missing or extra blocks)""]",,,
5,1-4,206,1-4/r206,random,204.7736759460605,"{""0"": {""K"": 0.0, ""B1"": 1116.4136126683622, ""A1"": 519.0902636674816, ""A2"": 2821.2644867987256, ""A3"": 1311.3659688778798, ""B2"": 3382.552688525182}}",2.7397,0.15812672768218247,0.1719663166806335,0.7631336833193665,"[0.05925164234550362, 0.3876318011107287, 0.32303634625820665, 0.15019972907045187, 0.8163381038190757, 0.37944617155031246, 0.9787478844112216, 0.5899916930106103, 0.6050562538298513, 0.6379965807883322, 0.6764502438127883, 0.1507880191683687, 0.44031346718818754]",59.0,59.0,77.0,8.018,8.018,55.7338,55.7338,3.7697,3.7697,False,0,2.7458,0.442821,2.4101,0.05925164234550362,1.6001713874068244,plus,False,0.3589848801473625,0.4476037624639807,0.08861888231661819,True,True,1.0,False,100.0,73.5,0.0,False,"[""block_count_per_ring != 7 (missing or extra blocks)""]",,,
6,1-4,206,1-4/r206,random,827.9330520828327,"{""0"": {""K"": 0.0, ""B1"": 334.2093486281128, ""A1"": 3344.813744424727, ""A2"": 743.0539531019214, ""A3"": 2321.620401984601, ""B2"": 1038.251801591667}}",2.7397,0.05653547192994187,0.1719663166806335,0.7631336833193665,"[0.23956396182952333, 0.40249829810398163, 0.09670409393174562, 0.9678280510488214, 0.21500403735588003, 0.6717651626112849, 0.3004200814790703, 0.8740770261495044, 0.6622147383384538, 0.13161581580830573, 0.8450743208745529, 0.9449481711449795, 0.9039167881959268]",81.0,81.0,83.0,2.4478,2.4478,68.3806,68.3806,23.6237,23.6237,False,0,2.7522,0.905961,2.4101,0.23956396182952333,1.6290221587531393,plus,False,1.8739532894427036,1.1811818016022744,0.6927714878404292,True,True,1.0,False,100.0,111.19999999999993,0.0,False,"[""block_count_per_ring != 7 (missing or extra blocks)""]",,,
7,1-4,206,1-4/r206,random,1968.9493750016622,"{""0"": {""K"": 0.0, ""B1"": 665.1538386105567, ""A1"": 3206.842046477076, ""A2"": 1908.8403413780636, ""A3"": 623.9894346394386, ""B2"": 3055.300626343}}",2.7397,0.12758271225155482,0.1719663166806335,0.7631336833193665,"[0.5697191478592772, 0.1454599537609269, 0.19246349496833237, 0.9279056847445244, 0.5523264876672638, 0.18055249844891164, 0.8840568941964699, 0.6415717052224807, 0.5696942744738079, 0.3762878361299201, 0.41095528215712984, 0.23948921268184487, 0.03805728669123909]",63.0,63.0,73.0,5.1392,5.1392,35.8216,35.8216,5.9872,5.9872,False,0,2.7402,0.037573,2.4101,0.5697191478592772,1.6407655329791455,minus,True,0.11487220390474576,0.8902847249625917,0.775412521057846,True,True,1.0,False,100.0,41.19999999999982,0.0,False,"[""block_count_per_ring != 7 (missing or extra blocks)""]",,,
8,1-4,206,1-4/r206,random,3028.2122008256406,"{""0"": {""K"": 0.0, ""B1"": 1892.627248482669, ""A1"": 1113.396398600458, ""A2"": 2596.5789230186306, ""A3"": 87.08038549088381, ""B2"": 1286.272301985345}}",2.7397,0.08785479912196296,0.1719663166806335,0.7631336833193665,"[0.876218808109271, 0.4677302168140961, 0.5476351992137353, 0.3221633097802251, 0.7513249198549279, 0.025196870801760363, 0.37218527256520395, 0.03035029438411163, 0.12289210220500935, 0.9671482353973677, 0.6577607300385144, 0.4282202463894813, 0.5237401079104803]",17.0,17.0,24.0,11.6386,11.6386,54.3321,54.3321,10.7055,10.7055,False,0,2.7469,0.522423,2.4101,0.876218808109271,1.7335807277825284,plus,False,2.129746325874196,2.2258230955702403,0.09607676969604428,True,True,1.0,False,100.0,87.10000000000036,0.0,False,"[""block_count_per_ring != 7 (missing or extra blocks)""]",,,
9,1-4,206,1-4/r206,random,3016.4286247998602,"{""0"": {""K"": 0.0, ""B1"": 2040.0456347932538, ""A1"": 2362.8131942614627, ""A2"": 1228.3100133932578, ""A3"": 1794.0043693301418, ""B2"": 2644.694956610574}}",2.7397,0.05757804904396673,0.1719663166806335,0.7631336833193665,"[0.8728092085647744, 0.3442106669960262, 0.5902909822897147, 0.6836843733395437, 0.35541377702351207, 0.5190984864959901, 0.7652473832785226, 0.9091793139905502, 0.1510622780768155, 0.9334193923074285, 0.005178865815432143, 0.752977503597754, 0.8105268303172452]",83.0,83.0,27.0,11.2676,11.2676,5.3884,5.3884,18.8244,18.8244,False,0,2.7509,0.811886,2.4101,0.8728092085647744,1.5838372349525842,plus,False,-1.3185878333209253,-1.786393105228956,0.46780527190803056,True,True,1.0,False,100.0,246.0999999999999,0.0,False,"[""block_count_per_ring != 7 (missing or extra blocks)""]",,,
10,1-4,206,1-4/r206,random,472.65656213116176,"{""0"": {""K"": 0.0, ""B1"": 2817.5256967508776, ""A1"": 49.32123155001426, ""A2"": 2171.964491825901, ""A3"": 2740.689762386806, ""B2"": 1772.9403822335526}}",2.7397,0.10745278166706229,0.1719663166806335,0.7631336833193665,"[0.13676405154258153, 0.41890365091318515, 0.8152562779950456, 0.014271189684610608, 0.6284619478662907, 0.7930236580980341, 0.5130035828222085, 0.7258494205510871, 0.22642348269714407, 0.19852114799267284, 0.3631269505503516, 0.17940602756714652, 0.34606143911247844]",69.0,69.0,35.0,3.1837,3.1837,32.2345,32.2345,4.4852,4.4852,False,0,2.7445,0.348746,2.4101,0.13676405154258153,1.655634448192509,plus,False,1.1037114023698984,1.2476668990926396,0.14395549672274122,True,True,1.0,False,100.0,49.30000000000001,0.0,False,"[""block_count_per_ring != 7 (missing or extra blocks)""]",,,
11,1-4,206,1-4/r206,random,3276.716756235776,"{""0"": {""K"": 0.0, ""B1"": 1175.2752410064224, ""A1"": 938.389086059162, ""A2"": 3290.248479885197, ""A3"": 1536.1166925404234, ""B2"": 3388.244259043317}}",2.7397,0.1519350479681407,0.1719663166806335,0.7631336833193665,"[0.9481240614108147, 0.5733327176111209, 0.34006806742083984, 0.2715246198087853, 0.9520394907075223, 0.44447820964711326, 0.9803947508805895, 0.515522669106271, 0.521166129026224, 0.8965405237160008, 0.7427674182150396, 0.5806528638528226, 0.4266495038362583]",54.0,54.0,67.0,10.8619,10.8619,60.7076,60.7076,14.5163,14.5163,False,0,2.7456,0.428348,2.4101,0.9481240614108147,1.5836419726509166,plus,False,-0.9603178794885252,-0.7963028337762139,0.1640150457123113,True,True,1.0,False,100.0,67.69999999999982,0.0,False,"[""block_count_per_ring != 7 (missing or extra blocks)""]",,,
12,1-4,206,1-4/r206,random,3035.017242149577,"{""0"": {""K"": 0.0, ""B1"": 3189.0570952382236, ""A1"": 237.48025693315344, ""A2"": 1486.0691547304195, ""A3"": 1795.4432174978806, ""B2"": 3286.442403930873}}",2.7397,0.20671929169904907,0.20671929169904907,0.728380708300951,"[0.8781878594182805, 0.4116461499068884, 0.9227595761684675, 0.06871535212186153, 0.42999686190116304, 0.519514819877859, 0.9509381955818498, 0.25099924666475815, 0.8060391472621088, 0.6764711999985934, 0.717085904281123, 0.6296221828402035, 0.97156070846158]",34.0,34.0,99.0,8.4412,8.4412,58.7814,58.7814,15.7406,15.7406,False,0,2.7531,0.97109,2.4101,0.8781878594182805,1.4178998762571424,plus,False,0.3746853469774316,0.3291374953195967,0.045547851657834926,True,True,1.0,False,100.0,97.40000000000009,0.0,False,"[""block_count_per_ring != 7 (missing or extra blocks)""]",,,
13,1-4,206,1-4/r206,random,1149.7471230343388,"{""0"": {""K"": 0.0, ""B1"": 701.263015649912, ""A1"": 175.2332150209669, ""A2"": 735.8107218347723, ""A3"": 3163.844956460227, ""B2"": 2903.6234320993944}}",2.7397,0.10478460358428941,0.20671929169904907,0.728380708300951,"[0.33268145921132486, 0.39827555967937056, 0.2029117522135162, 0.05070405527227051, 0.2129081949753392, 0.9154643971239083, 0.8401688171583896, 0.11240574149257898, 0.6037790253168653, 0.4791964948896248, 0.5946848704882786, 0.6592750066090632, 0.3066594908888719]",23.0,23.0,76.0,6.2712,6.2712,49.6014,49.6014,16.4819,16.4819,False,0,2.7439,0.305326,2.4101,0.33268145921132486,1.555993565137454,plus,False,1.0683057101316629,0.9639182221632472,0.10438748796841568,True,True,1.0,False,100.0,34.59999999999991,0.0,False,"[""block_count_per_ring != 7 (missing or extra blocks)""]",,,
14,1-4,206,1-4/r206,random,3322.4285194091954,"{""0"": {""K"": 0.0, ""B1"": 2170.716554413118, ""A1"": 2195.341691557409, ""A2"": 635.5217543374927, ""A3"": 213.80688514842905, ""B2"": 1422.2021420090014}}",2.7397,0.07429388179167631,0.20671929169904907,0.728380708300951,"[0.9613508447364569, 0.4658400350611249, 0.6281008548649069, 0.6352261838997132, 0.18388939650969116, 0.06186541815637414, 0.4115168234979749, 0.7640300884384686, 0.8152217882917717, 0.729989249002065, 0.113204952525223, 0.9133548615310455, 0.8020365779972838]",72.0,72.0,100.0,9.0299,9.0299,13.4904,13.4904,22.8339,22.8339,False,0,2.7508,0.804649,2.4101,0.961350844736457,1.5820690096617689,plus,False,1.5099406150887953,0.914120931057472,0.5958196840313232,True,True,1.0,False,99.99999999999999,24.700000000000273,0.0,False,"[""block_count_per_ring != 7 (missing or extra blocks)""]",,,
15,1-4,206,1-4/r206,random,3033.301363140788,"{""0"": {""K"": 0.0, ""B1"": 3164.4360637081313, ""A1"": 161.23013436863408, ""A2"": 104.67821006761643, ""A3"": 69.8650215188436, ""B2"": 873.5685510036893}}",2.7397,0.2714963146413305,0.2714963146413305,0.6636036853586695,"[0.8776913666495335, 0.5233041529751773, 0.9156354351007324, 0.04665223795388718, 0.030288833931601977, 0.020215573356146876, 0.2527686779524564, 0.24856977320898288, 0.18750333435596656, 0.5670558183853956, 0.038985841033045365, 0.5903878678348518, 0.16601115304721703]",34.0,34.0,31.0,7.2376,7.2376,7.9239,7.9239,14.7597,14.7597,False,0,2.742,0.167831,2.4101,0.8776913666495335,1.618837870394788,plus,False,1.0322644489640447,0.19380178928923275,0.8384626596748119,True,True,1.0,False,100.0,34.80000000000018,0.0,False,"[""block_count_per_ring != 7 (missing or extra blocks)""]",,,
16,1-4,206,1-4/r206,random,2342.7315368086215,"{""0"": {""K"": 0.0, ""B1"": 1073.3306010158415, ""A1"": 3242.9074874041057, ""A2"": 1860.6978888557576, ""A3"": 2804.846063892771, ""B2"": 2274.1381380501243}}",2.7397,0.08812629283013175,0.2714963146413305,0.6636036853586695,"[0.6778737085673094, 0.02107535444389108, 0.3105701970531949, 0.9383412868646139, 0.5383963798772446, 0.8115874027467508, 0.6580260816117258, 0.6107507856135262, 0.19125268008489738, 0.574394748257806, 0.039686418459000006, 0.8016644050918733, 0.9600709170261761]",61.0,61.0,31.0,7.3183,7.3183,7.9765,7.9765,20.0416,20.0416,False,0,2.7529,0.956617,2.4101,0.6778737085673094,1.706765384548771,minus,True,-1.5300948789996456,-1.2221371421469844,0.30795773685266115,True,True,1.0,False,100.0,213.0999999999999,0.0,False,"[""block_count_per_ring != 7 (missing or extra blocks)""]",,,
17,1-4,206,1-4/r206,random,2951.455350557417,"{""0"": {""K"": 0.0, ""B1"": 1170.409248162035, ""A1"": 1099.0190518120476, ""A2"": 389.54992339423865, ""A3"": 2165.5704475979865, ""B2"": 2756.015454066048}}",2.7397,0.05454656969696405,0.2714963146413305,0.6636036853586695,"[0.8540090713418452, 0.0507096459660612, 0.33866008338021847, 0.31800319786228226, 0.11271699172286997, 0.626611819328121, 0.7974581753663333, 0.3137214720022439, 0.8628092349187347, 0.7971269128461297, 0.12913794147432478, 0.7668591567381553, 0.8826207199019183]",39.0,39.0,105.0,9.7684,9.7684,14.6853,14.6853,19.1715,19.1715,False,0,2.7519,0.884252,2.4101,0.8540090713418452,1.610997676967973,minus,True,1.2640916605266626,1.6084551542606234,0.3443634937339608,True,True,1.0,False,100.0,71.39999999999998,0.0,False,"[""block_count_per_ring != 7 (missing or extra blocks)""]",,,
18,1-4,206,1-4/r206,random,681.808561338516,"{""0"": {""K"": 0.0, ""B1"": 2207.5198825723874, ""A1"": 2105.859193894425, ""A2"": 332.62506188251825, ""A3"": 2285.0776892676645, ""B2"": 2184.0355284924162}}",2.7397,0.05773155692794727,0.2714963146413305,0.6636036853586695,"[0.19728256983174652, 0.5736411794985231, 0.6387499660221029, 0.6093342574925998, 0.09624567762804348, 0.6611914610149492, 0.6319547246795186, 0.8238854890020143, 0.8035126991303283, 0.32716820793265566, 0.7220473329265539, 0.867273387572356, 0.8929477581907895]",77.0,77.0,98.0,4.5989,4.5989,59.1535,59.1535,21.6818,21.6818,False,0,2.752,0.891488,2.4101,0.19728256983174652,1.7325427239987725,plus,False,-0.05438477716232237,-0.02699552266035643,0.027389254501965943,True,True,1.0,False,100.0,23.5,0.0,False,"[""block_count_per_ring != 7 (missing or extra blocks)""]",,,
19,1-4,206,1-4/r206,random,558.1866019288294,"{""0"": {""K"": 0.0, ""B1"": 2249.190524467222, ""A1"": 741.9211986024461, ""A2"": 1948.1808070669913, ""A3"": 3265.2444550124424, ""B2"": 1310.928621416874}}",2.7397,0.24402902886942598,0.2714963146413305,0.6636036853586695,"[0.16151232694699924, 0.026702350086284632, 0.6508074434222286, 0.21467627274376333, 0.5637097242670692, 0.9448045298068409, 0.3793196242525677, 0.25277455038430674, 0.4565100499618694, 0.6572439132707336, 0.10109896785465877, 0.3805847635005427, 0.1337211888385227]",34.0,34.0,60.0,8.2297,8.2297,12.5824,12.5824,9.5146,9.5146,False,0,2.7415,0.131649,2.4101,0.16151232694699924,1.7638946300465357,minus,True,0.018198357783066887,0.4838551071570206,0.46565674937395374,True,True,1.0,False,100.0,190.80000000000007,0.0,False,"[""block_count_per_ring != 7 (missing or extra blocks)""]",,,
20,1-4,206,1-4/r206,random,2289.414141898861,"{""0"": {""K"": 0.0, ""B1"": 1302.4066685487521, ""A1"": 1284.6779807883895, ""A2"": 1864.5868533223338, ""A3"": 743.2396864292514, ""B2"": 855.0475486275602}}",2.7397,0.14503474962717405,0.2714963146413305,0.6636036853586695,"[0.6624462216142538, 0.8305525322631839, 0.37685378140878245, 0.3717239527744183, 0.5395216589474345, 0.21505777963809358, 0.2474095916167709, 0.3298522832824141, 0.45742569813821743, 0.08153146030257341, 0.7527321363670056, 0.5790545744292542, 0.2996938728905012]",40.0,40.0,60.0,1.8968,1.8968,61.4549,61.4549,14.4764,14.4764,False,0,2.7438,0.29809,2.4101,0.6624462216142538,1.5193781600253418,plus,False,-0.47599627461872257,-0.38984037286687856,0.08615590175184401,True,True,1.0,False,100.0,17.700000000000017,0.0,False,"[""block_count_per_ring != 7 (missing or extra blocks)""]",,,
21,1-4,206,1-4/r206,random,268.0009540450657,"{""0"": {""K"": 0.0, ""B1"": 453.0089835348043, ""A1"": 460.3621559604881, ""A2"": 451.64475350994815, ""A3"": 280.84254721686307, ""B2"": 3132.492014823288}}",2.7397,0.08319974350753447,0.2714963146413305,0.6636036853586695,"[0.07754657235100282, 0.7631809514014812, 0.1310789882913207, 0.13320664234967827, 0.13068424580727667, 0.08126231111599047, 0.906392365400257, 0.2692442996733905, 0.3064105792068602, 0.8327943100020676, 0.6199234597118014, 0.18714338654071883, 0.4348134123765889]",35.0,35.0,44.0,10.1607,10.1607,51.4943,51.4943,4.6786,4.6786,False,0,2.7457,0.435584,2.4101,0.07754657235100282,1.3354328346252025,plus,False,0.2966678631952555,0.18420350416884235,0.11246435902641316,True,True,1.0,False,100.0,1.3999999999999773,0.0,False,"[""block_count_per_ring != 7 (missing or extra blocks)""]",,,
22,1-4,206,1-4/r206,random,3054.836038079739,"{""0"": {""K"": 0.0, ""B1"": 2456.8066478472206, ""A1"": 334.5674417388336, ""A2"": 2513.6344284084075, ""A3"": 2683.492499169492, ""B2"": 2853.84999756257}}",2.7397,0.13312686675509494,0.2714963146413305,0.6636036853586695,"[0.8839224647221466, 0.3753740170194637, 0.7108815531965337, 0.09680770883646805, 0.7273247767385439, 0.7764735240652465, 0.8257667817021326, 0.6742009904352112, 0.37073279482625254, 0.06421200016610362, 0.5187762340602949, 0.7574599063822021, 0.19083820348967717]",66.0,66.0,51.0,1.7063,1.7063,43.9082,43.9082,18.9365,18.9365,False,0,2.7423,0.189541,2.4101,0.8839224647221466,1.4440149771497341,plus,False,0.7368682869614015,0.479613968581891,0.2572543183795105,True,True,1.0,False,100.0,56.90000000000009,0.0,False,"[""block_count_per_ring != 7 (missing or extra blocks)""]",,,
23,1-4,206,1-4/r206,random,920.115855174333,"{""0"": {""K"": 0.0, ""B1"": 2586.233881375209, ""A1"": 3098.6037415037245, ""A2"": 434.5626845980887, ""A3"": 636.8378556666122, ""B2"": 2763.1997731174215}}",2.7397,0.16817470933029346,0.2714963146413305,0.6636036853586695,"[0.2662372266129436, 0.5361200423793722, 0.7483315628979192, 0.8965867307591795, 0.12574151753416918, 0.18427021286649659, 0.7995369713881428, 0.6445216230234747, 0.7209727918099774, 0.9967711650313137, 0.9391799586908811, 0.8430250668415862, 0.777115809053182]",63.0,63.0,89.0,11.9645,11.9645,75.4385,75.4385,21.0756,21.0756,False,0,2.7504,0.775703,2.4101,0.2662372266129436,1.505492109182922,plus,False,0.8276078278774752,0.741752693751544,0.08585513412593127,True,True,1.0,False,100.0,177.0,0.0,False,"[""block_count_per_ring != 7 (missing or extra blocks)""]",,,
24,1-4,206,1-4/r206,perturb_ambiguous_lines,3033.301363140788,"{""0"": {""K"": 0.0, ""B1"": 3164.4360637081313, ""A1"": 161.23013436863408, ""A2"": 104.67821006761643, ""A3"": 69.8650215188436, ""B2"": 873.5685510036893}}",2.7397,0.2714963146413305,0.2714963146413305,0.6636036853586695,"[0.8776913666495335, 0.0, 0.9156354351007324, 0.04665223795388718, 0.030288833931601977, 0.020215573356146876, 0.2527686779524564, 0.24856977320898288, 0.18750333435596656, 0.8550008852666869, 0.9766480174617239, 0.5903878678348518, 0.16601115304721703]",34.0,34.0,31.0,10.405,10.405,78.2486,78.2486,14.7597,14.7597,False,0,2.742,0.167831,2.4101,0.8776913666495335,1.618837870394788,plus,False,1.0322644489640447,0.19380178928923275,0.8384626596748119,True,True,1.0,False,100.0,34.80000000000018,0.0,False,"[""block_count_per_ring != 7 (missing or extra blocks)""]",,,
25,1-4,206,1-4/r206,perturb_wrong_k,3456.0,"{""0"": {""K"": 0.0, ""B1"": 3164.4360637081313, ""A1"": 161.23013436863408, ""A2"": 104.67821006761643, ""A3"": 69.8650215188436, ""B2"": 873.5685510036893}}",2.7397,0.1933295373451866,0.2714963146413305,0.6636036853586695,"[1.0, 0.0, 0.9156354351007324, 0.04665223795388718, 0.030288833931601977, 0.020215573356146876, 0.2527686779524564, 0.24856977320898288, 0.18750333435596656, 0.5670558183853956, 0.038985841033045365, 0.5903878678348518, 0.16601115304721703]",34.0,34.0,31.0,7.2376,7.2376,7.9239,7.9239,14.7597,14.7597,False,0,2.742,0.167831,2.4101,0.0,1.618837870394788,plus,False,2.032264448964044,1.1938017892892314,0.8384626596748124,True,True,1.0,False,100.00000000000003,34.8,0.0,False,"[""block_count_per_ring != 7 (missing or extra blocks)""]",,,
26,1-4,206,1-4/r206,perturb_guardrail_smoke,69.12,"{""0"": {""K"": 0.0, ""B1"": 1611.289805851676, ""A1"": 1352.4877888300086, ""A2"": 1997.9550332826211, ""A3"": 2239.089376750555, ""B2"": 1363.0341126365086}}",2.7397,0.20881303915139618,0.2714963146413305,0.6636036853586695,"[0.02, 0.0, 0.4662296891931933, 0.39134484630497934, 0.5781119887970547, 0.6478846576245818, 0.3943964446286194, 0.24856977320898288, 0.18750333435596656, 0.5670558183853956, 0.038985841033045365, 0.5903878678348518, 0.16601115304721703]",34.0,34.0,31.0,7.2376,7.2376,7.9239,7.9239,14.7597,14.7597,False,0,2.742,0.167831,2.4101,0.02,1.5815754558662158,plus,False,-1.8146117191027624,-1.7240857850470555,0.09052593405570697,True,True,1.0,False,100.0,10.600000000000136,0.0,False,"[""block_count_per_ring != 7 (missing or extra blocks)""]",,,
27,1-4,206,1-4/r206,perturb_offset_shift,3033.301363140788,"{""0"": {""K"": 0.0, ""B1"": 2902.7026573790217, ""A1"": 376.46522365114566, ""A2"": 318.41715484574877, ""A3"": 253.41612351602492, ""B2"": 827.7826538242368}}",2.7397,0.29003418080045706,0.29003418080045706,0.645065819199543,"[0.8776913666495335, 0.0, 0.8399023892879114, 0.10893090962128057, 0.09213459341601526, 0.07332642462847944, 0.23952044381488335, 0.24856977320898288, 0.18750333435596656, 0.5670558183853956, 0.038985841033045365, 0.5903878678348518, 0.16601115304721703]",34.0,34.0,31.0,7.2376,7.2376,7.9239,7.9239,14.7597,14.7597,False,0,2.742,0.167831,2.4101,0.8776913666495335,1.6466732090781424,plus,False,1.1063846721533588,0.3697546059724022,0.7366300661809566,True,True,1.0,False,100.0,58.100000000000364,0.0,False,"[""block_count_per_ring != 7 (missing or extra blocks)""]",,,
28,1-4,206,1-4/r206,perturb_small_segment,3033.301363140788,"{""0"": {""K"": 0.0, ""B1"": 241.92000000000002, ""A1"": 864.0, ""A2"": 1486.08, ""A3"": 2108.16, ""B2"": 2730.2400000000002}}",2.7397,0.1860106566820843,0.29003418080045706,0.645065819199543,"[0.8776913666495335, 0.0, 0.07, 0.25, 0.43, 0.61, 0.79, 0.24856977320898288, 0.18750333435596656, 0.5670558183853956, 0.038985841033045365, 0.5903878678348518, 0.16601115304721703]",34.0,34.0,31.0,7.2376,7.2376,7.9239,7.9239,14.7597,14.7597,False,0,2.742,0.167831,2.4101,0.8776913666495335,1.7485390979470619,plus,False,3.4918999091790894,3.2656179424569136,0.22628196672217582,True,True,1.0,False,100.0,241.89999999999964,0.0,False,"[""block_count_per_ring != 7 (missing or extra blocks)""]",,,
29,1-4,206,1-4/r206,perturb_wrong_r_low,3033.301363140788,"{""0"": {""K"": 0.0, ""B1"": 3164.4360637081313, ""A1"": 161.23013436863408, ""A2"": 104.67821006761643, ""A3"": 69.8650215188436, ""B2"": 873.5685510036893}}",2.7397,0.2822395240275678,0.29003418080045706,0.645065819199543,"[0.8776913666495335, 0.0, 0.9156354351007324, 0.04665223795388718, 0.030288833931601977, 0.020215573356146876, 0.2527686779524564, 0.24856977320898288, 0.18750333435596656, 0.5670558183853956, 0.038985841033045365, 0.5903878678348518, 0.05]",34.0,34.0,31.0,7.2376,7.2376,7.9239,7.9239,14.7597,14.7597,False,0,2.7404,0.052046,2.4101,0.8776913666495335,1.618837870394788,plus,False,1.0322644489640447,0.19380178928923275,0.8384626596748119,True,True,1.0,False,100.0,34.80000000000018,0.0,False,"[""block_count_per_ring != 7 (missing or extra blocks)""]",,,
30,1-4,206,1-4/r206,perturb_weak_hough,3033.301363140788,"{""0"": {""K"": 0.0, ""B1"": 3164.4360637081313, ""A1"": 161.23013436863408, ""A2"": 104.67821006761643, ""A3"": 69.8650215188436, ""B2"": 873.5685510036893}}",2.7397,0.2714963146413305,0.29003418080045706,0.645065819199543,"[0.8776913666495335, 0.0, 0.9156354351007324, 0.04665223795388718, 0.030288833931601977, 0.020215573356146876, 0.2527686779524564, 0.9067270493186231, 0.9129656398554912, 0.5670558183853956, 0.038985841033045365, 0.5903878678348518, 0.16601115304721703]",83.0,83.0,110.0,7.2376,7.2376,7.9239,7.9239,14.7597,14.7597,False,0,2.742,0.167831,2.4101,0.8776913666495335,1.618837870394788,plus,False,1.0322644489640447,0.19380178928923275,0.8384626596748119,True,True,1.0,False,100.0,34.80000000000018,0.0,False,"[""block_count_per_ring != 7 (missing or extra blocks)""]",,,
31,1-4,206,1-4/r206,perturb_misaligned,3056.730210633474,"{""0"": {""K"": 0.0, ""B1"": 3117.787793674929, ""A1"": 181.1486251439257, ""A2"": 196.59684149209076, ""A3"": 20.70447327574628, ""B2"": 1010.6918510811106}}",2.7397,0.1632936976065196,0.29003418080045706,0.645065819199543,"[0.884470547058297, 0.0, 0.9021376717809402, 0.052415690145811836, 0.056885660153961445, 0.005990877683954364, 0.29244555876189543, 0.24856977320898288, 0.18750333435596656, 0.5670558183853956, 0.038985841033045365, 0.5903878678348518, 0.16601115304721703]",34.0,34.0,31.0,7.2376,7.2376,7.9239,7.9239,14.7597,14.7597,False,0,2.742,0.167831,2.4101,0.8844705470582969,1.450071716621073,plus,False,1.1449280731629536,0.3368791247950602,0.8080489483678934,True,True,1.0,False,100.0,15.400000000000091,0.0,False,"[""block_count_per_ring != 7 (missing or extra blocks)""]",,,
32,1-4,206,1-4/r206,perturb_wrong_r_high,3033.301363140788,"{""0"": {""K"": 0.0, ""B1"": 3164.4360637081313, ""A1"": 161.23013436863408, ""A2"": 104.67821006761643, ""A3"": 69.8650215188436, ""B2"": 873.5685510036893}}",2.7397,0.1488403547451668,0.29003418080045706,0.645065819199543,"[0.8776913666495335, 0.0, 0.9156354351007324, 0.04665223795388718, 0.030288833931601977, 0.020215573356146876, 0.2527686779524564, 0.24856977320898288, 0.18750333435596656, 0.5670558183853956, 0.038985841033045365, 0.5903878678348518, 0.95]",34.0,34.0,31.0,7.2376,7.2376,7.9239,7.9239,14.7597,14.7597,False,0,2.7528,0.949381,2.4101,0.8776913666495335,1.618837870394788,plus,False,1.0322644489640447,0.19380178928923275,0.8384626596748119,True,True,1.0,False,100.0,34.80000000000018,0.0,False,"[""block_count_per_ring != 7 (missing or extra blocks)""]",,,
33,1-4,206,1-4/r206,perturb_wrong_k,2510.414338639386,"{""0"": {""K"": 0.0, ""B1"": 3164.4360637081313, ""A1"": 161.23013436863408, ""A2"": 104.67821006761643, ""A3"": 69.8650215188436, ""B2"": 873.5685510036893}}",2.7397,0.15679410809774444,0.29003418080045706,0.645065819199543,"[0.7263930378007483, 0.0, 0.9156354351007324, 0.04665223795388718, 0.030288833931601977, 0.020215573356146876, 0.2527686779524564, 0.24856977320898288, 0.18750333435596656, 0.5670558183853956, 0.038985841033045365, 0.5903878678348518, 0.16601115304721703]",34.0,34.0,31.0,7.2376,7.2376,7.9239,7.9239,14.7597,14.7597,False,0,2.742,0.167831,2.4101,0.7263930378007483,1.618837870394788,plus,False,1.78222880979386,0.9437257116305693,0.8385030981632906,True,True,1.0,False,100.0,34.79999999999973,0.0,False,"[""block_count_per_ring != 7 (missing or extra blocks)""]",,,
34,1-4,206,1-4/r206,perturb_ambiguous_lines,3033.301363140788,"{""0"": {""K"": 0.0, ""B1"": 3164.4360637081313, ""A1"": 161.23013436863408, ""A2"": 104.67821006761643, ""A3"": 69.8650215188436, ""B2"": 873.5685510036893}}",2.7397,0.2714963146413305,0.29003418080045706,0.645065819199543,"[0.8776913666495335, 0.0, 0.9156354351007324, 0.04665223795388718, 0.030288833931601977, 0.020215573356146876, 0.2527686779524564, 0.24856977320898288, 0.18750333435596656, 0.8550008852666869, 0.9766480174617239, 0.5903878678348518, 0.16601115304721703]",34.0,34.0,31.0,10.405,10.405,78.2486,78.2486,14.7597,14.7597,False,0,2.742,0.167831,2.4101,0.8776913666495335,1.618837870394788,plus,False,1.0322644489640447,0.19380178928923275,0.8384626596748119,True,True,1.0,False,100.0,34.80000000000018,0.0,False,"[""block_count_per_ring != 7 (missing or extra blocks)""]",,,
35,1-4,206,1-4/r206,perturb_wrong_k,3456.0,"{""0"": {""K"": 0.0, ""B1"": 3164.4360637081313, ""A1"": 161.23013436863408, ""A2"": 104.67821006761643, ""A3"": 69.8650215188436, ""B2"": 873.5685510036893}}",2.7397,0.1933295373451866,0.29003418080045706,0.645065819199543,"[1.0, 0.0, 0.9156354351007324, 0.04665223795388718, 0.030288833931601977, 0.020215573356146876, 0.2527686779524564, 0.24856977320898288, 0.18750333435596656, 0.5670558183853956, 0.038985841033045365, 0.5903878678348518, 0.16601115304721703]",34.0,34.0,31.0,7.2376,7.2376,7.9239,7.9239,14.7597,14.7597,False,0,2.742,0.167831,2.4101,0.0,1.618837870394788,plus,False,2.032264448964044,1.1938017892892314,0.8384626596748124,True,True,1.0,False,100.00000000000003,34.8,0.0,False,"[""block_count_per_ring != 7 (missing or extra blocks)""]",,,
36,1-4,206,1-4/r206,perturb_guardrail_smoke,69.12,"{""0"": {""K"": 0.0, ""B1"": 1611.289805851676, ""A1"": 1352.4877888300086, ""A2"": 1997.9550332826211, ""A3"": 2239.089376750555, ""B2"": 1363.0341126365086}}",2.7397,0.20881303915139618,0.29003418080045706,0.645065819199543,"[0.02, 0.0, 0.4662296891931933, 0.39134484630497934, 0.5781119887970547, 0.6478846576245818, 0.3943964446286194, 0.24856977320898288, 0.18750333435596656, 0.5670558183853956, 0.038985841033045365, 0.5903878678348518, 0.16601115304721703]",34.0,34.0,31.0,7.2376,7.2376,7.9239,7.9239,14.7597,14.7597,False,0,2.742,0.167831,2.4101,0.02,1.5815754558662158,plus,False,-1.8146117191027624,-1.7240857850470555,0.09052593405570697,True,True,1.0,False,100.0,10.600000000000136,0.0,False,"[""block_count_per_ring != 7 (missing or extra blocks)""]",,,
37,1-4,206,1-4/r206,perturb_offset_shift,3033.301363140788,"{""0"": {""K"": 0.0, ""B1"": 2902.7026573790217, ""A1"": 376.46522365114566, ""A2"": 318.41715484574877, ""A3"": 253.41612351602492, ""B2"": 827.7826538242368}}",2.7397,0.29003418080045706,0.29003418080045706,0.645065819199543,"[0.8776913666495335, 0.0, 0.8399023892879114, 0.10893090962128057, 0.09213459341601526, 0.07332642462847944, 0.23952044381488335, 0.24856977320898288, 0.18750333435596656, 0.5670558183853956, 0.038985841033045365, 0.5903878678348518, 0.16601115304721703]",34.0,34.0,31.0,7.2376,7.2376,7.9239,7.9239,14.7597,14.7597,False,0,2.742,0.167831,2.4101,0.8776913666495335,1.6466732090781424,plus,False,1.1063846721533588,0.3697546059724022,0.7366300661809566,True,True,1.0,False,100.0,58.100000000000364,0.0,False,"[""block_count_per_ring != 7 (missing or extra blocks)""]",,,
38,1-4,206,1-4/r206,perturb_small_segment,3033.301363140788,"{""0"": {""K"": 0.0, ""B1"": 241.92000000000002, ""A1"": 864.0, ""A2"": 1486.08, ""A3"": 2108.16, ""B2"": 2730.2400000000002}}",2.7397,0.1860106566820843,0.29003418080045706,0.645065819199543,"[0.8776913666495335, 0.0, 0.07, 0.25, 0.43, 0.61, 0.79, 0.24856977320898288, 0.18750333435596656, 0.5670558183853956, 0.038985841033045365, 0.5903878678348518, 0.16601115304721703]",34.0,34.0,31.0,7.2376,7.2376,7.9239,7.9239,14.7597,14.7597,False,0,2.742,0.167831,2.4101,0.8776913666495335,1.7485390979470619,plus,False,3.4918999091790894,3.2656179424569136,0.22628196672217582,True,True,1.0,False,100.0,241.89999999999964,0.0,False,"[""block_count_per_ring != 7 (missing or extra blocks)""]",,,
39,1-4,206,1-4/r206,perturb_wrong_r_low,3033.301363140788,"{""0"": {""K"": 0.0, ""B1"": 3164.4360637081313, ""A1"": 161.23013436863408, ""A2"": 104.67821006761643, ""A3"": 69.8650215188436, ""B2"": 873.5685510036893}}",2.7397,0.2822395240275678,0.29003418080045706,0.645065819199543,"[0.8776913666495335, 0.0, 0.9156354351007324, 0.04665223795388718, 0.030288833931601977, 0.020215573356146876, 0.2527686779524564, 0.24856977320898288, 0.18750333435596656, 0.5670558183853956, 0.038985841033045365, 0.5903878678348518, 0.05]",34.0,34.0,31.0,7.2376,7.2376,7.9239,7.9239,14.7597,14.7597,False,0,2.7404,0.052046,2.4101,0.8776913666495335,1.618837870394788,plus,False,1.0322644489640447,0.19380178928923275,0.8384626596748119,True,True,1.0,False,100.0,34.80000000000018,0.0,False,"[""block_count_per_ring != 7 (missing or extra blocks)""]",,,
40,1-4,206,1-4/r206,perturb_weak_hough,3033.301363140788,"{""0"": {""K"": 0.0, ""B1"": 3164.4360637081313, ""A1"": 161.23013436863408, ""A2"": 104.67821006761643, ""A3"": 69.8650215188436, ""B2"": 873.5685510036893}}",2.7397,0.2714963146413305,0.29003418080045706,0.645065819199543,"[0.8776913666495335, 0.0, 0.9156354351007324, 0.04665223795388718, 0.030288833931601977, 0.020215573356146876, 0.2527686779524564, 0.9067270493186231, 0.9129656398554912, 0.5670558183853956, 0.038985841033045365, 0.5903878678348518, 0.16601115304721703]",83.0,83.0,110.0,7.2376,7.2376,7.9239,7.9239,14.7597,14.7597,False,0,2.742,0.167831,2.4101,0.8776913666495335,1.618837870394788,plus,False,1.0322644489640447,0.19380178928923275,0.8384626596748119,True,True,1.0,False,100.0,34.80000000000018,0.0,False,"[""block_count_per_ring != 7 (missing or extra blocks)""]",,,
41,1-4,206,1-4/r206,perturb_misaligned,3056.730210633474,"{""0"": {""K"": 0.0, ""B1"": 3117.787793674929, ""A1"": 181.1486251439257, ""A2"": 196.59684149209076, ""A3"": 20.70447327574628, ""B2"": 1010.6918510811106}}",2.7397,0.1632936976065196,0.29003418080045706,0.645065819199543,"[0.884470547058297, 0.0, 0.9021376717809402, 0.052415690145811836, 0.056885660153961445, 0.005990877683954364, 0.29244555876189543, 0.24856977320898288, 0.18750333435596656, 0.5670558183853956, 0.038985841033045365, 0.5903878678348518, 0.16601115304721703]",34.0,34.0,31.0,7.2376,7.2376,7.9239,7.9239,14.7597,14.7597,False,0,2.742,0.167831,2.4101,0.8844705470582969,1.450071716621073,plus,False,1.1449280731629536,0.3368791247950602,0.8080489483678934,True,True,1.0,False,100.0,15.400000000000091,0.0,False,"[""block_count_per_ring != 7 (missing or extra blocks)""]",,,
42,1-4,206,1-4/r206,perturb_wrong_r_high,3033.301363140788,"{""0"": {""K"": 0.0, ""B1"": 3164.4360637081313, ""A1"": 161.23013436863408, ""A2"": 104.67821006761643, ""A3"": 69.8650215188436, ""B2"": 873.5685510036893}}",2.7397,0.1488403547451668,0.29003418080045706,0.645065819199543,"[0.8776913666495335, 0.0, 0.9156354351007324, 0.04665223795388718, 0.030288833931601977, 0.020215573356146876, 0.2527686779524564, 0.24856977320898288, 0.18750333435596656, 0.5670558183853956, 0.038985841033045365, 0.5903878678348518, 0.95]",34.0,34.0,31.0,7.2376,7.2376,7.9239,7.9239,14.7597,14.7597,False,0,2.7528,0.949381,2.4101,0.8776913666495335,1.618837870394788,plus,False,1.0322644489640447,0.19380178928923275,0.8384626596748119,True,True,1.0,False,100.0,34.80000000000018,0.0,False,"[""block_count_per_ring != 7 (missing or extra blocks)""]",,,
43,1-4,206,1-4/r206,perturb_wrong_k,2510.414338639386,"{""0"": {""K"": 0.0, ""B1"": 3164.4360637081313, ""A1"": 161.23013436863408, ""A2"": 104.67821006761643, ""A3"": 69.8650215188436, ""B2"": 873.5685510036893}}",2.7397,0.15679410809774444,0.29003418080045706,0.645065819199543,"[0.7263930378007483, 0.0, 0.9156354351007324, 0.04665223795388718, 0.030288833931601977, 0.020215573356146876, 0.2527686779524564, 0.24856977320898288, 0.18750333435596656, 0.5670558183853956, 0.038985841033045365, 0.5903878678348518, 0.16601115304721703]",34.0,34.0,31.0,7.2376,7.2376,7.9239,7.9239,14.7597,14.7597,False,0,2.742,0.167831,2.4101,0.7263930378007483,1.618837870394788,plus,False,1.78222880979386,0.9437257116305693,0.8385030981632906,True,True,1.0,False,100.0,34.79999999999973,0.0,False,"[""block_count_per_ring != 7 (missing or extra blocks)""]",,,
44,1-4,206,1-4/r206,perturb_ambiguous_lines,3033.301363140788,"{""0"": {""K"": 0.0, ""B1"": 3164.4360637081313, ""A1"": 161.23013436863408, ""A2"": 104.67821006761643, ""A3"": 69.8650215188436, ""B2"": 873.5685510036893}}",2.7397,0.2714963146413305,0.29003418080045706,0.645065819199543,"[0.8776913666495335, 0.0, 0.9156354351007324, 0.04665223795388718, 0.030288833931601977, 0.020215573356146876, 0.2527686779524564, 0.24856977320898288, 0.18750333435596656, 0.8550008852666869, 0.9766480174617239, 0.5903878678348518, 0.16601115304721703]",34.0,34.0,31.0,10.405,10.405,78.2486,78.2486,14.7597,14.7597,False,0,2.742,0.167831,2.4101,0.8776913666495335,1.618837870394788,plus,False,1.0322644489640447,0.19380178928923275,0.8384626596748119,True,True,1.0,False,100.0,34.80000000000018,0.0,False,"[""block_count_per_ring != 7 (missing or extra blocks)""]",,,
45,1-4,206,1-4/r206,perturb_wrong_k,3456.0,"{""0"": {""K"": 0.0, ""B1"": 3164.4360637081313, ""A1"": 161.23013436863408, ""A2"": 104.67821006761643, ""A3"": 69.8650215188436, ""B2"": 873.5685510036893}}",2.7397,0.1933295373451866,0.29003418080045706,0.645065819199543,"[1.0, 0.0, 0.9156354351007324, 0.04665223795388718, 0.030288833931601977, 0.020215573356146876, 0.2527686779524564, 0.24856977320898288, 0.18750333435596656, 0.5670558183853956, 0.038985841033045365, 0.5903878678348518, 0.16601115304721703]",34.0,34.0,31.0,7.2376,7.2376,7.9239,7.9239,14.7597,14.7597,False,0,2.742,0.167831,2.4101,0.0,1.618837870394788,plus,False,2.032264448964044,1.1938017892892314,0.8384626596748124,True,True,1.0,False,100.00000000000003,34.8,0.0,False,"[""block_count_per_ring != 7 (missing or extra blocks)""]",,,
46,1-4,206,1-4/r206,perturb_guardrail_smoke,69.12,"{""0"": {""K"": 0.0, ""B1"": 1611.289805851676, ""A1"": 1352.4877888300086, ""A2"": 1997.9550332826211, ""A3"": 2239.089376750555, ""B2"": 1363.0341126365086}}",2.7397,0.20881303915139618,0.29003418080045706,0.645065819199543,"[0.02, 0.0, 0.4662296891931933, 0.39134484630497934, 0.5781119887970547, 0.6478846576245818, 0.3943964446286194, 0.24856977320898288, 0.18750333435596656, 0.5670558183853956, 0.038985841033045365, 0.5903878678348518, 0.16601115304721703]",34.0,34.0,31.0,7.2376,7.2376,7.9239,7.9239,14.7597,14.7597,False,0,2.742,0.167831,2.4101,0.02,1.5815754558662158,plus,False,-1.8146117191027624,-1.7240857850470555,0.09052593405570697,True,True,1.0,False,100.0,10.600000000000136,0.0,False,"[""block_count_per_ring != 7 (missing or extra blocks)""]",,,
47,1-4,206,1-4/r206,perturb_offset_shift,3033.301363140788,"{""0"": {""K"": 0.0, ""B1"": 2902.7026573790217, ""A1"": 376.46522365114566, ""A2"": 318.41715484574877, ""A3"": 253.41612351602492, ""B2"": 827.7826538242368}}",2.7397,0.29003418080045706,0.29003418080045706,0.645065819199543,"[0.8776913666495335, 0.0, 0.8399023892879114, 0.10893090962128057, 0.09213459341601526, 0.07332642462847944, 0.23952044381488335, 0.24856977320898288, 0.18750333435596656, 0.5670558183853956, 0.038985841033045365, 0.5903878678348518, 0.16601115304721703]",34.0,34.0,31.0,7.2376,7.2376,7.9239,7.9239,14.7597,14.7597,False,0,2.742,0.167831,2.4101,0.8776913666495335,1.6466732090781424,plus,False,1.1063846721533588,0.3697546059724022,0.7366300661809566,True,True,1.0,False,100.0,58.100000000000364,0.0,False,"[""block_count_per_ring != 7 (missing or extra blocks)""]",,,
48,1-4,206,1-4/r206,bo,3077.1703199405165,"{""0"": {""K"": 0.0, ""B1"": 2372.908849949067, ""A1"": 476.00785184123333, ""A2"": 856.2692244323516, ""A3"": 256.8159198120908, ""B2"": 2028.0174494461075}}",2.7397,0.09803815304574029,0.29003418080045706,0.645065819199543,"[0.8903849305383439, 0.6105909216365647, 0.6866055700084106, 0.1377337534262828, 0.2477630857732499, 0.07431016198266516, 0.5868106045851006, 0.567574083306924, 0.3359185515215949, 0.7804082508281988, 0.12740861016298455, 0.742669278708214, 0.2053336303209241]",58.0,58.0,47.0,9.5845,9.5845,14.5556,14.5556,18.5667,18.5667,False,0,2.7425,0.204014,2.4101,0.8903849305383439,1.673722846757964,minus,True,1.2703417215324682,1.8999625230179027,0.6296208014854345,True,True,1.0,False,100.0,219.19999999999982,0.0,False,"[""block_count_per_ring != 7 (missing or extra blocks)""]",0.2145572958458698,0.06573104173789224,0.0029900331093715565
49,1-4,206,1-4/r206,bo,3091.814856123264,"{""0"": {""K"": 0.0, ""B1"": 1045.152801371021, ""A1"": 1627.7359315401122, ""A2"": 474.75531992888284, ""A3"": 61.77848263532168, ""B2"": 793.4461783412695}}",2.7397,0.1637395346142699,0.29003418080045706,0.645065819199543,"[0.8946223542023333, 0.7211676407711307, 0.30241689854485565, 0.4709884061169306, 0.13737133099794063, 0.0178757183551278, 0.22958512104782103, 0.6174862219212479, 0.46637403301073266, 0.19929794881604967, 0.36838945956671487, 0.32943721840099016, 0.021763783628363842]",61.0,61.0,61.0,3.1923,3.1923,32.6292,32.6292,8.2359,8.2359,False,0,2.74,0.0231,2.4101,0.8946223542023333,1.6232665605887906,plus,False,1.214414514085614,1.4057380312920258,0.19132351720641183,True,True,1.0,False,100.0,61.79999999999973,0.0,False,"[""block_count_per_ring != 7 (missing or extra blocks)""]",0.2997010329193921,0.016172921666665393,0.0062868571425258755
50,1-4,206,1-4/r206,bo,3126.277321146086,"{""0"": {""K"": 0.0, ""B1"": 1683.4230803923647, ""A1"": 1730.9790768005266, ""A2"": 2035.1525995040138, ""A3"": 526.7114562952195, ""B2"": 747.0892027145175}}",2.7397,0.13392148485091554,0.29003418080045706,0.645065819199543,"[0.9045941322760666, 0.20919337173778907, 0.4871015857616796, 0.5008620013890412, 0.5888751734675965, 0.1524049352706075, 0.21617164430396918, 0.9431575994891266, 0.6802739574908623, 0.7066721911533117, 0.8945339365370648, 0.23831922867535682, 0.015009807054170432]",86.0,86.0,85.0,8.7734,8.7734,72.09,72.09,5.958,5.958,False,0,2.7399,0.015864,2.4101,0.9045941322760664,1.349583565731047,plus,False,0.9347608128310168,0.2988506088581405,0.6359102039728762,True,True,1.0,False,100.0,47.59999999999991,0.0,False,"[""block_count_per_ring != 7 (missing or extra blocks)""]",0.30599463025256113,0.027970662330637542,0.014391308541826568
51,1-4,206,1-4/r206,bo,3033.1970260190965,"{""0"": {""K"": 0.0, ""B1"": 699.0523652733336, ""A1"": 2857.106515745512, ""A2"": 762.1455190070157, ""A3"": 1926.235364010019, ""B2"": 572.2464329517977}}",2.7397,0.16055903269104094,0.29003418080045706,0.645065819199543,"[0.8776611765101553, 0.7768204257656617, 0.20227209643325628, 0.8267090612689559, 0.22052821730527072, 0.557359769678825, 0.16558056509021923, 0.9964800853207251, 0.4302904693646913, 0.5069824258274451, 0.10584036398022267, 0.4689935958391882, 0.24511236773600575]",90.0,90.0,57.0,6.5768,6.5768,12.938,12.938,11.7248,11.7248,False,0,2.7431,0.247434,2.4101,0.8776611765101552,1.7000423070245687,plus,False,0.19267478563191817,0.1384641419914371,0.05421064364048106,True,True,1.0,False,100.00000000000003,63.10000000000002,0.0,False,"[""block_count_per_ring != 7 (missing or extra blocks)""]",0.21759232666898407,0.05943057947684203,0.0022413951207954017
52,1-4,206,1-4/r206,bo,2816.4735163757323,"{""0"": {""K"": 0.0, ""B1"": 1922.2551527246278, ""A1"": 1225.3093615757994, ""A2"": 539.5019198351109, ""A3"": 2314.293495191927, ""B2"": 793.9884101391423}}",2.7397,0.1652248084903958,0.29003418080045706,0.645065819199543,"[0.8149518276550152, 0.2636434947208699, 0.5562080881726353, 0.3545455328633679, 0.15610587958191868, 0.6696451085624788, 0.22974201682266848, 0.8845387769968671, 0.5602893243987596, 0.9875970469404871, 0.9161809939331989, 0.043916715394085926, 0.7759143399928118]",81.0,81.0,72.0,11.8636,11.8636,73.7136,73.7136,1.0979,1.0979,False,0,2.7504,0.775703,2.4101,0.8149518276550152,1.7741293302796466,plus,False,0.49176329499468885,0.4458173898221556,0.045945905172533275,True,True,1.0,False,100.0,254.5,0.0,False,"[""block_count_per_ring != 7 (missing or extra blocks)""]",0.20901643607811438,0.06326440151466983,0.002129091408499209
53,1-4,206,1-4/r206,bo,2980.560351813881,"{""0"": {""K"": 0.0, ""B1"": 1119.2559741464145, ""A1"": 2983.996876628853, ""A2"": 1135.6186101138385, ""A3"": 19.877572436134656, ""B2"": 3366.32029557548}}",2.7397,0.08282103434878992,0.29003418080045706,0.645065819199543,"[0.8624306573535535, 0.46192242858780075, 0.32385878881551344, 0.8634250221727006, 0.3285933478338653, 0.005751612394714889, 0.9740510114512384, 0.6426011954043523, 0.920442596068765, 0.6741350230073576, 0.7096752115357531, 0.5619945171993599, 0.41291343440316985]",63.0,63.0,111.0,8.4155,8.4155,58.2256,58.2256,14.0499,14.0499,False,0,2.7454,0.413875,2.4101,0.8624306573535535,1.579945288025177,plus,False,0.5325263609365303,0.49636831428361194,0.03615804665291833,True,True,1.0,False,100.0,16.40000000000009,0.0,False,"[""block_count_per_ring != 7 (missing or extra blocks)""]",0.1752959659494569,0.0656853925764473,0.0007279501936686109
54,1-4,206,1-4/r206,bo,634.2290839532532,"{""0"": {""K"": 0.0, ""B1"": 218.4931190445584, ""A1"": 1608.2550002979476, ""A2"": 2856.6827795662375, ""A3"": 2314.748023747421, ""B2"": 1296.5098135374958}}",2.7397,0.1607332662249572,0.29003418080045706,0.645065819199543,"[0.18351535994017742, 0.15802433813679495, 0.0632213886124301, 0.4653515625862117, 0.8265864524207863, 0.6697766272417306, 0.37514751549117353, 0.6277781390021366, 0.9049946711440553, 0.6519751987821247, 0.1358498762240007, 0.21326902576681706, 0.5905340144723414]",62.0,62.0,110.0,8.1717,8.1717,15.1887,15.1887,5.3317,5.3317,False,0,2.7478,0.587552,2.4101,0.18351535994017742,1.6294645260745628,minus,True,1.9785040027167458,2.9009044615354074,0.9224004588186616,True,True,1.0,False,100.00000000000003,218.5,0.0,False,"[""block_count_per_ring != 7 (missing or extra blocks)""]",0.1740202608528241,0.06633730947097072,0.0007340907008479753
55,1-4,206,1-4/r206,bo,3075.498612781785,"{""0"": {""K"": 0.0, ""B1"": 1912.063820310429, ""A1"": 1857.1311333093515, ""A2"": 3232.6385824893173, ""A3"": 2321.050855360992, ""B2"": 1343.8431364579565}}",2.7397,0.17359080931044282,0.29003418080045706,0.645065819199543,"[0.889901218976211, 0.21933864283163795, 0.5532592072657492, 0.5373643325547892, 0.9353699602110292, 0.6716003632410278, 0.38884350013251057, 0.7308087111626951, 0.81990862959509, 0.8465267615559171, 0.9867786912599209, 0.17648232496436422, 0.932035343113889]",70.0,70.0,100.0,10.3118,10.3118,79.0084,79.0084,4.4121,4.4121,False,0,2.7526,0.934908,2.4101,0.889901218976211,1.754964986153995,plus,False,-1.9257617953654347,-2.006684043052859,0.08092224768742429,True,True,1.0,False,100.0,55.0,0.0,False,"[""block_count_per_ring != 7 (missing or extra blocks)""]",0.1699026169389993,0.06554893837680052,0.0005789286459704523
56,1-4,206,1-4/r206,bo,2910.1839433951704,"{""0"": {""K"": 0.0, ""B1"": 2459.631024766216, ""A1"": 3307.338264298266, ""A2"": 218.8981785666403, ""A3"": 316.5668072015493, ""B2"": 978.4673136111325}}",2.7397,0.18459751549940392,0.29003418080045706,0.645065819199543,"[0.8420671132509174, 0.8420678876093418, 0.7116987918883727, 0.9569844514751927, 0.06333859333525471, 0.09159919189859644, 0.28312132916988786, 0.3728208994237946, 0.42136871068879755, 0.5743654476481628, 0.033914877675545796, 0.585552001578115, 0.05266645823474336]",43.0,43.0,56.0,7.318,7.318,7.5436,7.5436,14.6388,14.6388,False,0,2.7404,0.052046,2.4101,0.8420671132509173,1.433662441868545,plus,False,1.3684498371721165,0.9334724399667014,0.4349773972054152,True,True,1.0,False,100.0,97.70000000000027,0.0,False,"[""block_count_per_ring != 7 (missing or extra blocks)""]",0.16873301107592673,0.06475581343625288,0.00051042072327686
57,1-4,206,1-4/r206,bo,3018.940776782033,"{""0"": {""K"": 0.0, ""B1"": 2966.4900696686764, ""A1"": 3088.32148660588, ""A2"": 2393.127169623471, ""A3"": 440.779508300916, ""B2"": 987.3328038034991}}",2.7397,0.18255687973997833,0.29003418080045706,0.645065819199543,"[0.8735361043929494, 0.3055286862283445, 0.8583593951587606, 0.8936115412632756, 0.6924557782475321, 0.12754036698521876, 0.2856865751746236, 0.8484594635426342, 0.9142935150971268, 0.5742382709453926, 0.26572959859599965, 0.9904025709759857, 0.05562489437960216]",79.0,79.0,111.0,7.3166,7.3166,24.9297,24.9297,24.7601,24.7601,False,0,2.7404,0.052046,2.4101,0.8735361043929494,1.5394453658304066,plus,False,1.4880319043732204,0.4069562980576916,1.0810756063155287,True,True,1.0,False,99.99999999999999,121.90000000000009,0.0,False,"[""block_count_per_ring != 7 (missing or extra blocks)""]",0.19625083691969014,0.0583522922242468,0.0008790260941618977
58,1-4,206,1-4/r206,bo,3033.8161180753477,"{""0"": {""K"": 0.0, ""B1"": 3272.834902617891, ""A1"": 732.8476867864231, ""A2"": 2980.451068298066, ""A3"": 2341.4516269097544, ""B2"": 759.0290964213527}}",2.7397,0.30827023332251796,0.30827023332251796,0.626829766677482,"[0.8778403119430983, 0.9385347740785804, 0.9470008398778621, 0.21205083529699742, 0.8623990359658755, 0.6775033642678687, 0.21962647465895624, 0.7005855221845694, 0.8652451607286522, 0.708245187601694, 0.5645556307644423, 0.6916269443178062, 0.12692349914601175]",68.0,68.0,105.0,8.7907,8.7907,47.3417,47.3417,17.2907,17.2907,False,0,2.7414,0.124412,2.4101,0.8778403119430983,1.7301450415067365,plus,False,0.3088315721316115,-0.6087346663678694,0.9175662384994809,True,True,1.0,False,100.0,26.100000000000023,0.0,False,"[""block_count_per_ring != 7 (missing or extra blocks)""]",0.2842546660251625,0.03433286485735586,0.0072287664583412575
59,1-4,206,1-4/r206,bo,3085.8666483306597,"{""0"": {""K"": 0.0, ""B1"": 317.1648932253266, ""A1"": 1456.0926723265477, ""A2"": 2031.5770325412827, ""A3"": 2770.4206510529903, ""B2"": 914.9337757471498}}",2.7397,0.10407493783306983,0.30827023332251796,0.626829766677482,"[0.8929012292623436, 0.4768879612212833, 0.09177224919714311, 0.4213231112055983, 0.58784057654551, 0.8016263457907957, 0.2647377823342447, 0.6096899691370441, 0.6857379510611843, 0.7078490591036389, 0.5868990171919062, 0.3142741608222892, 0.8370907713942841]",61.0,61.0,85.0,8.7863,8.7863,49.0174,49.0174,7.8569,7.8569,False,0,2.7512,0.833596,2.4101,0.8929012292623436,1.5911205472941883,plus,False,2.8675748457896777,3.0099552463054735,0.1423804005157958,True,True,1.0,False,100.0,317.0999999999999,0.0,False,"[""block_count_per_ring != 7 (missing or extra blocks)""]",0.17494730706564374,0.06719672785604659,0.0003967345478889158
60,1-4,206,1-4/r206,bo,2975.3958174503828,"{""0"": {""K"": 0.0, ""B1"": 2454.937246236241, ""A1"": 1306.4473829679312, ""A2"": 1653.0391304830214, ""A3"": 2691.6925825651165, ""B2"": 431.7475217057861}}",2.7397,0.12491067418399429,0.30827023332251796,0.626829766677482,"[0.8609362897715228, 0.8057267595124604, 0.710340638378542, 0.37802296960877635, 0.4783099335888372, 0.7788462333811101, 0.12492694493801682, 0.8476086201422877, 0.46230470043330285, 0.8582939567772877, 0.965756850830206, 0.44547740350540255, 0.5596844012931161]",79.0,79.0,61.0,10.4412,10.4412,77.4318,77.4318,11.1369,11.1369,False,0,2.7474,0.558606,2.4101,0.8609362897715228,1.6281387142012478,plus,False,1.6168805375666893,0.7460441339501267,0.8708364036165626,True,True,1.0,False,100.0,236.79999999999995,0.0,False,"[""block_count_per_ring != 7 (missing or extra blocks)""]",0.17221625338506247,0.0667957258605995,0.0003391129261004883
61,1-4,206,1-4/r206,bo,3395.391993454695,"{""0"": {""K"": 0.0, ""B1"": 186.25370867372243, ""A1"": 254.72723144017783, ""A2"": 1979.101447659003, ""A3"": 412.5832813011459, ""B2"": 979.5183493733953}}",2.7397,0.18155969063673907,0.30827023332251796,0.626829766677482,"[0.9824629610690668, 0.6371328973284334, 0.0538928555190169, 0.07370579613431072, 0.5726566688828134, 0.11938173648760009, 0.28342544831406113, 0.002749998089810024, 0.362369685356545, 0.5655993947425344, 0.0406256800246646, 0.9321502689213227, 0.5890255446642491]",15.0,15.0,50.0,7.2216,7.2216,8.0469,8.0469,23.3038,23.3038,False,0,2.7478,0.587552,2.4101,0.9824629610690668,1.4168766262122456,plus,False,1.7846963314810262,1.173535029583795,0.6111613018972313,True,True,1.0,False,100.0,68.5,0.0,False,"[""block_count_per_ring != 7 (missing or extra blocks)""]",0.1726581503523967,0.06531428547095029,0.00029346819625371474
62,1-4,206,1-4/r206,bo,2981.6006510666225,"{""0"": {""K"": 0.0, ""B1"": 2691.359980421689, ""A1"": 2086.084695346766, ""A2"": 77.53059949014227, ""A3"": 1776.0026531468834, ""B2"": 683.8412925593791}}",2.7397,0.07791609312858228,0.30827023332251796,0.626829766677482,"[0.8627316698688143, 0.7682886222259921, 0.7787499943349795, 0.6036124697183929, 0.022433622537656905, 0.5138896565818528, 0.19787074437482033, 0.6100181232905609, 0.5832896170271689, 0.7204019291196545, 0.5823973802340786, 0.32147603781480383, 0.4851017787637203]",61.0,61.0,74.0,8.9244,8.9244,48.6798,48.6798,8.0369,8.0369,False,0,2.7464,0.48624,2.4101,0.8627316698688143,1.7622528244625442,plus,False,2.7741761572980614,2.4322308881192196,0.3419452691788418,True,True,1.0,False,100.0,77.5,0.0,False,"[""block_count_per_ring != 7 (missing or extra blocks)""]",0.1748206023219938,0.06534681374365295,0.00032373394294898505
63,1-4,206,1-4/r206,bo,3033.281794411175,"{""0"": {""K"": 0.0, ""B1"": 1892.528666436772, ""A1"": 499.78381647971906, ""A2"": 1453.7986308426712, ""A3"": 1669.851254162409, ""B2"": 71.80856023795371}}",2.7397,0.1555807783929262,0.30827023332251796,0.626829766677482,"[0.8776857044013816, 0.01666981131741463, 0.5476066743161956, 0.14461337282399278, 0.4206593260540137, 0.4831745527090304, 0.020777939883667162, 0.6698693371782579, 0.1709227802090515, 0.5564449485107226, 0.03642835434461067, 0.747356477618417, 0.038345735716981744]",65.0,65.0,29.0,7.1209,7.1209,7.7321,7.7321,18.6839,18.6839,False,0,2.7402,0.037573,2.4101,0.8776857044013816,1.605469687763289,minus,True,1.413095759349277,2.1417028316363913,0.7286070722871143,True,True,1.0,False,100.0,71.79999999999973,0.0,False,"[""block_count_per_ring != 7 (missing or extra blocks)""]",0.16822136673071927,0.06717974023740922,0.0002982856177492176
64,1-4,206,1-4/r206,bo,134.50144908483549,"{""0"": {""K"": 0.0, ""B1"": 1640.55759053877, ""A1"": 548.7272832706319, ""A2"": 498.9729269244865, ""A3"": 659.410512921672, ""B2"": 1214.0313317492369}}",2.7397,0.062158959509952885,0.30827023332251796,0.626829766677482,"[0.03891824336945471, 0.019076952941511682, 0.4746983768920052, 0.15877525557599304, 0.1443787404295389, 0.19080165304446528, 0.35128221404781157, 0.040233797154168194, 0.03867703797200195, 0.6149388918075502, 0.015040095297215172, 0.7070981255468468, 0.7899083832453604]",18.0,18.0,14.0,7.7643,7.7643,6.128,6.128,17.6775,17.6775,False,0,2.7506,0.790176,2.4101,0.038918243369454715,1.5468052216095054,minus,True,0.6260377842918021,1.4235647263012403,0.7975269420094382,True,True,1.0,False,100.0,49.700000000000045,0.0,False,"[""block_count_per_ring != 7 (missing or extra blocks)""]",0.16757584479060336,0.06641058188144969,0.00026606960610937045
65,1-4,206,1-4/r206,bo,2949.9734607607957,"{""0"": {""K"": 0.0, ""B1"": 660.7585409775943, ""A1"": 207.86094511245824, ""A2"": 2684.4756463590047, ""A3"": 672.6139631909246, ""B2"": 3378.271999570837}}",2.7397,0.16915383544519466,0.30827023332251796,0.626829766677482,"[0.8535802837849524, 0.402058659151294, 0.19119170745879466, 0.06014494939596593, 0.776757999525175, 0.19462209583070733, 0.9775092591350802, 0.8510905302333831, 0.8508846722208776, 0.7056412226703355, 0.6699380983839385, 0.8427810129166112, 0.15014642520992805]",79.0,79.0,104.0,8.7621,8.7621,55.2454,55.2454,21.0695,21.0695,False,0,2.7418,0.153358,2.4101,0.8535802837849524,1.538201375861701,plus,False,0.181885122387917,0.14939527315638956,0.03248984923152742,True,True,1.0,False,100.0,11.900000000000006,0.0,False,"[""block_count_per_ring != 7 (missing or extra blocks)""]",0.16595285339733304,0.06690650242290871,0.000262324312728799
66,1-4,206,1-4/r206,bo,634.0326517559402,"{""0"": {""K"": 0.0, ""B1"": 2973.6298593118586, ""A1"": 333.3452283389366, ""A2"": 560.2980627208872, ""A3"": 2200.975731594631, ""B2"": 1717.257652215092}}",2.7397,0.13769976823290483,0.30827023332251796,0.626829766677482,"[0.18345852192012158, 0.0870414420012603, 0.860425306513848, 0.0964540591258497, 0.16212328203729376, 0.6368564038178909, 0.49689168177520027, 0.690862540633023, 0.6687510540276196, 0.6506241379881429, 0.12212538041863075, 0.8096006751150472, 0.21760506630093712]",67.0,67.0,84.0,8.1569,8.1569,14.1594,14.1594,20.24,20.24,False,0,2.7427,0.218487,2.4101,0.18345852192012158,1.5912509059615072,plus,False,1.593635475372881,1.5921134245318198,0.0015220508410611622,True,True,1.0,False,100.0,226.89999999999998,0.0,False,"[""block_count_per_ring != 7 (missing or extra blocks)""]",0.16599980481697432,0.06623192207041147,0.00024319017701653978
67,1-4,206,1-4/r206,bo,3041.91400062166,"{""0"": {""K"": 0.0, ""B1"": 1480.1399195905674, ""A1"": 736.2120419339859, ""A2"": 3402.7817657109067, ""A3"": 1185.3527888974209, ""B2"": 3023.633704746172}}",2.7397,0.16515710604625397,0.30827023332251796,0.626829766677482,"[0.8801834492539525, 0.014404100599400005, 0.42828122673338176, 0.21302431768923202, 0.9846012053561651, 0.3429840245652259, 0.8748940117899804, 0.07726749194409321, 0.2472365670031026, 0.5892359638467672, 0.03606271734682864, 0.4575930901635247, 0.23045169949189914]",21.0,21.0,37.0,7.4816,7.4816,7.7047,7.7047,11.4398,11.4398,False,0,2.7429,0.232961,2.4101,0.8801834492539525,1.670966373722255,minus,True,-0.24904246225942658,0.5708002750045684,0.819842737263995,True,True,1.0,False,100.0,53.20000000000027,0.0,False,"[""block_count_per_ring != 7 (missing or extra blocks)""]",0.16608313751083986,0.06552440287456629,0.0002245070342126558
68,1-4,206,1-4/r206,bo,1094.8269193634749,"{""0"": {""K"": 0.0, ""B1"": 246.49105575056672, ""A1"": 3242.1583163767614, ""A2"": 2741.4829607237407, ""A3"": 1295.1520944146755, ""B2"": 1894.9117983629292}}",2.7397,0.07513471926737234,0.30827023332251796,0.626829766677482,"[0.31679019657507956, 0.008606999682070016, 0.07132264344634454, 0.9381245128404981, 0.7932531715057121, 0.3747546569486908, 0.5482962379522365, 0.5365316797453972, 0.15897119910984936, 0.945643900051204, 0.4295327435535222, 0.5214292857667052, 0.8659024083509581]",55.0,55.0,27.0,11.4021,11.4021,37.215,37.215,13.0357,13.0357,False,0,2.7516,0.862542,2.4101,0.3167901965750795,1.5733569250849717,plus,False,2.3676539795205165,2.593682802590031,0.22602882306951466,True,True,1.0,False,100.0,213.79999999999995,0.0,False,"[""block_count_per_ring != 7 (missing or extra blocks)""]",0.16557073297355218,0.0648946550281418,0.00020318996411456975
69,1-4,206,1-4/r206,bo,976.181845870685,"{""0"": {""K"": 0.0, ""B1"": 410.91771505110034, ""A1"": 1217.253368368513, ""A2"": 306.17635467068783, ""A3"": 2212.0344009397654, ""B2"": 2650.122581448159}}",2.7397,0.19394362819236163,0.30827023332251796,0.626829766677482,"[0.28246002484684174, 0.5220571084582266, 0.11889980180876747, 0.3522145163103336, 0.08859269521721291, 0.6400562502719229, 0.7668178765764349, 0.9761157359394833, 0.32729330980533833, 0.9674753199676619, 0.9385121046545687, 0.7057517910375819, 0.20157891459902633]",88.0,88.0,46.0,11.6422,11.6422,75.3884,75.3884,17.6438,17.6438,False,0,2.7425,0.204014,2.4101,0.28246002484684174,1.5669622381036925,plus,False,1.9066274750594778,1.9070546282980483,0.0004271532385704546,True,True,1.0,False,100.0,104.69999999999982,0.0,False,"[""block_count_per_ring != 7 (missing or extra blocks)""]",0.1643749503060375,0.06502206799389773,0.0001953999220385041
70,1-4,206,1-4/r206,bo,2980.074166581543,"{""0"": {""K"": 0.0, ""B1"": 272.04898761788775, ""A1"": 2649.46183636276, ""A2"": 1662.8296550624761, ""A3"": 288.7506947707901, ""B2"": 2872.9800770982442}}",2.7397,0.0937864530678902,0.30827023332251796,0.626829766677482,"[0.8622899787562335, 0.40101070548060735, 0.07871787836165733, 0.7666266887623727, 0.48114284000650354, 0.08355054825543695, 0.8313021056418531, 0.6996572970939394, 0.9397012440606808, 0.7365695551314125, 0.7262831750222414, 0.5150978376567731, 0.32846602855075335]",67.0,67.0,113.0,9.1023,9.1023,59.4712,59.4712,12.8774,12.8774,False,0,2.7442,0.327036,2.4101,0.8622899787562335,1.6054513555396097,plus,False,0.8164993145622845,0.4127016754806011,0.4037976390816834,True,True,1.0,False,100.0,16.700000000000273,0.0,False,"[""block_count_per_ring != 7 (missing or extra blocks)""]",0.16579079581384815,0.06471498927548758,0.00020074815364873777
71,1-4,206,1-4/r206,bo,3235.138569981384,"{""0"": {""K"": 0.0, ""B1"": 1175.1034632618955, ""A1"": 649.1358366878259, ""A2"": 2170.7850219271722, ""A3"": 985.4391688285046, ""B2"": 1340.78635094781}}",2.7397,0.18696856181870217,0.30827023332251796,0.626829766677482,"[0.9360933362214653, 0.9224754885545872, 0.340018363212354, 0.1878286564490237, 0.6281206660668901, 0.2851386483878775, 0.38795901358443574, 0.7758477546846516, 0.8905490875472104, 0.7154958147938918, 0.5553388385956146, 0.2771500668127559, 0.3917026341843105]",73.0,73.0,108.0,8.8705,8.8705,46.6504,46.6504,6.9288,6.9288,False,0,2.7451,0.392165,2.4101,0.9360933362214653,1.6580464151617238,plus,False,0.6535148098197512,0.09138829337953588,0.5621265164402153,True,True,1.0,False,100.0,165.70000000000005,0.0,False,"[""block_count_per_ring != 7 (missing or extra blocks)""]",0.16368830595951592,0.06448967081874814,0.0001770314860328043
72,1-4,206,1-4/r206,bo,2921.783663863461,"{""0"": {""K"": 0.0, ""B1"": 3299.7285770393787, ""A1"": 1716.1892327161863, ""A2"": 3449.5156666716157, ""A3"": 2197.674977545406, ""B2"": 611.6842827808631}}",2.7397,0.21083364998072995,0.30827023332251796,0.626829766677482,"[0.8454235138493811, 0.8946909950936015, 0.9547825743748203, 0.49658253261463725, 0.9981237461434073, 0.6359013245212402, 0.17699197997131455, 0.636903308985609, 0.6630375262612322, 0.6994429172285775, 0.5794656019122785, 0.2221867125776219, 0.08632462718558642]",63.0,63.0,83.0,8.6939,8.6939,48.4599,48.4599,5.5547,5.5547,False,0,2.7409,0.088229,2.4101,0.845423513849381,1.7617465531493175,plus,False,0.3228561185234198,-0.4367645715025065,0.7596206900259264,True,True,1.0,False,100.0,6.5,0.0,False,"[""block_count_per_ring != 7 (missing or extra blocks)""]",0.16403519509587827,0.06407325000913318,0.00017057971740032526
73,1-4,206,1-4/r206,bo,1157.5978996773813,"{""0"": {""K"": 0.0, ""B1"": 2031.4229505001344, ""A1"": 1241.6032149788641, ""A2"": 303.12086003379795, ""A3"": 1340.4431862308957, ""B2"": 3416.6255036543744}}",2.7397,0.1194106307076461,0.30827023332251796,0.626829766677482,"[0.3349530959714645, 0.017192979963330024, 0.5877959926215667, 0.35926018951934724, 0.08770858218570543, 0.3878597182381064, 0.9886069165666592, 0.7462546004390447, 0.6910372697527493, 0.9915291960931301, 0.4246127472320794, 0.061720749024640975, 0.3302628447566156]",71.0,71.0,86.0,11.9068,11.9068,36.846,36.846,1.543,1.543,False,0,2.7442,0.327036,2.4101,0.3349530959714645,1.5858262808726753,minus,True,0.8637176873008419,1.8043112012067548,0.940593513905913,True,True,1.0,False,100.0,39.399999999999864,0.0,False,"[""block_count_per_ring != 7 (missing or extra blocks)""]",0.16470197590621088,0.06399502276584182,0.00017425723759431047
74,1-4,206,1-4/r206,bo,2985.839265813978,"{""0"": {""K"": 0.0, ""B1"": 1611.118973682028, ""A1"": 1746.55520306936, ""A2"": 1759.9049653302109, ""A3"": 1358.1690519336328, ""B2"": 711.8112418764606}}",2.7397,0.10446911299968098,0.30827023332251796,0.626829766677482,"[0.8639581208952481, 0.5296876437535835, 0.4661802585885497, 0.5053689823696065, 0.5092317608015656, 0.3929887303048706, 0.20596390100592032, 0.20967918786027073, 0.8069365791241728, 0.47343792828410325, 0.04802332486571348, 0.7975637261942632, 0.13885647153838365]",31.0,31.0,99.0,6.2078,6.2078,8.6017,8.6017,19.9391,19.9391,False,0,2.7416,0.138885,2.4101,0.8639581208952483,1.4202306533848856,plus,False,0.007019293638834745,-0.2989008299123791,0.30592012355121384,True,True,1.0,False,100.0,13.299999999999955,0.0,False,"[""block_count_per_ring != 7 (missing or extra blocks)""]",0.16404667016699756,0.06352448832804404,0.00015888482574170047
75,1-4,206,1-4/r206,bo,852.6785066529284,"{""0"": {""K"": 0.0, ""B1"": 1110.5607155262994, ""A1"": 2877.7715188123398, ""A2"": 101.3305353799159, ""A3"": 891.0825736334244, ""B2"": 1316.237474217657}}",2.7397,0.10603118437010743,0.30827023332251796,0.626829766677482,"[0.24672410493429642, 0.9222603348515946, 0.3213427996314524, 0.8326885181748668, 0.02932017806131826, 0.2578363928337455, 0.3808557506416832, 0.2544171225608619, 0.40632935535068515, 0.2624037604172462, 0.5161442894862491, 0.36562446823078165, 0.3921971813617686]",34.0,34.0,55.0,3.8864,3.8864,43.7108,43.7108,9.1406,9.1406,False,0,2.7451,0.392165,2.4101,0.24672410493429642,1.6528984306538776,plus,False,2.4310580233061603,1.5210003462990722,0.9100576770070881,True,True,1.0,False,100.0,101.29999999999995,0.0,False,"[""block_count_per_ring != 7 (missing or extra blocks)""]",0.17896306345595298,0.06050983795845474,0.00022012327697419685
76,1-4,206,1-4/r206,bo,2761.680385389401,"{""0"": {""K"": 0.0, ""B1"": 69.30962888758029, ""A1"": 1348.1437462809406, ""A2"": 749.598611059128, ""A3"": 374.02619132297616, ""B2"": 883.8486102998731}}",2.7397,0.06035755289486633,0.30827023332251796,0.626829766677482,"[0.7990973337353592, 0.5811327243942528, 0.020054869469785963, 0.3900878895488833, 0.2168977462555347, 0.1082251711003982, 0.25574323214695405, 0.7115229282926977, 0.1830569645877579, 0.4560297265159621, 0.859548545739893, 0.7136400048139656, 0.7635158004740644]",68.0,68.0,30.0,6.0163,6.0163,69.4661,69.4661,17.841,17.841,False,0,2.7502,0.76123,2.4101,0.7990973337353592,1.5013486530204987,plus,False,0.9105029807084788,0.833618319317416,0.07688466139106276,True,True,1.0,False,100.0,69.30000000000018,0.0,False,"[""block_count_per_ring != 7 (missing or extra blocks)""]",0.1633929351905964,0.06134558050962662,0.00011386813391263092
77,1-4,206,1-4/r206,bo,3144.041698545686,"{""0"": {""K"": 0.0, ""B1"": 791.250607771781, ""A1"": 2048.079282362625, ""A2"": 2957.460165377286, ""A3"": 2054.9628731969237, ""B2"": 146.04019328582837}}",2.7397,0.13260828152429038,0.30827023332251796,0.626829766677482,"[0.909734287773636, 0.7901283221208426, 0.2289498286376681, 0.5926155330910373, 0.8557465756300018, 0.5946073128463321, 0.04225700037205682, 0.5056592779699434, 0.9580298477468175, 0.3938210250490186, 0.7832205417183489, 0.25879540501220466, 0.434965989165503]",53.0,53.0,115.0,5.332,5.332,63.7415,63.7415,6.4699,6.4699,False,0,2.7457,0.435584,2.4101,0.909734287773636,1.6590964375654784,minus,True,1.055666341004697,1.5383922566281982,0.4827259156235013,True,True,1.0,False,100.0,6.900000000000091,0.0,False,"[""block_count_per_ring != 7 (missing or extra blocks)""]",0.26798496109829384,0.04248942548820779,0.002465677911296746
78,1-4,206,1-4/r206,bo,3102.8664656395276,"{""0"": {""K"": 0.0, ""B1"": 122.06787091742729, ""A1"": 457.5318422068844, ""A2"": 2978.0297316257597, ""A3"": 1684.2948276636735, ""B2"": 3394.584222654358}}",2.7397,0.18491820380787574,0.30827023332251796,0.626829766677482,"[0.8978201578818078, 0.08339878283956648, 0.035320564501570395, 0.13238768582375127, 0.8616984177157869, 0.4873538274489796, 0.9822292310921176, 0.9626789801725651, 0.8650711547560022, 0.036641804315085014, 0.26424635159320353, 0.6263689307840973, 0.29620542947699946]",87.0,87.0,105.0,1.4031,1.4031,24.8185,24.8185,15.6592,15.6592,False,0,2.7438,0.29809,2.4101,0.8978201578818078,1.3370654595521891,plus,False,0.5869005755720185,0.7717287372127553,0.1848281616407368,True,True,1.0,False,100.0,61.40000000000009,0.0,False,"[""block_count_per_ring != 7 (missing or extra blocks)""]",0.2716824291474631,0.04023864482430696,0.002460020056165045
79,1-4,206,1-4/r206,bo,2960.595917734679,"{""0"": {""K"": 0.0, ""B1"": 2600.0194002740054, ""A1"": 2365.0536716346032, ""A2"": 2663.761868167471, ""A3"": 2105.5782215538443, ""B2"": 809.8420119658092}}",2.7397,0.13464812814081611,0.30827023332251796,0.626829766677482,"[0.8566539113815622, 0.4738301964300581, 0.7523204283200247, 0.684332659616494, 0.7707644294466063, 0.6092529576255337, 0.23432928586973645, 0.9674514694187959, 0.5494353495949587, 0.35971271763306556, 0.8236172428105724, 0.696695449483006, 0.24268466000845212]",88.0,88.0,70.0,4.9568,4.9568,66.7713,66.7713,17.4174,17.4174,False,0,2.743,0.240197,2.4101,0.8566539113815622,1.6705940282915523,plus,False,0.45573569654069646,-0.5127552481382257,0.9684909446789222,True,True,1.0,False,100.0,63.80000000000018,0.0,False,"[""block_count_per_ring != 7 (missing or extra blocks)""]",0.26427682492881077,0.034232971995715816,0.0008393453159782622
80,1-4,206,1-4/r206,bo,3127.4690498116024,"{""0"": {""K"": 0.0, ""B1"": 1535.0629663293353, ""A1"": 1173.9282617143842, ""A2"": 2117.468867256279, ""A3"": 3197.3104461457565, ""B2"": 683.4555928037693}}",2.7397,0.08125928211562752,0.30827023332251796,0.626829766677482,"[0.9049389611723386, 0.18471974514019596, 0.44417331201659005, 0.3396783164682825, 0.6126935379792473, 0.9251476985375453, 0.19775914143627582, 0.23033812135199083, 0.35152903852662476, 0.5455972844420598, 0.9770835401300506, 0.61173832060852, 0.481950952482896]",32.0,32.0,49.0,7.0016,7.0016,78.2813,78.2813,15.2935,15.2935,False,0,2.7463,0.479004,2.4101,0.9049389611723386,1.668045089293563,plus,False,-0.10086353797420355,0.01601292591027248,0.11687646388447603,True,True,1.0,False,100.0,258.6999999999998,0.0,False,"[""block_count_per_ring != 7 (missing or extra blocks)""]",0.1710638822794477,0.061551457480566465,0.00017173560870475208
81,1-4,206,1-4/r206,bo,554.0526124343338,"{""0"": {""K"": 0.0, ""B1"": 3366.9176542251316, ""A1"": 86.91806130973276, ""A2"": 451.547694731001, ""A3"": 1589.9663171745817, ""B2"": 1032.4188359176114}}",2.7397,0.17258913454266894,0.30827023332251796,0.626829766677482,"[0.16031614943123085, 0.8719921042625395, 0.9742238582827348, 0.02514990199934397, 0.13065616166984984, 0.46005969825653403, 0.2987323020594941, 0.8534793972254558, 0.7816966158532985, 0.2062718088359189, 0.84277574142423, 0.42068228991222867, 0.5406761820878023]",79.0,79.0,96.0,3.269,3.269,68.2082,68.2082,10.5171,10.5171,False,0,2.7472,0.544133,2.4101,0.16031614943123085,1.4907956577282184,plus,False,1.630380934664814,1.354998857252239,0.27538207741257503,True,True,1.0,False,100.0,86.89999999999998,0.0,False,"[""block_count_per_ring != 7 (missing or extra blocks)""]",0.19193803702812579,0.05414024709316987,0.00017966753771577566
82,1-4,206,1-4/r206,bo,3029.9999422239957,"{""0"": {""K"": 0.0, ""B1"": 1664.423223527474, ""A1"": 3170.1941769881046, ""A2"": 2968.295327513811, ""A3"": 1224.0139715997477, ""B2"": 2179.381704947265}}",2.7397,0.07150775782451402,0.30827023332251796,0.626829766677482,"[0.8767360943935173, 0.007998641173523224, 0.48160394199290335, 0.9173015558414654, 0.8588817498593203, 0.354170709374927, 0.6306081322185373, 0.3706584267316577, 0.06054504789185167, 0.5876581558866891, 0.2732211991250726, 0.7158856094269136, 0.8167208704350565]",43.0,43.0,17.0,7.4642,7.4642,25.4916,25.4916,17.8971,17.8971,False,0,2.751,0.819123,2.4101,0.8767360943935173,1.7125602681159005,plus,False,-1.660854587532786,-1.9283796587385695,0.2675250712057835,True,True,1.0,False,100.0,201.89999999999964,0.0,False,"[""block_count_per_ring != 7 (missing or extra blocks)""]",0.2376000084740157,0.05102863077102441,0.0012405121560118103
83,1-4,206,1-4/r206,bo,581.598536601956,"{""0"": {""K"": 0.0, ""B1"": 2365.422966173129, ""A1"": 2451.1763243014925, ""A2"": 2437.272890312245, ""A3"": 531.0586352565224, ""B2"": 1338.5572015415487}}",2.7397,0.21330242534622484,0.30827023332251796,0.626829766677482,"[0.168286613600103, 0.10487668107227033, 0.6844395156750952, 0.7092524086520522, 0.7052294242801636, 0.1536627995533919, 0.3873140050756796, 0.2829678035669886, 0.07996885670646114, 0.39083317733407097, 0.2566122466077555, 0.7493662731873079, 0.05568565501424472]",36.0,36.0,19.0,5.2992,5.2992,24.2459,24.2459,18.7342,18.7342,False,0,2.7405,0.059283,2.4101,0.168286613600103,1.550196015393724,plus,False,0.5177333252365883,-0.2640092554952832,0.7817425807318715,True,True,1.0,False,99.99999999999999,13.900000000000091,0.0,False,"[""block_count_per_ring != 7 (missing or extra blocks)""]",0.19983271106306616,0.050570725545572556,0.00016360641916580315
84,1-4,206,1-4/r206,bo,3038.141997453484,"{""0"": {""K"": 0.0, ""B1"": 1407.1871300748455, ""A1"": 850.5468901801632, ""A2"": 291.5887123383964, ""A3"": 1055.171295386565, ""B2"": 529.9022074549775}}",2.7397,0.1799554293055092,0.30827023332251796,0.626829766677482,"[0.8790920131520498, 0.01701486898534299, 0.4071722019892493, 0.2461073177604639, 0.08437173389421193, 0.3053157683410199, 0.1533281850274819, 0.3317018875295503, 0.14840937466204673, 0.2861589486953543, 0.3193119412967035, 0.6534178538529843, 0.08613347834411234]",40.0,40.0,26.0,4.1477,4.1477,28.9484,28.9484,16.3354,16.3354,False,0,2.7409,0.088229,2.4101,0.8790920131520497,1.7051423685307816,minus,True,0.8556335830486603,1.735666770180584,0.8800331871319236,True,True,1.0,False,100.00000000000003,204.59999999999997,0.0,False,"[""block_count_per_ring != 7 (missing or extra blocks)""]",0.2684831327838968,0.02788940866228518,0.0004132513899895323
85,1-4,206,1-4/r206,bo,559.313238621738,"{""0"": {""K"": 0.0, ""B1"": 172.60362546225028, ""A1"": 1272.2425811961775, ""A2"": 1579.7418754700536, ""A3"": 2063.0342351547024, ""B2"": 1376.3824571796963}}",2.7397,0.2014689232435714,0.30827023332251796,0.626829766677482,"[0.16183832136045662, 0.7326308133923528, 0.04994317866384557, 0.368125746873894, 0.4571012371151776, 0.596942776375782, 0.39825881284134734, 0.9148518227520845, 0.9434717819628179, 0.42230164412581284, 0.25340906318695233, 0.1400139859676064, 0.5817893156514735]",84.0,84.0,114.0,5.6453,5.6453,24.0057,24.0057,3.5003,3.5003,False,0,2.7477,0.580316,2.4101,0.16183832136045662,1.436914920100398,minus,True,1.354835375063572,1.9629364565217116,0.6081010814581396,True,True,1.0,False,100.0,104.10000000000014,0.0,False,"[""block_count_per_ring != 7 (missing or extra blocks)""]",0.2044260685389155,0.04830381875680881,0.0001495429804307443
86,1-4,206,1-4/r206,bo,3023.8793269458406,"{""0"": {""K"": 0.0, ""B1"": 3424.0407127329104, ""A1"": 1563.4151228167211, ""A2"": 2685.977586448289, ""A3"": 3117.354198180161, ""B2"": 728.7555379640282}}",2.7397,0.13606780994862128,0.30827023332251796,0.626829766677482,"[0.8749650830283103, 0.16664571715496923, 0.9907525210454023, 0.4523770610002087, 0.77719258867138, 0.9020122101215744, 0.2108667644571841, 0.861951075284361, 0.5174576428661175, 0.7468162145393715, 0.6521162253338676, 0.03763585121881641, 0.11580570948883939]",80.0,80.0,67.0,9.215,9.215,53.9087,53.9087,0.9409,0.9409,False,0,2.7413,0.117176,2.4101,0.8749650830283103,1.6122065525256035,plus,False,-0.24926265713275697,-0.9988295060054795,0.7495668488727225,True,True,1.0,False,100.0,32.0,0.0,False,"[""block_count_per_ring != 7 (missing or extra blocks)""]",0.28073021839503426,0.018101140567986663,0.00012579874957925543
87,1-4,206,1-4/r206,bo,546.0558108121963,"{""0"": {""K"": 0.0, ""B1"": 1311.3107269061345, ""A1"": 373.55224867423294, ""A2"": 940.3228709091837, ""A3"": 3079.7309059971976, ""B2"": 1407.6553274998644}}",2.7397,0.07220614579027147,0.30827023332251796,0.626829766677482,"[0.15800226007297347, 0.23204214457495265, 0.379430187183488, 0.10808803491731278, 0.27208416403622215, 0.8911258408556706, 0.40730767578121074, 0.013368710268472861, 0.08696242911635887, 0.41632962545117325, 0.46800954720516397, 0.8724959781617484, 0.4712854773970867]",16.0,16.0,20.0,5.5796,5.5796,40.1007,40.1007,21.8124,21.8124,False,0,2.7462,0.471767,2.4101,0.15800226007297347,1.7129803389353584,plus,False,1.8112194095182705,0.7699543135110417,1.041265096007229,True,True,1.0,False,100.0,96.29999999999995,0.0,False,"[""block_count_per_ring != 7 (missing or extra blocks)""]",0.19579844339122685,0.05028064766007584,0.00012274446681259698
88,1-4,206,1-4/r206,bo,3010.54026043522,"{""0"": {""K"": 0.0, ""B1"": 732.0622888546503, ""A1"": 2318.616922333305, ""A2"": 3248.0382653018, ""A3"": 2973.9138429154627, ""B2"": 801.0163042142938}}",2.7397,0.13555781164140296,0.30827023332251796,0.626829766677482,"[0.8711053994314872, 0.5314815829076465, 0.21182357895099835, 0.6708961002121832, 0.9398258869507523, 0.8605074776954464, 0.23177555098793223, 0.22186514057559126, 0.847846069028031, 0.8696228262014626, 0.8192629689171799, 0.6026743698057387, 0.3504118482472399]",32.0,32.0,103.0,10.5659,10.5659,66.4447,66.4447,15.0669,15.0669,False,0,2.7445,0.348746,2.4101,0.8711053994314872,1.6605646771385132,plus,False,0.5760101069181021,-0.43230850159023926,1.0083186085083413,True,True,1.0,False,99.99999999999999,69.0,0.0,False,"[""block_count_per_ring != 7 (missing or extra blocks)""]",0.21121309443945283,0.05233322172176213,0.0003928171619452703
89,1-4,206,1-4/r206,bo,3042.513728184926,"{""0"": {""K"": 0.0, ""B1"": 3413.825185519113, ""A1"": 1653.0607988832262, ""A2"": 2963.933029261378, ""A3"": 1910.3624988259232, ""B2"": 1783.788231257157}}",2.7397,0.2633539449336724,0.30827023332251796,0.626829766677482,"[0.8803569815349902, 0.342622386768453, 0.987796639328447, 0.47831620338056313, 0.8576195107816488, 0.552766926743612, 0.5161424280257977, 0.19429927728510255, 0.3298686065671259, 0.6883799744444999, 0.23042863069425934, 0.15286281990353, 0.048113138944126055]",30.0,30.0,46.0,8.5722,8.5722,22.2821,22.2821,3.8216,3.8216,False,0,2.7403,0.04481,2.4101,0.8803569815349902,1.7285971335048713,plus,False,-2.2150502320063485,-2.2631573346596685,0.048107102653319966,True,True,1.0,False,100.0,42.19999999999982,0.0,False,"[""block_count_per_ring != 7 (missing or extra blocks)""]",0.2778798442238398,0.034221213492867227,0.001998876875882929
90,1-4,206,1-4/r206,bo,584.4267388122571,"{""0"": {""K"": 0.0, ""B1"": 2310.518589070886, ""A1"": 78.44738125048173, ""A2"": 2312.8512351027407, ""A3"": 2668.944827480379, ""B2"": 1587.2546111931206}}",2.7397,0.116468480208503,0.30827023332251796,0.626829766677482,"[0.16910495914706514, 0.3623621186408299, 0.6685528324857887, 0.02269889503775513, 0.6692277879348209, 0.7722641283218689, 0.45927506110912053, 0.3889556720161679, 0.9226576302148924, 0.17178625696612326, 0.2714148641357169, 0.34302694229963904, 0.11270750077553737]",44.0,44.0,111.0,2.8896,2.8896,25.3561,25.3561,8.5757,8.5757,False,0,2.7412,0.109939,2.4101,0.16910495914706514,1.67971843148892,plus,False,1.3022762248399877,0.8269964107357302,0.47527981410425757,True,True,1.0,False,100.0,2.400000000000091,0.0,False,"[""block_count_per_ring != 7 (missing or extra blocks)""]",0.1947793824421637,0.052303678070955706,0.00015991303043451257
91,1-4,206,1-4/r206,bo,2709.168822968525,"{""0"": {""K"": 0.0, ""B1"": 1450.0306286852767, ""A1"": 1642.4182460647585, ""A2"": 919.2178487128051, ""A3"": 1428.747942208228, ""B2"": 627.7007880876439}}",2.7397,0.09380308781770189,0.30827023332251796,0.626829766677482,"[0.7839030159052445, 0.8517593352340521, 0.41956904765198977, 0.4752367610141084, 0.26597738678032556, 0.4134108629074734, 0.18162638544202658, 0.37513323592607095, 0.3643293137315423, 0.9335176924248786, 0.4077353069285312, 0.6930435816494004, 0.6824963650428109]",43.0,43.0,50.0,11.2687,11.2687,35.5801,35.5801,17.3261,17.3261,False,0,2.7491,0.681628,2.4101,0.7839030159052446,1.5518428159034319,plus,False,-0.2498697010536839,-0.3065556468582544,0.05668594580457054,True,True,1.0,False,100.00000000000003,21.300000000000068,0.0,False,"[""block_count_per_ring != 7 (missing or extra blocks)""]",0.1874204813240857,0.05864474949134837,0.00026212736696377384
92,1-4,206,1-4/r206,bo,2872.28131766578,"{""0"": {""K"": 0.0, ""B1"": 1039.1805296377054, ""A1"": 378.98932901044066, ""A2"": 1947.6398616330484, ""A3"": 2772.402320549856, ""B2"": 578.8668045482641}}",2.7397,0.08254925919486249,0.30827023332251796,0.626829766677482,"[0.8310999183060707, 0.299776968767251, 0.3006888106590583, 0.10966126418126176, 0.563553200704007, 0.8021997455294723, 0.1674961818716042, 0.9850627205928768, 0.20427167696638127, 0.6532021499448345, 0.5744163251774351, 0.6877942056047254, 0.5564067328172712]",89.0,89.0,32.0,8.1852,8.1852,48.0812,48.0812,17.1949,17.1949,False,0,2.7474,0.558606,2.4101,0.8310999183060707,1.6831997237509881,minus,True,1.2632006639791842,1.8637997697851523,0.6005991058059681,True,True,1.0,False,100.0,199.79999999999973,0.0,False,"[""block_count_per_ring != 7 (missing or extra blocks)""]",0.20442168009067574,0.05579336998194683,0.00042467774361871916
93,1-4,206,1-4/r206,bo,3117.3321126525816,"{""0"": {""K"": 0.0, ""B1"": 3346.936028569512, ""A1"": 2255.449539330665, ""A2"": 844.262094815885, ""A3"": 2863.219936451892, ""B2"": 1853.3347596568144}}",2.7397,0.1844017224380714,0.30827023332251796,0.626829766677482,"[0.9020058196332701, 0.19388072363643027, 0.9684421378962709, 0.6526185009637342, 0.24428880058330005, 0.8284779908714965, 0.536265844808106, 0.23295643863375937, 0.3440938295979792, 0.3116831784394054, 0.211193767927504, 0.16200925233468633, 0.1516728162892217]",32.0,32.0,48.0,4.4285,4.4285,20.8395,20.8395,4.0502,4.0502,False,0,2.7418,0.153358,2.4101,0.9020058196332701,1.765352065175043,plus,False,-0.9669374157767059,-1.3026404879599647,0.3357030721832588,True,True,1.0,False,99.99999999999999,109.0,0.0,False,"[""block_count_per_ring != 7 (missing or extra blocks)""]",0.20738624844052497,0.05085209114009894,0.0002626347820247378
94,1-4,206,1-4/r206,bo,3010.5708656549073,"{""0"": {""K"": 0.0, ""B1"": 585.883711882639, ""A1"": 2042.6139075824228, ""A2"": 2848.6475869884493, ""A3"": 2695.470498241385, ""B2"": 1569.1399888976969}}",2.7397,0.15286061759651873,0.30827023332251796,0.626829766677482,"[0.8711142551084801, 0.23307414570530005, 0.1695265370030784, 0.5910341167773214, 0.824261454568417, 0.7799393802781786, 0.45403356160234287, 0.18769165338638172, 0.09527486175544742, 0.16453935385464968, 0.9809158457094567, 0.12521800446834253, 0.6646394712662214]",29.0,29.0,20.0,2.8099,2.8099,78.5687,78.5687,3.1305,3.1305,False,0,2.7489,0.667155,2.4101,0.8711142551084801,1.6466551705271792,minus,True,0.46315312529211117,1.1610413964636581,0.697888271171547,True,True,1.0,False,100.0,153.19999999999982,0.0,False,"[""block_count_per_ring != 7 (missing or extra blocks)""]",0.17758425423133956,0.05709696237086663,0.00012786883994849764
95,1-4,206,1-4/r206,bo,3090.6722353229443,"{""0"": {""K"": 0.0, ""B1"": 2498.7429093703095, ""A1"": 1125.8625402609762, ""A2"": 1127.5202805946706, ""A3"": 2848.414262333643, ""B2"": 785.0245159034064}}",2.7397,0.08644928456989076,0.30827023332251796,0.626829766677482,"[0.8942917347577963, 0.4423834809244369, 0.723015888127983, 0.3257704109551436, 0.3262500811905875, 0.8241939416474661, 0.22714829742575415, 0.13194977204376446, 0.8375990150441315, 0.21731733442306778, 0.8095636804766575, 0.7229892298872653, 0.35193257318463256]",25.0,25.0,102.0,3.3905,3.3905,65.7173,65.7173,18.0747,18.0747,False,0,2.7445,0.348746,2.4101,0.8942917347577963,1.583911134681375,plus,False,-0.5302995968168939,-0.5233504557548521,0.006949141062041808,True,True,1.0,False,100.0,1.7000000000000455,0.0,False,"[""block_count_per_ring != 7 (missing or extra blocks)""]",0.19207183258145932,0.05631478472828714,0.0002447765198263878
96,1-4,206,1-4/r206,bo,3192.777681363855,"{""0"": {""K"": 0.0, ""B1"": 619.1055017921192, ""A1"": 1967.9806460560642, ""A2"": 224.4496711304881, ""A3"": 481.3537038107703, ""B2"": 939.8988252729608}}",2.7397,0.2292285996962525,0.30827023332251796,0.626829766677482,"[0.9238361346538932, 0.30344750366258155, 0.17913932343521966, 0.569438844344926, 0.06494492798914586, 0.13928058559339418, 0.27196146564611134, 0.663266452543664, 0.8582579422155536, 0.7198489174114325, 0.3405721593091482, 0.6893338496027395, 0.03436249951969672]",65.0,65.0,104.0,8.9183,8.9183,30.5429,30.5429,17.2333,17.2333,False,0,2.7402,0.037573,2.4101,0.9238361346538932,1.5508818902241284,plus,False,1.5519116702255213,1.0790602463752308,0.47285142385029055,True,True,1.0,False,99.99999999999999,137.79999999999998,0.0,False,"[""block_count_per_ring != 7 (missing or extra blocks)""]",0.2047869742532236,0.05613281361925284,0.0004496085424867519
97,1-4,206,1-4/r206,bo,3355.889245655763,"{""0"": {""K"": 0.0, ""B1"": 617.3633703120041, ""A1"": 1307.5177332800076, ""A2"": 2872.7058517533446, ""A3"": 2540.6349872373917, ""B2"": 975.0002014242469}}",2.7397,0.17534081077411431,0.30827023332251796,0.626829766677482,"[0.9710327678402092, 0.814573364853511, 0.17863523446527896, 0.3783326774537059, 0.8312227580304816, 0.7351374384367453, 0.2821181138380344, 0.08613520095642069, 0.38809317929119125, 0.7281783411129811, 0.3705814238876888, 0.6917172960804813, 0.1814586903437636]",21.0,21.0,53.0,9.01,9.01,32.7936,32.7936,17.2929,17.2929,False,0,2.7422,0.182305,2.4101,0.9710327678402092,1.6477439529459847,plus,False,0.1616604922683746,0.18835675243549782,0.02669626016712323,True,True,1.0,False,100.0,332.0999999999999,0.0,False,"[""block_count_per_ring != 7 (missing or extra blocks)""]",0.19662656358247096,0.05023513062477898,0.00012806906298937074
98,1-4,206,1-4/r206,bo,3061.8545410680495,"{""0"": {""K"": 0.0, ""B1"": 2058.219468597055, ""A1"": 750.5015389513536, ""A2"": 3107.0637525388074, ""A3"": 3342.580910239071, ""B2"": 1809.768059292474}}",2.7397,0.1379103447999262,0.30827023332251796,0.626829766677482,"[0.8859532815590421, 0.9740346290507697, 0.5955496147560922, 0.2171590101132389, 0.8990346506188679, 0.9671819763423237, 0.5236597393786093, 0.2691177345535659, 0.6699233605615513, 0.8055685268116297, 0.050762704685087146, 0.1525561327403605, 0.13465848587137752]",35.0,35.0,84.0,9.8613,9.8613,8.8072,8.8072,3.8139,3.8139,False,0,2.7415,0.131649,2.4101,0.8859532815590421,1.674536617248803,minus,True,-0.7153323335559245,-0.029617809216013924,0.6857145243399105,True,True,1.0,False,100.0,113.5,0.0,False,"[""block_count_per_ring != 7 (missing or extra blocks)""]",0.23088417455887048,0.041980852343313516,0.00028568522949890354
99,1-4,206,1-4/r206,bo,3062.587169624485,"{""0"": {""K"": 0.0, ""B1"": 1722.7566121257223, ""A1"": 2283.470685592716, ""A2"": 3.7834293970407913, ""A3"": 2289.7722382761785, ""B2"": 811.2867819657122}}",2.7397,0.2349425940324403,0.30827023332251796,0.626829766677482,"[0.8861652689885662, 0.715736395533313, 0.4984828160086002, 0.6607264715256702, 0.0010947423023844882, 0.6625498374641721, 0.23474733274470838, 0.050839950080187046, 0.3051417784411894, 0.680527689530368, 0.31017137726580524, 0.6900243130044165, 0.20290650992080117]",19.0,19.0,44.0,8.4858,8.4858,28.2629,28.2629,17.2506,17.2506,False,0,2.7425,0.204014,2.4101,0.8861652689885662,1.700778462249803,plus,False,1.8599867997029134,1.5925579908804481,0.2674288088224652,True,True,1.0,False,100.0,3.800000000000182,0.0,False,"[""block_count_per_ring != 7 (missing or extra blocks)""]",0.16505183216761227,0.05876866214043011,8.409340125761788e-05
100,1-4,206,1-4/r206,bo,3033.0457533051167,"{""0"": {""K"": 0.0, ""B1"": 986.8540222330153, ""A1"": 1164.0987548935927, ""A2"": 1559.8894500642134, ""A3"": 2431.6387922155463, ""B2"": 1026.9147879727282}}",2.7397,0.18240413574823813,0.30827023332251796,0.626829766677482,"[0.8776174054702305, 0.6841503290484544, 0.28554803884057156, 0.33683413046689603, 0.45135690106024695, 0.7035991875623687, 0.2971396955939607, 0.8996393380239387, 0.0969085722211609, 0.5693112697354056, 0.4994058673342595, 0.5368100797157519, 0.48048926022682303]",82.0,82.0,21.0,7.2624,7.2624,42.4554,42.4554,13.4203,13.4203,False,0,2.7463,0.479004,2.4101,0.8776174054702305,1.524783388059821,plus,False,-1.087708210557911,-1.1688671368630117,0.08115892630510069,True,True,1.0,False,100.00000000000003,40.10000000000002,0.0,False,"[""block_count_per_ring != 7 (missing or extra blocks)""]",0.20890755400304217,0.05320614609431551,0.0003888925566036712
101,1-4,206,1-4/r206,bo,569.24158679412,"{""0"": {""K"": 0.0, ""B1"": 2103.432305393385, ""A1"": 2425.146280714478, ""A2"": 2253.0842374341437, ""A3"": 428.57006842076333, ""B2"": 1412.113152909757}}",2.7397,0.14243583539557741,0.30827023332251796,0.626829766677482,"[0.1647111072899653, 0.6502699875795167, 0.608632032810586, 0.7017205673363652, 0.651934096479787, 0.12400754294582272, 0.4085975558187954, 0.2786904658827515, 0.12585463044240341, 0.1208722428362935, 0.5606498609626447, 0.7506461930956067, 0.8512497428395142]",36.0,36.0,24.0,2.3296,2.3296,47.0487,47.0487,18.7662,18.7662,False,0,2.7514,0.848069,2.4101,0.1647111072899653,1.630072756083275,plus,False,0.7722253376076975,0.25790193185043253,0.514323405757265,True,True,1.0,False,100.0,149.60000000000036,0.0,False,"[""block_count_per_ring != 7 (missing or extra blocks)""]",0.18377430670979802,0.05530163032095335,0.00013653858637490877
102,1-4,206,1-4/r206,bo,2798.4397375431454,"{""0"": {""K"": 0.0, ""B1"": 3301.275878668989, ""A1"": 1919.4162421290082, ""A2"": 3004.482951313831, ""A3"": 2580.5250674637723, ""B2"": 2189.78209559657}}",2.7397,0.28924892439217054,0.30827023332251796,0.626829766677482,"[0.8097337203539194, 0.8558437988809316, 0.9552302889667215, 0.555386644134551, 0.8693527058199743, 0.7466797070207675, 0.6336175045128964, 0.4660748709326794, 0.5692072190090345, 0.3879067567770418, 0.30041812584639094, 0.6999904124538814, 0.4481257761329567]",50.0,50.0,73.0,5.267,5.267,27.5314,27.5314,17.4998,17.4998,False,0,2.7459,0.450058,2.4101,0.8097337203539193,1.7120452786814346,plus,False,-2.427164173121768,-2.557971288884816,0.13080711576304793,True,True,1.0,False,100.0,154.70000000000027,0.0,False,"[""block_count_per_ring != 7 (missing or extra blocks)""]",0.25837358567882657,0.04240173249689702,0.0015121517113764887
103,1-4,206,1-4/r206,bo,3193.7935709324424,"{""0"": {""K"": 0.0, ""B1"": 3427.101652427114, ""A1"": 1595.5750783608612, ""A2"": 2955.320403959469, ""A3"": 2364.3422169733335, ""B2"": 3377.994714174364}}",2.7397,0.18591775199715718,0.30827023332251796,0.626829766677482,"[0.924130084181841, 0.8908208270209359, 0.9916382096143269, 0.4616826036923788, 0.8551274317012352, 0.684126798892747, 0.9774290260921192, 0.3346838136181558, 0.5639511996951726, 0.29225821689693965, 0.8303583133094781, 0.5429712404209919, 0.35664744671052195]",40.0,40.0,72.0,4.2148,4.2148,67.2769,67.2769,13.5743,13.5743,False,0,2.7446,0.355982,2.4101,0.924130084181841,1.542270144676404,plus,False,-2.93446586972133,-2.947315675657821,0.012849805936490988,True,True,1.0,False,100.0,28.90000000000009,0.0,False,"[""block_count_per_ring != 7 (missing or extra blocks)""]",0.27077866831651376,0.03397814160052418,0.0012522142590286767
104,1-4,206,1-4/r206,bo,3231.9255044459383,"{""0"": {""K"": 0.0, ""B1"": 1713.654715976798, ""A1"": 2797.452677182198, ""A2"": 1382.3211638075707, ""A3"": 867.4193200310558, ""B2"": 828.213910091303}}",2.7397,0.1047292366618064,0.30827023332251796,0.626829766677482,"[0.9351636297586626, 0.2046065850664709, 0.49584916550254565, 0.8094481126105897, 0.3999771886017276, 0.25098938658306014, 0.23964522861438164, 0.8335463876835868, 0.9118552018009272, 0.5526930001580802, 0.7624899947793091, 0.6496999126410558, 0.5715094373224959]",78.0,78.0,110.0,7.0796,7.0796,62.1867,62.1867,16.2425,16.2425,False,0,2.7476,0.573079,2.4101,0.9351636297586627,1.7311523693899216,minus,True,-0.9210242332487655,0.12264011518780407,1.0436643484365695,True,True,1.0,False,100.0,39.19999999999993,0.0,False,"[""block_count_per_ring != 7 (missing or extra blocks)""]",0.234764645421083,0.05285239263691721,0.001287572179342336
105,1-4,206,1-4/r206,bo,2817.3426943196137,"{""0"": {""K"": 0.0, ""B1"": 634.6403894601481, ""A1"": 2099.9116233728973, ""A2"": 3392.661576159572, ""A3"": 611.3242668353669, ""B2"": 2208.3795941754}}",2.7397,0.19985941535485205,0.30827023332251796,0.626829766677482,"[0.815203325902666, 0.5262283059022083, 0.18363437195027432, 0.6076133169481763, 0.9816729097683947, 0.17688780869078902, 0.6389987251664931, 0.23138597135139516, 0.4991861817749499, 0.2759417811496023, 0.6357140246289207, 0.31619715931926495, 0.4583605712112534]",32.0,32.0,65.0,4.0354,4.0354,52.6786,52.6786,7.9049,7.9049,False,0,2.746,0.457294,2.4101,0.815203325902666,1.7363033028702288,plus,False,0.3056733674243909,0.4714976438010964,0.1658242763767055,True,True,1.0,False,100.0,23.300000000000182,0.0,False,"[""block_count_per_ring != 7 (missing or extra blocks)""]",0.22758754851459817,0.05093830894203885,0.0007641238186372004
106,1-4,206,1-4/r206,bo,3115.308102230566,"{""0"": {""K"": 0.0, ""B1"": 496.0141470505805, ""A1"": 3260.021846020507, ""A2"": 1260.5875262454945, ""A3"": 144.85426274549127, ""B2"": 283.7109332331189}}",2.7397,0.11420772582671222,0.30827023332251796,0.626829766677482,"[0.9014201684694925, 0.16137410849329148, 0.14352261199380223, 0.9432933582235263, 0.3647533351404787, 0.04191384917404262, 0.08209228392162005, 0.4981292380148704, 0.8819806590372246, 0.5044385946307551, 0.5488773511925894, 0.8186805336222157, 0.11707121125494158]",52.0,52.0,107.0,6.5488,6.5488,46.1658,46.1658,20.467,20.467,False,0,2.7413,0.117176,2.4101,0.9014201684694925,1.5296883860390267,minus,True,0.4972750727266737,0.7734137602097808,0.2761386874831071,True,True,1.0,False,100.0,138.80000000000018,0.0,False,"[""block_count_per_ring != 7 (missing or extra blocks)""]",0.25874595295092423,0.048513270688035307,0.0025745504069362183
107,1-4,206,1-4/r206,bo,3042.493485322442,"{""0"": {""K"": 0.0, ""B1"": 892.7050426587925, ""A1"": 1103.7458847973317, ""A2"": 163.2169456334913, ""A3"": 325.62826692983515, ""B2"": 791.6541747421584}}",2.7397,0.15606723824951554,0.30827023332251796,0.626829766677482,"[0.8803511242252438, 0.5367227717700653, 0.258305857250808, 0.3193709157399687, 0.04722712547265373, 0.09422114205145693, 0.22906660148789304, 0.262065412917165, 0.6432415183423889, 0.22071119913657844, 0.5911572321382177, 0.47084553928873907, 0.0904807867831281]",35.0,35.0,81.0,3.4278,3.4278,49.3368,49.3368,11.7711,11.7711,False,0,2.7409,0.088229,2.4101,0.8803511242252436,1.3761536975036657,plus,False,0.5362439165605593,0.5822844638119364,0.046040547251377184,True,True,1.0,False,100.0,101.09999999999997,0.0,False,"[""block_count_per_ring != 7 (missing or extra blocks)""]",0.21120130548754912,0.054615526965398675,0.0005152854101369794
108,1-4,206,1-4/r206,bo,2789.3168757120225,"{""0"": {""K"": 0.0, ""B1"": 2788.2787119402115, ""A1"": 3072.7155346030177, ""A2"": 2722.6680094026797, ""A3"": 2865.6323098971443, ""B2"": 1952.7660339798779}}",2.7397,0.09575748229174864,0.30827023332251796,0.626829766677482,"[0.8070940033888954, 0.046577117093823284, 0.8067936087789964, 0.8890959301513361, 0.7878090304984605, 0.8291760155952386, 0.5650364681654739, 0.5765056615751954, 0.4144984612461047, 0.3582152120917669, 0.9063817991651196, 0.7336571161218757, 0.9253366268042533]",58.0,58.0,56.0,4.9404,4.9404,72.9786,72.9786,18.3414,18.3414,False,0,2.7525,0.927671,2.4101,0.8070940033888954,1.4967089496811483,plus,False,-1.907308541181532,-2.2601324156908733,0.3528238745093413,True,True,1.0,False,100.0,65.59999999999991,0.0,False,"[""block_count_per_ring != 7 (missing or extra blocks)""]",0.21658936632497808,0.05403661876223221,0.0006263324980236352
109,1-4,206,1-4/r206,bo,2843.3242135520904,"{""0"": {""K"": 0.0, ""B1"": 2765.257296397638, ""A1"": 2469.95739330984, ""A2"": 370.32240712662826, ""A3"": 275.25623490358385, ""B2"": 1909.1793684613212}}",2.7397,0.1337344493342933,0.30827023332251796,0.626829766677482,"[0.8227211266065076, 0.81684580352296, 0.8001323195595018, 0.714686745749375, 0.10715347428432531, 0.07964590130312033, 0.5524245857816323, 0.35335592169515206, 0.06514794156926274, 0.38668773041291116, 0.5117108779409044, 0.437378644445404, 0.5281866519783803]",42.0,42.0,17.0,5.2536,5.2536,43.3783,43.3783,10.9345,10.9345,False,0,2.747,0.52966,2.4101,0.8227211266065076,1.7283648288839413,plus,False,0.8685724291741532,0.9609856524503153,0.09241322327616208,True,True,1.0,False,100.0,95.0,0.0,False,"[""block_count_per_ring != 7 (missing or extra blocks)""]",0.22469300047125432,0.04875340443981325,0.0005123727257863551
110,1-4,206,1-4/r206,bo,3012.369271333539,"{""0"": {""K"": 0.0, ""B1"": 2462.204692282645, ""A1"": 2700.641652308614, ""A2"": 744.4876407168015, ""A3"": 1369.0265497528912, ""B2"": 732.2029260216029}}",2.7397,0.1251799963490963,0.30827023332251796,0.626829766677482,"[0.871634627121973, 0.5403390460962475, 0.7124434873503023, 0.7814356632837425, 0.21541887752222266, 0.39613036740535046, 0.2118642725756953, 0.8001800149500363, 0.8580707586909336, 0.8013361030997357, 0.8983631737415391, 0.04681618146859534, 0.13653654487023237]",75.0,75.0,104.0,9.8147,9.8147,72.3772,72.3772,1.1704,1.1704,False,0,2.7416,0.138885,2.4101,0.8716346271219731,1.5823607875382921,plus,False,-0.5629872176844246,-0.3490525918799059,0.21393462580451872,True,True,1.0,False,100.0,12.299999999999955,0.0,False,"[""block_count_per_ring != 7 (missing or extra blocks)""]",0.28907329038209606,0.02483251542755598,0.0014638767105976886
111,1-4,206,1-4/r206,bo,2831.6476344750613,"{""0"": {""K"": 0.0, ""B1"": 3366.2020480231126, ""A1"": 1087.2255210831254, ""A2"": 3387.709938585427, ""A3"": 2679.6465828665882, ""B2"": 2230.8506686277365}}",2.7397,0.14069529596114666,0.30827023332251796,0.626829766677482,"[0.8193424868272747, 0.27907480316998345, 0.974016796302984, 0.3145907179059969, 0.9802401442666167, 0.7753607010609341, 0.6455007721723774, 0.4625785962592154, 0.05257036213676636, 0.9113778189191687, 0.3522134309985604, 0.2891877150522346, 0.9755400603673748]",50.0,50.0,16.0,11.0252,11.0252,31.416,31.416,7.2297,7.2297,False,0,2.7532,0.978327,2.4101,0.8193424868272747,1.7198838308024933,plus,False,-1.4985691370887375,-1.8229582821116197,0.3243891450228822,True,True,1.0,False,100.0,21.59999999999991,0.0,False,"[""block_count_per_ring != 7 (missing or extra blocks)""]",0.20362398174851148,0.05522289208181032,0.0003815200970695076
112,1-4,206,1-4/r206,bo,2894.4444949132007,"{""0"": {""K"": 0.0, ""B1"": 1436.3493438648793, ""A1"": 307.42630911947776, ""A2"": 2364.3725899837373, ""A3"": 227.14506231747697, ""B2"": 1481.716347581413}}",2.7397,0.2595049979679463,0.30827023332251796,0.626829766677482,"[0.8375128746855326, 0.030179538415226248, 0.41561034255349516, 0.08895437185170074, 0.6841355873795536, 0.06572484442056625, 0.428737369091844, 0.2555334886340085, 0.1762665691559826, 0.4167981849510539, 0.6547013179766971, 0.5615715226864236, 0.004281706340343194]",34.0,34.0,29.0,5.5848,5.5848,54.1026,54.1026,14.0393,14.0393,False,0,2.7397,0.00139,2.4101,0.8375128746855326,1.763737809747925,plus,False,1.1847654486394064,0.5831528974888511,0.6016125511505552,True,True,1.0,False,100.0,45.40000000000009,0.0,False,"[""block_count_per_ring != 7 (missing or extra blocks)""]",0.27874946802690337,0.04803673257957834,0.0055467179175952425
113,1-4,206,1-4/r206,bo,3144.132872706837,"{""0"": {""K"": 0.0, ""B1"": 2314.274762454782, ""A1"": 539.2075028104216, ""A2"": 2531.9375505301728, ""A3"": 2400.0162436708106, ""B2"": 885.7560383796383}}",2.7397,0.25816429305750127,0.30827023332251796,0.626829766677482,"[0.9097606691860061, 0.9134328100163861, 0.6696396882102957, 0.1560206894706081, 0.7326208190191472, 0.6944491445806744, 0.2562951499941083, 0.6746923435394663, 0.4902852859530389, 0.16772117967495648, 0.39911564705703306, 0.6605960038446974, 0.056444764683740045]",66.0,66.0,64.0,2.8449,2.8449,34.9337,34.9337,16.5149,16.5149,False,0,2.7405,0.059283,2.4101,0.9097606691860061,1.7658327417975643,plus,False,1.2886416810038084,0.3327188278978625,0.9559228531059458,True,True,1.0,False,100.0,85.69999999999982,0.0,False,"[""block_count_per_ring != 7 (missing or extra blocks)""]",0.2701856172273289,0.0382477439817727,0.0019059665957383573
114,1-4,206,1-4/r206,bo,2586.0685154506928,"{""0"": {""K"": 0.0, ""B1"": 1157.352303485672, ""A1"": 116.67012351041858, ""A2"": 761.8723712905993, ""A3"": 290.2137414835193, ""B2"": 1407.348921977209}}",2.7397,0.19551963366410188,0.30827023332251796,0.626829766677482,"[0.7482837139614273, 0.07496329929883516, 0.3348820322585857, 0.033758716293523894, 0.22044918150769655, 0.0839738835311109, 0.40721901677581285, 0.6461353253024735, 0.5651221852541979, 0.21904235753019574, 0.5472917585458388, 0.8127502930453432, 0.12178002030952495]",63.0,63.0,72.0,3.4095,3.4095,46.0469,46.0469,20.3188,20.3188,False,0,2.7414,0.124412,2.4101,0.7482837139614273,1.675884363168158,plus,False,1.7020621840719414,0.798793167393421,0.9032690166785204,True,True,1.0,False,100.0,116.59999999999991,0.0,False,"[""block_count_per_ring != 7 (missing or extra blocks)""]",0.2544821696438146,0.04869786472537894,0.0021709741105482502
115,1-4,206,1-4/r206,bo,3179.3813305635817,"{""0"": {""K"": 0.0, ""B1"": 3057.1029997572623, ""A1"": 1056.675586661261, ""A2"": 2188.731270606431, ""A3"": 332.44950576577224, ""B2"": 2293.7295096610424}}",2.7397,0.11585207331340179,0.30827023332251796,0.626829766677482,"[0.9199598757417771, 0.7706150083885542, 0.8845784142816152, 0.3057510378070778, 0.6333134463560275, 0.0961948801405591, 0.6636948812676627, 0.4485408288192577, 0.5497344222958219, 0.2355437714946168, 0.28055969258825364, 0.5497334867078606, 0.04175238029232631]",49.0,49.0,70.0,3.591,3.591,26.042,26.042,13.7433,13.7433,False,0,2.7403,0.04481,2.4101,0.9199598757417772,1.7262114859475826,plus,False,1.4355816365827223,1.0710878307948248,0.3644938057878975,True,True,1.0,False,100.00000000000003,105.0,0.0,False,"[""block_count_per_ring != 7 (missing or extra blocks)""]",0.1821423533183776,0.05867747268606965,0.00020263387111556057
116,1-4,206,1-4/r206,bo,3308.7059347530617,"{""0"": {""K"": 0.0, ""B1"": 1742.8464535269522, ""A1"": 308.08488458482435, ""A2"": 2485.243435235021, ""A3"": 132.90394956270825, ""B2"": 545.0517849402054}}",2.7397,0.258624715409484,0.30827023332251796,0.626829766677482,"[0.9573801894540109, 0.13193240706852738, 0.5042958488214561, 0.08914493188218298, 0.7191097902879112, 0.038456003924394744, 0.15771174332760574, 0.12312561751098494, 0.21508968146843277, 0.7836775382177714, 0.654750866371025, 0.6136685445620262, 0.05223590077817897]",24.0,24.0,34.0,9.6205,9.6205,54.1063,54.1063,15.3417,15.3417,False,0,2.7404,0.052046,2.4101,0.9573801894540109,1.669525374067335,plus,False,2.4460021083152768,2.0783777992400005,0.3676243090752762,True,True,1.0,False,100.00000000000003,132.9000000000001,0.0,False,"[""block_count_per_ring != 7 (missing or extra blocks)""]",0.281433656066656,0.0343484199741797,0.0024882755684191953
117,1-4,206,1-4/r206,bo,1128.8541113553745,"{""0"": {""K"": 0.0, ""B1"": 3405.042441430999, ""A1"": 1311.530221968353, ""A2"": 100.72042869052284, ""A3"": 2267.8051803206254, ""B2"": 2404.662940635093}}",2.7397,0.1406143274478955,0.30827023332251796,0.626829766677482,"[0.3266360275912542, 0.9807543666609831, 0.9852553360622104, 0.3794936984862133, 0.029143642560915173, 0.6561936285649957, 0.6957936749522838, 0.511371122366959, 0.689167198970747, 0.0916569261090302, 0.7390509997225285, 0.6753382241532854, 0.17127373925915457]",53.0,53.0,86.0,2.0082,2.0082,60.4288,60.4288,16.8835,16.8835,False,0,2.742,0.167831,2.4101,0.3266360275912542,1.5800619055871976,plus,False,2.0482068657459167,1.39230521304769,0.6559016526982266,True,True,1.0,False,100.0,51.0,0.0,False,"[""block_count_per_ring != 7 (missing or extra blocks)""]",0.25255712601814706,0.04582728427792348,0.0015587195871491705
118,1-4,206,1-4/r206,bo,3377.7539889680984,"{""0"": {""K"": 0.0, ""B1"": 1965.661406347913, ""A1"": 526.2191911023765, ""A2"": 2077.560942181168, ""A3"": 304.1027730838564, ""B2"": 1017.7234525871099}}",2.7397,0.2152628790414199,0.30827023332251796,0.626829766677482,"[0.9773593718078989, 0.17153057636534963, 0.5687677680404841, 0.15226249742545617, 0.601146105955199, 0.08799270054509734, 0.2944801656791406, 0.5898279035688927, 0.9735581636434091, 0.4879930037920376, 0.36596773187218057, 0.29699366483980894, 0.06540671751165883]",59.0,59.0,117.0,6.3679,6.3679,32.4476,32.4476,7.4248,7.4248,False,0,2.7406,0.06652,2.4101,0.9773593718078989,1.7376490688155268,plus,False,1.6396937393958837,1.0119952300682462,0.6276985093276375,True,True,1.0,False,100.0,111.89999999999986,0.0,False,"[""block_count_per_ring != 7 (missing or extra blocks)""]",0.23837088111588392,0.04628117901778411,0.0007934437322498727
119,1-4,206,1-4/r206,bo,2626.1321368143763,"{""0"": {""K"": 0.0, ""B1"": 312.7024670690903, ""A1"": 2323.821601615061, ""A2"": 3109.4521083292293, ""A3"": 2572.518907918063, ""B2"": 1699.1700560916256}}",2.7397,0.122260017560885,0.30827023332251796,0.626829766677482,"[0.7598761969949006, 0.9679508939894507, 0.090481037925084, 0.6724020838006542, 0.8997257257897076, 0.7443631099299951, 0.49165800234132684, 0.3885091207768201, 0.41859507890538694, 0.3730064516291208, 0.3205958206430003, 0.5419081473457713, 0.44477713002172725]",44.0,44.0,56.0,5.1031,5.1031,29.0447,29.0447,13.5477,13.5477,False,0,2.7458,0.442821,2.4101,0.7598761969949005,1.6230960600682474,minus,True,1.3843823326430587,2.049692089092719,0.6653097564496602,True,True,1.0,False,100.0,248.70000000000005,0.0,False,"[""block_count_per_ring != 7 (missing or extra blocks)""]",0.2641156408980253,0.03600379901114946,0.0010452485199762386
