trial_id,tunnel_id,ring_id,case_id,kind,k_y,per_ring_offsets,r_surface_min_ceiling_ref,gt_miou,best_so_far,regret_vs_ceiling,search_x,hough_threshold,hough_oblique_threshold,hough_horizontal_threshold,merge_distance_threshold,line_merge_distance,single_ring_visual_slot_snap_px,line_snap_tolerance_px,slot_inset_y,segmentation_slot_inset_y,agent_error,n_reclassified_by_r_filter,r_surface_min,r_surface_min_frac,r_surface_min_otsu_ref,k_y_frac,arc_width_entropy,order_branch,branch_is_minus,direction_score_plus,direction_score_minus,direction_margin,direction_select_enabled,det_k_count_match,det_k_confidence_avg,det_block_count_per_ring,det_y_coverage_pct,det_min_y_gap_px,det_y_order_consistency,det_ready_for_segmentation,det_guardrail_violations,bo_surrogate_mean,bo_surrogate_std,ei_value
0,4-6,283,4-6/r283,gt_layout_ceiling_r,1697.9778549030211,"{""0"": {""K"": 0.0, ""B1"": 230.9948648222578, ""A1"": 971.1833983935544, ""A2"": 1700.5139398233246, ""A3"": 2437.251325647177, ""A4"": 3155.0698328969233, ""B2"": 3909.2586206021147}}",3.7343,0.8267842176883957,0.8267842176883957,0.04181578231160432,"[0.36515652793613357, 0.0, 0.04967631501553931, 0.20885664481581814, 0.36570192254265044, 0.524140070031651, 0.6785096414832094, 0.8407007786241106, 0.29333333333333333, 0.36363636363636365, 0.18181818181818182, 0.2, 0.0, 0.0]",37.0,37.0,50.0,3.0,3.0,20.0,20.0,0.0,0.0,False,0,3.7343,0.0,2.9953,0.36515652793613357,1.900203678233397,plus,False,3.5694210663437227,3.568038654302506,0.0013824120412166963,True,True,1.0,True,100.0,231.0,1.0,True,[],,,
1,4-6,283,4-6/r283,gt_layout_otsu_r,1697.9778549030211,"{""0"": {""K"": 0.0, ""B1"": 230.9948648222578, ""A1"": 971.1833983935544, ""A2"": 1700.5139398233246, ""A3"": 2437.251325647177, ""A4"": 3155.0698328969233, ""B2"": 3909.2586206021147}}",3.7343,0.8267842176883957,0.8267842176883957,0.04181578231160432,"[0.36515652793613357, 0.0, 0.04967631501553931, 0.20885664481581814, 0.36570192254265044, 0.524140070031651, 0.6785096414832094, 0.8407007786241106, 0.29333333333333333, 0.36363636363636365, 0.18181818181818182, 0.2, 0.0, 0.0]",37.0,37.0,50.0,3.0,3.0,20.0,20.0,0.0,0.0,False,0,3.7343,0.0,2.9953,0.36515652793613357,1.900203678233397,plus,False,3.5694210663437227,3.568038654302506,0.0013824120412166963,True,True,1.0,True,100.0,231.0,1.0,True,[],,,
2,4-6,283,4-6/r283,intrinsic_r_otsu,2906.6939197117013,"{""0"": {""K"": 0.0, ""B1"": 3606.9384596401496, ""A1"": 1047.2134334562522, ""A2"": 1395.7732248371983, ""A3"": 4062.023521092618, ""A4"": 24.48366622992247, ""B2"": 3818.712145479863}}",3.7343,0.11067038894320042,0.8267842176883957,0.04181578231160432,"[0.625095466604667, 0.8972138009695755, 0.7756856902451935, 0.22520718999059186, 0.30016628491122543, 0.8735534453962619, 0.005265304565574724, 0.8212284183827663, 0.7970694287520462, 0.4679349528437208, 0.3030324268193135, 0.2784256121007733, 0.2548695876541246, 0.0]",75.0,75.0,61.0,4.3334,4.3334,25.8819,25.8819,6.3717,6.3717,False,0,3.7343,0.0,2.9953,0.625095466604667,1.7020488428809706,plus,False,1.2753198567675919,1.2569161137013436,0.018403743066248257,True,True,1.0,True,100.0,24.5,0.0,True,[],,,
3,4-6,283,4-6/r283,random,2346.149404154483,"{""0"": {""K"": 0.0, ""B1"": 4629.076317969926, ""A1"": 3685.8779243439517, ""A2"": 2893.1334169014062, ""A3"": 4598.664686720765, ""A4"": 1001.1854467955351, ""B2"": 744.9859574389772}}",3.7343,0.03710516870064609,0.8267842176883957,0.04181578231160432,"[0.5045482589579533, 0.5534973520744925, 0.9955002834343927, 0.7926619192137531, 0.6221792294411627, 0.9889601476818849, 0.21530869823559895, 0.16021203385784455, 0.6125396042730308, 0.04394200796138337, 0.03568027877359614, 0.5148888202713703, 0.4662060253252891, 0.9171677731928523]",61.0,61.0,15.0,1.3925,1.3925,43.6167,43.6167,11.6552,11.6552,False,0,3.755,0.918952,2.9953,0.5045482589579533,1.8583562585459996,plus,False,-0.3987182945825119,-0.557121011126735,0.15840271654422305,True,True,1.0,True,100.0,20.90000000000009,0.0,True,[],,,
4,4-6,283,4-6/r283,random,2925.9020833831987,"{""0"": {""K"": 0.0, ""B1"": 2310.461474579795, ""A1"": 1150.9443874270883, ""A2"": 54.842218772652245, ""A3"": 894.6699695316945, ""A4"": 3217.949362100552, ""B2"": 932.8212665395276}}",3.7343,0.11579608361330482,0.8267842176883957,0.04181578231160432,"[0.6292262544910104, 0.5141176465995139, 0.49687343539350426, 0.24751492202733083, 0.01179402554250586, 0.19240214398531064, 0.6920321208818392, 0.2006067239869952, 0.3695363106022067, 0.0037342420520759534, 0.8300477298017456, 0.15446108106143985, 0.26759930456378545, 0.8803321539808286]",43.0,43.0,10.0,10.1305,10.1305,16.5846,16.5846,6.69,6.69,False,0,3.7541,0.878984,2.9953,0.6292262544910104,1.8730249625200213,minus,True,1.4651391713753994,2.00715905319381,0.5420198818184105,True,True,1.0,True,100.0,38.09999999999991,0.0,True,[],,,
5,4-6,283,4-6/r283,random,2370.5272658881677,"{""0"": {""K"": 0.0, ""B1"": 2974.684826282747, ""A1"": 3449.2349052326354, ""A2"": 425.4545635431623, ""A3"": 2516.318769400673, ""A4"": 2361.1408987966274, ""B2"": 4051.728101621895}}",3.7343,0.1052290198590647,0.8267842176883957,0.04181578231160432,"[0.5097908098684232, 0.8471502463658693, 0.6397171669425262, 0.7417709473618571, 0.09149560506304566, 0.5411438213764888, 0.50777223630035, 0.8713393766928806, 0.3612640590141576, 0.5981840672072131, 0.05925164234550362, 0.3876318011107287, 0.32303634625820665, 0.15019972907045187]",42.0,42.0,76.0,1.6518,1.6518,34.0724,34.0724,8.0759,8.0759,False,0,3.7377,0.150673,2.9953,0.5097908098684232,1.7352813753567913,plus,False,1.0888691935996375,0.9949212188572917,0.09394797474234584,True,True,1.0,True,100.0,155.10000000000002,0.0,True,[],,,
6,4-6,283,4-6/r283,random,3795.972182758702,"{""0"": {""K"": 0.0, ""B1"": 4551.17766251218, ""A1"": 2743.461372499338, ""A2"": 2813.5115803088083, ""A3"": 2966.6841006657446, ""A4"": 3145.4936337294657, ""B2"": 701.1642891329145}}",3.7343,0.13500620266112126,0.8267842176883957,0.04181578231160432,"[0.8163381038190757, 0.37944617155031246, 0.9787478844112216, 0.5899916930106103, 0.6050562538298513, 0.6379965807883322, 0.6764502438127883, 0.1507880191683687, 0.44031346718818754, 0.23956396182952333, 0.40249829810398163, 0.09670409393174562, 0.9678280510488214, 0.21500403735588003]",48.0,48.0,36.0,5.4275,5.4275,12.2528,12.2528,24.1957,24.1957,False,0,3.7391,0.212846,2.9953,0.8163381038190757,1.4704178581757068,plus,False,1.296722533367341,0.19336970886627056,1.1033528245010704,True,True,1.0,True,100.0,70.09999999999991,0.0,True,[],,,
7,4-6,283,4-6/r283,random,3123.708006142475,"{""0"": {""K"": 0.0, ""B1"": 4064.458171595196, ""A1"": 3079.2985332738103, ""A2"": 612.0135435086216, ""A3"": 3929.595592066671, ""A4"": 4394.008995824155, ""B2"": 4203.213065111059}}",3.7343,0.10585467034194572,0.8267842176883957,0.04181578231160432,"[0.6717651626112849, 0.3004200814790703, 0.8740770261495044, 0.6622147383384538, 0.13161581580830573, 0.8450743208745529, 0.9449481711449795, 0.9039167881959268, 0.5697191478592772, 0.1454599537609269, 0.19246349496833237, 0.9279056847445244, 0.5523264876672638, 0.18055249844891164]",58.0,58.0,26.0,3.1171,3.1171,74.5929,74.5929,13.8082,13.8082,False,0,3.7384,0.181759,2.9953,0.6717651626112849,1.7354254627337802,plus,False,0.45957729344948367,0.432233729012701,0.027343564436782652,True,True,1.0,True,100.0,134.89999999999964,0.0,True,[],,,
8,4-6,283,4-6/r283,random,4110.864558013585,"{""0"": {""K"": 0.0, ""B1"": 2649.078376303207, ""A1"": 1749.7384380041285, ""A2"": 1910.9420620306537, ""A3"": 1113.6248389705786, ""A4"": 176.96638311426176, ""B2"": 4074.4174577081103}}",3.7343,0.05822399250234302,0.8267842176883957,0.04181578231160432,"[0.8840568941964699, 0.6415717052224807, 0.5696942744738079, 0.3762878361299201, 0.41095528215712984, 0.23948921268184487, 0.03805728669123909, 0.876218808109271, 0.4677302168140961, 0.5476351992137353, 0.3221633097802251, 0.7513249198549279, 0.025196870801760363, 0.37218527256520395]",50.0,50.0,70.0,4.5438,4.5438,61.3494,61.3494,0.6299,0.6299,False,0,3.7427,0.372719,2.9953,0.8840568941964699,1.7244218378159588,minus,True,1.8766001655914537,2.7294812044379104,0.8528810388464567,True,True,1.0,True,100.0,161.20000000000005,0.0,True,[],,,
9,4-6,283,4-6/r283,random,141.12886888611908,"{""0"": {""K"": 0.0, ""B1"": 4497.23929459776, ""A1"": 3058.587394679092, ""A2"": 1991.224145711088, ""A3"": 2435.3915017837335, ""A4"": 4058.562819826201, ""B2"": 1600.5796015315218}}",3.7343,0.052805253378649275,0.8267842176883957,0.04181578231160432,"[0.03035029438411163, 0.12289210220500935, 0.9671482353973677, 0.6577607300385144, 0.4282202463894813, 0.5237401079104803, 0.8728092085647744, 0.3442106669960262, 0.5902909822897147, 0.6836843733395437, 0.35541377702351207, 0.5190984864959901, 0.7652473832785226, 0.9091793139905502]",59.0,59.0,85.0,4.9096,4.9096,43.9324,43.9324,19.1312,19.1312,False,0,3.7548,0.91007,2.9953,0.03035029438411163,1.8142393329605415,plus,False,-1.8522850456967572,-2.06748188266673,0.2151968369699726,True,True,1.0,True,100.0,152.70000000000073,0.0,True,[],,,
10,4-6,283,4-6/r283,random,702.439593057192,"{""0"": {""K"": 0.0, ""B1"": 24.081726041759467, ""A1"": 3501.345391729556, ""A2"": 3768.9497609751897, ""A3"": 635.9528396730042, ""A4"": 1947.901976746311, ""B2"": 3790.9416926769622}}",3.7343,0.06403919528269164,0.8267842176883957,0.04181578231160432,"[0.1510622780768155, 0.9334193923074285, 0.005178865815432143, 0.752977503597754, 0.8105268303172452, 0.13676405154258153, 0.41890365091318515, 0.8152562779950456, 0.014271189684610608, 0.6284619478662907, 0.7930236580980341, 0.5130035828222085, 0.7258494205510871, 0.22642348269714407]",16.0,16.0,79.0,9.7233,9.7233,43.4753,43.4753,18.1462,18.1462,False,0,3.7394,0.226169,2.9953,0.1510622780768155,1.5982099193957546,plus,False,1.3974830905887399,1.2187743642339612,0.17870872635477864,True,True,1.0,True,100.0,22.0,0.0,True,[],,,
11,4-6,283,4-6/r283,random,923.1233381659287,"{""0"": {""K"": 0.0, ""B1"": 834.2380281872313, ""A1"": 1609.1856918730248, ""A2"": 4408.776885560288, ""A3"": 2665.997136891712, ""A4"": 1581.3165135069053, ""B2"": 1262.5894821108516}}",3.7343,0.07676668848679673,0.8267842176883957,0.04181578231160432,"[0.19852114799267284, 0.3631269505503516, 0.17940602756714652, 0.34606143911247844, 0.9481240614108147, 0.5733327176111209, 0.34006806742083984, 0.2715246198087853, 0.9520394907075223, 0.44447820964711326, 0.9803947508805895, 0.515522669106271, 0.521166129026224, 0.8965405237160008]",86.0,86.0,59.0,11.7843,11.7843,43.6642,43.6642,13.0292,13.0292,False,0,3.7545,0.896748,2.9953,0.19852114799267284,1.8129334770818162,plus,False,-0.06686133445321135,0.014727325012252879,0.08158865946546423,True,True,1.0,True,100.0,27.90000000000009,0.0,True,[],,,
12,4-6,283,4-6/r283,random,3453.8684946999338,"{""0"": {""K"": 0.0, ""B1"": 1983.9201928386012, ""A1"": 4083.5735462950042, ""A2"": 1914.154597067031, ""A3"": 4290.832029183373, ""A4"": 319.5263873666561, ""B2"": 1999.4854078404082}}",3.7343,0.1469542520443841,0.8267842176883957,0.04181578231160432,"[0.7427674182150396, 0.5806528638528226, 0.4266495038362583, 0.8781878594182805, 0.4116461499068884, 0.9227595761684675, 0.06871535212186153, 0.42999686190116304, 0.519514819877859, 0.9509381955818498, 0.25099924666475815, 0.8060391472621088, 0.6764711999985934, 0.717085904281123]",54.0,54.0,115.0,3.761,3.761,65.4529,65.4529,16.9118,16.9118,False,0,3.7505,0.719111,2.9953,0.7427674182150396,1.8885443468618484,plus,False,1.517037933131731,0.4104470239936031,1.1065909091381279,True,True,1.0,True,100.0,15.600000000000023,0.0,True,[],,,
13,4-6,283,4-6/r283,random,2927.7431502069467,"{""0"": {""K"": 0.0, ""B1"": 1546.9687853326607, ""A1"": 1851.981352509073, ""A2"": 943.5396477928504, ""A3"": 235.77385701605786, ""A4"": 990.0231066353273, ""B2"": 4256.909446626173}}",3.7343,0.046717032789219556,0.8267842176883957,0.04181578231160432,"[0.6296221828402035, 0.97156070846158, 0.33268145921132486, 0.39827555967937056, 0.2029117522135162, 0.05070405527227051, 0.2129081949753392, 0.9154643971239083, 0.8401688171583896, 0.11240574149257898, 0.6037790253168653, 0.4791964948896248, 0.5946848704882786, 0.6592750066090632]",78.0,78.0,22.0,7.6416,7.6416,40.9397,40.9397,14.8671,14.8671,False,0,3.7492,0.661379,2.9953,0.6296221828402035,1.635822503506163,plus,False,1.0285778739694238,0.9798911227537034,0.048686751215720414,True,True,1.0,True,100.0,46.5,0.0,True,[],,,
14,4-6,283,4-6/r283,random,1425.9666326332542,"{""0"": {""K"": 0.0, ""B1"": 2166.1561630342308, ""A1"": 2920.668975121817, ""A2"": 2953.801755133666, ""A3"": 855.0856937700639, ""A4"": 287.67419442713975, ""B2"": 1913.5532292655835}}",3.7343,0.03955302968472369,0.8267842176883957,0.04181578231160432,"[0.3066594908888719, 0.9613508447364569, 0.4658400350611249, 0.6281008548649069, 0.6352261838997132, 0.18388939650969116, 0.06186541815637414, 0.4115168234979749, 0.7640300884384686, 0.8152217882917717, 0.729989249002065, 0.113204952525223, 0.9133548615310455, 0.8020365779972838]",72.0,72.0,100.0,9.0299,9.0299,13.4904,13.4904,22.8339,22.8339,False,0,3.7524,0.803488,2.9953,0.3066594908888719,1.7016821941429168,minus,True,0.742048451632441,1.130530803255927,0.3884823516234859,True,True,1.0,True,100.0,33.19999999999982,0.0,True,[],,,
15,4-6,283,4-6/r283,random,4081.264854920331,"{""0"": {""K"": 0.0, ""B1"": 4257.7047732184055, ""A1"": 216.93290648557536, ""A2"": 140.8430777819492, ""A3"": 94.00241610608298, ""A4"": 1175.3743524789222, ""B2"": 1155.8494454217705}}",3.7343,0.058920971386240195,0.8267842176883957,0.04181578231160432,"[0.8776913666495335, 0.5233041529751773, 0.9156354351007324, 0.04665223795388718, 0.030288833931601977, 0.020215573356146876, 0.2527686779524564, 0.24856977320898288, 0.18750333435596656, 0.5670558183853956, 0.038985841033045365, 0.5903878678348518, 0.16601115304721703, 0.6778737085673094]",29.0,29.0,72.0,1.4288,1.4288,49.2791,49.2791,4.1503,4.1503,False,0,3.7496,0.679143,2.9953,0.8776913666495335,1.7957132949951884,plus,False,0.8658011630568975,1.0131808235901714,0.1473796605332739,True,True,1.0,True,100.0,19.5,0.0,True,[],,,
16,4-6,283,4-6/r283,random,98.00039816409353,"{""0"": {""K"": 0.0, ""B1"": 4363.286983920455, ""A1"": 2503.5431664291877, ""A2"": 3773.881422772391, ""A3"": 3059.8212794945252, ""A4"": 2839.991153102897, ""B2"": 889.3249623947728}}",3.7343,0.20355903476714604,0.8267842176883957,0.04181578231160432,"[0.02107535444389108, 0.3105701970531949, 0.9383412868646139, 0.5383963798772446, 0.8115874027467508, 0.6580260816117258, 0.6107507856135262, 0.19125268008489738, 0.574394748257806, 0.039686418459000006, 0.8016644050918733, 0.9600709170261761, 0.8540090713418452, 0.0507096459660612]",58.0,58.0,14.0,9.8183,9.8183,77.0053,77.0053,21.3502,21.3502,False,0,3.7354,0.048532,2.9953,0.02107535444389108,1.8885009093896166,plus,False,1.0382107999430292,-0.16990323705125246,1.2081140369942818,True,True,1.0,True,100.0,219.80000000000018,0.0,True,[],,,
17,4-6,283,4-6/r283,random,1574.7693877180159,"{""0"": {""K"": 0.0, ""B1"": 524.1340115113454, ""A1"": 2913.744959875763, ""A2"": 3708.18051545345, ""A3"": 1458.804844810434, ""A4"": 4012.0629423721166, ""B2"": 3706.640144734503}}",3.7343,0.10918873869564598,0.8267842176883957,0.04181578231160432,"[0.33866008338021847, 0.31800319786228226, 0.11271699172286997, 0.626611819328121, 0.7974581753663333, 0.3137214720022439, 0.8628092349187347, 0.7971269128461297, 0.12913794147432478, 0.7668591567381553, 0.8826207199019183, 0.19728256983174652, 0.5736411794985231, 0.6387499660221029]",25.0,25.0,94.0,10.7088,10.7088,19.7962,19.7962,14.341,14.341,False,0,3.7487,0.639174,2.9953,0.33866008338021847,1.7478262868042485,minus,True,-0.02179249391048549,0.8608178226074625,0.882610316517948,True,True,1.0,True,100.0,1.5,0.0,True,[],,,
18,4-6,283,4-6/r283,random,2833.4042973405894,"{""0"": {""K"": 0.0, ""B1"": 3074.5402937195136, ""A1"": 2938.5894697597614, ""A2"": 3831.0675238593667, ""A3"": 3736.3340509560267, ""A4"": 1521.3321668868489, ""B2"": 3357.5200981084754}}",3.7343,0.155094580377594,0.8267842176883957,0.04181578231160432,"[0.6093342574925998, 0.09624567762804348, 0.6611914610149492, 0.6319547246795186, 0.8238854890020143, 0.8035126991303283, 0.32716820793265566, 0.7220473329265539, 0.867273387572356, 0.8929477581907895, 0.16151232694699924, 0.026702350086284632, 0.6508074434222286, 0.21467627274376333]",80.0,80.0,108.0,2.7766,2.7766,7.0027,7.0027,16.2702,16.2702,False,0,3.7391,0.212846,2.9953,0.6093342574925998,1.8115084845968752,plus,False,-1.2964438013817658,-1.3669188010042717,0.07047499962250581,True,True,1.0,True,100.0,94.79999999999995,0.0,True,[],,,
19,4-6,283,4-6/r283,random,2621.2502178418717,"{""0"": {""K"": 0.0, ""B1"": 1763.8362527744398, ""A1"": 1175.4016592870264, ""A2"": 2122.7717323226925, ""A3"": 3056.1841967089113, ""A4"": 470.1102005241633, ""B2"": 1769.7191502775236}}",3.7343,0.04932962307108525,0.8267842176883957,0.04181578231160432,"[0.5637097242670692, 0.9448045298068409, 0.3793196242525677, 0.25277455038430674, 0.4565100499618694, 0.6572439132707336, 0.10109896785465877, 0.3805847635005427, 0.1337211888385227, 0.6624462216142538, 0.8305525322631839, 0.37685378140878245, 0.3717239527744183, 0.5395216589474345]",25.0,25.0,83.0,10.1361,10.1361,33.264,33.264,9.2931,9.2931,False,0,3.7465,0.541474,2.9953,0.5637097242670692,1.8138939100443465,plus,False,0.4373219271766823,0.13243822510088615,0.3048837020757961,True,True,1.0,True,100.0,5.899999999999636,0.0,True,[],,,
20,4-6,283,4-6/r283,random,1000.0186753171351,"{""0"": {""K"": 0.0, ""B1"": 1533.8131172632256, ""A1"": 2127.029496342711, ""A2"": 379.12129040696635, ""A3"": 3500.204434106576, ""A4"": 2692.6037710960322, ""B2"": 1393.5765089408305}}",3.7343,0.09119373306007997,0.8267842176883957,0.04181578231160432,"[0.21505777963809358, 0.2474095916167709, 0.3298522832824141, 0.45742569813821743, 0.08153146030257341, 0.7527321363670056, 0.5790545744292542, 0.2996938728905012, 0.07754657235100282, 0.7631809514014812, 0.1310789882913207, 0.13320664234967827, 0.13068424580727667, 0.08126231111599047]",21.0,21.0,94.0,2.4419,2.4419,14.9905,14.9905,3.2671,3.2671,False,0,3.7361,0.079618,2.9953,0.21505777963809358,1.844683229962505,minus,True,0.935113089622986,1.5002156601389303,0.5651025705159443,True,True,1.0,True,100.0,140.20000000000027,0.0,True,[],,,
21,4-6,283,4-6/r283,random,4214.724499111195,"{""0"": {""K"": 0.0, ""B1"": 1424.8091933119, ""A1"": 3872.4935415096143, ""A2"": 2882.6440876598767, ""A3"": 870.2167474143425, ""A4"": 2021.8823675511383, ""B2"": 4110.2394609579815}}",3.7343,0.04014121195442981,0.8267842176883957,0.04181578231160432,"[0.906392365400257, 0.2692442996733905, 0.3064105792068602, 0.8327943100020676, 0.6199234597118014, 0.18714338654071883, 0.4348134123765889, 0.8839224647221466, 0.3753740170194637, 0.7108815531965337, 0.09680770883646805, 0.7273247767385439, 0.7764735240652465, 0.8257667817021326]",43.0,43.0,88.0,2.0649,2.0649,59.5494,59.5494,19.4118,19.4118,False,0,3.7529,0.825693,2.9953,0.9063923654002569,1.8204106720250324,plus,False,-0.41140367991890164,-0.3134888457945511,0.09791483412435054,True,True,1.0,True,100.0,237.80000000000018,0.0,True,[],,,
22,4-6,283,4-6/r283,random,3135.034605523732,"{""0"": {""K"": 0.0, ""B1"": 298.58580077238184, ""A1"": 2412.3094883803715, ""A2"": 3522.18856467724, ""A3"": 887.3976462269989, ""A4"": 1238.0031037501876, ""B2"": 2492.9581970640807}}",3.7343,0.21836889936643555,0.8267842176883957,0.04181578231160432,"[0.6742009904352112, 0.37073279482625254, 0.06421200016610362, 0.5187762340602949, 0.7574599063822021, 0.19083820348967717, 0.2662372266129436, 0.5361200423793722, 0.7483315628979192, 0.8965867307591795, 0.12574151753416918, 0.18427021286649659, 0.7995369713881428, 0.6445216230234747]",71.0,71.0,109.0,2.3832,2.3832,18.8203,18.8203,19.9884,19.9884,False,0,3.7488,0.643615,2.9953,0.6742009904352112,1.7649971554709298,plus,False,1.909518863613289,1.4728184493425605,0.4367004142707285,True,True,1.0,True,100.0,80.70000000000005,0.0,True,[],,,
23,4-6,283,4-6/r283,random,3352.523481916395,"{""0"": {""K"": 0.0, ""B1"": 4367.186807912597, ""A1"": 3920.066560813376, ""A2"": 3613.588512097296, ""A3"": 1836.8393507099315, ""A4"": 2981.7153643356405, ""B2"": 857.672237376592}}",3.7343,0.10602100203164415,0.8267842176883957,0.04181578231160432,"[0.7209727918099774, 0.9967711650313137, 0.9391799586908811, 0.8430250668415862, 0.777115809053182, 0.3950192152064369, 0.6412291106098151, 0.1844456424465789, 0.7594944652808059, 0.7576906645183887, 0.721295213634719, 0.444799024426779, 0.3781803287908211, 0.41977093236994134]",72.0,72.0,93.0,8.9342,8.9342,38.3599,38.3599,9.4545,9.4545,False,0,3.7438,0.421569,2.9953,0.7209727918099774,1.8803033325549459,plus,False,0.5214772807396474,-0.38456538771723214,0.9060426684568795,True,True,1.0,True,100.0,282.8000000000002,0.0,True,[],,,
24,4-6,283,4-6/r283,perturb_small_segment,1697.9778549030211,"{""0"": {""K"": 0.0, ""B1"": 325.50000000000006, ""A1"": 1023.0, ""A2"": 1720.5, ""A3"": 2418.0, ""A4"": 3115.5, ""B2"": 3813.0000000000005}}",3.7343,0.7275774865857272,0.8267842176883957,0.04181578231160432,"[0.36515652793613357, 0.0, 0.07, 0.22, 0.37, 0.52, 0.67, 0.8200000000000001, 0.29333333333333333, 0.36363636363636365, 0.18181818181818182, 0.2, 0.0, 0.0]",37.0,37.0,50.0,3.0,3.0,20.0,20.0,0.0,0.0,False,0,3.7343,0.0,2.9953,0.36515652793613357,1.917651908306252,plus,False,3.825499999999999,3.4366111111111106,0.3888888888888884,True,True,1.0,True,100.0,325.5,1.0,True,[],,,
25,4-6,283,4-6/r283,perturb_wrong_k,2175.3800503644047,"{""0"": {""K"": 0.0, ""B1"": 230.9948648222578, ""A1"": 971.1833983935544, ""A2"": 1700.5139398233246, ""A3"": 2437.251325647177, ""A4"": 3155.0698328969233, ""B2"": 3909.2586206021147}}",3.7343,0.22891724809049557,0.8267842176883957,0.04181578231160432,"[0.4678236667450333, 0.0, 0.04967631501553931, 0.20885664481581814, 0.36570192254265044, 0.524140070031651, 0.6785096414832094, 0.8407007786241106, 0.29333333333333333, 0.36363636363636365, 0.18181818181818182, 0.2, 0.0, 0.0]",37.0,37.0,50.0,3.0,3.0,20.0,20.0,0.0,0.0,False,0,3.7343,0.0,2.9953,0.4678236667450333,1.900203678233397,plus,False,3.319421066343724,3.318038654302506,0.0013824120412180285,True,True,1.0,True,100.0,231.0,1.0,True,[],,,
26,4-6,283,4-6/r283,perturb_wrong_r_high,1697.9778549030211,"{""0"": {""K"": 0.0, ""B1"": 230.9948648222578, ""A1"": 971.1833983935544, ""A2"": 1700.5139398233246, ""A3"": 2437.251325647177, ""A4"": 3155.0698328969233, ""B2"": 3909.2586206021147}}",3.7343,0.29053615005353567,0.8267842176883957,0.04181578231160432,"[0.36515652793613357, 0.0, 0.04967631501553931, 0.20885664481581814, 0.36570192254265044, 0.524140070031651, 0.6785096414832094, 0.8407007786241106, 0.29333333333333333, 0.36363636363636365, 0.18181818181818182, 0.2, 0.0, 0.95]",37.0,37.0,50.0,3.0,3.0,20.0,20.0,0.0,0.0,False,0,3.7557,0.950039,2.9953,0.36515652793613357,1.900203678233397,plus,False,3.5694210663437227,3.568038654302506,0.0013824120412166963,True,True,1.0,True,100.0,231.0,1.0,True,[],,,
27,4-6,283,4-6/r283,perturb_guardrail_smoke,4557.0,"{""0"": {""K"": 0.0, ""B1"": 1790.3752967167154, ""A1"": 1874.1465449959699, ""A2"": 2429.5593426914816, ""A3"": 2250.0508856240403, ""A4"": 2674.297106902327, ""B2"": 1893.327361180568}}",3.7343,0.08372975256233568,0.8267842176883957,0.04181578231160432,"[0.98, 0.0, 0.38502694553047645, 0.40304226774106877, 0.5224858801487057, 0.48388191088689037, 0.5751176573983499, 0.407167174447434, 0.29333333333333333, 0.36363636363636365, 0.18181818181818182, 0.2, 0.0, 0.0]",37.0,37.0,50.0,3.0,3.0,20.0,20.0,0.0,0.0,False,0,3.7343,0.0,2.9953,0.98,1.5695754217971885,plus,False,-1.4659292920431857,-1.6090707946237077,0.14314150258052205,True,True,1.0,True,100.0,19.200000000000045,0.0,True,[],,,
28,4-6,283,4-6/r283,perturb_weak_hough,1697.9778549030211,"{""0"": {""K"": 0.0, ""B1"": 230.9948648222578, ""A1"": 971.1833983935544, ""A2"": 1700.5139398233246, ""A3"": 2437.251325647177, ""A4"": 3155.0698328969233, ""B2"": 3909.2586206021147}}",3.7343,0.8267842176883957,0.8267842176883957,0.04181578231160432,"[0.36515652793613357, 0.0, 0.04967631501553931, 0.20885664481581814, 0.36570192254265044, 0.524140070031651, 0.6785096414832094, 0.8407007786241106, 0.987919501945808, 0.9081148445965966, 0.18181818181818182, 0.2, 0.0, 0.0]",89.0,89.0,110.0,3.0,3.0,20.0,20.0,0.0,0.0,False,0,3.7343,0.0,2.9953,0.36515652793613357,1.900203678233397,plus,False,3.5694210663437227,3.568038654302506,0.0013824120412166963,True,True,1.0,True,100.0,231.0,1.0,True,[],,,
29,4-6,283,4-6/r283,perturb_misaligned,2064.731805811984,"{""0"": {""K"": 0.0, ""B1"": 34.57225183148988, ""A1"": 1089.8564256358518, ""A2"": 1882.044397190747, ""A3"": 2671.9304709551466, ""A4"": 2944.91666206381, ""B2"": 3681.4885521407127}}",3.7343,0.3233155719637077,0.8267842176883957,0.04181578231160432,"[0.4440283453359105, 0.0, 0.007434892866987071, 0.23437772594319392, 0.4047407305786553, 0.5746087034312143, 0.6333154111965182, 0.7917179682023038, 0.29333333333333333, 0.36363636363636365, 0.18181818181818182, 0.2, 0.0, 0.0]",37.0,37.0,50.0,3.0,3.0,20.0,20.0,0.0,0.0,False,0,3.7343,0.0,2.9953,0.44402834533591057,1.7607412058353098,plus,False,2.882542613768733,2.9852974112971813,0.10275479752844818,True,True,1.0,True,100.0,34.600000000000364,1.0,True,[],,,
30,4-6,283,4-6/r283,perturb_wrong_k,918.8907715979457,"{""0"": {""K"": 0.0, ""B1"": 230.9948648222578, ""A1"": 971.1833983935544, ""A2"": 1700.5139398233246, ""A3"": 2437.251325647177, ""A4"": 3155.0698328969233, ""B2"": 3909.2586206021147}}",3.7343,0.082825679475164,0.8267842176883957,0.04181578231160432,"[0.19761091862321412, 0.0, 0.04967631501553931, 0.20885664481581814, 0.36570192254265044, 0.524140070031651, 0.6785096414832094, 0.8407007786241106, 0.29333333333333333, 0.36363636363636365, 0.18181818181818182, 0.2, 0.0, 0.0]",37.0,37.0,50.0,3.0,3.0,20.0,20.0,0.0,0.0,False,0,3.7343,0.0,2.9953,0.19761091862321412,1.900203678233397,plus,False,3.569467949833623,3.568085514958477,0.001382434875145666,True,True,1.0,True,100.0,231.0000000000001,1.0,True,[],,,
31,4-6,283,4-6/r283,perturb_offset_shift,1697.9778549030211,"{""0"": {""K"": 0.0, ""B1"": 278.2796481733827, ""A1"": 845.6541995194866, ""A2"": 1754.1140452082238, ""A3"": 2684.6018095151203, ""A4"": 3022.780163145533, ""B2"": 4278.253612129897}}",3.7343,0.5393036279827339,0.8267842176883957,0.04181578231160432,"[0.36515652793613357, 0.0, 0.05984508562868445, 0.18186111817623368, 0.3772288269264997, 0.5773337224763699, 0.6500602501388243, 0.9200545402429887, 0.29333333333333333, 0.36363636363636365, 0.18181818181818182, 0.2, 0.0, 0.0]",37.0,37.0,50.0,3.0,3.0,20.0,20.0,0.0,0.0,False,0,3.7343,0.0,2.9953,0.36515652793613357,1.8122717842300964,plus,False,1.6517495994076337,1.8835047425840081,0.23175514317637447,True,True,1.0,True,100.00000000000003,278.29999999999995,1.0,True,[],,,
32,4-6,283,4-6/r283,perturb_ambiguous_lines,1697.9778549030211,"{""0"": {""K"": 0.0, ""B1"": 230.9948648222578, ""A1"": 971.1833983935544, ""A2"": 1700.5139398233246, ""A3"": 2437.251325647177, ""A4"": 3155.0698328969233, ""B2"": 3909.2586206021147}}",3.7343,0.8267842176883957,0.8267842176883957,0.04181578231160432,"[0.36515652793613357, 0.0, 0.04967631501553931, 0.20885664481581814, 0.36570192254265044, 0.524140070031651, 0.6785096414832094, 0.8407007786241106, 0.29333333333333333, 0.36363636363636365, 0.8706724231524896, 0.9640559943985273, 0.0, 0.0]",37.0,37.0,50.0,10.5774,10.5774,77.3042,77.3042,0.0,0.0,False,0,3.7343,0.0,2.9953,0.36515652793613357,1.900203678233397,plus,False,3.5694210663437227,3.568038654302506,0.0013824120412166963,True,True,1.0,True,100.0,231.0,1.0,True,[],,,
33,4-6,283,4-6/r283,perturb_wrong_r_low,1697.9778549030211,"{""0"": {""K"": 0.0, ""B1"": 230.9948648222578, ""A1"": 971.1833983935544, ""A2"": 1700.5139398233246, ""A3"": 2437.251325647177, ""A4"": 3155.0698328969233, ""B2"": 3909.2586206021147}}",3.7343,0.8122298393885681,0.8267842176883957,0.04181578231160432,"[0.36515652793613357, 0.0, 0.04967631501553931, 0.20885664481581814, 0.36570192254265044, 0.524140070031651, 0.6785096414832094, 0.8407007786241106, 0.29333333333333333, 0.36363636363636365, 0.18181818181818182, 0.2, 0.0, 0.05]",37.0,37.0,50.0,3.0,3.0,20.0,20.0,0.0,0.0,False,0,3.7354,0.048532,2.9953,0.36515652793613357,1.900203678233397,plus,False,3.5694210663437227,3.568038654302506,0.0013824120412166963,True,True,1.0,True,100.0,231.0,1.0,True,[],,,
34,4-6,283,4-6/r283,perturb_small_segment,1697.9778549030211,"{""0"": {""K"": 0.0, ""B1"": 325.50000000000006, ""A1"": 1023.0, ""A2"": 1720.5, ""A3"": 2418.0, ""A4"": 3115.5, ""B2"": 3813.0000000000005}}",3.7343,0.7275774865857272,0.8267842176883957,0.04181578231160432,"[0.36515652793613357, 0.0, 0.07, 0.22, 0.37, 0.52, 0.67, 0.8200000000000001, 0.29333333333333333, 0.36363636363636365, 0.18181818181818182, 0.2, 0.0, 0.0]",37.0,37.0,50.0,3.0,3.0,20.0,20.0,0.0,0.0,False,0,3.7343,0.0,2.9953,0.36515652793613357,1.917651908306252,plus,False,3.825499999999999,3.4366111111111106,0.3888888888888884,True,True,1.0,True,100.0,325.5,1.0,True,[],,,
35,4-6,283,4-6/r283,perturb_wrong_k,2175.3800503644047,"{""0"": {""K"": 0.0, ""B1"": 230.9948648222578, ""A1"": 971.1833983935544, ""A2"": 1700.5139398233246, ""A3"": 2437.251325647177, ""A4"": 3155.0698328969233, ""B2"": 3909.2586206021147}}",3.7343,0.22891724809049557,0.8267842176883957,0.04181578231160432,"[0.4678236667450333, 0.0, 0.04967631501553931, 0.20885664481581814, 0.36570192254265044, 0.524140070031651, 0.6785096414832094, 0.8407007786241106, 0.29333333333333333, 0.36363636363636365, 0.18181818181818182, 0.2, 0.0, 0.0]",37.0,37.0,50.0,3.0,3.0,20.0,20.0,0.0,0.0,False,0,3.7343,0.0,2.9953,0.4678236667450333,1.900203678233397,plus,False,3.319421066343724,3.318038654302506,0.0013824120412180285,True,True,1.0,True,100.0,231.0,1.0,True,[],,,
36,4-6,283,4-6/r283,perturb_wrong_r_high,1697.9778549030211,"{""0"": {""K"": 0.0, ""B1"": 230.9948648222578, ""A1"": 971.1833983935544, ""A2"": 1700.5139398233246, ""A3"": 2437.251325647177, ""A4"": 3155.0698328969233, ""B2"": 3909.2586206021147}}",3.7343,0.29053615005353567,0.8267842176883957,0.04181578231160432,"[0.36515652793613357, 0.0, 0.04967631501553931, 0.20885664481581814, 0.36570192254265044, 0.524140070031651, 0.6785096414832094, 0.8407007786241106, 0.29333333333333333, 0.36363636363636365, 0.18181818181818182, 0.2, 0.0, 0.95]",37.0,37.0,50.0,3.0,3.0,20.0,20.0,0.0,0.0,False,0,3.7557,0.950039,2.9953,0.36515652793613357,1.900203678233397,plus,False,3.5694210663437227,3.568038654302506,0.0013824120412166963,True,True,1.0,True,100.0,231.0,1.0,True,[],,,
37,4-6,283,4-6/r283,perturb_guardrail_smoke,4557.0,"{""0"": {""K"": 0.0, ""B1"": 1790.3752967167154, ""A1"": 1874.1465449959699, ""A2"": 2429.5593426914816, ""A3"": 2250.0508856240403, ""A4"": 2674.297106902327, ""B2"": 1893.327361180568}}",3.7343,0.08372975256233568,0.8267842176883957,0.04181578231160432,"[0.98, 0.0, 0.38502694553047645, 0.40304226774106877, 0.5224858801487057, 0.48388191088689037, 0.5751176573983499, 0.407167174447434, 0.29333333333333333, 0.36363636363636365, 0.18181818181818182, 0.2, 0.0, 0.0]",37.0,37.0,50.0,3.0,3.0,20.0,20.0,0.0,0.0,False,0,3.7343,0.0,2.9953,0.98,1.5695754217971885,plus,False,-1.4659292920431857,-1.6090707946237077,0.14314150258052205,True,True,1.0,True,100.0,19.200000000000045,0.0,True,[],,,
38,4-6,283,4-6/r283,perturb_weak_hough,1697.9778549030211,"{""0"": {""K"": 0.0, ""B1"": 230.9948648222578, ""A1"": 971.1833983935544, ""A2"": 1700.5139398233246, ""A3"": 2437.251325647177, ""A4"": 3155.0698328969233, ""B2"": 3909.2586206021147}}",3.7343,0.8267842176883957,0.8267842176883957,0.04181578231160432,"[0.36515652793613357, 0.0, 0.04967631501553931, 0.20885664481581814, 0.36570192254265044, 0.524140070031651, 0.6785096414832094, 0.8407007786241106, 0.987919501945808, 0.9081148445965966, 0.18181818181818182, 0.2, 0.0, 0.0]",89.0,89.0,110.0,3.0,3.0,20.0,20.0,0.0,0.0,False,0,3.7343,0.0,2.9953,0.36515652793613357,1.900203678233397,plus,False,3.5694210663437227,3.568038654302506,0.0013824120412166963,True,True,1.0,True,100.0,231.0,1.0,True,[],,,
39,4-6,283,4-6/r283,perturb_misaligned,2064.731805811984,"{""0"": {""K"": 0.0, ""B1"": 34.57225183148988, ""A1"": 1089.8564256358518, ""A2"": 1882.044397190747, ""A3"": 2671.9304709551466, ""A4"": 2944.91666206381, ""B2"": 3681.4885521407127}}",3.7343,0.3233155719637077,0.8267842176883957,0.04181578231160432,"[0.4440283453359105, 0.0, 0.007434892866987071, 0.23437772594319392, 0.4047407305786553, 0.5746087034312143, 0.6333154111965182, 0.7917179682023038, 0.29333333333333333, 0.36363636363636365, 0.18181818181818182, 0.2, 0.0, 0.0]",37.0,37.0,50.0,3.0,3.0,20.0,20.0,0.0,0.0,False,0,3.7343,0.0,2.9953,0.44402834533591057,1.7607412058353098,plus,False,2.882542613768733,2.9852974112971813,0.10275479752844818,True,True,1.0,True,100.0,34.600000000000364,1.0,True,[],,,
40,4-6,283,4-6/r283,perturb_wrong_k,918.8907715979457,"{""0"": {""K"": 0.0, ""B1"": 230.9948648222578, ""A1"": 971.1833983935544, ""A2"": 1700.5139398233246, ""A3"": 2437.251325647177, ""A4"": 3155.0698328969233, ""B2"": 3909.2586206021147}}",3.7343,0.082825679475164,0.8267842176883957,0.04181578231160432,"[0.19761091862321412, 0.0, 0.04967631501553931, 0.20885664481581814, 0.36570192254265044, 0.524140070031651, 0.6785096414832094, 0.8407007786241106, 0.29333333333333333, 0.36363636363636365, 0.18181818181818182, 0.2, 0.0, 0.0]",37.0,37.0,50.0,3.0,3.0,20.0,20.0,0.0,0.0,False,0,3.7343,0.0,2.9953,0.19761091862321412,1.900203678233397,plus,False,3.569467949833623,3.568085514958477,0.001382434875145666,True,True,1.0,True,100.0,231.0000000000001,1.0,True,[],,,
41,4-6,283,4-6/r283,perturb_offset_shift,1697.9778549030211,"{""0"": {""K"": 0.0, ""B1"": 278.2796481733827, ""A1"": 845.6541995194866, ""A2"": 1754.1140452082238, ""A3"": 2684.6018095151203, ""A4"": 3022.780163145533, ""B2"": 4278.253612129897}}",3.7343,0.5393036279827339,0.8267842176883957,0.04181578231160432,"[0.36515652793613357, 0.0, 0.05984508562868445, 0.18186111817623368, 0.3772288269264997, 0.5773337224763699, 0.6500602501388243, 0.9200545402429887, 0.29333333333333333, 0.36363636363636365, 0.18181818181818182, 0.2, 0.0, 0.0]",37.0,37.0,50.0,3.0,3.0,20.0,20.0,0.0,0.0,False,0,3.7343,0.0,2.9953,0.36515652793613357,1.8122717842300964,plus,False,1.6517495994076337,1.8835047425840081,0.23175514317637447,True,True,1.0,True,100.00000000000003,278.29999999999995,1.0,True,[],,,
42,4-6,283,4-6/r283,perturb_ambiguous_lines,1697.9778549030211,"{""0"": {""K"": 0.0, ""B1"": 230.9948648222578, ""A1"": 971.1833983935544, ""A2"": 1700.5139398233246, ""A3"": 2437.251325647177, ""A4"": 3155.0698328969233, ""B2"": 3909.2586206021147}}",3.7343,0.8267842176883957,0.8267842176883957,0.04181578231160432,"[0.36515652793613357, 0.0, 0.04967631501553931, 0.20885664481581814, 0.36570192254265044, 0.524140070031651, 0.6785096414832094, 0.8407007786241106, 0.29333333333333333, 0.36363636363636365, 0.8706724231524896, 0.9640559943985273, 0.0, 0.0]",37.0,37.0,50.0,10.5774,10.5774,77.3042,77.3042,0.0,0.0,False,0,3.7343,0.0,2.9953,0.36515652793613357,1.900203678233397,plus,False,3.5694210663437227,3.568038654302506,0.0013824120412166963,True,True,1.0,True,100.0,231.0,1.0,True,[],,,
43,4-6,283,4-6/r283,perturb_wrong_r_low,1697.9778549030211,"{""0"": {""K"": 0.0, ""B1"": 230.9948648222578, ""A1"": 971.1833983935544, ""A2"": 1700.5139398233246, ""A3"": 2437.251325647177, ""A4"": 3155.0698328969233, ""B2"": 3909.2586206021147}}",3.7343,0.8122298393885681,0.8267842176883957,0.04181578231160432,"[0.36515652793613357, 0.0, 0.04967631501553931, 0.20885664481581814, 0.36570192254265044, 0.524140070031651, 0.6785096414832094, 0.8407007786241106, 0.29333333333333333, 0.36363636363636365, 0.18181818181818182, 0.2, 0.0, 0.05]",37.0,37.0,50.0,3.0,3.0,20.0,20.0,0.0,0.0,False,0,3.7354,0.048532,2.9953,0.36515652793613357,1.900203678233397,plus,False,3.5694210663437227,3.568038654302506,0.0013824120412166963,True,True,1.0,True,100.0,231.0,1.0,True,[],,,
44,4-6,283,4-6/r283,perturb_small_segment,1697.9778549030211,"{""0"": {""K"": 0.0, ""B1"": 325.50000000000006, ""A1"": 1023.0, ""A2"": 1720.5, ""A3"": 2418.0, ""A4"": 3115.5, ""B2"": 3813.0000000000005}}",3.7343,0.7275774865857272,0.8267842176883957,0.04181578231160432,"[0.36515652793613357, 0.0, 0.07, 0.22, 0.37, 0.52, 0.67, 0.8200000000000001, 0.29333333333333333, 0.36363636363636365, 0.18181818181818182, 0.2, 0.0, 0.0]",37.0,37.0,50.0,3.0,3.0,20.0,20.0,0.0,0.0,False,0,3.7343,0.0,2.9953,0.36515652793613357,1.917651908306252,plus,False,3.825499999999999,3.4366111111111106,0.3888888888888884,True,True,1.0,True,100.0,325.5,1.0,True,[],,,
45,4-6,283,4-6/r283,perturb_wrong_k,2175.3800503644047,"{""0"": {""K"": 0.0, ""B1"": 230.9948648222578, ""A1"": 971.1833983935544, ""A2"": 1700.5139398233246, ""A3"": 2437.251325647177, ""A4"": 3155.0698328969233, ""B2"": 3909.2586206021147}}",3.7343,0.22891724809049557,0.8267842176883957,0.04181578231160432,"[0.4678236667450333, 0.0, 0.04967631501553931, 0.20885664481581814, 0.36570192254265044, 0.524140070031651, 0.6785096414832094, 0.8407007786241106, 0.29333333333333333, 0.36363636363636365, 0.18181818181818182, 0.2, 0.0, 0.0]",37.0,37.0,50.0,3.0,3.0,20.0,20.0,0.0,0.0,False,0,3.7343,0.0,2.9953,0.4678236667450333,1.900203678233397,plus,False,3.319421066343724,3.318038654302506,0.0013824120412180285,True,True,1.0,True,100.0,231.0,1.0,True,[],,,
46,4-6,283,4-6/r283,perturb_wrong_r_high,1697.9778549030211,"{""0"": {""K"": 0.0, ""B1"": 230.9948648222578, ""A1"": 971.1833983935544, ""A2"": 1700.5139398233246, ""A3"": 2437.251325647177, ""A4"": 3155.0698328969233, ""B2"": 3909.2586206021147}}",3.7343,0.29053615005353567,0.8267842176883957,0.04181578231160432,"[0.36515652793613357, 0.0, 0.04967631501553931, 0.20885664481581814, 0.36570192254265044, 0.524140070031651, 0.6785096414832094, 0.8407007786241106, 0.29333333333333333, 0.36363636363636365, 0.18181818181818182, 0.2, 0.0, 0.95]",37.0,37.0,50.0,3.0,3.0,20.0,20.0,0.0,0.0,False,0,3.7557,0.950039,2.9953,0.36515652793613357,1.900203678233397,plus,False,3.5694210663437227,3.568038654302506,0.0013824120412166963,True,True,1.0,True,100.0,231.0,1.0,True,[],,,
47,4-6,283,4-6/r283,perturb_guardrail_smoke,4557.0,"{""0"": {""K"": 0.0, ""B1"": 1790.3752967167154, ""A1"": 1874.1465449959699, ""A2"": 2429.5593426914816, ""A3"": 2250.0508856240403, ""A4"": 2674.297106902327, ""B2"": 1893.327361180568}}",3.7343,0.08372975256233568,0.8267842176883957,0.04181578231160432,"[0.98, 0.0, 0.38502694553047645, 0.40304226774106877, 0.5224858801487057, 0.48388191088689037, 0.5751176573983499, 0.407167174447434, 0.29333333333333333, 0.36363636363636365, 0.18181818181818182, 0.2, 0.0, 0.0]",37.0,37.0,50.0,3.0,3.0,20.0,20.0,0.0,0.0,False,0,3.7343,0.0,2.9953,0.98,1.5695754217971885,plus,False,-1.4659292920431857,-1.6090707946237077,0.14314150258052205,True,True,1.0,True,100.0,19.200000000000045,0.0,True,[],,,
48,4-6,283,4-6/r283,bo,1429.7779403529175,"{""0"": {""K"": 0.0, ""B1"": 3636.930522714886, ""A1"": 1013.0826066880066, ""A2"": 1049.154161443243, ""A3"": 1915.1237997699452, ""A4"": 385.7589133804097, ""B2"": 3151.691605119193}}",3.7343,0.2211763071641675,0.8267842176883957,0.04181578231160432,"[0.3074791269576167, 0.07737612064753885, 0.7821355962827712, 0.21786722724473262, 0.22562455084800925, 0.41185458059568714, 0.08295890610331391, 0.6777831408858479, 0.8576073409750201, 0.33672327768000143, 0.6730038740108013, 0.13292051594093257, 0.3591195335039995, 0.15526851852553636]",79.0,79.0,47.0,8.403,8.403,14.969,14.969,8.978,8.978,False,0,3.7378,0.155114,2.9953,0.3074791269576167,1.7140966505424065,minus,True,0.8963008462486461,1.467731095524649,0.5714302492760028,True,True,1.0,True,99.99999999999997,36.0,0.0,True,[],0.5372507707969303,0.1370048323858658,0.0006961039114970662
49,4-6,283,4-6/r283,bo,63.96080983146319,"{""0"": {""K"": 0.0, ""B1"": 1329.8160592588529, ""A1"": 4646.7484937996605, ""A2"": 3248.444387544622, ""A3"": 4433.291835269704, ""A4"": 2827.3293219538095, ""B2"": 1359.6594622322204}}",3.7343,0.16112502926115727,0.8267842176883957,0.04181578231160432,"[0.013755012866981331, 0.45532363344475957, 0.2859819482277103, 0.9993007513547657, 0.6985901908698111, 0.9533960936063881, 0.6080278111728623, 0.29239988435101516, 0.33556896505459055, 0.9483159412443241, 0.9105846126971322, 0.6718073258370899, 0.774645694425207, 0.46820845947089396]",40.0,40.0,114.0,11.0164,11.0164,55.3855,55.3855,19.3661,19.3661,False,0,3.7449,0.470419,2.9953,0.013755012866981331,1.8810793509934283,plus,False,-0.6654090616913079,-1.6553670437536878,0.98995798206238,True,True,1.0,True,100.0,3.299999999999997,0.0,True,[],0.30236793398579065,0.2043296303005081,0.0002847156347869288
50,4-6,283,4-6/r283,bo,1917.4786242177602,"{""0"": {""K"": 0.0, ""B1"": 3179.51550469584, ""A1"": 899.0613385023514, ""A2"": 4148.500703782119, ""A3"": 3461.546432783331, ""A4"": 2779.1476191120446, ""B2"": 3438.934497338008}}",3.7343,0.15005215914360606,0.8267842176883957,0.04181578231160432,"[0.4123609944554323, 0.279716501244632, 0.6837667752034065, 0.19334652440910782, 0.8921506889854018, 0.74441858769534, 0.5976661546477515, 0.7395558058791415, 0.3087482954181754, 0.8700774276150689, 0.41634233668417964, 0.31636588806001964, 0.29432159799001834, 0.0672810053444538]",38.0,38.0,106.0,5.5798,5.5798,28.7274,28.7274,7.358,7.358,False,0,3.7358,0.066296,2.9953,0.4123609944554323,1.8245506358176273,plus,False,-0.39930283239836445,-0.22708112924387608,0.17222170315448837,True,True,1.0,True,100.0,22.600000000000023,0.0,True,[],0.39208100901644044,0.17024004372550122,0.00023969063838234208
51,4-6,283,4-6/r283,bo,1685.87772312308,"{""0"": {""K"": 0.0, ""B1"": 3139.26902164333, ""A1"": 2218.39070305933, ""A2"": 3703.9498362385575, ""A3"": 3134.800048331915, ""A4"": 3199.695699957653, ""B2"": 1474.2501304583611}}",3.7343,0.15839479653661404,0.8267842176883957,0.04181578231160432,"[0.36255434905872685, 0.16638772177864913, 0.6751116175577053, 0.47707326947512474, 0.7965483518792597, 0.6741505480283688, 0.6881066021414307, 0.3170430388082497, 0.2590476259589882, 0.8455853489049087, 0.4919646064377493, 0.6925611785174535, 0.7671278720180211, 0.027755678174809617]",34.0,34.0,103.0,6.4116,6.4116,56.9421,56.9421,19.1782,19.1782,False,0,3.7349,0.026327,2.9953,0.36255434905872685,1.769556958297445,plus,False,-1.5046774546782697,-2.082929311972365,0.5782518572940951,True,True,1.0,True,100.0,4.400000000000006,0.0,True,[],0.8895092230681043,0.02673336418153237,0.05296943065102088
52,4-6,283,4-6/r283,bo,1522.586413381859,"{""0"": {""K"": 0.0, ""B1"": 4197.862379725062, ""A1"": 817.4652540337686, ""A2"": 2535.8416886201794, ""A3"": 346.5059846816373, ""A4"": 3334.7455280383965, ""B2"": 3967.4410678462045}}",3.7343,0.29850302491706354,0.8267842176883957,0.04181578231160432,"[0.3274379383616901, 0.7211579610482584, 0.9027661031666799, 0.17579897936210076, 0.5453422986279955, 0.07451741606056717, 0.7171495759222358, 0.8532131328701515, 0.5075805927325988, 0.4958353294441237, 0.927553779641089, 0.3542995605699739, 0.05089003484986643, 0.0888299843731859]",53.0,53.0,65.0,11.2031,11.2031,31.5725,31.5725,1.2723,1.2723,False,0,3.7363,0.0885,2.9953,0.3274379383616901,1.7614979520392546,plus,False,1.094910206420271,1.290411984259193,0.1955017778389221,True,True,1.0,True,100.0,230.4000000000001,0.0,True,[],0.6324445581023663,0.1651984929999419,0.008587504448355463
53,4-6,283,4-6/r283,bo,1756.8717569830958,"{""0"": {""K"": 0.0, ""B1"": 2995.6358634473963, ""A1"": 3469.7445627638567, ""A2"": 1677.4890327152496, ""A3"": 1384.4364977513903, ""A4"": 3904.3911524397963, ""B2"": 2895.8971505390437}}",3.7343,0.20265661663276013,0.8267842176883957,0.04181578231160432,"[0.37782188322217114, 0.638841013684572, 0.6442227663327734, 0.7461816264008294, 0.3607503296161827, 0.2977282790863205, 0.8396540112773756, 0.6227735807610847, 0.8384087500153911, 0.9658523094656137, 0.6344824225333829, 0.21888172746235623, 0.009994403817207509, 0.01409984465831382]",78.0,78.0,116.0,7.9793,7.9793,21.4161,21.4161,0.2499,0.2499,False,0,3.7346,0.013004,2.9953,0.37782188322217114,1.8281588207333428,minus,True,-1.6870227570564729,-1.3424808110651605,0.3445419459913124,True,True,1.0,True,100.0,99.7,0.0,True,[],0.8199478938379121,0.06772265708995769,0.019429907432824266
54,4-6,283,4-6/r283,bo,1563.345980347547,"{""0"": {""K"": 0.0, ""B1"": 210.7944426771171, ""A1"": 4103.861523592416, ""A2"": 1196.8822749294884, ""A3"": 765.1794210563409, ""A4"": 1198.715567920601, ""B2"": 3915.3772844639348}}",3.7343,0.16129873168718423,0.8267842176883957,0.04181578231160432,"[0.3362034366338811, 0.47115026913507807, 0.04533213821013271, 0.8825508652886916, 0.25739403761924484, 0.1645547142056647, 0.2577882941764733, 0.8420166203148247, 0.6360471924952703, 0.9231195059355687, 0.195119046920737, 0.0137108866644986, 0.2991786407817365, 0.12120326146126248]",63.0,63.0,112.0,3.1463,3.1463,6.0283,6.0283,7.4795,7.4795,False,0,3.737,0.119587,2.9953,0.3362034366338811,1.6225893494155537,plus,False,0.6005839192362532,0.7745195559351918,0.17393563669893863,True,True,1.0,True,100.0,1.900000000000091,0.0,True,[],0.7236562718910898,0.06785715107543902,0.0013438116373399624
55,4-6,283,4-6/r283,bo,1674.8293629890463,"{""0"": {""K"": 0.0, ""B1"": 720.5053285041711, ""A1"": 22.38727740571035, ""A2"": 2391.9220779432253, ""A3"": 2550.937260869663, ""A4"": 4478.148040813499, ""B2"": 4070.351269208965}}",3.7343,0.09261844836223966,0.8267842176883957,0.04181578231160432,"[0.36017835763205297, 0.17225224009799966, 0.1549473824740153, 0.004814468259292548, 0.5143918447189731, 0.5485886582515405, 0.9630425894222578, 0.8753443589696699, 0.18144255922310104, 0.24039840446959504, 0.7670362768282348, 0.8522235460141548, 0.8264009605940507, 0.0034759634734534695]",29.0,29.0,36.0,9.4374,9.4374,68.9168,68.9168,20.66,20.66,False,0,3.7344,0.004123,2.9953,0.36017835763205297,1.6301118409386737,minus,True,1.2250092197390563,2.052252480099834,0.8272432603607776,True,True,1.0,True,100.0,22.40000000000009,0.0,True,[],0.7370257755693017,0.08019467586590837,0.0041082958071884945
56,4-6,283,4-6/r283,bo,1649.8216333263165,"{""0"": {""K"": 0.0, ""B1"": 1984.1232899084248, ""A1"": 2950.4639747511787, ""A2"": 4517.10079141907, ""A3"": 4528.424045585305, ""A4"": 2612.636947627573, ""B2"": 3886.02113003885}}",3.7343,0.14742053716085518,0.8267842176883957,0.04181578231160432,"[0.35480035125297127, 0.8462453128304341, 0.4266931806254677, 0.6345083816669201, 0.9714195250363593, 0.9738546334592053, 0.5618574080919512, 0.8357034688255591, 0.6848429541083743, 0.8155377171731055, 0.5229590323700954, 0.6393535498392837, 0.1237994740613263, 0.38518320944347106]",66.0,66.0,100.0,6.7525,6.7525,52.9515,52.9515,3.095,3.095,False,0,3.743,0.386042,2.9953,0.35480035125297127,1.7105274930113459,plus,False,-1.8480404433983972,-1.8497006924823034,0.0016602490839061623,True,True,1.0,True,100.0,11.299999999999955,0.0,True,[],0.4447596372114624,0.1525254672760454,0.0002453909771443115
57,4-6,283,4-6/r283,bo,47.771280600236224,"{""0"": {""K"": 0.0, ""B1"": 2835.7128428858227, ""A1"": 109.69562039746614, ""A2"": 2106.885683656094, ""A3"": 813.4458304575378, ""A4"": 2531.3077322708195, ""B2"": 3512.3614902500467}}",3.7343,0.0359783356258597,0.8267842176883957,0.04181578231160432,"[0.010273393677470155, 0.4493810522586158, 0.6098307189001769, 0.023590455999455084, 0.45309369540991273, 0.1749345871951694, 0.5443672542517891, 0.7553465570430208, 0.6362964291426427, 0.39402931072283565, 0.2753758627791444, 0.5987790170638276, 0.7907265719398939, 0.9819688253436749]",63.0,63.0,53.0,4.0291,4.0291,49.9084,49.9084,19.7682,19.7682,False,0,3.7564,0.981125,2.9953,0.010273393677470155,1.867150694473718,plus,False,2.605508905051078,2.134135142389027,0.4713737626620511,True,True,1.0,True,100.0,109.7,0.0,True,[],0.2838994653049888,0.18033189570321953,5.449287247588977e-05
58,4-6,283,4-6/r283,bo,1848.4432840122022,"{""0"": {""K"": 0.0, ""B1"": 418.8455259039063, ""A1"": 3651.1175937983985, ""A2"": 3101.631616636364, ""A3"": 966.6072297023229, ""A4"": 3405.090167823627, ""B2"": 3637.275557666812}}",3.7343,0.1270580637023475,0.8267842176883957,0.04181578231160432,"[0.3975146847338069, 0.6055709695548719, 0.09007430664600136, 0.7851865793114835, 0.6670175519648095, 0.20787252251662858, 0.7322774554459412, 0.7822097973477015, 0.6516941281639295, 0.0995867787851511, 0.05830119205405959, 0.7857316403706485, 0.4051977524636031, 0.10221578070814774]",64.0,64.0,21.0,1.6413,1.6413,63.9299,63.9299,10.1299,10.1299,False,0,3.7366,0.101823,2.9953,0.3975146847338069,1.676291223031686,minus,True,0.26634375817982536,0.5944775586155873,0.3281338004357619,True,True,1.0,True,100.0,13.899999999999977,0.0,True,[],0.5900096284410454,0.14756380838513158,0.002886015116552579
59,4-6,283,4-6/r283,bo,1497.0344593166576,"{""0"": {""K"": 0.0, ""B1"": 389.0397035629081, ""A1"": 4551.064224834893, ""A2"": 1780.6383708667613, ""A3"": 4003.6616996427115, ""A4"": 3195.486046110969, ""B2"": 2203.7847961293205}}",3.7343,0.11060368244608407,0.8267842176883957,0.04181578231160432,"[0.32194289447670055, 0.03165885056628703, 0.08366445237912001, 0.978723489211805, 0.3829329829820992, 0.861002516052196, 0.687201300238918, 0.4739322142213592, 0.9690741538821361, 0.7501455531712269, 0.6394608692797973, 0.12469629808072835, 0.07822774724579562, 0.14596573718940264]",88.0,88.0,93.0,8.0341,8.0341,14.3522,14.3522,1.9557,1.9557,False,0,3.7376,0.146232,2.9953,0.32194289447670055,1.813822183379422,minus,True,1.6800404731604281,2.0874383390747857,0.40739786591435756,True,True,1.0,True,100.0,98.90000000000009,0.0,True,[],0.5656584761848926,0.14525219692576097,0.0017504770815873205
60,4-6,283,4-6/r283,bo,1604.9279150004568,"{""0"": {""K"": 0.0, ""B1"": 1110.556764009204, ""A1"": 1537.1554737581557, ""A2"": 1316.4344910370216, ""A3"": 2495.855584714084, ""A4"": 3276.8655925936723, ""B2"": 1006.98634130586}}",3.7343,0.2623843605094377,0.8267842176883957,0.04181578231160432,"[0.34514578817214125, 0.5490279308546073, 0.23882941161488258, 0.33057106962540983, 0.28310419162086486, 0.5367431364976525, 0.7047022779771338, 0.21655620243136775, 0.9498274194317569, 0.5190829359199656, 0.7388614684863754, 0.9720379015958286, 0.023201839514241596, 0.01640621139260645]",86.0,86.0,67.0,9.1275,9.1275,77.9028,77.9028,0.58,0.58,False,0,3.7347,0.017445,2.9953,0.34514578817214125,1.6949710903741382,plus,False,-0.7230259700265858,-0.6309910363110707,0.09203493371551508,True,True,1.0,True,100.0,103.59999999999991,0.0,True,[],0.2845075612644345,0.17588252985519282,4.0633589961871174e-05
61,4-6,283,4-6/r283,bo,1793.5399563079877,"{""0"": {""K"": 0.0, ""B1"": 361.5603319994089, ""A1"": 56.81439951330342, ""A2"": 1198.120290401732, ""A3"": 878.7470612808029, ""A4"": 3104.1232179470003, ""B2"": 2176.9080509396995}}",3.7343,0.13567514269057934,0.8267842176883957,0.04181578231160432,"[0.38570751748558874, 0.3553246438255643, 0.07775491010739977, 0.012218150432968478, 0.2576602775057488, 0.1889778626410329, 0.667553380203656, 0.4681522690192902, 0.7850448646290032, 0.5293181350271675, 0.6894976564764875, 0.4542634220244045, 0.5238498052163955, 0.4222121296676551]",74.0,74.0,68.0,8.5845,8.5845,39.0698,39.0698,13.0962,13.0962,False,0,3.7438,0.421569,2.9953,0.38570751748558874,1.7711743075498207,plus,False,2.1727194888770707,1.8207546403391683,0.35196484853790233,True,True,1.0,True,100.0,56.90000000000009,0.0,True,[],0.4042501170916281,0.15322180465887733,0.0001079508313538923
62,4-6,283,4-6/r283,bo,1985.9189104135849,"{""0"": {""K"": 0.0, ""B1"": 0.6064552327718187, ""A1"": 2333.7965634466273, ""A2"": 1521.2173069117414, ""A3"": 2184.5602338785957, ""A4"": 3868.1277045839042, ""B2"": 338.9142972767311}}",3.7343,0.22357386207783173,0.8267842176883957,0.04181578231160432,"[0.42707933557281397, 0.7375823176883756, 0.0001304204801659825, 0.5018917340745435, 0.3271435068627401, 0.4697978997588378, 0.8318554203406245, 0.0728847951132755, 0.22060856251283634, 0.5999395883410954, 0.9226340097635283, 0.7147461364024984, 0.9744144063188578, 0.1345242713660939]",32.0,32.0,76.0,11.149,11.149,58.606,58.606,24.3604,24.3604,False,0,3.7373,0.132909,2.9953,0.42707933557281397,1.620090788096931,plus,False,2.0668601109207416,1.3968300304756722,0.6700300804450694,True,True,1.0,True,100.0,0.599999999999909,0.0,True,[],0.29658485184397504,0.17012850969279125,3.453753416880631e-05
63,4-6,283,4-6/r283,bo,1681.8413715953639,"{""0"": {""K"": 0.0, ""B1"": 27.695407339306183, ""A1"": 1036.6441253855085, ""A2"": 4264.49037834948, ""A3"": 2063.4389359709016, ""A4"": 189.77248071738424, ""B2"": 1986.479758033387}}",3.7343,0.11695553156292561,0.8267842176883957,0.04181578231160432,"[0.36168631647212124, 0.04578934780219124, 0.005956001578345416, 0.2229342205130126, 0.9170947050213936, 0.44375030881094657, 0.04081128617578156, 0.42719994796416927, 0.3991854803568031, 0.8102970868158859, 0.5301870572015686, 0.9918780031843935, 0.18612785010751376, 0.6409266935432368]",45.0,45.0,99.0,6.8321,6.8321,79.3909,79.3909,4.6532,4.6532,False,0,3.7487,0.639174,2.9953,0.36168631647212124,1.7478360444795897,plus,False,0.9136137315985182,0.9623549898757258,0.048741258277207544,True,True,1.0,True,100.0,27.700000000000045,0.0,True,[],0.35097428771448114,0.15814216775152085,4.675935712422229e-05
64,4-6,283,4-6/r283,bo,1731.2053374308493,"{""0"": {""K"": 0.0, ""B1"": 400.3499165344711, ""A1"": 3069.598512488226, ""A2"": 73.99380398771758, ""A3"": 2606.883477092962, ""A4"": 763.43668498849, ""B2"": 1425.3829797935912}}",3.7343,0.15119831216883517,0.8267842176883957,0.04181578231160432,"[0.37230222310340844, 0.2002778399800681, 0.08609675624397228, 0.6601287123630594, 0.015912646018863996, 0.560620102600637, 0.16417993225558924, 0.3065339741491594, 0.9788543942365451, 0.12094261628798642, 0.2339620705231913, 0.14852354679652657, 0.12734791205147133, 0.042127395211900676]",88.0,88.0,23.0,3.5736,3.5736,16.1393,16.1393,3.1837,3.1837,False,0,3.7353,0.044091,2.9953,0.37230222310340844,1.7867631333243086,plus,False,2.3060710922875636,1.6281703927990954,0.6779006994884682,True,True,1.0,True,100.00000000000003,74.0,0.0,True,[],0.31248125450430664,0.16309631107687364,2.860879993239068e-05
65,4-6,283,4-6/r283,bo,1733.6484538250747,"{""0"": {""K"": 0.0, ""B1"": 52.905227528158434, ""A1"": 3950.784260489892, ""A2"": 2957.2452476845706, ""A3"": 2161.3987294074145, ""A4"": 2548.8150258412197, ""B2"": 3087.510416177494}}",3.7343,0.10175018902038849,0.8267842176883957,0.04181578231160432,"[0.3728276244785107, 0.6179745413842601, 0.01137746828562547, 0.8496310237612671, 0.6359667199321657, 0.46481693105535793, 0.5481322636217677, 0.6639807346618266, 0.3224102010127712, 0.06242634881682674, 0.3668680269398109, 0.8162452605002565, 0.2546406928965783, 0.4505815813456173]",39.0,39.0,17.0,5.0355,5.0355,66.2184,66.2184,6.366,6.366,False,0,3.7445,0.452656,2.9953,0.3728276244785107,1.554158963992835,minus,True,1.7076937513107457,2.493815770039982,0.7861220187292364,True,True,1.0,True,100.0,53.0,0.0,True,[],0.3640878144196992,0.15716404648342708,5.8455577332044485e-05
66,4-6,283,4-6/r283,bo,1500.3541240507814,"{""0"": {""K"": 0.0, ""B1"": 60.15834013707446, ""A1"": 1042.9584531646237, ""A2"": 112.9497409291426, ""A3"": 3622.9861220319913, ""A4"": 2860.8840663812016, ""B2"": 2795.39787128937}}",3.7343,0.1360130865193946,0.8267842176883957,0.04181578231160432,"[0.3226568008711358, 0.9652129180173524, 0.012937277448833218, 0.2242921404655105, 0.02429026686648228, 0.7791368004369874, 0.6152438852432691, 0.6011608325353484, 0.8414986315981842, 0.9443230158270175, 0.6814818081647042, 0.2547293737758708, 0.6526238841313249, 0.3234462167221861]",78.0,78.0,114.0,8.4963,8.4963,24.1047,24.1047,16.3156,16.3156,False,0,3.7416,0.323869,2.9953,0.3226568008711358,1.7127456248792012,plus,False,1.2451981998236148,1.2365797838222732,0.008618416001341611,True,True,1.0,True,100.0,52.799999999999955,0.0,True,[],0.3977191665954367,0.1383523779214211,2.826492275924224e-05
67,4-6,283,4-6/r283,bo,644.0728721440302,"{""0"": {""K"": 0.0, ""B1"": 453.99171925166183, ""A1"": 2256.728317921087, ""A2"": 999.1249732688336, ""A3"": 4265.073649330791, ""A4"": 2761.1840113794206, ""B2"": 44.25223389906805}}",3.7343,0.1683924737579439,0.8267842176883957,0.04181578231160432,"[0.13851029508473767, 0.7599923967657024, 0.0976326277960563, 0.4853179178324919, 0.21486558564921154, 0.9172201396410304, 0.5938030131998754, 0.009516609440659796, 0.4174844417756204, 0.052844753932466904, 0.40920450778951156, 0.8798755301966572, 0.010387154918275021, 0.050284734641560025]",46.0,46.0,16.0,5.5012,5.5012,70.9907,70.9907,0.2597,0.2597,False,0,3.7354,0.048532,2.9953,0.13851029508473767,1.8141476573419597,plus,False,1.7300965656098932,1.8447806738945227,0.1146841082846295,True,True,1.0,True,100.0,44.19999999999993,0.0,True,[],0.2593126351303547,0.16263228064444624,7.762275208896184e-06
68,4-6,283,4-6/r283,bo,4638.80445012316,"{""0"": {""K"": 0.0, ""B1"": 1139.2913512260056, ""A1"": 4281.888835397912, ""A2"": 4569.178300088855, ""A3"": 388.82169536948527, ""A4"": 959.5929901578573, ""B2"": 0.5084149797299098}}",3.7343,0.08854789107803906,0.8267842176883957,0.04181578231160432,"[0.9975923548651956, 0.3655694782659603, 0.2450088927367754, 0.9208363086877229, 0.9826189892664204, 0.0836175688966635, 0.20636408390491556, 0.00010933655478062576, 0.7947243146290623, 0.9855139377906887, 0.7457402106022731, 0.6250253521774491, 0.25999895513715454, 0.9121364789856021]",75.0,75.0,118.0,9.2031,9.2031,51.8769,51.8769,6.5,6.5,False,0,3.7548,0.91007,2.9953,0.9975923548651956,1.583244890197565,minus,True,0.8443569101979889,1.9390959916997836,1.0947390815017948,True,True,1.0,True,100.0,0.5,0.0,True,[],0.2557913697700252,0.16059895786935183,5.8448678873642096e-06
69,4-6,283,4-6/r283,bo,4597.864342441465,"{""0"": {""K"": 0.0, ""B1"": 1236.1453764351206, ""A1"": 400.48690734548205, ""A2"": 2106.454492338726, ""A3"": 610.9481608346109, ""A4"": 715.3777090399228, ""B2"": 2717.3681503806547}}",3.7343,0.08901266870754783,0.8267842176883957,0.04181578231160432,"[0.988788030632573, 0.29261171226873006, 0.26583771536239154, 0.086126216633437, 0.4530009660943497, 0.13138670125475505, 0.1538446686107361, 0.5843802473936892, 0.013779702385893544, 0.9619345556275689, 0.32943627563387246, 0.17968608182709833, 0.9698536375700094, 0.6271814604917203]",16.0,16.0,116.0,4.6238,4.6238,18.4765,18.4765,24.2463,24.2463,False,0,3.7484,0.625852,2.9953,0.9887880306325731,1.751545910406909,plus,False,2.0199478536554394,1.2572714394189548,0.7626764142364846,True,True,1.0,True,100.0,104.40000000000009,0.0,True,[],0.2500642379900417,0.15935647964385458,4.454687450113594e-06
70,4-6,283,4-6/r283,bo,7.788850564153305,"{""0"": {""K"": 0.0, ""B1"": 2813.3148918870847, ""A1"": 2924.299231612213, ""A2"": 4171.812516397063, ""A3"": 1973.003637018886, ""A4"": 182.90905640502186, ""B2"": 4639.076418666692}}",3.7343,0.05729202044738603,0.8267842176883957,0.04181578231160432,"[0.0016750216266996354, 0.7471830391671385, 0.6050139552445344, 0.6288815551854222, 0.8971639820208738, 0.4243018574234163, 0.03933528094731653, 0.9976508427240198, 0.2845298932077006, 0.21918341212239034, 0.8345694859966595, 0.5338225831725969, 0.24806060225791338, 0.9715827267160033]",36.0,36.0,34.0,10.1803,10.1803,45.0367,45.0367,6.2015,6.2015,False,0,3.7562,0.972243,2.9953,0.0016750216266996354,1.577831573277545,plus,False,0.6797402626896856,0.7462566466431466,0.06651638395346104,True,True,1.0,True,100.00000000000003,10.900000000000546,0.0,True,[],0.24472033258609893,0.15816848534381975,3.422125632836039e-06
71,4-6,283,4-6/r283,bo,1201.1586266201675,"{""0"": {""K"": 0.0, ""B1"": 1465.7227194593804, ""A1"": 3794.591805718839, ""A2"": 3507.4379932792604, ""A3"": 1029.2852099538627, ""A4"": 1351.7522975220843, ""B2"": 34.6508789706645}}",3.7343,0.15997280207457729,0.8267842176883957,0.04181578231160432,"[0.25831368314412206, 0.6046422706564952, 0.3152091869805119, 0.8160412485416858, 0.7542877404901636, 0.2213516580545941, 0.2906994188219536, 0.007451801929175161, 0.28114480423987076, 0.8806622603197297, 0.2657349934339358, 0.19151024330488853, 0.917019691290708, 0.24652939880181612]",36.0,36.0,107.0,3.9231,3.9231,19.3633,19.3633,22.9255,22.9255,False,0,3.7399,0.248373,2.9953,0.25831368314412206,1.7754925349061625,minus,True,1.5374713653556358,2.190318914822248,0.6528475494666124,True,True,1.0,True,100.0,34.59999999999991,0.0,True,[],0.24379692905757544,0.1563164193610547,2.735597896350939e-06
72,4-6,283,4-6/r283,bo,197.8145084641261,"{""0"": {""K"": 0.0, ""B1"": 2693.31584438208, ""A1"": 1640.4719572059591, ""A2"": 1264.4715337098587, ""A3"": 3777.6425420062906, ""A4"": 3035.7704935323572, ""B2"": 47.89163770221535}}",3.7343,0.11508828494356554,0.8267842176883957,0.04181578231160432,"[0.042540754508414214, 0.024919923387708653, 0.5792077084692645, 0.3527896682163353, 0.27192936208814167, 0.8123962455927507, 0.652853869576851, 0.010299276925207601, 0.16897201330301015, 0.09166030255330082, 0.3836221682668792, 0.01459652016763513, 0.9285715422962223, 0.707079112393047]",28.0,28.0,20.0,5.2198,5.2198,6.0947,6.0947,23.2143,23.2143,False,0,3.7502,0.705788,2.9953,0.042540754508414214,1.899240728359466,plus,False,2.588955801416994,1.677023565101112,0.9119322363158819,True,True,1.0,True,100.0,47.89999999999998,0.0,True,[],0.24207496783111598,0.1551424326967884,2.291405399708353e-06
73,4-6,283,4-6/r283,bo,222.90433273258046,"{""0"": {""K"": 0.0, ""B1"": 485.2071581456934, ""A1"": 54.64174440877036, ""A2"": 262.10856834012714, ""A3"": 2188.0934892241494, ""A4"": 3187.9940456150885, ""B2"": 2327.037925174515}}",3.7343,0.12654847686660625,0.8267842176883957,0.04181578231160432,"[0.04793641564141515, 0.9078592959662646, 0.104345625407676, 0.011750912776079647, 0.05636743405164024, 0.47055773961809666, 0.6855901173365782, 0.5004382634783903, 0.5453398214014621, 0.11750511055613733, 0.4747972815672543, 0.8697403136407024, 0.0077856917187302255, 0.6579770488687869]",56.0,56.0,23.0,6.2228,6.2228,70.2305,70.2305,0.1946,0.1946,False,0,3.7491,0.656938,2.9953,0.04793641564141515,1.655900604971624,minus,True,1.7300373673995073,2.2730153916117946,0.5429780242122872,True,True,1.0,True,100.0,54.599999999999994,0.0,True,[],0.23379446054621847,0.15403486827446616,1.6014805395394216e-06
74,4-6,283,4-6/r283,bo,3216.8970932437555,"{""0"": {""K"": 0.0, ""B1"": 3993.388127019135, ""A1"": 420.65762804562553, ""A2"": 4582.748139830963, ""A3"": 2491.754468714878, ""A4"": 1776.643107069881, ""B2"": 14.823726179342444}}",3.7343,0.047398601861001616,0.8267842176883957,0.04181578231160432,"[0.6918058265040334, 0.5036704298644089, 0.8587931455955129, 0.09046400603131732, 0.98553723437225, 0.5358611760677157, 0.38207378646664103, 0.0031878981030843967, 0.02331775842549688, 0.4045415938130631, 0.7503445170914632, 0.5969189295474762, 0.977744650738214, 0.9793379223031]",17.0,17.0,54.0,9.2538,9.2538,49.7689,49.7689,24.4436,24.4436,False,0,3.7564,0.981125,2.9953,0.6918058265040334,1.8769822038751376,plus,False,1.3811929760991735,1.5201382665699863,0.13894529047081283,True,True,1.0,True,100.0,14.799999999999727,0.0,True,[],0.23231138945698437,0.1522212386489667,1.2362949564239868e-06
75,4-6,283,4-6/r283,bo,1600.1267651728606,"{""0"": {""K"": 0.0, ""B1"": 212.62095932818278, ""A1"": 763.8522428616806, ""A2"": 324.42702029934264, ""A3"": 2162.4705629285404, ""A4"": 1940.3785071514253, ""B2"": 148.52023994185643}}",3.7343,0.11281613052647815,0.8267842176883957,0.04181578231160432,"[0.34411328283287324, 0.12445334187984192, 0.04572493748993178, 0.16426929954014635, 0.06976925167727799, 0.4650474328878581, 0.4172857004626721, 0.03193983654663579, 0.7528223333617895, 0.5079264572631786, 0.740910609373488, 0.09989453564073492, 0.03485493866983247, 0.6662342300695592]",71.0,71.0,66.0,9.15,9.15,12.4921,12.4921,0.8714,0.8714,False,0,3.7493,0.66582,2.9953,0.34411328283287324,1.693245758775854,plus,False,0.9477427201134951,0.9713974005177878,0.02365468040429264,True,True,1.0,True,100.0,64.10000000000014,0.0,True,[],0.23303289491681378,0.15072262952506232,1.0500158639474391e-06
76,4-6,283,4-6/r283,bo,3710.8916725600325,"{""0"": {""K"": 0.0, ""B1"": 4454.945650895337, ""A1"": 3289.661697582908, ""A2"": 1180.093151026196, ""A3"": 1820.4581165097354, ""A4"": 2049.7743672207316, ""B2"": 2896.9293537292087}}",3.7343,0.06511841057327815,0.8267842176883957,0.04181578231160432,"[0.7980412199053833, 0.4637701002262349, 0.958052828149535, 0.7074541285124533, 0.2537834733389669, 0.3914963691418786, 0.4408116918754261, 0.6229955599417654, 0.11558708843679566, 0.1593053759107046, 0.650396972053296, 0.8501819996837736, 0.01215897360011886, 0.9211991546128983]",24.0,24.0,28.0,8.1544,8.1544,68.7636,68.7636,0.304,0.304,False,0,3.7551,0.923393,2.9953,0.7980412199053833,1.6609251250328345,plus,False,-1.054410544807629,-1.2644167589956383,0.21000621418800924,True,True,1.0,True,100.0,195.0999999999999,0.0,True,[],0.22933047111614188,0.1501934010215817,8.80352226170646e-07
77,4-6,283,4-6/r283,bo,425.2807230230473,"{""0"": {""K"": 0.0, ""B1"": 2550.556501168929, ""A1"": 399.10617582727684, ""A2"": 606.3149173190372, ""A3"": 358.293198124883, ""A4"": 139.96738411908785, ""B2"": 2515.8359049474725}}",3.7343,0.09279006002969603,0.8267842176883957,0.04181578231160432,"[0.0914582200049564, 0.049274177017927356, 0.548506774444931, 0.08582928512414556, 0.13039030479979297, 0.07705230067201785, 0.030100512713782335, 0.5410399795585963, 0.23755252976656294, 0.7840050175185469, 0.05227155777405312, 0.6259899762903408, 0.9737705971330478, 0.0018492778554960454]",33.0,33.0,96.0,1.575,1.575,51.9492,51.9492,24.3443,24.3443,False,0,3.7343,0.0,2.9953,0.0914582200049564,1.7863065943197374,minus,True,0.40318261670521527,1.392863249896588,0.9896806331913728,True,True,1.0,True,100.0,34.70000000000027,0.0,True,[],0.21642205940918138,0.14934101304670058,5.333622306815391e-07
78,4-6,283,4-6/r283,bo,4584.59287504212,"{""0"": {""K"": 0.0, ""B1"": 4285.3932598579, ""A1"": 4190.921755871873, ""A2"": 4198.152020391012, ""A3"": 3571.6201749951283, ""A4"": 1817.4034163891672, ""B2"": 1512.475075987597}}",3.7343,0.10650751226813165,0.8267842176883957,0.04181578231160432,"[0.9859339516219612, 0.06160086610963755, 0.9215899483565376, 0.9012734958864244, 0.902828391481938, 0.7680903602140061, 0.39083944438476714, 0.32526345720163374, 0.6744228843749287, 0.05348261275008681, 0.6451309465016295, 0.7454663322980387, 0.998654975226853, 0.14968857217335907]",66.0,66.0,16.0,8.0964,8.0964,60.91,60.91,24.9664,24.9664,False,0,3.7377,0.150673,2.9953,0.9859339516219613,1.7803220790340386,plus,False,-1.4074031672042329,-1.3694917605956387,0.037911406608594156,True,True,1.0,True,100.0,7.199999999999818,0.0,True,[],0.21310625753704612,0.1478477498053033,3.925851844903854e-07
79,4-6,283,4-6/r283,bo,291.9277396398677,"{""0"": {""K"": 0.0, ""B1"": 3550.3264155281267, ""A1"": 2745.753665697798, ""A2"": 2093.259916544048, ""A3"": 3188.028558394329, ""A4"": 3450.019853621764, ""B2"": 787.1333353419723}}",3.7343,0.1438801603045805,0.8267842176883957,0.04181578231160432,"[0.06278015906233714, 0.9542907487830128, 0.763511057102823, 0.5904846592898491, 0.4501634229126985, 0.6855975394396406, 0.741939753467046, 0.1692759860950478, 0.538183941205627, 0.4923384819632126, 0.5492686552941405, 0.6637135053794277, 0.0718023783228059, 0.9983384557391775]",55.0,55.0,64.0,7.042,7.042,54.7785,54.7785,1.7951,1.7951,False,0,3.7568,0.998889,2.9953,0.06278015906233714,1.7645587982921636,plus,False,0.91728539991495,0.7089162757840035,0.20836912413094644,True,True,1.0,True,100.0,100.40000000000009,0.0,True,[],0.21373868625379033,0.14568954960721384,2.9502524266066665e-07
80,4-6,283,4-6/r283,bo,1810.1411467971598,"{""0"": {""K"": 0.0, ""B1"": 154.1034552130318, ""A1"": 2866.32737084724, ""A2"": 4359.302336492298, ""A3"": 4549.421856361194, ""A4"": 3161.6215905247855, ""B2"": 4173.7205910602515}}",3.7343,0.12641361433765844,0.8267842176883957,0.04181578231160432,"[0.3892776659778838, 0.04877977910354525, 0.03314052800280254, 0.6164144883542452, 0.937484373439204, 0.9783702916905794, 0.6799186216182335, 0.8975743206581187, 0.5235964197697175, 0.6651083290531264, 0.8108516688168135, 0.6273270339926462, 0.10412445467533926, 0.03571049562104256]",54.0,54.0,83.0,9.9194,9.9194,52.0495,52.0495,2.6031,2.6031,False,0,3.7351,0.035209,2.9953,0.3892776659778838,1.5615387112565402,minus,True,1.0071914759452716,2.172686453223652,1.1654949772783805,True,True,1.0,True,100.0,100.5,0.0,True,[],0.522132438130217,0.07769450256661094,4.445639775207576e-07
81,4-6,283,4-6/r283,bo,1517.4193877348598,"{""0"": {""K"": 0.0, ""B1"": 372.1934517177369, ""A1"": 1494.415478427124, ""A2"": 1581.3558663018605, ""A3"": 4638.1268826909245, ""A4"": 2342.0997277688116, ""B2"": 3820.330843067695}}",3.7343,0.09569746562002089,0.8267842176883957,0.04181578231160432,"[0.3263267500505075, 0.02339740878186558, 0.08004160251994341, 0.32137967278002666, 0.34007653038749686, 0.9974466414389085, 0.5036773608104971, 0.8215765253909021, 0.1607050827578469, 0.31787643228470297, 0.39567613221618014, 0.032272850580004286, 0.06958684574474738, 0.2501449634501871]",27.0,27.0,45.0,5.3524,5.3524,7.4205,7.4205,1.7397,1.7397,False,0,3.7399,0.248373,2.9953,0.3263267500505075,1.6490691090725305,minus,True,1.2732762632296604,1.5219480468301436,0.24867178360048325,True,True,1.0,True,100.0,11.900000000000091,0.0,True,[],0.46562197161028174,0.09534000240807171,1.088729237769346e-06
82,4-6,283,4-6/r283,bo,1647.6943859672353,"{""0"": {""K"": 0.0, ""B1"": 3203.5341739693476, ""A1"": 3515.363487509974, ""A2"": 603.174308604093, ""A3"": 1243.9208233660768, ""A4"": 2692.9462101240824, ""B2"": 4286.307644684074}}",3.7343,0.1458500645136276,0.8267842176883957,0.04181578231160432,"[0.35434287870263126, 0.5865167295573522, 0.6889320804235156, 0.7559921478516074, 0.12971490507614902, 0.26750985448732834, 0.5791282172309855, 0.9217865902546396, 0.9953753025860134, 0.5203130425248098, 0.776009296782819, 0.7121840867820112, 0.09927599594548298, 0.4615349460047482]",90.0,90.0,67.0,9.5361,9.5361,58.4138,58.4138,2.4819,2.4819,False,0,3.7447,0.461537,2.9953,0.35434287870263126,1.6973970994880654,plus,False,0.6524137973696265,0.5924141116627891,0.059999685706837336,True,True,1.0,True,99.99999999999997,311.90000000000003,0.0,True,[],0.470719094235397,0.14844136024439797,0.0003303247322209036
83,4-6,283,4-6/r283,bo,1981.7505954560966,"{""0"": {""K"": 0.0, ""B1"": 367.90898821818536, ""A1"": 970.8366480325246, ""A2"": 1804.620978263353, ""A3"": 4622.398451879981, ""A4"": 3122.2779578555605, ""B2"": 660.5478073720161}}",3.7343,0.1849963959640459,0.8267842176883957,0.04181578231160432,"[0.42618292375399924, 0.6885639330543818, 0.07912021252003987, 0.2087820748457042, 0.38809053295986085, 0.9940641831999958, 0.6714576253452819, 0.14205329190796046, 0.4927286569661562, 0.9901836358638965, 0.18830897129453783, 0.37846633113990147, 0.11861909886724997, 0.59847665654489]",52.0,52.0,119.0,3.0714,3.0714,33.385,33.385,2.9655,2.9655,False,0,3.7478,0.599206,2.9953,0.42618292375399924,1.7077153705266959,plus,False,0.8686888779939788,0.8548579145449715,0.01383096344900725,True,True,1.0,True,100.0,27.700000000000045,0.0,True,[],0.29969235807492084,0.14585872547040662,4.069499030690798e-06
84,4-6,283,4-6/r283,bo,1771.3438906132963,"{""0"": {""K"": 0.0, ""B1"": 433.0106245652819, ""A1"": 3259.922973894321, ""A2"": 644.8471046184414, ""A3"": 1511.3393903264782, ""A4"": 1325.7473717354683, ""B2"": 3927.78965155379}}",3.7343,0.1498165739131244,0.8267842176883957,0.04181578231160432,"[0.3809341700243648, 0.531317844688869, 0.09312056442264127, 0.7010587040632948, 0.13867679669213795, 0.32501922372612435, 0.28510696166354155, 0.8446859465707075, 0.9645085730174909, 0.9490972691786601, 0.5810024167565524, 0.1447057581335598, 0.6878523405252608, 0.7579260043674896]",87.0,87.0,114.0,7.391,7.391,15.8529,15.8529,17.1963,17.1963,False,0,3.7514,0.759079,2.9953,0.3809341700243648,1.715804201260672,plus,False,0.9998441399665898,0.5728184250683434,0.4270257148982465,True,True,1.0,True,100.0,185.5999999999999,0.0,True,[],0.41666387009071026,0.148879685916651,0.00010526405730744469
85,4-6,283,4-6/r283,bo,1784.4373180277503,"{""0"": {""K"": 0.0, ""B1"": 332.04105912605513, ""A1"": 3102.315621342785, ""A2"": 3467.801523663377, ""A3"": 2852.0195899267424, ""A4"": 2655.602774793766, ""B2"": 4258.433175144468}}",3.7343,0.14141261613381093,0.8267842176883957,0.04181578231160432,"[0.38374996086618285, 0.8928111335637986, 0.07140667938194734, 0.6671646497511365, 0.7457637685297585, 0.6133375462208048, 0.5710973709233905, 0.9157920806762297, 0.8667833186664513, 0.3161581772205492, 0.9016434935436984, 0.9745552247702728, 0.15547584163311845, 0.09233498446456068]",80.0,80.0,45.0,10.9181,10.9181,78.0916,78.0916,3.8869,3.8869,False,0,3.7364,0.092941,2.9953,0.38374996086618285,1.5776166494135997,minus,True,1.053863427498706,2.180091608584274,1.126228181085568,True,True,1.0,True,100.0,196.5,0.0,True,[],0.23275162120347806,0.15500702137343797,1.741390870255422e-06
86,4-6,283,4-6/r283,bo,1938.9620212683321,"{""0"": {""K"": 0.0, ""B1"": 403.19061138428555, ""A1"": 1024.2848596462793, ""A2"": 4433.099499170007, ""A3"": 1531.595574401181, ""A4"": 3502.021433932606, ""B2"": 3259.790136546638}}",3.7343,0.11417316780664169,0.8267842176883957,0.04181578231160432,"[0.4169810798426521, 0.05332368606694904, 0.08670765836221195, 0.22027631390242564, 0.9533547310043026, 0.32937539234434, 0.7531228890177648, 0.7010301368917502, 0.026816073809104335, 0.9282714288026668, 0.7164261034818995, 0.18755250134427082, 0.8983330374519567, 0.8370764553599616]",17.0,17.0,112.0,8.8807,8.8807,19.0664,19.0664,22.4583,22.4583,False,0,3.7532,0.839016,2.9953,0.4169810798426521,1.715896467927061,minus,True,0.9456203088759533,1.2616571879877179,0.3160368791117646,True,True,1.0,True,100.0,216.9000000000001,0.0,True,[],0.2554704683044249,0.1530408294580958,2.6229427014392862e-06
87,4-6,283,4-6/r283,bo,1704.0745692889454,"{""0"": {""K"": 0.0, ""B1"": 4383.216237594753, ""A1"": 936.504981796184, ""A2"": 712.071257657014, ""A3"": 1065.153170583577, ""A4"": 4019.0549060466938, ""B2"": 4028.3219793588733}}",3.7343,0.20578392264699819,0.8267842176883957,0.04181578231160432,"[0.36646764930945064, 0.7071969349910922, 0.9426271478698394, 0.20139892081638366, 0.1531336037972073, 0.22906519797496283, 0.8643128830207943, 0.8663058020126609, 0.5138078892266983, 0.48990413923341714, 0.665431250227703, 0.9332952962681632, 0.24396885066968987, 0.044800869818123035]",54.0,54.0,64.0,8.3197,8.3197,74.9971,74.9971,6.0992,6.0992,False,0,3.7353,0.044091,2.9953,0.36646764930945064,1.5046059297956982,plus,False,0.07299278654148711,0.03540055004940018,0.03759223649208693,True,True,1.0,True,100.0,9.300000000000182,0.0,True,[],0.7967966049817576,0.033187882909646804,0.0018433394216973023
88,4-6,283,4-6/r283,bo,2045.5469308244483,"{""0"": {""K"": 0.0, ""B1"": 2148.4116397020725, ""A1"": 2677.4057618112997, ""A2"": 4290.491870311033, ""A3"": 67.04237288666948, ""A4"": 210.764340799974, ""B2"": 3667.642795799889}}",3.7343,0.1816267204556241,0.8267842176883957,0.04181578231160432,"[0.4399025657686986, 0.09207200585587594, 0.4620240085380801, 0.5757861853357634, 0.922686423722803, 0.01441771459928376, 0.045325664688166456, 0.7887403861935245, 0.9361937261196979, 0.6733843986627603, 0.5202044918477374, 0.7846587922305215, 0.084872061664242, 0.08023220836755396]",85.0,85.0,84.0,6.7222,6.7222,63.8494,63.8494,2.1218,2.1218,False,0,3.7361,0.079618,2.9953,0.4399025657686986,1.6165229548257463,plus,False,1.633409891596021,1.5689229453224467,0.06448694627357421,True,True,1.0,True,100.0,67.09999999999991,0.0,True,[],0.2986316599029881,0.15076044689206994,6.670173877133004e-06
89,4-6,283,4-6/r283,bo,1981.0531117720993,"{""0"": {""K"": 0.0, ""B1"": 621.115923418606, ""A1"": 4301.637710816315, ""A2"": 229.01759836954812, ""A3"": 3133.4924486999166, ""A4"": 3728.4171026878116, ""B2"": 3985.891074112901}}",3.7343,0.05555156564205688,0.8267842176883957,0.04181578231160432,"[0.42603292726281705, 0.01804908544586692, 0.13357331686421636, 0.9250833786701752, 0.04925109642355874, 0.6738693438064337, 0.8018101296102821, 0.8571808761533121, 0.9309506183842965, 0.4665299370146201, 0.8501112014137117, 0.9477669895082383, 0.541539975738365, 0.4003725266066148]",85.0,85.0,61.0,10.3512,10.3512,76.0825,76.0825,13.5385,13.5385,False,0,3.7433,0.399365,2.9953,0.42603292726281705,1.547244022539609,minus,True,1.1638745678303857,2.339831710781311,1.1759571429509252,True,True,1.0,True,100.0,229.0,0.0,True,[],0.26897468062249785,0.14938729651423094,2.533271176894082e-06
90,4-6,283,4-6/r283,bo,1833.8187133077913,"{""0"": {""K"": 0.0, ""B1"": 199.70229653302383, ""A1"": 616.6466534492379, ""A2"": 4116.796145891477, ""A3"": 4011.614146408492, ""A4"": 3135.229014471573, ""B2"": 3938.5428678132143}}",3.7343,0.25634869509424757,0.8267842176883957,0.04181578231160432,"[0.3943696157651164, 0.8751974372105549, 0.042946730437209424, 0.1326121835374705, 0.8853325044927907, 0.8627127196577402, 0.674242798811091, 0.8469984661963902, 0.040770203039468655, 0.8369411148567112, 0.5666871455478035, 0.9707477077125097, 0.6304053937960404, 0.2316469379352878]",18.0,18.0,102.0,7.2336,7.2336,77.8061,77.8061,15.7601,15.7601,False,0,3.7395,0.23061,2.9953,0.3943696157651164,1.5478307517205163,plus,False,0.9059497493656411,1.082807422965061,0.17685767359941995,True,True,1.0,True,100.0,73.0,0.0,True,[],0.24049590257195802,0.1494471146822038,1.116370914349901e-06
91,4-6,283,4-6/r283,bo,1693.4499988513985,"{""0"": {""K"": 0.0, ""B1"": 91.49964554639028, ""A1"": 163.95099233818942, ""A2"": 2943.1817697624224, ""A3"": 3145.415858821307, ""A4"": 3344.191248892237, ""B2"": 4580.221593654321}}",3.7343,0.16756594293705468,0.8267842176883957,0.04181578231160432,"[0.3641827954519137, 0.619299002305676, 0.019677343128255975, 0.03525827792219127, 0.6329423160779403, 0.6764335180260875, 0.719180913740266, 0.984993891108456, 0.40057381194996433, 0.32472640420181975, 0.3376830888108807, 0.1808209167975029, 0.2510321189968505, 0.373164370873745]",45.0,45.0,46.0,4.7145,4.7145,18.5616,18.5616,6.2758,6.2758,False,0,3.7427,0.372719,2.9953,0.3641827954519137,1.1360850230174853,plus,False,0.9723522952271937,0.9735608872403108,0.0012085920131170713,True,True,1.0,True,100.0,69.70000000000005,1.0,True,[],0.3577641581080872,0.12627004202442685,2.20874357890837e-06
92,4-6,283,4-6/r283,bo,1766.050719037403,"{""0"": {""K"": 0.0, ""B1"": 132.28858834666093, ""A1"": 1124.8705278401956, ""A2"": 2668.288643915306, ""A3"": 2894.8269806191624, ""A4"": 3372.755979073849, ""B2"": 3332.220952300503}}",3.7343,0.059251305198036425,0.8267842176883957,0.04181578231160432,"[0.37979585355643075, 0.43827211342700056, 0.028449158784228157, 0.24190764039574097, 0.5738255148204958, 0.622543436692293, 0.7253238664674945, 0.7166066564087104, 0.005921563159183907, 0.18690549367382447, 0.19569236457672712, 0.1843084330258512, 0.48418804887753664, 0.5260431230586937]",15.0,15.0,31.0,3.1526,3.1526,18.8231,18.8231,12.1047,12.1047,False,0,3.7462,0.528151,2.9953,0.37979585355643075,1.465169906802743,minus,True,1.1232759078995853,1.821118060830605,0.6978421529310197,True,True,1.0,True,99.99999999999997,40.5,0.0,True,[],0.25133797427535404,0.14716719036147682,1.158471245917273e-06
93,4-6,283,4-6/r283,bo,1456.31433968804,"{""0"": {""K"": 0.0, ""B1"": 917.2496149705171, ""A1"": 59.76090065421362, ""A2"": 2706.0264174595154, ""A3"": 3039.1053604668145, ""A4"": 1376.6777920596753, ""B2"": 3465.7533264452272}}",3.7343,0.16235114096858397,0.8267842176883957,0.04181578231160432,"[0.3131858795028043, 0.00020344528484850244, 0.1972579817140897, 0.012851806592304005, 0.5819411650450571, 0.6535710452616805, 0.29605974022788717, 0.7453232960097262, 0.6784155947255711, 0.0018214465137763591, 0.3037395854751297, 0.6015487117554149, 0.2562831713264542, 0.12845190975606502]",66.0,66.0,10.0,4.3411,4.3411,50.1162,50.1162,6.4071,6.4071,False,0,3.7372,0.128468,2.9953,0.3131858795028043,1.761325856180009,plus,False,2.5614586645816066,1.880930308117957,0.6805283564636497,True,True,1.0,True,100.0,59.799999999999955,0.0,True,[],0.28528732172306503,0.12581060746912995,1.53461383071186e-07
94,4-6,283,4-6/r283,bo,1720.7476336481095,"{""0"": {""K"": 0.0, ""B1"": 1027.0211735293733, ""A1"": 516.0729396785381, ""A2"": 1753.0836174908327, ""A3"": 1405.7437794886253, ""A4"": 3305.6968254502067, ""B2"": 3564.636424840904}}",3.7343,0.22097167475920812,0.8267842176883957,0.04181578231160432,"[0.37005325454798055, 0.00856377137791342, 0.2208647685009405, 0.11098342788785764, 0.377007229567921, 0.3023104902126076, 0.7109025431075713, 0.7665884784604095, 0.7326155418438461, 0.696790085349451, 0.01765689850053842, 0.7369709740954731, 0.02439230766742173, 0.8274376061037882]",70.0,70.0,87.0,1.1942,1.1942,60.2728,60.2728,0.6098,0.6098,False,0,3.7529,0.825693,2.9953,0.37005325454798055,1.6744080167605624,plus,False,1.5154677318074845,0.8605599979965923,0.6549077338108922,True,True,1.0,True,100.0,259.0,0.0,True,[],0.23591144263240824,0.12819764071335324,3.504631554509012e-08
95,4-6,283,4-6/r283,bo,1552.1128040713288,"{""0"": {""K"": 0.0, ""B1"": 2580.626061378375, ""A1"": 3327.1291449304135, ""A2"": 1526.7180622173028, ""A3"": 2410.9235223170467, ""A4"": 2623.1571508940397, ""B2"": 115.00638254285434}}",3.7343,0.10568475191760328,0.8267842176883957,0.04181578231160432,"[0.3337876998002858, 0.8258130499053185, 0.5549733465329839, 0.7155116440710567, 0.32832646499296836, 0.5184781768423756, 0.5641198173965677, 0.024732555385560073, 0.5293441366720808, 0.47207964213910525, 0.949184462873319, 0.33477734093666456, 0.08650044346942776, 0.3495820476832726]",55.0,55.0,62.0,11.441,11.441,30.1083,30.1083,2.1625,2.1625,False,0,3.7422,0.350514,2.9953,0.3337876998002858,1.684799250712281,plus,False,2.242770475740716,1.1905471454482248,1.052223330292491,True,True,1.0,True,100.0,42.600000000000364,0.0,True,[],0.22347913277681922,0.14477757975268987,3.5393352842046523e-07
96,4-6,283,4-6/r283,bo,1407.1800163489042,"{""0"": {""K"": 0.0, ""B1"": 259.41708531340237, ""A1"": 876.3158346033897, ""A2"": 1150.1282590670623, ""A3"": 2426.8912396765063, ""A4"": 2181.4449924348164, ""B2"": 2563.055101631237}}",3.7343,0.11300878039930158,0.8267842176883957,0.04181578231160432,"[0.3026193583546031, 0.11708757776186984, 0.05578862049750588, 0.18845501819427735, 0.24733941055205644, 0.5219120945540874, 0.4691279553623261, 0.551194645512094, 0.45798917107868875, 0.9126266103564628, 0.3886789045231912, 0.7842759903743375, 0.4585203817824568, 0.8663399453348202]",49.0,49.0,110.0,5.2755,5.2755,63.8207,63.8207,11.463,11.463,False,0,3.7538,0.865661,2.9953,0.3026193583546031,1.4765357379717157,plus,False,2.2146636261812422,1.287298874421416,0.9273647517598262,True,True,1.0,True,100.0,136.0999999999999,0.0,True,[],0.2727644520863945,0.14299973986440104,1.3066106556529503e-06
97,4-6,283,4-6/r283,bo,1961.4526905930222,"{""0"": {""K"": 0.0, ""B1"": 1737.7312682941033, ""A1"": 887.9839771541655, ""A2"": 1668.9689214423, ""A3"": 3885.529760072359, ""A4"": 732.7548916584124, ""B2"": 3760.723254871134}}",3.7343,0.06320077480520997,0.8267842176883957,0.04181578231160432,"[0.4218177829232306, 0.016902153068885428, 0.3737056490955061, 0.19096429616218613, 0.35891804762199997, 0.8355977978650234, 0.15758169713084136, 0.8087576892195987, 0.8534035011868117, 0.09114866871552074, 0.7483964481091009, 0.08625449401414398, 0.15285868432976857, 0.5512311753369692]",79.0,79.0,20.0,9.2324,9.2324,11.4691,11.4691,3.8215,3.8215,False,0,3.7467,0.550356,2.9953,0.4218177829232306,1.8139980649283083,minus,True,0.10106521978502278,1.3309099043504349,1.229844684565412,True,True,1.0,True,100.0,68.79999999999973,0.0,True,[],0.2829434940817487,0.11754157120438925,2.8330905289726975e-08
98,4-6,283,4-6/r283,bo,1431.3957860024984,"{""0"": {""K"": 0.0, ""B1"": 2296.0546745084853, ""A1"": 1141.0523857800474, ""A2"": 4377.82076574275, ""A3"": 716.6484424989959, ""A4"": 936.081322523879, ""B2"": 1768.238637050392}}",3.7343,0.05230630121722324,0.8267842176883957,0.04181578231160432,"[0.3078270507532255, 0.004231010538582769, 0.4937751988190291, 0.2453876098451715, 0.941466831342527, 0.15411794462343997, 0.20130781129545783, 0.3802663735592241, 0.32714006156533004, 0.10190971845278263, 0.10850332625232306, 0.6948561738026755, 0.8132060899835843, 0.8100545555444458]",40.0,40.0,21.0,2.1935,2.1935,57.1142,57.1142,20.3302,20.3302,False,0,3.7525,0.807929,2.9953,0.3078270507532255,1.7296059072579735,minus,True,0.26989070777412827,1.3118528741741418,1.0419621664000136,True,True,1.0,True,100.0,204.9000000000001,0.0,True,[],0.24717148844945894,0.12308222015387814,1.9831939058728214e-08
99,4-6,283,4-6/r283,bo,2132.02767078267,"{""0"": {""K"": 0.0, ""B1"": 2808.663432128202, ""A1"": 1159.7334725580054, ""A2"": 69.16979229101058, ""A3"": 4352.594141232337, ""A4"": 681.4337895553679, ""B2"": 3753.1779945563167}}",3.7343,0.12318802685467795,0.8267842176883957,0.04181578231160432,"[0.45850057436186453, 0.10726262917986451, 0.6040136413178929, 0.24940504786193662, 0.014875224148604427, 0.9360417508026532, 0.146544900979649, 0.8071350525927563, 0.21014647068138526, 0.8873511143898136, 0.11802525088555782, 0.7044608626058542, 0.02780449069754265, 0.7269732215530026]",31.0,31.0,108.0,2.2983,2.2983,57.8346,57.8346,0.6951,0.6951,False,0,3.7507,0.727993,2.9953,0.45850057436186453,1.8329648140684913,minus,True,1.8777998900306954,2.17451145128247,0.29671156125177456,True,True,1.0,True,100.0,69.19999999999982,0.0,True,[],0.21906846067294047,0.1415199177597307,1.8873768182827052e-07
100,4-6,283,4-6/r283,bo,1748.5589439737182,"{""0"": {""K"": 0.0, ""B1"": 4308.549346008201, ""A1"": 748.2011905314523, ""A2"": 3858.7649819055146, ""A3"": 3513.3385043416547, ""A4"": 3065.093312387321, ""B2"": 3129.1185233829992}}",3.7343,0.11778102425386225,0.8267842176883957,0.04181578231160432,"[0.37603418149972434, 0.003199013192788369, 0.9265697518297207, 0.16090348183472092, 0.8298419315925838, 0.7555566676003559, 0.6591598521263056, 0.6729287147060213, 0.7496180202033774, 0.7279883259099663, 0.0426383374478263, 0.052710999028404815, 0.6002676138961902, 0.5233819484933788]",71.0,71.0,90.0,1.469,1.469,8.9533,8.9533,15.0067,15.0067,False,0,3.7461,0.52371,2.9953,0.37603418149972434,1.7030999089186927,plus,False,0.2700952459088175,0.2451879221215041,0.024907323787313418,True,True,1.0,True,100.0,64.0,0.0,True,[],0.23204512341886502,0.1389920322139478,1.981255682359845e-07
101,4-6,283,4-6/r283,bo,2094.4272013525233,"{""0"": {""K"": 0.0, ""B1"": 877.2202375781051, ""A1"": 1920.5399389998584, ""A2"": 2199.7038587264956, ""A3"": 1157.7234150410552, ""A4"": 443.9674757124118, ""B2"": 3328.5135927010683}}",3.7343,0.14216202814739315,0.8267842176883957,0.04181578231160432,"[0.4504144519037685, 0.24017124044042681, 0.18864951345765701, 0.41301934172039967, 0.47305459327451516, 0.2489727774281839, 0.09547687649729286, 0.7158093747744233, 0.827362751037098, 0.2152472776525014, 0.8679718262994855, 0.1918014174535293, 0.06568205966901786, 0.04062766828122666]",77.0,77.0,34.0,10.5477,10.5477,19.3851,19.3851,1.6421,1.6421,False,0,3.7352,0.03965,2.9953,0.45041445190376844,1.702109651227137,plus,False,2.088006784102663,0.993362594603985,1.0946441894986778,True,True,1.0,True,100.0,279.10000000000036,0.0,True,[],0.2184008642277072,0.12719635536152987,1.4151123834639322e-08
102,4-6,283,4-6/r283,bo,1681.6592127902252,"{""0"": {""K"": 0.0, ""B1"": 1232.8949110584952, ""A1"": 1721.0088207525469, ""A2"": 714.6855509471446, ""A3"": 4125.550381710327, ""A4"": 3004.7639120287404, ""B2"": 2342.3978338334296}}",3.7343,0.12013970528451887,0.8267842176883957,0.04181578231160432,"[0.3616471425355323, 0.6357493360228134, 0.265138690550214, 0.370109423817752, 0.1536958174079881, 0.8872151358516832, 0.6461857875330624, 0.5037414696415977, 0.3092588459154453, 0.5588660701614878, 0.1855341409120218, 0.37751455189464445, 0.028199940092843545, 0.5512856552750773]",38.0,38.0,71.0,3.0409,3.0409,33.3136,33.3136,0.705,0.705,False,0,3.7467,0.550356,2.9953,0.3616471425355323,1.8102455050923292,plus,False,0.7124610982074622,0.35980757093244403,0.35265352727501814,True,True,1.0,True,100.0,488.0999999999999,0.0,True,[],0.21760008310843768,0.12175226212244318,4.099001547084611e-09
103,4-6,283,4-6/r283,bo,1649.6691580249874,"{""0"": {""K"": 0.0, ""B1"": 1321.0235736493714, ""A1"": 960.1994174560441, ""A2"": 3061.533843795624, ""A3"": 1138.0730097488206, ""A4"": 2561.322087555763, ""B2"": 635.0261870942531}}",3.7343,0.1434159105586478,0.8267842176883957,0.04181578231160432,"[0.3547675608655887, 0.25822922323894126, 0.2840910911073917, 0.2064944983776439, 0.6583943750098116, 0.24474688381695064, 0.5508219543130674, 0.13656477141811896, 0.2534089649623168, 0.749558547540284, 0.396634186414897, 0.5669924268805727, 0.23509475821369774, 0.13468827487457802]",34.0,34.0,92.0,5.363,5.363,47.5244,47.5244,5.8774,5.8774,False,0,3.7373,0.132909,2.9953,0.3547675608655887,1.8629022149050698,minus,True,0.4675091247727224,1.204843232627438,0.7373341078547158,True,True,1.0,True,100.0,177.79999999999973,0.0,True,[],0.5074211992040933,0.08416480379963445,8.800975481994359e-07
104,4-6,283,4-6/r283,bo,1892.4621523316798,"{""0"": {""K"": 0.0, ""B1"": 401.5798315748122, ""A1"": 532.4301432343547, ""A2"": 21.61028591688565, ""A3"": 1046.812959439278, ""A4"": 3650.2777964806387, ""B2"": 934.8696341032041}}",3.7343,0.09923953481268366,0.8267842176883957,0.04181578231160432,"[0.4069811080283182, 0.2886394191781213, 0.08636125410211015, 0.11450110607190422, 0.00464737331545928, 0.22512106654608133, 0.7850059777377718, 0.201047233140474, 0.7872376313471475, 0.5807764352893549, 0.6320544718682289, 0.7786862381211387, 0.9297105685720102, 0.12724207958359524]",74.0,74.0,74.0,7.9526,7.9526,63.4015,63.4015,23.2428,23.2428,False,0,3.7372,0.128468,2.9953,0.4069811080283182,1.6378989896222902,plus,False,0.5812945150122071,0.5904015628225228,0.009107047810315683,True,True,1.0,True,100.0,21.59999999999991,0.0,True,[],0.21780398437352,0.12332997825124799,5.957152549305102e-09
105,4-6,283,4-6/r283,bo,2059.599178356549,"{""0"": {""K"": 0.0, ""B1"": 1061.5490754443317, ""A1"": 1021.5001355306738, ""A2"": 783.3330955394041, ""A3"": 2981.7785741180414, ""A4"": 2507.518484925213, ""B2"": 775.8759703179309}}",3.7343,0.04920785804816223,0.8267842176883957,0.04181578231160432,"[0.44292455448527934, 0.029750345656082144, 0.22829012375146918, 0.21967744850122017, 0.16845873022352775, 0.6412427041114067, 0.539251287080691, 0.16685504738020018, 0.032252141170439175, 0.35632290046603565, 0.008275382134500409, 0.5606765088738412, 0.13624601262382752, 0.5470419117662262]",17.0,17.0,49.0,1.091,1.091,47.0507,47.0507,3.4062,3.4062,False,0,3.7466,0.545915,2.9953,0.4429245544852794,1.8676189712448648,minus,True,-0.12353391953939884,0.827371157519068,0.9509050770584668,True,True,1.0,True,100.0,7.400000000000091,0.0,True,[],0.22335770455513315,0.13590108018401192,8.818671455309869e-08
106,4-6,283,4-6/r283,bo,1410.8905452470833,"{""0"": {""K"": 0.0, ""B1"": 2448.917900105516, ""A1"": 1686.9156673248135, ""A2"": 3904.5643092652263, ""A3"": 3671.8850124215046, ""A4"": 2180.2098526060818, ""B2"": 110.81358384433648}}",3.7343,0.11471070880069559,0.8267842176883957,0.04181578231160432,"[0.30341732155851253, 0.5365935826185616, 0.5266490107753797, 0.3627775628655513, 0.8396912493043497, 0.7896526908433343, 0.46886233389378107, 0.023830878246093867, 0.9928901028641146, 0.554734053552553, 0.5241176788803531, 0.39286783190593566, 0.18595737263258327, 0.24304920952040743]",89.0,89.0,71.0,6.7653,6.7653,34.4651,34.4651,4.6489,4.6489,False,0,3.7398,0.243932,2.9953,0.30341732155851253,1.9098967712325572,plus,False,2.5181109937628974,2.236061313150507,0.2820496806123902,True,True,1.0,True,100.0,110.79999999999995,0.0,True,[],0.21600227999716637,0.13512505649172094,5.8933314766541434e-08
107,4-6,283,4-6/r283,bo,1601.1073592547327,"{""0"": {""K"": 0.0, ""B1"": 3387.143811689999, ""A1"": 943.055214666637, ""A2"": 3869.2353810575632, ""A3"": 12.457435567927899, ""A4"": 2846.5950754158166, ""B2"": 1897.8367409627353}}",3.7343,0.16595510334580016,0.8267842176883957,0.04181578231160432,"[0.3443241632805877, 0.02907037382774258, 0.7284180240193546, 0.20280757304658859, 0.8320936303349599, 0.0026790184017049246, 0.6121709839603907, 0.40813693354037317, 0.35017592421343535, 0.3801122302890033, 0.7566563347150441, 0.8442664694365298, 0.9654876941904006, 0.13037090453398215]",41.0,41.0,52.0,9.3232,9.3232,68.32,68.32,24.1372,24.1372,False,0,3.7372,0.128468,2.9953,0.3443241632805877,1.8791873508824126,plus,False,2.8315625601848353,2.238646137624167,0.5929164225606685,True,True,1.0,True,100.0,12.5,0.0,True,[],0.21131586236485542,0.1349460314239021,4.798692366236145e-08
108,4-6,283,4-6/r283,bo,2363.863765054456,"{""0"": {""K"": 0.0, ""B1"": 3054.5618195886914, ""A1"": 375.1307279739178, ""A2"": 1303.0593915163365, ""A3"": 996.2573945740601, ""A4"": 226.34996359931876, ""B2"": 3098.488793732622}}",3.7343,0.23434920860434577,0.8267842176883957,0.04181578231160432,"[0.5083577989364422, 0.8823975234297705, 0.65689501496531, 0.0806732748331006, 0.2802278261325455, 0.21424890205893765, 0.048677411526735215, 0.6663416760715316, 0.4785017589729028, 0.8391726155916722, 0.9373796309273099, 0.6761538520255868, 0.6035277833279451, 0.8430873340797104]",51.0,51.0,102.0,11.3112,11.3112,55.7115,55.7115,15.0882,15.0882,False,0,3.7533,0.843457,2.9953,0.5083577989364422,1.8463243963548381,plus,False,1.8383847484217546,0.8889357341288847,0.9494490142928699,True,True,1.0,True,100.0,44.0,0.0,True,[],0.21022516929180973,0.13414110848110483,3.980168628648507e-08
109,4-6,283,4-6/r283,bo,1366.1810059070497,"{""0"": {""K"": 0.0, ""B1"": 1660.9109894220878, ""A1"": 620.0784060612712, ""A2"": 4433.411622987875, ""A3"": 31.537597457693888, ""A4"": 2749.248891769064, ""B2"": 3152.6912710904126}}",3.7343,0.1359171466219351,0.8267842176883957,0.04181578231160432,"[0.2938023668617311, 0.7557233332009338, 0.35718515901550274, 0.13335019485188626, 0.9534218544059945, 0.006782279023159976, 0.5912363208105513, 0.6779981228151425, 0.8476510455150678, 0.3770508857619138, 0.6027818137870886, 0.45791478743873026, 0.027146000927686154, 0.08270143285881337]",79.0,79.0,51.0,7.6306,7.6306,39.3436,39.3436,0.6787,0.6787,False,0,3.7362,0.084059,2.9953,0.2938023668617311,1.6900575112168974,plus,False,2.65279938183883,2.475644069443977,0.1771553123948526,True,True,1.0,True,100.0,31.5,0.0,True,[],0.2253807833173825,0.11468412555567531,9.860217170259396e-10
110,4-6,283,4-6/r283,bo,1532.896222172943,"{""0"": {""K"": 0.0, ""B1"": 4637.085007268365, ""A1"": 1260.1572076921111, ""A2"": 663.4675637109223, ""A3"": 2337.288880761644, ""A4"": 1834.5314422809877, ""B2"": 3463.951717334255}}",3.7343,0.3151050856714803,0.8267842176883957,0.04181578231160432,"[0.3296551015425684, 0.9747509512447126, 0.9972225822082506, 0.2710015500413142, 0.14268119649697253, 0.5026427700562676, 0.39452289081311565, 0.7449358531901624, 0.6829758068991858, 0.5602613988921276, 0.6330741259230971, 0.1487625796091283, 0.0033314219188436134, 0.09403840941642916]",66.0,66.0,72.0,7.9638,7.9638,16.1572,16.1572,0.0833,0.0833,False,0,3.7364,0.092941,2.9953,0.3296551015425684,1.8020267376310348,plus,False,1.0834801313425326,-0.21208109706915962,1.2955612284116922,True,True,1.0,True,100.0,12.900000000000091,0.0,True,[],0.24089427384754517,0.11365827676514587,1.6075195462287232e-09
111,4-6,283,4-6/r283,bo,1571.043358494721,"{""0"": {""K"": 0.0, ""B1"": 1262.6655837873116, ""A1"": 1084.5162507285481, ""A2"": 3083.3756771174244, ""A3"": 3656.546681709823, ""A4"": 83.78109773822544, ""B2"": 3761.766072249155}}",3.7343,0.0377518315018315,0.8267842176883957,0.04181578231160432,"[0.33785878677305825, 0.9722056227541584, 0.2715409857607122, 0.23322930123194585, 0.6630915434661128, 0.7863541250988867, 0.01801744037381192, 0.8089819510213236, 0.9717846193537422, 0.28392717762392095, 0.0774014713661677, 0.3773759332177421, 0.009837082921135498, 0.9106966489586649]",88.0,88.0,41.0,1.8514,1.8514,33.3032,33.3032,0.2459,0.2459,False,0,3.7548,0.91007,2.9953,0.33785878677305825,1.7162870223699325,minus,True,1.8204996624447567,2.4713478658510053,0.6508482034062486,True,True,1.0,True,100.0,83.79999999999995,0.0,True,[],0.21896085791170053,0.11698294571599832,1.3332745395083158e-09
112,4-6,283,4-6/r283,bo,1514.5228408102314,"{""0"": {""K"": 0.0, ""B1"": 4274.0324143739745, ""A1"": 986.6769788243089, ""A2"": 2740.660857889499, ""A3"": 2785.4311716584375, ""A4"": 3100.6005016320687, ""B2"": 4212.321352205861}}",3.7343,0.26793042763257935,0.8267842176883957,0.04181578231160432,"[0.3257038367333831, 0.9568890456053708, 0.9191467557793493, 0.21218859759662556, 0.5893894318041933, 0.5990174562706317, 0.6667958068025954, 0.9058755596141637, 0.6950746150225864, 0.3635124150843567, 0.653984576054083, 0.35287422856069917, 0.8820107162406876, 0.257016132250225]",67.0,67.0,50.0,8.1938,8.1938,31.4656,31.4656,22.0503,22.0503,False,0,3.7401,0.257255,2.9953,0.3257038367333831,1.491456379548818,plus,False,-0.7156035359835207,-0.4985639050248294,0.21703963095869128,True,True,1.0,True,100.0,44.80000000000018,0.0,True,[],0.4456251533559923,0.10817626200555144,3.964748643031117e-06
113,4-6,283,4-6/r283,bo,1431.9751701740825,"{""0"": {""K"": 0.0, ""B1"": 3966.8911903521685, ""A1"": 198.89552415751805, ""A2"": 4450.559117535379, ""A3"": 4060.4786682614786, ""A4"": 2946.39105458475, ""B2"": 4224.589245648625}}",3.7343,0.17369873397511637,0.8267842176883957,0.04181578231160432,"[0.3079516494998027, 0.25971290152485993, 0.8530948796456276, 0.042773231001616785, 0.957109487642017, 0.8732212189809632, 0.6336324848569355, 0.9085138162685216, 0.9900506868685162, 0.5163874963173245, 0.5409018546216042, 0.08738884223825605, 0.06123310327026188, 0.4869772262601365]",89.0,89.0,67.0,6.9499,6.9499,11.5542,11.5542,1.5308,1.5308,False,0,3.7453,0.488183,2.9953,0.3079516494998027,1.7350635256502138,plus,False,0.9577719489413942,0.8977453151575329,0.060026633783861305,True,True,1.0,True,100.0,93.60000000000002,0.0,True,[],0.29067398621844814,0.10582847248000077,2.3661276057086617e-09
114,4-6,283,4-6/r283,bo,1617.3919772718634,"{""0"": {""K"": 0.0, ""B1"": 2449.5032500652105, ""A1"": 4295.014182186121, ""A2"": 399.4498568245764, ""A3"": 1383.21317047877, ""A4"": 343.292562059697, ""B2"": 3748.796214675187}}",3.7343,0.17514950228920992,0.8267842176883957,0.04181578231160432,"[0.3478262316713685, 0.4162583787173213, 0.526774892487142, 0.9236589639109938, 0.08590319501603794, 0.29746519795242365, 0.0738263574321929, 0.8061927343387499, 0.9742779822421757, 0.9053267458115495, 0.7899232556164847, 0.33988206114038333, 0.7607339560119973, 0.12585518600555556]",88.0,88.0,110.0,9.6892,9.6892,30.4912,30.4912,19.0183,19.0183,False,0,3.7371,0.124027,2.9953,0.3478262316713685,1.7888609780185472,minus,True,1.2691068448652427,1.9968243966695396,0.7277175518042969,True,True,1.0,True,100.0,56.09999999999991,0.0,True,[],0.4173813175507638,0.12074176887160532,7.841954135605914e-06
115,4-6,283,4-6/r283,bo,1914.5796357211773,"{""0"": {""K"": 0.0, ""B1"": 3623.8317786760917, ""A1"": 1807.342265197687, ""A2"": 4067.2357345207583, ""A3"": 920.7783783856873, ""A4"": 3836.6246862277, ""B2"": 4330.909404094972}}",3.7343,0.09414004406972976,0.8267842176883957,0.04181578231160432,"[0.41173755606907037, 0.7308742133221846, 0.77931866208088, 0.38867575595649184, 0.8746743515098405, 0.19801685556681448, 0.8250805776833763, 0.931378366472037, 0.9501408672649165, 0.8471611439379922, 0.805997960145721, 0.5519866105426352, 0.06234493855270007, 0.05519460460662062]",86.0,86.0,103.0,9.866,9.866,46.399,46.399,1.5586,1.5586,False,0,3.7356,0.057414,2.9953,0.41173755606907037,1.740834643816159,plus,False,-0.05173563020018482,-0.13069818114222012,0.0789625509420353,True,True,1.0,True,100.0,212.80000000000007,0.0,True,[],0.3029816137082442,0.12950570243703846,5.35540527585755e-07
116,4-6,283,4-6/r283,bo,1449.194954204153,"{""0"": {""K"": 0.0, ""B1"": 4318.808423596813, ""A1"": 2766.700519758758, ""A2"": 356.4700099879882, ""A3"": 1844.5378296891301, ""A4"": 2930.3828140845103, ""B2"": 3888.0230627936194}}",3.7343,0.16221601399865004,0.8267842176883957,0.04181578231160432,"[0.3116548288611082, 0.6745199898733673, 0.9287760050745834, 0.594989359087905, 0.0766602172017179, 0.3966748020836839, 0.6301898524912926, 0.8361339919986278, 0.7364145315661047, 0.9026376773063078, 0.7897472917631339, 0.7697741445042193, 0.35698901425825513, 0.09775511648901691]",70.0,70.0,109.0,9.6872,9.6872,62.7331,62.7331,8.9247,8.9247,False,0,3.7365,0.097382,2.9953,0.3116548288611082,1.7709926838409686,plus,False,1.21130289763349,1.1184313501592582,0.09287154747423187,True,True,1.0,True,100.0,163.70000000000073,0.0,True,[],0.40432822394039314,0.12376327696686727,7.406047551215871e-06
117,4-6,283,4-6/r283,bo,1927.5014229895128,"{""0"": {""K"": 0.0, ""B1"": 1628.1418603889579, ""A1"": 854.557036536768, ""A2"": 4410.67404250919, ""A3"": 3395.424578755076, ""A4"": 399.9364273886675, ""B2"": 2890.170560241235}}",3.7343,0.0956181776645234,0.8267842176883957,0.04181578231160432,"[0.41451643505150815, 0.18544985710788342, 0.350138034492249, 0.18377570678210065, 0.9485320521525141, 0.7301988341408765, 0.08600783384702526, 0.621542055965857, 0.6391584437470877, 0.3610893448200879, 0.9202933697224996, 0.11731315590714031, 0.027753932978515028, 0.08165360687771428]",63.0,63.0,50.0,11.1232,11.1232,13.7985,13.7985,0.6938,0.6938,False,0,3.7361,0.079618,2.9953,0.41451643505150815,1.8829508352024362,minus,True,1.3935910236551359,2.300705878855055,0.9071148551999193,True,True,1.0,True,100.0,239.29999999999995,0.0,True,[],0.25832344693823145,0.12835315204639347,8.618975996090989e-08
118,4-6,283,4-6/r283,bo,1575.4826827610364,"{""0"": {""K"": 0.0, ""B1"": 730.7571876784838, ""A1"": 750.8325450434071, ""A2"": 3246.8639655829597, ""A3"": 2700.634112088733, ""A4"": 1643.3085147503018, ""B2"": 4196.3346035210925}}",3.7343,0.2640130701768356,0.8267842176883957,0.04181578231160432,"[0.33881348016366375, 0.25629324825418287, 0.15715208337171693, 0.1614693645254639, 0.6982503151791312, 0.580781529481448, 0.35339968059146276, 0.9024375491443211, 0.37238319297040223, 0.643461816628171, 0.47943410290429755, 0.6347691634662761, 0.011683586467197249, 0.38774419382913927]",43.0,43.0,81.0,6.2738,6.2738,52.6077,52.6077,0.2921,0.2921,False,0,3.743,0.386042,2.9953,0.33881348016366375,1.6033241295663714,plus,False,-0.20849400200290732,-0.7437621398936743,0.535268137890767,True,True,1.0,True,100.0,20.100000000000364,0.0,True,[],0.2343784891247201,0.10922919697774543,3.255993584901235e-10
119,4-6,283,4-6/r283,bo,1580.8549328973716,"{""0"": {""K"": 0.0, ""B1"": 4622.836178015787, ""A1"": 863.6159175584929, ""A2"": 1910.900548531257, ""A3"": 510.5767954539964, ""A4"": 4515.503689707759, ""B2"": 24.234207528943084}}",3.7343,0.18613808926967448,0.8267842176883957,0.04181578231160432,"[0.3399688027736283, 0.19443213416759242, 0.9941583178528574, 0.18572385323838558, 0.410946354522851, 0.10980146138795621, 0.9710760623027439, 0.00521165753310604, 0.5028803605053607, 0.07294623494470742, 0.029710587599862226, 0.9296575118349335, 0.7262506257958562, 0.010506784003404879]",53.0,53.0,18.0,1.3268,1.3268,74.7243,74.7243,18.1563,18.1563,False,0,3.7345,0.008564,2.9953,0.3399688027736283,1.6757052773194847,plus,False,0.7507809967388108,0.5326037073648546,0.2181772893739562,True,True,1.0,True,100.0,24.199999999999818,0.0,True,[],0.4224224342625257,0.09665188988095694,1.8620204596741128e-07
