trial_id,tunnel_id,ring_id,case_id,kind,k_y,per_ring_offsets,r_surface_min_ceiling_ref,gt_miou,best_so_far,regret_vs_ceiling,search_x,hough_threshold,hough_oblique_threshold,hough_horizontal_threshold,merge_distance_threshold,line_merge_distance,single_ring_visual_slot_snap_px,line_snap_tolerance_px,slot_inset_y,segmentation_slot_inset_y,agent_error,n_reclassified_by_r_filter,r_surface_min,r_surface_min_frac,r_surface_min_otsu_ref,k_y_frac,arc_width_entropy,order_branch,branch_is_minus,direction_score_plus,direction_score_minus,direction_margin,direction_select_enabled,det_k_count_match,det_k_confidence_avg,det_block_count_per_ring,det_y_coverage_pct,det_min_y_gap_px,det_y_order_consistency,det_ready_for_segmentation,det_guardrail_violations,bo_surrogate_mean,bo_surrogate_std,ei_value
0,1-4,206,1-4/r206,geometric_0,0.0,"{""0"": {""K"": 0.0, ""B1"": 576.0000000000001, ""A1"": 1152.0000000000002, ""A2"": 1728.0, ""A3"": 2304.0000000000005, ""B2"": 2880.0000000000005}}",2.7397,0.1897997394744278,0.1897997394744278,0.7453002605255723,"[0.0, 0.0, 0.16666666666666669, 0.33333333333333337, 0.5, 0.6666666666666667, 0.8333333333333335, 0.29333333333333333, 0.36363636363636365, 0.18181818181818182, 0.2, 0.0, 0.49999999999998396]",37.0,37.0,50.0,3.0,3.0,20.0,20.0,0.0,0.0,False,0,2.7466,0.500714,2.4101,0.0,1.791759469228055,plus,False,1.0,1.0,0.0,True,True,1.0,False,100.0,576.0,0.0,False,"[""block_count_per_ring != 7 (missing or extra blocks)""]",,,
1,1-4,206,1-4/r206,geometric_1,0.0,"{""0"": {""K"": 0.0, ""B1"": 241.92000000000002, ""A1"": 864.0, ""A2"": 1486.08, ""A3"": 2108.16, ""B2"": 2730.2400000000002}}",2.7397,0.24543442546909994,0.24543442546909994,0.6896655745309002,"[0.0, 0.0, 0.07, 0.25, 0.43, 0.61, 0.79, 0.29333333333333333, 0.36363636363636365, 0.18181818181818182, 0.2, 0.0, 0.49999999999998396]",37.0,37.0,50.0,3.0,3.0,20.0,20.0,0.0,0.0,False,0,2.7466,0.500714,2.4101,0.0,1.7485390979470619,plus,False,3.7418999091790894,3.515617942456913,0.22628196672217626,True,True,1.0,False,100.0,241.9,0.0,False,"[""block_count_per_ring != 7 (missing or extra blocks)""]",,,
2,1-4,206,1-4/r206,intrinsic_r_otsu,2160.3299325857292,"{""0"": {""K"": 0.0, ""B1"": 2680.7697454873887, ""A1"": 778.3160486074855, ""A2"": 1037.3746806531951, ""A3"": 3019.000707289481, ""B2"": 18.196892578626247}}",2.7397,0.17059605785635545,0.24543442546909994,0.6896655745309002,"[0.625095466604667, 0.8972138009695755, 0.7756856902451935, 0.22520718999059186, 0.30016628491122543, 0.8735534453962619, 0.005265304565574724, 0.8212284183827663, 0.7970694287520462, 0.4679349528437208, 0.3030324268193135, 0.2784256121007733, 0.0]",77.0,77.0,98.0,6.1473,6.1473,27.7274,27.7274,6.9606,6.9606,False,0,2.7397,0.00139,2.4101,0.625095466604667,1.5458869746539976,plus,False,1.69348335549244,1.423753365951796,0.269729989540644,True,True,1.0,False,100.0,18.199999999999818,0.0,False,"[""block_count_per_ring != 7 (missing or extra blocks)""]",,,
3,1-4,206,1-4/r206,random,1538.1837131304264,"{""0"": {""K"": 0.0, ""B1"": 1912.886848769446, ""A1"": 3440.448979549261, ""A2"": 2739.4395928027307, ""A3"": 2150.251416948658, ""B2"": 3417.8462703885943}}",2.7397,0.07814044901571364,0.24543442546909994,0.6896655745309002,"[0.4450763058826466, 0.5045482589579533, 0.5534973520744925, 0.9955002834343927, 0.7926619192137531, 0.6221792294411627, 0.9889601476818849, 0.21530869823559895, 0.16021203385784455, 0.6125396042730308, 0.04394200796138337, 0.03568027877359614, 0.5148888202713703]",31.0,31.0,28.0,7.7379,7.7379,8.2957,8.2957,0.892,0.892,False,0,2.7468,0.515187,2.4101,0.4450763058826465,1.5791616556368795,plus,False,-2.3084330362704657,-2.1972911222737403,0.11114191399672535,True,True,1.0,False,100.0,15.600000000000136,0.0,False,"[""block_count_per_ring != 7 (missing or extra blocks)""]",,,
4,1-4,206,1-4/r206,random,1611.2080235241992,"{""0"": {""K"": 0.0, ""B1"": 2174.6059355209322, ""A1"": 1776.79058664792, ""A2"": 1717.1945927199508, ""A3"": 855.4115705264553, ""B2"": 40.76015227490025}}",2.7397,0.05836244516249538,0.24543442546909994,0.6896655745309002,"[0.4662060253252891, 0.9171677731928523, 0.6292262544910104, 0.5141176465995139, 0.49687343539350426, 0.24751492202733083, 0.01179402554250586, 0.19240214398531064, 0.6920321208818392, 0.2006067239869952, 0.3695363106022067, 0.0037342420520759534, 0.8300477298017456]",29.0,29.0,86.0,3.2067,3.2067,32.7152,32.7152,0.0934,0.0934,False,0,2.7512,0.833596,2.4101,0.46620602532528915,1.7792959576398664,minus,True,1.931814627943528,2.279849897513741,0.34803526957021313,True,True,1.0,False,100.00000000000003,40.799999999999955,0.0,False,"[""block_count_per_ring != 7 (missing or extra blocks)""]",,,
5,1-4,206,1-4/r206,random,533.8174961483361,"{""0"": {""K"": 0.0, ""B1"": 3042.4279241577437, ""A1"": 1761.8370389052704, ""A2"": 2927.7512514404443, ""A3"": 2210.8625289533707, ""B2"": 2563.560394082578}}",2.7397,0.10075107693337178,0.24543442546909994,0.6896655745309002,"[0.15446108106143985, 0.26759930456378545, 0.8803321539808286, 0.5097908098684232, 0.8471502463658693, 0.6397171669425262, 0.7417709473618571, 0.09149560506304566, 0.5411438213764888, 0.50777223630035, 0.8713393766928806, 0.3612640590141576, 0.5981840672072131]",22.0,22.0,70.0,6.5855,6.5855,70.3505,70.3505,9.0316,9.0316,False,0,2.7479,0.594789,2.4101,0.15446108106143985,1.6109255292733478,plus,False,-2.4701526455881737,-2.439443498707172,0.030709146881001903,True,True,1.0,False,100.0,114.60000000000001,0.0,False,"[""block_count_per_ring != 7 (missing or extra blocks)""]",,,
6,1-4,206,1-4/r206,random,204.7736759460605,"{""0"": {""K"": 0.0, ""B1"": 1116.4136126683622, ""A1"": 519.0902636674816, ""A2"": 2821.2644867987256, ""A3"": 1311.3659688778798, ""B2"": 3382.552688525182}}",2.7397,0.15812672768218247,0.24543442546909994,0.6896655745309002,"[0.05925164234550362, 0.3876318011107287, 0.32303634625820665, 0.15019972907045187, 0.8163381038190757, 0.37944617155031246, 0.9787478844112216, 0.5899916930106103, 0.6050562538298513, 0.6379965807883322, 0.6764502438127883, 0.1507880191683687, 0.44031346718818754]",59.0,59.0,77.0,8.018,8.018,55.7338,55.7338,3.7697,3.7697,False,0,2.7458,0.442821,2.4101,0.05925164234550362,1.6001713874068244,plus,False,0.3589848801473625,0.4476037624639807,0.08861888231661819,True,True,1.0,False,100.0,73.5,0.0,False,"[""block_count_per_ring != 7 (missing or extra blocks)""]",,,
7,1-4,206,1-4/r206,random,827.9330520828327,"{""0"": {""K"": 0.0, ""B1"": 334.2093486281128, ""A1"": 3344.813744424727, ""A2"": 743.0539531019214, ""A3"": 2321.620401984601, ""B2"": 1038.251801591667}}",2.7397,0.05653547192994187,0.24543442546909994,0.6896655745309002,"[0.23956396182952333, 0.40249829810398163, 0.09670409393174562, 0.9678280510488214, 0.21500403735588003, 0.6717651626112849, 0.3004200814790703, 0.8740770261495044, 0.6622147383384538, 0.13161581580830573, 0.8450743208745529, 0.9449481711449795, 0.9039167881959268]",81.0,81.0,83.0,2.4478,2.4478,68.3806,68.3806,23.6237,23.6237,False,0,2.7522,0.905961,2.4101,0.23956396182952333,1.6290221587531393,plus,False,1.8739532894427036,1.1811818016022744,0.6927714878404292,True,True,1.0,False,100.0,111.19999999999993,0.0,False,"[""block_count_per_ring != 7 (missing or extra blocks)""]",,,
8,1-4,206,1-4/r206,random,1968.9493750016622,"{""0"": {""K"": 0.0, ""B1"": 665.1538386105567, ""A1"": 3206.842046477076, ""A2"": 1908.8403413780636, ""A3"": 623.9894346394386, ""B2"": 3055.300626343}}",2.7397,0.12758271225155482,0.24543442546909994,0.6896655745309002,"[0.5697191478592772, 0.1454599537609269, 0.19246349496833237, 0.9279056847445244, 0.5523264876672638, 0.18055249844891164, 0.8840568941964699, 0.6415717052224807, 0.5696942744738079, 0.3762878361299201, 0.41095528215712984, 0.23948921268184487, 0.03805728669123909]",63.0,63.0,73.0,5.1392,5.1392,35.8216,35.8216,5.9872,5.9872,False,0,2.7402,0.037573,2.4101,0.5697191478592772,1.6407655329791455,minus,True,0.11487220390474576,0.8902847249625917,0.775412521057846,True,True,1.0,False,100.0,41.19999999999982,0.0,False,"[""block_count_per_ring != 7 (missing or extra blocks)""]",,,
9,1-4,206,1-4/r206,random,3028.2122008256406,"{""0"": {""K"": 0.0, ""B1"": 1892.627248482669, ""A1"": 1113.396398600458, ""A2"": 2596.5789230186306, ""A3"": 87.08038549088381, ""B2"": 1286.272301985345}}",2.7397,0.08785479912196296,0.24543442546909994,0.6896655745309002,"[0.876218808109271, 0.4677302168140961, 0.5476351992137353, 0.3221633097802251, 0.7513249198549279, 0.025196870801760363, 0.37218527256520395, 0.03035029438411163, 0.12289210220500935, 0.9671482353973677, 0.6577607300385144, 0.4282202463894813, 0.5237401079104803]",17.0,17.0,24.0,11.6386,11.6386,54.3321,54.3321,10.7055,10.7055,False,0,2.7469,0.522423,2.4101,0.876218808109271,1.7335807277825284,plus,False,2.129746325874196,2.2258230955702403,0.09607676969604428,True,True,1.0,False,100.0,87.10000000000036,0.0,False,"[""block_count_per_ring != 7 (missing or extra blocks)""]",,,
10,1-4,206,1-4/r206,random,3016.4286247998602,"{""0"": {""K"": 0.0, ""B1"": 2040.0456347932538, ""A1"": 2362.8131942614627, ""A2"": 1228.3100133932578, ""A3"": 1794.0043693301418, ""B2"": 2644.694956610574}}",2.7397,0.05757804904396673,0.24543442546909994,0.6896655745309002,"[0.8728092085647744, 0.3442106669960262, 0.5902909822897147, 0.6836843733395437, 0.35541377702351207, 0.5190984864959901, 0.7652473832785226, 0.9091793139905502, 0.1510622780768155, 0.9334193923074285, 0.005178865815432143, 0.752977503597754, 0.8105268303172452]",83.0,83.0,27.0,11.2676,11.2676,5.3884,5.3884,18.8244,18.8244,False,0,2.7509,0.811886,2.4101,0.8728092085647744,1.5838372349525842,plus,False,-1.3185878333209253,-1.786393105228956,0.46780527190803056,True,True,1.0,False,100.0,246.0999999999999,0.0,False,"[""block_count_per_ring != 7 (missing or extra blocks)""]",,,
11,1-4,206,1-4/r206,random,472.65656213116176,"{""0"": {""K"": 0.0, ""B1"": 2817.5256967508776, ""A1"": 49.32123155001426, ""A2"": 2171.964491825901, ""A3"": 2740.689762386806, ""B2"": 1772.9403822335526}}",2.7397,0.10745278166706229,0.24543442546909994,0.6896655745309002,"[0.13676405154258153, 0.41890365091318515, 0.8152562779950456, 0.014271189684610608, 0.6284619478662907, 0.7930236580980341, 0.5130035828222085, 0.7258494205510871, 0.22642348269714407, 0.19852114799267284, 0.3631269505503516, 0.17940602756714652, 0.34606143911247844]",69.0,69.0,35.0,3.1837,3.1837,32.2345,32.2345,4.4852,4.4852,False,0,2.7445,0.348746,2.4101,0.13676405154258153,1.655634448192509,plus,False,1.1037114023698984,1.2476668990926396,0.14395549672274122,True,True,1.0,False,100.0,49.30000000000001,0.0,False,"[""block_count_per_ring != 7 (missing or extra blocks)""]",,,
12,1-4,206,1-4/r206,random,3276.716756235776,"{""0"": {""K"": 0.0, ""B1"": 1175.2752410064224, ""A1"": 938.389086059162, ""A2"": 3290.248479885197, ""A3"": 1536.1166925404234, ""B2"": 3388.244259043317}}",2.7397,0.1519350479681407,0.24543442546909994,0.6896655745309002,"[0.9481240614108147, 0.5733327176111209, 0.34006806742083984, 0.2715246198087853, 0.9520394907075223, 0.44447820964711326, 0.9803947508805895, 0.515522669106271, 0.521166129026224, 0.8965405237160008, 0.7427674182150396, 0.5806528638528226, 0.4266495038362583]",54.0,54.0,67.0,10.8619,10.8619,60.7076,60.7076,14.5163,14.5163,False,0,2.7456,0.428348,2.4101,0.9481240614108147,1.5836419726509166,plus,False,-0.9603178794885252,-0.7963028337762139,0.1640150457123113,True,True,1.0,False,100.0,67.69999999999982,0.0,False,"[""block_count_per_ring != 7 (missing or extra blocks)""]",,,
13,1-4,206,1-4/r206,random,3035.017242149577,"{""0"": {""K"": 0.0, ""B1"": 3189.0570952382236, ""A1"": 237.48025693315344, ""A2"": 1486.0691547304195, ""A3"": 1795.4432174978806, ""B2"": 3286.442403930873}}",2.7397,0.20671929169904907,0.24543442546909994,0.6896655745309002,"[0.8781878594182805, 0.4116461499068884, 0.9227595761684675, 0.06871535212186153, 0.42999686190116304, 0.519514819877859, 0.9509381955818498, 0.25099924666475815, 0.8060391472621088, 0.6764711999985934, 0.717085904281123, 0.6296221828402035, 0.97156070846158]",34.0,34.0,99.0,8.4412,8.4412,58.7814,58.7814,15.7406,15.7406,False,0,2.7531,0.97109,2.4101,0.8781878594182805,1.4178998762571424,plus,False,0.3746853469774316,0.3291374953195967,0.045547851657834926,True,True,1.0,False,100.0,97.40000000000009,0.0,False,"[""block_count_per_ring != 7 (missing or extra blocks)""]",,,
14,1-4,206,1-4/r206,random,1149.7471230343388,"{""0"": {""K"": 0.0, ""B1"": 701.263015649912, ""A1"": 175.2332150209669, ""A2"": 735.8107218347723, ""A3"": 3163.844956460227, ""B2"": 2903.6234320993944}}",2.7397,0.10478460358428941,0.24543442546909994,0.6896655745309002,"[0.33268145921132486, 0.39827555967937056, 0.2029117522135162, 0.05070405527227051, 0.2129081949753392, 0.9154643971239083, 0.8401688171583896, 0.11240574149257898, 0.6037790253168653, 0.4791964948896248, 0.5946848704882786, 0.6592750066090632, 0.3066594908888719]",23.0,23.0,76.0,6.2712,6.2712,49.6014,49.6014,16.4819,16.4819,False,0,2.7439,0.305326,2.4101,0.33268145921132486,1.555993565137454,plus,False,1.0683057101316629,0.9639182221632472,0.10438748796841568,True,True,1.0,False,100.0,34.59999999999991,0.0,False,"[""block_count_per_ring != 7 (missing or extra blocks)""]",,,
15,1-4,206,1-4/r206,random,3322.4285194091954,"{""0"": {""K"": 0.0, ""B1"": 2170.716554413118, ""A1"": 2195.341691557409, ""A2"": 635.5217543374927, ""A3"": 213.80688514842905, ""B2"": 1422.2021420090014}}",2.7397,0.07429388179167631,0.24543442546909994,0.6896655745309002,"[0.9613508447364569, 0.4658400350611249, 0.6281008548649069, 0.6352261838997132, 0.18388939650969116, 0.06186541815637414, 0.4115168234979749, 0.7640300884384686, 0.8152217882917717, 0.729989249002065, 0.113204952525223, 0.9133548615310455, 0.8020365779972838]",72.0,72.0,100.0,9.0299,9.0299,13.4904,13.4904,22.8339,22.8339,False,0,2.7508,0.804649,2.4101,0.961350844736457,1.5820690096617689,plus,False,1.5099406150887953,0.914120931057472,0.5958196840313232,True,True,1.0,False,99.99999999999999,24.700000000000273,0.0,False,"[""block_count_per_ring != 7 (missing or extra blocks)""]",,,
16,1-4,206,1-4/r206,random,3033.301363140788,"{""0"": {""K"": 0.0, ""B1"": 3164.4360637081313, ""A1"": 161.23013436863408, ""A2"": 104.67821006761643, ""A3"": 69.8650215188436, ""B2"": 873.5685510036893}}",2.7397,0.2714963146413305,0.2714963146413305,0.6636036853586695,"[0.8776913666495335, 0.5233041529751773, 0.9156354351007324, 0.04665223795388718, 0.030288833931601977, 0.020215573356146876, 0.2527686779524564, 0.24856977320898288, 0.18750333435596656, 0.5670558183853956, 0.038985841033045365, 0.5903878678348518, 0.16601115304721703]",34.0,34.0,31.0,7.2376,7.2376,7.9239,7.9239,14.7597,14.7597,False,0,2.742,0.167831,2.4101,0.8776913666495335,1.618837870394788,plus,False,1.0322644489640447,0.19380178928923275,0.8384626596748119,True,True,1.0,False,100.0,34.80000000000018,0.0,False,"[""block_count_per_ring != 7 (missing or extra blocks)""]",,,
17,1-4,206,1-4/r206,random,2342.7315368086215,"{""0"": {""K"": 0.0, ""B1"": 1073.3306010158415, ""A1"": 3242.9074874041057, ""A2"": 1860.6978888557576, ""A3"": 2804.846063892771, ""B2"": 2274.1381380501243}}",2.7397,0.08812629283013175,0.2714963146413305,0.6636036853586695,"[0.6778737085673094, 0.02107535444389108, 0.3105701970531949, 0.9383412868646139, 0.5383963798772446, 0.8115874027467508, 0.6580260816117258, 0.6107507856135262, 0.19125268008489738, 0.574394748257806, 0.039686418459000006, 0.8016644050918733, 0.9600709170261761]",61.0,61.0,31.0,7.3183,7.3183,7.9765,7.9765,20.0416,20.0416,False,0,2.7529,0.956617,2.4101,0.6778737085673094,1.706765384548771,minus,True,-1.5300948789996456,-1.2221371421469844,0.30795773685266115,True,True,1.0,False,100.0,213.0999999999999,0.0,False,"[""block_count_per_ring != 7 (missing or extra blocks)""]",,,
18,1-4,206,1-4/r206,random,2951.455350557417,"{""0"": {""K"": 0.0, ""B1"": 1170.409248162035, ""A1"": 1099.0190518120476, ""A2"": 389.54992339423865, ""A3"": 2165.5704475979865, ""B2"": 2756.015454066048}}",2.7397,0.05454656969696405,0.2714963146413305,0.6636036853586695,"[0.8540090713418452, 0.0507096459660612, 0.33866008338021847, 0.31800319786228226, 0.11271699172286997, 0.626611819328121, 0.7974581753663333, 0.3137214720022439, 0.8628092349187347, 0.7971269128461297, 0.12913794147432478, 0.7668591567381553, 0.8826207199019183]",39.0,39.0,105.0,9.7684,9.7684,14.6853,14.6853,19.1715,19.1715,False,0,2.7519,0.884252,2.4101,0.8540090713418452,1.610997676967973,minus,True,1.2640916605266626,1.6084551542606234,0.3443634937339608,True,True,1.0,False,100.0,71.39999999999998,0.0,False,"[""block_count_per_ring != 7 (missing or extra blocks)""]",,,
19,1-4,206,1-4/r206,random,681.808561338516,"{""0"": {""K"": 0.0, ""B1"": 2207.5198825723874, ""A1"": 2105.859193894425, ""A2"": 332.62506188251825, ""A3"": 2285.0776892676645, ""B2"": 2184.0355284924162}}",2.7397,0.05773155692794727,0.2714963146413305,0.6636036853586695,"[0.19728256983174652, 0.5736411794985231, 0.6387499660221029, 0.6093342574925998, 0.09624567762804348, 0.6611914610149492, 0.6319547246795186, 0.8238854890020143, 0.8035126991303283, 0.32716820793265566, 0.7220473329265539, 0.867273387572356, 0.8929477581907895]",77.0,77.0,98.0,4.5989,4.5989,59.1535,59.1535,21.6818,21.6818,False,0,2.752,0.891488,2.4101,0.19728256983174652,1.7325427239987725,plus,False,-0.05438477716232237,-0.02699552266035643,0.027389254501965943,True,True,1.0,False,100.0,23.5,0.0,False,"[""block_count_per_ring != 7 (missing or extra blocks)""]",,,
20,1-4,206,1-4/r206,random,558.1866019288294,"{""0"": {""K"": 0.0, ""B1"": 2249.190524467222, ""A1"": 741.9211986024461, ""A2"": 1948.1808070669913, ""A3"": 3265.2444550124424, ""B2"": 1310.928621416874}}",2.7397,0.24402902886942598,0.2714963146413305,0.6636036853586695,"[0.16151232694699924, 0.026702350086284632, 0.6508074434222286, 0.21467627274376333, 0.5637097242670692, 0.9448045298068409, 0.3793196242525677, 0.25277455038430674, 0.4565100499618694, 0.6572439132707336, 0.10109896785465877, 0.3805847635005427, 0.1337211888385227]",34.0,34.0,60.0,8.2297,8.2297,12.5824,12.5824,9.5146,9.5146,False,0,2.7415,0.131649,2.4101,0.16151232694699924,1.7638946300465357,minus,True,0.018198357783066887,0.4838551071570206,0.46565674937395374,True,True,1.0,False,100.0,190.80000000000007,0.0,False,"[""block_count_per_ring != 7 (missing or extra blocks)""]",,,
21,1-4,206,1-4/r206,random,2289.414141898861,"{""0"": {""K"": 0.0, ""B1"": 1302.4066685487521, ""A1"": 1284.6779807883895, ""A2"": 1864.5868533223338, ""A3"": 743.2396864292514, ""B2"": 855.0475486275602}}",2.7397,0.14503474962717405,0.2714963146413305,0.6636036853586695,"[0.6624462216142538, 0.8305525322631839, 0.37685378140878245, 0.3717239527744183, 0.5395216589474345, 0.21505777963809358, 0.2474095916167709, 0.3298522832824141, 0.45742569813821743, 0.08153146030257341, 0.7527321363670056, 0.5790545744292542, 0.2996938728905012]",40.0,40.0,60.0,1.8968,1.8968,61.4549,61.4549,14.4764,14.4764,False,0,2.7438,0.29809,2.4101,0.6624462216142538,1.5193781600253418,plus,False,-0.47599627461872257,-0.38984037286687856,0.08615590175184401,True,True,1.0,False,100.0,17.700000000000017,0.0,False,"[""block_count_per_ring != 7 (missing or extra blocks)""]",,,
22,1-4,206,1-4/r206,random,268.0009540450657,"{""0"": {""K"": 0.0, ""B1"": 453.0089835348043, ""A1"": 460.3621559604881, ""A2"": 451.64475350994815, ""A3"": 280.84254721686307, ""B2"": 3132.492014823288}}",2.7397,0.08319974350753447,0.2714963146413305,0.6636036853586695,"[0.07754657235100282, 0.7631809514014812, 0.1310789882913207, 0.13320664234967827, 0.13068424580727667, 0.08126231111599047, 0.906392365400257, 0.2692442996733905, 0.3064105792068602, 0.8327943100020676, 0.6199234597118014, 0.18714338654071883, 0.4348134123765889]",35.0,35.0,44.0,10.1607,10.1607,51.4943,51.4943,4.6786,4.6786,False,0,2.7457,0.435584,2.4101,0.07754657235100282,1.3354328346252025,plus,False,0.2966678631952555,0.18420350416884235,0.11246435902641316,True,True,1.0,False,100.0,1.3999999999999773,0.0,False,"[""block_count_per_ring != 7 (missing or extra blocks)""]",,,
23,1-4,206,1-4/r206,random,3054.836038079739,"{""0"": {""K"": 0.0, ""B1"": 2456.8066478472206, ""A1"": 334.5674417388336, ""A2"": 2513.6344284084075, ""A3"": 2683.492499169492, ""B2"": 2853.84999756257}}",2.7397,0.13312686675509494,0.2714963146413305,0.6636036853586695,"[0.8839224647221466, 0.3753740170194637, 0.7108815531965337, 0.09680770883646805, 0.7273247767385439, 0.7764735240652465, 0.8257667817021326, 0.6742009904352112, 0.37073279482625254, 0.06421200016610362, 0.5187762340602949, 0.7574599063822021, 0.19083820348967717]",66.0,66.0,51.0,1.7063,1.7063,43.9082,43.9082,18.9365,18.9365,False,0,2.7423,0.189541,2.4101,0.8839224647221466,1.4440149771497341,plus,False,0.7368682869614015,0.479613968581891,0.2572543183795105,True,True,1.0,False,100.0,56.90000000000009,0.0,False,"[""block_count_per_ring != 7 (missing or extra blocks)""]",,,
24,1-4,206,1-4/r206,perturb_wrong_r_low,3033.301363140788,"{""0"": {""K"": 0.0, ""B1"": 3164.4360637081313, ""A1"": 161.23013436863408, ""A2"": 104.67821006761643, ""A3"": 69.8650215188436, ""B2"": 873.5685510036893}}",2.7397,0.2822395240275678,0.2822395240275678,0.6528604759724322,"[0.8776913666495335, 0.0, 0.9156354351007324, 0.04665223795388718, 0.030288833931601977, 0.020215573356146876, 0.2527686779524564, 0.24856977320898288, 0.18750333435596656, 0.5670558183853956, 0.038985841033045365, 0.5903878678348518, 0.05]",34.0,34.0,31.0,7.2376,7.2376,7.9239,7.9239,14.7597,14.7597,False,0,2.7404,0.052046,2.4101,0.8776913666495335,1.618837870394788,plus,False,1.0322644489640447,0.19380178928923275,0.8384626596748119,True,True,1.0,False,100.0,34.80000000000018,0.0,False,"[""block_count_per_ring != 7 (missing or extra blocks)""]",,,
25,1-4,206,1-4/r206,perturb_weak_hough,3033.301363140788,"{""0"": {""K"": 0.0, ""B1"": 3164.4360637081313, ""A1"": 161.23013436863408, ""A2"": 104.67821006761643, ""A3"": 69.8650215188436, ""B2"": 873.5685510036893}}",2.7397,0.2714963146413305,0.2822395240275678,0.6528604759724322,"[0.8776913666495335, 0.0, 0.9156354351007324, 0.04665223795388718, 0.030288833931601977, 0.020215573356146876, 0.2527686779524564, 0.9466782434535213, 0.9581459187714966, 0.5670558183853956, 0.038985841033045365, 0.5903878678348518, 0.16601115304721703]",86.0,86.0,115.0,7.2376,7.2376,7.9239,7.9239,14.7597,14.7597,False,0,2.742,0.167831,2.4101,0.8776913666495335,1.618837870394788,plus,False,1.0322644489640447,0.19380178928923275,0.8384626596748119,True,True,1.0,False,100.0,34.80000000000018,0.0,False,"[""block_count_per_ring != 7 (missing or extra blocks)""]",,,
26,1-4,206,1-4/r206,perturb_ambiguous_lines,3033.301363140788,"{""0"": {""K"": 0.0, ""B1"": 3164.4360637081313, ""A1"": 161.23013436863408, ""A2"": 104.67821006761643, ""A3"": 69.8650215188436, ""B2"": 873.5685510036893}}",2.7397,0.2714963146413305,0.2822395240275678,0.6528604759724322,"[0.8776913666495335, 0.0, 0.9156354351007324, 0.04665223795388718, 0.030288833931601977, 0.020215573356146876, 0.2527686779524564, 0.24856977320898288, 0.18750333435596656, 0.999515674754697, 0.9908769938036321, 0.5903878678348518, 0.16601115304721703]",34.0,34.0,31.0,11.9947,11.9947,79.3158,79.3158,14.7597,14.7597,False,0,2.742,0.167831,2.4101,0.8776913666495335,1.618837870394788,plus,False,1.0322644489640447,0.19380178928923275,0.8384626596748119,True,True,1.0,False,100.0,34.80000000000018,0.0,False,"[""block_count_per_ring != 7 (missing or extra blocks)""]",,,
27,1-4,206,1-4/r206,perturb_wrong_r_high,3033.301363140788,"{""0"": {""K"": 0.0, ""B1"": 3164.4360637081313, ""A1"": 161.23013436863408, ""A2"": 104.67821006761643, ""A3"": 69.8650215188436, ""B2"": 873.5685510036893}}",2.7397,0.1488403547451668,0.2822395240275678,0.6528604759724322,"[0.8776913666495335, 0.0, 0.9156354351007324, 0.04665223795388718, 0.030288833931601977, 0.020215573356146876, 0.2527686779524564, 0.24856977320898288, 0.18750333435596656, 0.5670558183853956, 0.038985841033045365, 0.5903878678348518, 0.95]",34.0,34.0,31.0,7.2376,7.2376,7.9239,7.9239,14.7597,14.7597,False,0,2.7528,0.949381,2.4101,0.8776913666495335,1.618837870394788,plus,False,1.0322644489640447,0.19380178928923275,0.8384626596748119,True,True,1.0,False,100.0,34.80000000000018,0.0,False,"[""block_count_per_ring != 7 (missing or extra blocks)""]",,,
28,1-4,206,1-4/r206,perturb_wrong_k,2539.474893823739,"{""0"": {""K"": 0.0, ""B1"": 3164.4360637081313, ""A1"": 161.23013436863408, ""A2"": 104.67821006761643, ""A3"": 69.8650215188436, ""B2"": 873.5685510036893}}",2.7397,0.1561826434356064,0.2822395240275678,0.6528604759724322,"[0.7348017632591837, 0.0, 0.9156354351007324, 0.04665223795388718, 0.030288833931601977, 0.020215573356146876, 0.2527686779524564, 0.24856977320898288, 0.18750333435596656, 0.5670558183853956, 0.038985841033045365, 0.5903878678348518, 0.16601115304721703]",34.0,34.0,31.0,7.2376,7.2376,7.9239,7.9239,14.7597,14.7597,False,0,2.742,0.167831,2.4101,0.7348017632591838,1.618837870394788,plus,False,1.5325002687108293,0.6940292056279398,0.8384710630828895,True,True,1.0,False,100.0,34.899999999999636,0.0,False,"[""block_count_per_ring != 7 (missing or extra blocks)""]",,,
29,1-4,206,1-4/r206,perturb_small_segment,3033.301363140788,"{""0"": {""K"": 0.0, ""B1"": 241.92000000000002, ""A1"": 864.0, ""A2"": 1486.08, ""A3"": 2108.16, ""B2"": 2730.2400000000002}}",2.7397,0.1860106566820843,0.2822395240275678,0.6528604759724322,"[0.8776913666495335, 0.0, 0.07, 0.25, 0.43, 0.61, 0.79, 0.24856977320898288, 0.18750333435596656, 0.5670558183853956, 0.038985841033045365, 0.5903878678348518, 0.16601115304721703]",34.0,34.0,31.0,7.2376,7.2376,7.9239,7.9239,14.7597,14.7597,False,0,2.742,0.167831,2.4101,0.8776913666495335,1.7485390979470619,plus,False,3.4918999091790894,3.2656179424569136,0.22628196672217582,True,True,1.0,False,100.0,241.89999999999964,0.0,False,"[""block_count_per_ring != 7 (missing or extra blocks)""]",,,
30,1-4,206,1-4/r206,perturb_misaligned,3222.980504101511,"{""0"": {""K"": 0.0, ""B1"": 3279.3615320386666, ""A1"": 117.6925032990476, ""A2"": 163.24874681971897, ""A3"": 0.0, ""B2"": 981.1860956449451}}",2.7397,0.15316627272073902,0.2822395240275678,0.6528604759724322,"[0.9325753773441873, 0.0, 0.9488893321871142, 0.03405454377865961, 0.0472363272047798, 0.0, 0.2839080137861531, 0.24856977320898288, 0.18750333435596656, 0.5670558183853956, 0.038985841033045365, 0.5903878678348518, 0.16601115304721703]",34.0,34.0,31.0,7.2376,7.2376,7.9239,7.9239,14.7597,14.7597,False,0,2.742,0.167831,2.4101,0.9325753773441873,1.4183887899671268,plus,False,0.9004285311406233,0.02729407662779404,0.8731344545128292,True,True,1.0,False,100.0,0.0,0.0,False,"[""block_count_per_ring != 7 (missing or extra blocks)""]",,,
31,1-4,206,1-4/r206,perturb_offset_shift,3033.301363140788,"{""0"": {""K"": 0.0, ""B1"": 3370.4121952381815, ""A1"": 490.17503232952794, ""A2"": 0.0, ""A3"": 0.0, ""B2"": 1122.0164965518704}}",2.7397,0.11629524120374311,0.2822395240275678,0.6528604759724322,"[0.8776913666495335, 0.0, 0.975235010196233, 0.14183305333609025, 0.0, 0.0, 0.3246575510856107, 0.24856977320898288, 0.18750333435596656, 0.5670558183853956, 0.038985841033045365, 0.5903878678348518, 0.16601115304721703]",34.0,34.0,31.0,7.2376,7.2376,7.9239,7.9239,14.7597,14.7597,False,0,2.742,0.167831,2.4101,0.8776913666495335,1.4601525525232915,plus,False,1.1184055722373474,0.19348020186557524,0.9249253703717721,True,True,1.0,False,100.0,0.0,0.0,False,"[""block_count_per_ring != 7 (missing or extra blocks)""]",,,
32,1-4,206,1-4/r206,perturb_guardrail_smoke,3386.88,"{""0"": {""K"": 0.0, ""B1"": 1957.4388774964766, ""A1"": 1670.7676285256846, ""A2"": 1601.6973648903231, ""A3"": 1644.818502681155, ""B2"": 1244.1661189633403}}",2.7397,0.1223282295853277,0.2822395240275678,0.6528604759724322,"[0.98, 0.0, 0.5663885640904157, 0.4834397073280337, 0.4634540986372463, 0.47593127971098237, 0.36000177053337395, 0.24856977320898288, 0.18750333435596656, 0.5670558183853956, 0.038985841033045365, 0.5903878678348518, 0.16601115304721703]",34.0,34.0,31.0,7.2376,7.2376,7.9239,7.9239,14.7597,14.7597,False,0,2.742,0.167831,2.4101,0.98,1.6039014263181695,minus,True,-1.2724483628089776,-0.6103047092858547,0.6621436535231229,True,True,1.0,False,100.0,25.899999999999864,0.0,False,"[""block_count_per_ring != 7 (missing or extra blocks)""]",,,
33,1-4,206,1-4/r206,perturb_wrong_k,3452.510631554734,"{""0"": {""K"": 0.0, ""B1"": 3164.4360637081313, ""A1"": 161.23013436863408, ""A2"": 104.67821006761643, ""A3"": 69.8650215188436, ""B2"": 873.5685510036893}}",2.7397,0.19369939692203064,0.2822395240275678,0.6528604759724322,"[0.998990344778569, 0.0, 0.9156354351007324, 0.04665223795388718, 0.030288833931601977, 0.020215573356146876, 0.2527686779524564, 0.24856977320898288, 0.18750333435596656, 0.5670558183853956, 0.038985841033045365, 0.5903878678348518, 0.16601115304721703]",34.0,34.0,31.0,7.2376,7.2376,7.9239,7.9239,14.7597,14.7597,False,0,2.742,0.167831,2.4101,0.9989903447785689,1.618837870394788,plus,False,2.032264448964044,1.1938017892892316,0.8384626596748121,True,True,1.0,False,100.0,34.8,0.0,False,"[""block_count_per_ring != 7 (missing or extra blocks)""]",,,
34,1-4,206,1-4/r206,perturb_wrong_r_low,3033.301363140788,"{""0"": {""K"": 0.0, ""B1"": 3164.4360637081313, ""A1"": 161.23013436863408, ""A2"": 104.67821006761643, ""A3"": 69.8650215188436, ""B2"": 873.5685510036893}}",2.7397,0.2822395240275678,0.2822395240275678,0.6528604759724322,"[0.8776913666495335, 0.0, 0.9156354351007324, 0.04665223795388718, 0.030288833931601977, 0.020215573356146876, 0.2527686779524564, 0.24856977320898288, 0.18750333435596656, 0.5670558183853956, 0.038985841033045365, 0.5903878678348518, 0.05]",34.0,34.0,31.0,7.2376,7.2376,7.9239,7.9239,14.7597,14.7597,False,0,2.7404,0.052046,2.4101,0.8776913666495335,1.618837870394788,plus,False,1.0322644489640447,0.19380178928923275,0.8384626596748119,True,True,1.0,False,100.0,34.80000000000018,0.0,False,"[""block_count_per_ring != 7 (missing or extra blocks)""]",,,
35,1-4,206,1-4/r206,perturb_weak_hough,3033.301363140788,"{""0"": {""K"": 0.0, ""B1"": 3164.4360637081313, ""A1"": 161.23013436863408, ""A2"": 104.67821006761643, ""A3"": 69.8650215188436, ""B2"": 873.5685510036893}}",2.7397,0.2714963146413305,0.2822395240275678,0.6528604759724322,"[0.8776913666495335, 0.0, 0.9156354351007324, 0.04665223795388718, 0.030288833931601977, 0.020215573356146876, 0.2527686779524564, 0.9466782434535213, 0.9581459187714966, 0.5670558183853956, 0.038985841033045365, 0.5903878678348518, 0.16601115304721703]",86.0,86.0,115.0,7.2376,7.2376,7.9239,7.9239,14.7597,14.7597,False,0,2.742,0.167831,2.4101,0.8776913666495335,1.618837870394788,plus,False,1.0322644489640447,0.19380178928923275,0.8384626596748119,True,True,1.0,False,100.0,34.80000000000018,0.0,False,"[""block_count_per_ring != 7 (missing or extra blocks)""]",,,
36,1-4,206,1-4/r206,perturb_ambiguous_lines,3033.301363140788,"{""0"": {""K"": 0.0, ""B1"": 3164.4360637081313, ""A1"": 161.23013436863408, ""A2"": 104.67821006761643, ""A3"": 69.8650215188436, ""B2"": 873.5685510036893}}",2.7397,0.2714963146413305,0.2822395240275678,0.6528604759724322,"[0.8776913666495335, 0.0, 0.9156354351007324, 0.04665223795388718, 0.030288833931601977, 0.020215573356146876, 0.2527686779524564, 0.24856977320898288, 0.18750333435596656, 0.999515674754697, 0.9908769938036321, 0.5903878678348518, 0.16601115304721703]",34.0,34.0,31.0,11.9947,11.9947,79.3158,79.3158,14.7597,14.7597,False,0,2.742,0.167831,2.4101,0.8776913666495335,1.618837870394788,plus,False,1.0322644489640447,0.19380178928923275,0.8384626596748119,True,True,1.0,False,100.0,34.80000000000018,0.0,False,"[""block_count_per_ring != 7 (missing or extra blocks)""]",,,
37,1-4,206,1-4/r206,perturb_wrong_r_high,3033.301363140788,"{""0"": {""K"": 0.0, ""B1"": 3164.4360637081313, ""A1"": 161.23013436863408, ""A2"": 104.67821006761643, ""A3"": 69.8650215188436, ""B2"": 873.5685510036893}}",2.7397,0.1488403547451668,0.2822395240275678,0.6528604759724322,"[0.8776913666495335, 0.0, 0.9156354351007324, 0.04665223795388718, 0.030288833931601977, 0.020215573356146876, 0.2527686779524564, 0.24856977320898288, 0.18750333435596656, 0.5670558183853956, 0.038985841033045365, 0.5903878678348518, 0.95]",34.0,34.0,31.0,7.2376,7.2376,7.9239,7.9239,14.7597,14.7597,False,0,2.7528,0.949381,2.4101,0.8776913666495335,1.618837870394788,plus,False,1.0322644489640447,0.19380178928923275,0.8384626596748119,True,True,1.0,False,100.0,34.80000000000018,0.0,False,"[""block_count_per_ring != 7 (missing or extra blocks)""]",,,
38,1-4,206,1-4/r206,perturb_wrong_k,2539.474893823739,"{""0"": {""K"": 0.0, ""B1"": 3164.4360637081313, ""A1"": 161.23013436863408, ""A2"": 104.67821006761643, ""A3"": 69.8650215188436, ""B2"": 873.5685510036893}}",2.7397,0.1561826434356064,0.2822395240275678,0.6528604759724322,"[0.7348017632591837, 0.0, 0.9156354351007324, 0.04665223795388718, 0.030288833931601977, 0.020215573356146876, 0.2527686779524564, 0.24856977320898288, 0.18750333435596656, 0.5670558183853956, 0.038985841033045365, 0.5903878678348518, 0.16601115304721703]",34.0,34.0,31.0,7.2376,7.2376,7.9239,7.9239,14.7597,14.7597,False,0,2.742,0.167831,2.4101,0.7348017632591838,1.618837870394788,plus,False,1.5325002687108293,0.6940292056279398,0.8384710630828895,True,True,1.0,False,100.0,34.899999999999636,0.0,False,"[""block_count_per_ring != 7 (missing or extra blocks)""]",,,
39,1-4,206,1-4/r206,perturb_small_segment,3033.301363140788,"{""0"": {""K"": 0.0, ""B1"": 241.92000000000002, ""A1"": 864.0, ""A2"": 1486.08, ""A3"": 2108.16, ""B2"": 2730.2400000000002}}",2.7397,0.1860106566820843,0.2822395240275678,0.6528604759724322,"[0.8776913666495335, 0.0, 0.07, 0.25, 0.43, 0.61, 0.79, 0.24856977320898288, 0.18750333435596656, 0.5670558183853956, 0.038985841033045365, 0.5903878678348518, 0.16601115304721703]",34.0,34.0,31.0,7.2376,7.2376,7.9239,7.9239,14.7597,14.7597,False,0,2.742,0.167831,2.4101,0.8776913666495335,1.7485390979470619,plus,False,3.4918999091790894,3.2656179424569136,0.22628196672217582,True,True,1.0,False,100.0,241.89999999999964,0.0,False,"[""block_count_per_ring != 7 (missing or extra blocks)""]",,,
40,1-4,206,1-4/r206,perturb_misaligned,3222.980504101511,"{""0"": {""K"": 0.0, ""B1"": 3279.3615320386666, ""A1"": 117.6925032990476, ""A2"": 163.24874681971897, ""A3"": 0.0, ""B2"": 981.1860956449451}}",2.7397,0.15316627272073902,0.2822395240275678,0.6528604759724322,"[0.9325753773441873, 0.0, 0.9488893321871142, 0.03405454377865961, 0.0472363272047798, 0.0, 0.2839080137861531, 0.24856977320898288, 0.18750333435596656, 0.5670558183853956, 0.038985841033045365, 0.5903878678348518, 0.16601115304721703]",34.0,34.0,31.0,7.2376,7.2376,7.9239,7.9239,14.7597,14.7597,False,0,2.742,0.167831,2.4101,0.9325753773441873,1.4183887899671268,plus,False,0.9004285311406233,0.02729407662779404,0.8731344545128292,True,True,1.0,False,100.0,0.0,0.0,False,"[""block_count_per_ring != 7 (missing or extra blocks)""]",,,
41,1-4,206,1-4/r206,perturb_offset_shift,3033.301363140788,"{""0"": {""K"": 0.0, ""B1"": 3370.4121952381815, ""A1"": 490.17503232952794, ""A2"": 0.0, ""A3"": 0.0, ""B2"": 1122.0164965518704}}",2.7397,0.11629524120374311,0.2822395240275678,0.6528604759724322,"[0.8776913666495335, 0.0, 0.975235010196233, 0.14183305333609025, 0.0, 0.0, 0.3246575510856107, 0.24856977320898288, 0.18750333435596656, 0.5670558183853956, 0.038985841033045365, 0.5903878678348518, 0.16601115304721703]",34.0,34.0,31.0,7.2376,7.2376,7.9239,7.9239,14.7597,14.7597,False,0,2.742,0.167831,2.4101,0.8776913666495335,1.4601525525232915,plus,False,1.1184055722373474,0.19348020186557524,0.9249253703717721,True,True,1.0,False,100.0,0.0,0.0,False,"[""block_count_per_ring != 7 (missing or extra blocks)""]",,,
42,1-4,206,1-4/r206,perturb_guardrail_smoke,3386.88,"{""0"": {""K"": 0.0, ""B1"": 1957.4388774964766, ""A1"": 1670.7676285256846, ""A2"": 1601.6973648903231, ""A3"": 1644.818502681155, ""B2"": 1244.1661189633403}}",2.7397,0.1223282295853277,0.2822395240275678,0.6528604759724322,"[0.98, 0.0, 0.5663885640904157, 0.4834397073280337, 0.4634540986372463, 0.47593127971098237, 0.36000177053337395, 0.24856977320898288, 0.18750333435596656, 0.5670558183853956, 0.038985841033045365, 0.5903878678348518, 0.16601115304721703]",34.0,34.0,31.0,7.2376,7.2376,7.9239,7.9239,14.7597,14.7597,False,0,2.742,0.167831,2.4101,0.98,1.6039014263181695,minus,True,-1.2724483628089776,-0.6103047092858547,0.6621436535231229,True,True,1.0,False,100.0,25.899999999999864,0.0,False,"[""block_count_per_ring != 7 (missing or extra blocks)""]",,,
43,1-4,206,1-4/r206,perturb_wrong_k,3452.510631554734,"{""0"": {""K"": 0.0, ""B1"": 3164.4360637081313, ""A1"": 161.23013436863408, ""A2"": 104.67821006761643, ""A3"": 69.8650215188436, ""B2"": 873.5685510036893}}",2.7397,0.19369939692203064,0.2822395240275678,0.6528604759724322,"[0.998990344778569, 0.0, 0.9156354351007324, 0.04665223795388718, 0.030288833931601977, 0.020215573356146876, 0.2527686779524564, 0.24856977320898288, 0.18750333435596656, 0.5670558183853956, 0.038985841033045365, 0.5903878678348518, 0.16601115304721703]",34.0,34.0,31.0,7.2376,7.2376,7.9239,7.9239,14.7597,14.7597,False,0,2.742,0.167831,2.4101,0.9989903447785689,1.618837870394788,plus,False,2.032264448964044,1.1938017892892316,0.8384626596748121,True,True,1.0,False,100.0,34.8,0.0,False,"[""block_count_per_ring != 7 (missing or extra blocks)""]",,,
44,1-4,206,1-4/r206,perturb_wrong_r_low,3033.301363140788,"{""0"": {""K"": 0.0, ""B1"": 3164.4360637081313, ""A1"": 161.23013436863408, ""A2"": 104.67821006761643, ""A3"": 69.8650215188436, ""B2"": 873.5685510036893}}",2.7397,0.2822395240275678,0.2822395240275678,0.6528604759724322,"[0.8776913666495335, 0.0, 0.9156354351007324, 0.04665223795388718, 0.030288833931601977, 0.020215573356146876, 0.2527686779524564, 0.24856977320898288, 0.18750333435596656, 0.5670558183853956, 0.038985841033045365, 0.5903878678348518, 0.05]",34.0,34.0,31.0,7.2376,7.2376,7.9239,7.9239,14.7597,14.7597,False,0,2.7404,0.052046,2.4101,0.8776913666495335,1.618837870394788,plus,False,1.0322644489640447,0.19380178928923275,0.8384626596748119,True,True,1.0,False,100.0,34.80000000000018,0.0,False,"[""block_count_per_ring != 7 (missing or extra blocks)""]",,,
45,1-4,206,1-4/r206,perturb_weak_hough,3033.301363140788,"{""0"": {""K"": 0.0, ""B1"": 3164.4360637081313, ""A1"": 161.23013436863408, ""A2"": 104.67821006761643, ""A3"": 69.8650215188436, ""B2"": 873.5685510036893}}",2.7397,0.2714963146413305,0.2822395240275678,0.6528604759724322,"[0.8776913666495335, 0.0, 0.9156354351007324, 0.04665223795388718, 0.030288833931601977, 0.020215573356146876, 0.2527686779524564, 0.9466782434535213, 0.9581459187714966, 0.5670558183853956, 0.038985841033045365, 0.5903878678348518, 0.16601115304721703]",86.0,86.0,115.0,7.2376,7.2376,7.9239,7.9239,14.7597,14.7597,False,0,2.742,0.167831,2.4101,0.8776913666495335,1.618837870394788,plus,False,1.0322644489640447,0.19380178928923275,0.8384626596748119,True,True,1.0,False,100.0,34.80000000000018,0.0,False,"[""block_count_per_ring != 7 (missing or extra blocks)""]",,,
46,1-4,206,1-4/r206,perturb_ambiguous_lines,3033.301363140788,"{""0"": {""K"": 0.0, ""B1"": 3164.4360637081313, ""A1"": 161.23013436863408, ""A2"": 104.67821006761643, ""A3"": 69.8650215188436, ""B2"": 873.5685510036893}}",2.7397,0.2714963146413305,0.2822395240275678,0.6528604759724322,"[0.8776913666495335, 0.0, 0.9156354351007324, 0.04665223795388718, 0.030288833931601977, 0.020215573356146876, 0.2527686779524564, 0.24856977320898288, 0.18750333435596656, 0.999515674754697, 0.9908769938036321, 0.5903878678348518, 0.16601115304721703]",34.0,34.0,31.0,11.9947,11.9947,79.3158,79.3158,14.7597,14.7597,False,0,2.742,0.167831,2.4101,0.8776913666495335,1.618837870394788,plus,False,1.0322644489640447,0.19380178928923275,0.8384626596748119,True,True,1.0,False,100.0,34.80000000000018,0.0,False,"[""block_count_per_ring != 7 (missing or extra blocks)""]",,,
47,1-4,206,1-4/r206,perturb_wrong_r_high,3033.301363140788,"{""0"": {""K"": 0.0, ""B1"": 3164.4360637081313, ""A1"": 161.23013436863408, ""A2"": 104.67821006761643, ""A3"": 69.8650215188436, ""B2"": 873.5685510036893}}",2.7397,0.1488403547451668,0.2822395240275678,0.6528604759724322,"[0.8776913666495335, 0.0, 0.9156354351007324, 0.04665223795388718, 0.030288833931601977, 0.020215573356146876, 0.2527686779524564, 0.24856977320898288, 0.18750333435596656, 0.5670558183853956, 0.038985841033045365, 0.5903878678348518, 0.95]",34.0,34.0,31.0,7.2376,7.2376,7.9239,7.9239,14.7597,14.7597,False,0,2.7528,0.949381,2.4101,0.8776913666495335,1.618837870394788,plus,False,1.0322644489640447,0.19380178928923275,0.8384626596748119,True,True,1.0,False,100.0,34.80000000000018,0.0,False,"[""block_count_per_ring != 7 (missing or extra blocks)""]",,,
48,1-4,206,1-4/r206,bo,2796.10746748863,"{""0"": {""K"": 0.0, ""B1"": 3146.378798722849, ""A1"": 1716.2994072255224, ""A2"": 1537.7714492630214, ""A3"": 1942.0628432019266, ""B2"": 2081.963307416048}}",2.7397,0.15606066431391058,0.2822395240275678,0.6528604759724322,"[0.8090588736946267, 0.10284567342137885, 0.9104105320378614, 0.4966144118129405, 0.4449570165691613, 0.5619394800931501, 0.6024199384884398, 0.8349371333280948, 0.014006612558391085, 0.04217314431661301, 0.45684509929340145, 0.8423731556725977, 0.10116681291319252]",78.0,78.0,12.0,1.4639,1.4639,39.2634,39.2634,21.0593,21.0593,False,0,2.7411,0.102702,2.4101,0.8090588736946267,1.4974047255059133,plus,False,-1.276851620438519,-1.7530428267801001,0.4761912063415812,True,True,1.0,False,100.0,139.89999999999986,0.0,False,"[""block_count_per_ring != 7 (missing or extra blocks)""]",0.30014895212707,0.0405601580482674,0.02044256443339176
49,1-4,206,1-4/r206,bo,2734.4148790115078,"{""0"": {""K"": 0.0, ""B1"": 3074.1937079971153, ""A1"": 2059.5548122250734, ""A2"": 2115.766290107404, ""A3"": 2581.9587156889174, ""B2"": 3223.3763416089737}}",2.7397,0.26085171215956104,0.2822395240275678,0.6528604759724322,"[0.7912080089732372, 0.07289747842697991, 0.8895236423602764, 0.595935998907718, 0.6122008941282998, 0.7470945357896173, 0.932689913660004, 0.9621288320585974, 0.40102373105651024, 0.6954013177267019, 0.8813044430681639, 0.14020479207027736, 0.011935655902201248]",87.0,87.0,54.0,8.6494,8.6494,71.0978,71.0978,3.5051,3.5051,False,0,2.7398,0.008627,2.4101,0.7912080089732372,1.2836885434780005,plus,False,-2.2961312099368087,-2.337264437335752,0.041133227398943095,True,True,1.0,False,100.0,56.200000000000045,0.0,False,"[""block_count_per_ring != 7 (missing or extra blocks)""]",0.31516037507816097,0.03510396724620314,0.028348458916975898
50,1-4,206,1-4/r206,bo,3033.976640905235,"{""0"": {""K"": 0.0, ""B1"": 3096.061514561741, ""A1"": 1422.629151945552, ""A2"": 286.21026805430324, ""A3"": 1480.9542675453947, ""B2"": 919.5937725211927}}",2.7397,0.15167506903543523,0.2822395240275678,0.6528604759724322,"[0.8778867595211907, 0.571165563520866, 0.8958511326856891, 0.411640379613875, 0.08281547108052756, 0.4285168598221628, 0.2660861610304377, 0.09014928977507963, 0.6977966332278384, 0.8941044889897046, 0.7067297650074426, 0.9284514125133908, 0.1313877821207029]",22.0,22.0,87.0,10.8351,10.8351,58.0047,58.0047,23.2113,23.2113,False,0,2.7415,0.131649,2.4101,0.8778867595211907,1.7488759924320643,plus,False,0.7268978323802571,0.6302835538531988,0.09661427852705828,True,True,1.0,False,100.0,58.30000000000007,0.0,False,"[""block_count_per_ring != 7 (missing or extra blocks)""]",0.2835530764895999,0.05222544928213537,0.01677924575238617
51,1-4,206,1-4/r206,bo,2119.4121593601794,"{""0"": {""K"": 0.0, ""B1"": 2890.1510662969454, ""A1"": 2150.9279596263923, ""A2"": 1220.2167745965219, ""A3"": 218.34216285889184, ""B2"": 118.38192310207556}}",2.7397,0.15133403034235918,0.2822395240275678,0.6528604759724322,"[0.6132558331482001, 0.015899732623536167, 0.8362705631646253, 0.6223749883178219, 0.3530719833901973, 0.06317770916055898, 0.034254028675369086, 0.9824075931418765, 0.12622009175677018, 0.7861747114127222, 0.2377773070898641, 0.7866495279242754, 0.0208506341433754]",89.0,89.0,24.0,9.6479,9.6479,22.8333,22.8333,19.6662,19.6662,False,0,2.74,0.0231,2.4101,0.6132558331482001,1.784085388548181,minus,True,1.7285254396473695,2.1659010357654185,0.437375596118049,True,True,1.0,False,100.0,100.0,0.0,False,"[""block_count_per_ring != 7 (missing or extra blocks)""]",0.27277314562679333,0.04749890735598481,0.010785582176532048
52,1-4,206,1-4/r206,bo,2623.408375573532,"{""0"": {""K"": 0.0, ""B1"": 3220.5638092736303, ""A1"": 80.76907813397891, ""A2"": 3316.6074974804465, ""A3"": 1123.4091671711897, ""B2"": 328.26993842866045}}",2.7397,0.20556492251465724,0.2822395240275678,0.6528604759724322,"[0.7590880716358599, 0.22504422852407346, 0.9318761022203792, 0.023370682330433712, 0.9596665212617033, 0.3250605229083303, 0.0949855145916263, 0.14628676279834252, 0.23741421754801395, 0.2544915934008306, 0.4069707004509502, 0.13595789046621176, 0.06433468439829038]",26.0,26.0,36.0,3.7994,3.7994,35.5228,35.5228,3.3989,3.3989,False,0,2.7406,0.06652,2.4101,0.7590880716358599,1.6377163977308231,plus,False,1.2774467789642392,0.9522109218880332,0.32523585707620595,True,True,1.0,False,100.0,80.79999999999973,0.0,False,"[""block_count_per_ring != 7 (missing or extra blocks)""]",0.2752211811421659,0.051547800558359676,0.013166094749268591
53,1-4,206,1-4/r206,bo,3184.109460853359,"{""0"": {""K"": 0.0, ""B1"": 3039.0176648174074, ""A1"": 68.6009836059988, ""A2"": 1768.815344677626, ""A3"": 3210.023418047975, ""B2"": 2935.9909296275123}}",2.7397,0.14880815016182844,0.2822395240275678,0.6528604759724322,"[0.921327968996921, 0.27915579491227216, 0.8793453891254073, 0.019849821645254284, 0.5118099955664427, 0.9288262204999929, 0.8495344125079607, 0.6031826228073206, 0.20024515929296116, 0.2644508450811597, 0.02906660766406277, 0.1199958467401544, 0.03186368757425739]",60.0,60.0,32.0,3.909,3.909,7.18,7.18,2.9999,2.9999,False,0,2.7401,0.030337,2.4101,0.921327968996921,1.5864667961089953,plus,False,0.3115226600964598,0.34793343817153155,0.03641077807507176,True,True,1.0,False,100.0,68.59999999999991,0.0,False,"[""block_count_per_ring != 7 (missing or extra blocks)""]",0.3082869456469116,0.036836379837520215,0.024092142037715286
54,1-4,206,1-4/r206,bo,3180.0752685206876,"{""0"": {""K"": 0.0, ""B1"": 3323.1587545306793, ""A1"": 1500.9931708976708, ""A2"": 662.5429743688745, ""A3"": 424.3079570431075, ""B2"": 3074.4600216280664}}",2.7397,0.11880924663229668,0.2822395240275678,0.6528604759724322,"[0.920160667974736, 0.3039169884823235, 0.9615621396211457, 0.4343151536162242, 0.19170803656506785, 0.12277429312589916, 0.8896007007025656, 0.5247683909418926, 0.4678537480521051, 0.08899400414002767, 0.050717624738946476, 0.32780524974245107, 0.025078150307731195]",54.0,54.0,61.0,1.9789,1.9789,8.8038,8.8038,8.1951,8.1951,False,0,2.74,0.0231,2.4101,0.920160667974736,1.665218874243437,plus,False,0.2866813850686961,0.20889505255142027,0.07778633251727585,True,True,1.0,False,100.0,132.9000000000001,0.0,False,"[""block_count_per_ring != 7 (missing or extra blocks)""]",0.23483945037409848,0.05261342171045881,0.0036751746186921164
55,1-4,206,1-4/r206,bo,2695.983966702133,"{""0"": {""K"": 0.0, ""B1"": 2724.7818390236084, ""A1"": 897.9663672779491, ""A2"": 1736.256926051826, ""A3"": 1223.9675641949636, ""B2"": 479.80729262112527}}",2.7397,0.1016839741790626,0.2822395240275678,0.6528604759724322,"[0.7800879533281634, 0.07498568964732566, 0.7884206710137756, 0.2598282312725547, 0.5023891568436997, 0.3541572813064131, 0.13883312865194597, 0.34806116578868473, 0.5820090379060371, 0.6436748095204832, 0.37774427454573956, 0.9514439708414766, 0.11016516082990979]",41.0,41.0,74.0,8.0804,8.0804,33.3308,33.3308,23.7861,23.7861,False,0,2.7412,0.109939,2.4101,0.7800879533281635,1.7215879136362624,minus,True,0.8716642426556305,1.346405562514793,0.47474131985916257,True,True,1.0,False,100.0,326.0,0.0,False,"[""block_count_per_ring != 7 (missing or extra blocks)""]",0.24586966535267207,0.05241242651377331,0.005412969025905176
56,1-4,206,1-4/r206,bo,2820.4546641891125,"{""0"": {""K"": 0.0, ""B1"": 2939.969960038908, ""A1"": 1873.4798667672112, ""A2"": 2443.951502021798, ""A3"": 2285.647130309377, ""B2"": 1633.0998970387361}}",2.7397,0.10724861209773882,0.2822395240275678,0.6528604759724322,"[0.8161037801473127, 0.21112357881158383, 0.8506857523260729, 0.5420948688562532, 0.7071618929461222, 0.6613562298348893, 0.4725404794672269, 0.5192569760697956, 0.7390394664014664, 0.1256198421271797, 0.6441328693282407, 0.5482129432821213, 0.0788733166559038]",54.0,54.0,91.0,2.3818,2.3818,53.31,53.31,13.7053,13.7053,False,0,2.7408,0.080993,2.4101,0.8161037801473127,1.6967845453530854,plus,False,-2.2318687729259357,-2.0426097471314155,0.18925902579452014,True,True,1.0,False,100.0,158.30000000000018,0.0,False,"[""block_count_per_ring != 7 (missing or extra blocks)""]",0.2663850266579335,0.05757933174239945,0.012321161279400103
57,1-4,206,1-4/r206,bo,1676.0698101072257,"{""0"": {""K"": 0.0, ""B1"": 3192.4393134101524, ""A1"": 3433.1358314109375, ""A2"": 1732.074781010463, ""A3"": 216.90582153237727, ""B2"": 681.3984485567273}}",2.7397,0.22627658520291544,0.2822395240275678,0.6528604759724322,"[0.48497390338750745, 0.29649553442009147, 0.9237382272598821, 0.9933842104777019, 0.5011790454312682, 0.06276210113784064, 0.19716390293886787, 0.14239775744098582, 0.13026437457113005, 0.1282806104514348, 0.8496741607692727, 0.22678414433860694, 0.11801097773097513]",26.0,26.0,24.0,2.4111,2.4111,68.7256,68.7256,5.6696,5.6696,False,0,2.7413,0.117176,2.4101,0.48497390338750745,1.5562887999491655,plus,False,1.7017977837558218,1.1687830374465267,0.5330147463092951,True,True,1.0,False,100.0,22.899999999999864,0.0,False,"[""block_count_per_ring != 7 (missing or extra blocks)""]",0.22566014446779392,0.06203229697606175,0.004486172264187266
58,1-4,206,1-4/r206,bo,2770.537043813998,"{""0"": {""K"": 0.0, ""B1"": 2944.777756907774, ""A1"": 726.4912096845335, ""A2"": 2557.4003058926264, ""A3"": 222.1188588388042, ""B2"": 887.5730499624094}}",2.7397,0.22920616668276533,0.2822395240275678,0.6528604759724322,"[0.8016600242517355, 0.31283659239562567, 0.8520768972534067, 0.21021157687631176, 0.7399885144365239, 0.06427050313622806, 0.2568209056604194, 0.8646186487549069, 0.8850666087431969, 0.43832700249676204, 0.9113896073120223, 0.6316233626623685, 0.1124072784536343]",80.0,80.0,107.0,5.8216,5.8216,73.3542,73.3542,15.7906,15.7906,False,0,2.7412,0.109939,2.4101,0.8016600242517355,1.6798452608840073,plus,False,1.9992332822044854,1.2296975572440283,0.7695357249604571,True,True,1.0,False,100.0,161.1,0.0,False,"[""block_count_per_ring != 7 (missing or extra blocks)""]",0.23702319463849772,0.06065660524406576,0.005977558642780248
59,1-4,206,1-4/r206,bo,3312.195147506604,"{""0"": {""K"": 0.0, ""B1"": 3008.0143395742525, ""A1"": 1431.8019290156926, ""A2"": 778.5613568575868, ""A3"": 201.76955237630148, ""B2"": 787.3718392882139}}",2.7397,0.11729347811557589,0.2822395240275678,0.6528604759724322,"[0.9583897996257534, 0.5016334213564029, 0.870374519552735, 0.41429453964574436, 0.22527817038703324, 0.05838239362740205, 0.22782749979404338, 0.7614206116006802, 0.09105041829870553, 0.25784850804521153, 0.120554369227164, 0.26911414728902283, 0.15833009619208482]",72.0,72.0,20.0,3.8363,3.8363,14.0416,14.0416,6.7279,6.7279,False,0,2.7419,0.160595,2.4101,0.9583897996257534,1.704927575777258,plus,False,0.9832606062432896,0.850398064197067,0.1328625420462226,True,True,1.0,False,100.0,8.800000000000068,0.0,False,"[""block_count_per_ring != 7 (missing or extra blocks)""]",0.26195035050703386,0.047233921827246256,0.007445889499255769
60,1-4,206,1-4/r206,bo,2804.644582538051,"{""0"": {""K"": 0.0, ""B1"": 1302.5976611739834, ""A1"": 1694.4784909415146, ""A2"": 223.92029717838247, ""A3"": 2017.4836088192583, ""B2"": 701.6434202541589}}",2.7397,0.24857452081499784,0.2822395240275678,0.6528604759724322,"[0.8115291037436491, 0.1419137549042585, 0.37690904547858317, 0.4903004892770586, 0.06479175265578196, 0.5837626182926094, 0.203021822990208, 0.5389266006611543, 0.6055241282116816, 0.001136116444857671, 0.32555506254374533, 0.5549973941499591, 0.038683492200859204]",55.0,55.0,77.0,1.0125,1.0125,29.4166,29.4166,13.8749,13.8749,False,0,2.7402,0.037573,2.4101,0.8115291037436491,1.6822982494898677,plus,False,1.5711113220392927,1.3968166457480524,0.1742946762912403,True,True,1.0,False,100.00000000000003,224.0,0.0,False,"[""block_count_per_ring != 7 (missing or extra blocks)""]",0.27105791902612053,0.05247518930100834,0.0120264534242885
61,1-4,206,1-4/r206,bo,3084.494440543016,"{""0"": {""K"": 0.0, ""B1"": 187.38702126932753, ""A1"": 2041.5553219507433, ""A2"": 94.69993643189169, ""A3"": 1789.0527869193797, ""B2"": 674.0617724175097}}",2.7397,0.12389781388713798,0.2822395240275678,0.6528604759724322,"[0.8925041783978634, 0.07959192001687654, 0.054220781617282277, 0.5907278130644512, 0.02740160197682051, 0.5176657369558391, 0.19504102211154795, 0.48284810673581213, 0.7357944339628085, 0.6915204405290494, 0.06240919180941895, 0.6444867433932651, 0.10343005128693183]",51.0,51.0,91.0,8.6067,8.6067,9.6807,9.6807,16.1122,16.1122,False,0,2.7411,0.102702,2.4101,0.8925041783978634,1.6459094847821136,plus,False,1.6067655885897367,1.1938864092732535,0.4128791793164832,True,True,1.0,False,100.0,92.70000000000027,0.0,False,"[""block_count_per_ring != 7 (missing or extra blocks)""]",0.26335680634991976,0.0477782488665533,0.007999874836440988
62,1-4,206,1-4/r206,bo,2820.804891077211,"{""0"": {""K"": 0.0, ""B1"": 3220.2059352019746, ""A1"": 663.15375580406, ""A2"": 2263.0445516690825, ""A3"": 3030.1537378162298, ""B2"": 694.9178477015831}}",2.7397,0.16698317631931517,0.2822395240275678,0.6528604759724322,"[0.8162051189459523, 0.42263576500900935, 0.9317725506950157, 0.1918847673044155, 0.6548161318486928, 0.8767805954329368, 0.20107576611735622, 0.7060595804104483, 0.7618188614683111, 0.4279375703746431, 0.20872710930154437, 0.5102804849500112, 0.147427413976019]",68.0,68.0,94.0,5.7073,5.7073,20.6545,20.6545,12.757,12.757,False,0,2.7417,0.146122,2.4101,0.8162051189459523,1.6490490892077236,plus,False,0.7210885187188756,-0.14956339267246427,0.8706519113913398,True,True,1.0,False,100.0,31.700000000000003,0.0,False,"[""block_count_per_ring != 7 (missing or extra blocks)""]",0.24928943985669755,0.058443482519767,0.00786787052524979
63,1-4,206,1-4/r206,bo,2361.3824327410593,"{""0"": {""K"": 0.0, ""B1"": 3015.6978858484604, ""A1"": 2587.4078313030977, ""A2"": 2491.0909491749476, ""A3"": 3367.466626712604, ""B2"": 303.3121213370114}}",2.7397,0.14185423930383156,0.2822395240275678,0.6528604759724322,"[0.6832703798440565, 0.08800901169638142, 0.8725977678959665, 0.7486712474835352, 0.7208017792751584, 0.9743827044886008, 0.08776392399797783, 0.14632675981469156, 0.24908221214414572, 0.7725142748634625, 0.9794987828600411, 0.38150998608358744, 0.10976889097661124]",26.0,26.0,37.0,9.4977,9.4977,78.4624,78.4624,9.5377,9.5377,False,0,2.7412,0.109939,2.4101,0.6832703798440565,1.6215098001967996,plus,False,1.789185266849513,0.9451393931035277,0.8440458737459853,True,True,1.0,False,100.0,88.59999999999991,0.0,False,"[""block_count_per_ring != 7 (missing or extra blocks)""]",0.25583451326282436,0.05605397050108517,0.00871699528719838
64,1-4,206,1-4/r206,bo,1905.7159401550116,"{""0"": {""K"": 0.0, ""B1"": 2864.813907464688, ""A1"": 1020.9306645575114, ""A2"": 852.2658056028578, ""A3"": 1613.640667280299, ""B2"": 1103.9903819975286}}",2.7397,0.11475200408802019,0.2822395240275678,0.6528604759724322,"[0.5514224363874455, 0.5654719662567955, 0.8289392093358472, 0.2954081784020577, 0.24660468912119726, 0.46690991530101245, 0.3194416614576182, 0.06188634424834327, 0.6055177871091241, 0.7537152342089909, 0.08355058439838847, 0.655570585915319, 0.12240987714969132]",20.0,20.0,77.0,9.2909,9.2909,11.2663,11.2663,16.3893,16.3893,False,0,2.7414,0.124412,2.4101,0.5514224363874455,1.7087969067967363,plus,False,-0.8313879707446117,-0.7623396386937633,0.06904833205084837,True,True,1.0,False,100.0,83.09999999999991,0.0,False,"[""block_count_per_ring != 7 (missing or extra blocks)""]",0.2009593878083074,0.0630195401887684,0.002075100027593791
65,1-4,206,1-4/r206,bo,3307.7976983398476,"{""0"": {""K"": 0.0, ""B1"": 2321.113060676089, ""A1"": 975.936503244377, ""A2"": 2773.99945070384, ""A3"": 296.66437769536793, ""B2"": 833.280895677578}}",2.7397,0.18824551749002866,0.2822395240275678,0.6528604759724322,"[0.9571173895659282, 0.26218581720363077, 0.6716183624641461, 0.2823890345035813, 0.8026618780971759, 0.08584038706463193, 0.24111137027707696, 0.41294330898308784, 0.9110834938230693, 0.7662338480139285, 0.720092885320064, 0.5555360373088957, 0.15199053698874232]",46.0,46.0,110.0,9.4286,9.4286,59.007,59.007,13.8884,13.8884,False,0,2.7418,0.153358,2.4101,0.9571173895659281,1.686708400005238,minus,True,0.9097844163655469,1.181466021915283,0.2716816055497362,True,True,1.0,False,100.0,142.60000000000002,0.0,False,"[""block_count_per_ring != 7 (missing or extra blocks)""]",0.2650151965912526,0.04727215242158927,0.008290481592226322
66,1-4,206,1-4/r206,bo,3435.3523354051545,"{""0"": {""K"": 0.0, ""B1"": 2926.0290581796003, ""A1"": 2902.9459679032843, ""A2"": 2444.9602585993775, ""A3"": 533.4633983969579, ""B2"": 1312.4156840595983}}",2.7397,0.22803603811003498,0.2822395240275678,0.6528604759724322,"[0.9940255600130655, 0.09917887623438837, 0.8466519265565973, 0.8399727916386818, 0.7074537785299125, 0.154358622221342, 0.3797499085820597, 0.7035011784387281, 0.09071611959318326, 0.00527886646827469, 0.2474001281894339, 0.5062610548703015, 0.08450103088925576]",68.0,68.0,20.0,1.0581,1.0581,23.555,23.555,12.6565,12.6565,False,0,2.7408,0.080993,2.4101,0.9940255600130655,1.7020256638029727,plus,False,0.9880770138943293,0.38365207931970724,0.6044249345746221,True,True,1.0,False,100.0,23.09999999999991,0.0,False,"[""block_count_per_ring != 7 (missing or extra blocks)""]",0.21485890575928218,0.05922281406885818,0.0026586694309559218
67,1-4,206,1-4/r206,bo,2773.569703023412,"{""0"": {""K"": 0.0, ""B1"": 3210.0185688186425, ""A1"": 2396.3832139214346, ""A2"": 1645.3842673125598, ""A3"": 272.88732215054586, ""B2"": 673.8121141250175}}",2.7397,0.11317131524271233,0.2822395240275678,0.6528604759724322,"[0.802537529810015, 0.21430200556293977, 0.9288248173665054, 0.6933979206948595, 0.4760949847547916, 0.07896045201115331, 0.19496878302228515, 0.6836765240308633, 0.4051228626362444, 0.44141384422300534, 0.1987184488015976, 0.5996036159350938, 0.0591604429757715]",66.0,66.0,55.0,5.8556,5.8556,19.9039,19.9039,14.9901,14.9901,False,0,2.7405,0.059283,2.4101,0.802537529810015,1.6850839776864932,plus,False,2.2974197770912452,1.4300414739276661,0.8673783031635791,True,True,1.0,False,100.0,246.0,0.0,False,"[""block_count_per_ring != 7 (missing or extra blocks)""]",0.2596654627661188,0.04852877407830281,0.0072778740853736215
68,1-4,206,1-4/r206,bo,2888.471575526298,"{""0"": {""K"": 0.0, ""B1"": 193.79731671153354, ""A1"": 77.10494944983874, ""A2"": 321.6646158508435, ""A3"": 336.506605949906, ""B2"": 876.5404293649171}}",2.7397,0.16225496544594684,0.2822395240275678,0.6528604759724322,"[0.8357845993999704, 0.6571102790792559, 0.05607561247440207, 0.022310459910254266, 0.09307425227165611, 0.09736880959198668, 0.2536285964597561, 0.8303468377435318, 0.5597827394709186, 0.7920685795658059, 0.6326180145702254, 0.818089997235314, 0.11899601505225865]",77.0,77.0,72.0,9.7128,9.7128,52.4464,52.4464,20.4522,20.4522,False,0,2.7413,0.117176,2.4101,0.8357845993999704,1.1501253553218873,plus,False,0.9283781941127827,0.02422861977905577,0.9041495743337269,True,True,1.0,False,100.0,14.900000000000091,0.0,False,"[""block_count_per_ring != 7 (missing or extra blocks)""]",0.245365313025331,0.058038000115419854,0.006883054288683247
69,1-4,206,1-4/r206,bo,1487.683076963413,"{""0"": {""K"": 0.0, ""B1"": 2207.647810755231, ""A1"": 270.1319456086335, ""A2"": 40.283827327468614, ""A3"": 95.6937957053301, ""B2"": 680.8465828553244}}",2.7397,0.16786544077919935,0.2822395240275678,0.6528604759724322,"[0.4304638532880246, 0.40805330772274784, 0.6387869822787128, 0.07816317870620182, 0.01165620003688328, 0.027689176998070053, 0.1970042195761934, 0.796602582405951, 0.9311856173308873, 0.8648024952183022, 0.25169798183868963, 0.43820233172436673, 0.16643824394258433]",75.0,75.0,112.0,10.5128,10.5128,23.8773,23.8773,10.9551,10.9551,False,0,2.742,0.167831,2.4101,0.4304638532880246,1.5169563171257827,plus,False,2.196495288302286,2.038320504161445,0.15817478414084096,True,True,1.0,False,100.0,40.299999999999955,0.0,False,"[""block_count_per_ring != 7 (missing or extra blocks)""]",0.21521617692826997,0.05873389353901187,0.0026098975801670714
70,1-4,206,1-4/r206,bo,341.35227841462034,"{""0"": {""K"": 0.0, ""B1"": 3251.764746940298, ""A1"": 866.2843040846707, ""A2"": 1308.23897355722, ""A3"": 2568.152930649758, ""B2"": 1085.6610429753273}}",2.7397,0.1996667774556238,0.2822395240275678,0.6528604759724322,"[0.09877091389311932, 0.10090649937018747, 0.9409041513137437, 0.2506609676170922, 0.37854136966354746, 0.743099806322268, 0.3141380332683239, 0.18419890472681633, 0.3246586487080986, 0.6346398001043386, 0.07461673231836186, 0.3093999322448403, 0.08017112407483296]",29.0,29.0,46.0,7.981,7.981,10.5963,10.5963,7.735,7.735,False,0,2.7408,0.080993,2.4101,0.09877091389311932,1.6418744261261935,plus,False,-0.4915094453883259,-0.5069477716398123,0.01543832625148639,True,True,1.0,False,100.0,204.29999999999998,0.0,False,"[""block_count_per_ring != 7 (missing or extra blocks)""]",0.18264894698723316,0.06227373789755279,0.000982962605913515
71,1-4,206,1-4/r206,bo,2678.5291827931082,"{""0"": {""K"": 0.0, ""B1"": 1129.6295602052332, ""A1"": 58.655746336627644, ""A2"": 1106.1672926978185, ""A3"": 1111.8227389604135, ""B2"": 957.8418746528025}}",2.7397,0.16548446040895173,0.2822395240275678,0.6528604759724322,"[0.7750373792804133, 0.07534938355290943, 0.32686040515197723, 0.016972148824255684, 0.3200715546000632, 0.3217079684491937, 0.27715332021203776, 0.9409749843050883, 0.4267441043378192, 0.1657674274574119, 0.6859216879153208, 0.5896871780831906, 0.0395151422469846]",86.0,86.0,57.0,2.8234,2.8234,56.4441,56.4441,14.7422,14.7422,False,0,2.7402,0.037573,2.4101,0.7750373792804133,1.5225873036797741,minus,True,0.3424252224451787,1.2122887647071132,0.8698635422619345,True,True,1.0,False,100.00000000000003,5.699999999999989,0.0,False,"[""block_count_per_ring != 7 (missing or extra blocks)""]",0.20047796931006476,0.06124875288282491,0.0018024717304697888
72,1-4,206,1-4/r206,bo,1619.102485542881,"{""0"": {""K"": 0.0, ""B1"": 1008.1733080954092, ""A1"": 2599.367676979943, ""A2"": 885.081319613883, ""A3"": 1911.6033369942393, ""B2"": 3280.711026055732}}",2.7397,0.25713955144816886,0.2822395240275678,0.6528604759724322,"[0.46849030252976875, 0.48481187962151284, 0.29171681368501423, 0.7521318509779927, 0.2560999188697578, 0.5531259655654628, 0.949279810780015, 0.9139093029982912, 0.6469630771615295, 0.7687601356579173, 0.16320001495457415, 0.18014854045519102, 0.008423139075583341]",84.0,84.0,81.0,9.4564,9.4564,17.24,17.24,4.5037,4.5037,False,0,2.7398,0.008627,2.4101,0.4684903025297688,1.6633703612445396,minus,True,-1.0195501468470414,-0.23991416497793666,0.7796359818691048,True,True,1.0,False,100.0,123.10000000000036,0.0,False,"[""block_count_per_ring != 7 (missing or extra blocks)""]",0.1866982641821922,0.0610939892052733,0.00104448080010364
73,1-4,206,1-4/r206,bo,2250.0911873373298,"{""0"": {""K"": 0.0, ""B1"": 3318.382223195916, ""A1"": 215.89414609941772, ""A2"": 1333.0084875379944, ""A3"": 1360.0510185450162, ""B2"": 807.938691078398}}",2.7397,0.11451587300010788,0.2822395240275678,0.6528604759724322,"[0.6510680518915885, 0.44367057916416763, 0.9601800414340035, 0.06246937097784078, 0.3857084744033549, 0.39353328082899774, 0.23377855644629575, 0.9757137371755285, 0.5931760658069855, 0.7895972181510116, 0.0926971804397243, 0.6043761145624179, 0.14028220087593746]",88.0,88.0,75.0,9.6856,9.6856,11.9523,11.9523,15.1094,15.1094,False,0,2.7416,0.138885,2.4101,0.6510680518915885,1.440454277226595,plus,False,0.9336143272183766,0.7331852348458936,0.20042909237248296,True,True,1.0,False,100.0,27.0,0.0,False,"[""block_count_per_ring != 7 (missing or extra blocks)""]",0.19917337182447092,0.059432206367590695,0.0014962088802024497
74,1-4,206,1-4/r206,bo,1676.3318942382325,"{""0"": {""K"": 0.0, ""B1"": 1294.7666805453234, ""A1"": 3045.37157881082, ""A2"": 1709.6378502320913, ""A3"": 2615.5955674645706, ""B2"": 3439.7512840706736}}",2.7397,0.11312689969604862,0.2822395240275678,0.6528604759724322,"[0.48504973791615524, 0.35380810964702203, 0.37464313673186445, 0.8811839059059087, 0.49468687796067456, 0.7568274211413688, 0.9952984039556347, 0.22642242709086302, 0.2740473563170652, 0.6517843341152431, 0.8561338188077877, 0.40104019060970275, 0.040834113161400176]",32.0,32.0,40.0,8.1696,8.1696,69.21,69.21,10.026,10.026,False,0,2.7402,0.037573,2.4101,0.48504973791615524,1.5581991614001036,minus,True,-2.591510293651691,-2.266138166819704,0.3253721268319869,True,True,1.0,False,100.0,16.200000000000045,0.0,False,"[""block_count_per_ring != 7 (missing or extra blocks)""]",0.21874007943556384,0.057198735419502926,0.002688397233286832
75,1-4,206,1-4/r206,bo,2000.4249883768523,"{""0"": {""K"": 0.0, ""B1"": 1295.239540542814, ""A1"": 774.1572668040126, ""A2"": 3210.0043972065105, ""A3"": 2688.1053212122515, ""B2"": 1675.3812306740783}}",2.7397,0.1083041145973808,0.2822395240275678,0.6528604759724322,"[0.5788266748775615, 0.14715396488321686, 0.37477995964780497, 0.22400383877430918, 0.9288207167842912, 0.7778082526655821, 0.4847746616533791, 0.8427089967249565, 0.6441212384102566, 0.9159805417473712, 0.6203541672529265, 0.8181753910382661, 0.006381593350124004]",78.0,78.0,81.0,11.0758,11.0758,51.5266,51.5266,20.4544,20.4544,False,0,2.7398,0.008627,2.4101,0.5788266748775615,1.7560393019653782,plus,False,0.10999548022494993,-0.73193001986595,0.8419255000908998,True,True,1.0,False,100.00000000000003,246.0,0.0,False,"[""block_count_per_ring != 7 (missing or extra blocks)""]",0.22747053121771782,0.05332142786614519,0.0029024416957233483
76,1-4,206,1-4/r206,bo,3376.426173726108,"{""0"": {""K"": 0.0, ""B1"": 2405.0114987493066, ""A1"": 154.1422055635361, ""A2"": 2805.582401146129, ""A3"": 546.9442244030641, ""B2"": 917.6718401668325}}",2.7397,0.27124289346700103,0.2822395240275678,0.6528604759724322,"[0.9769751660087118, 0.17449495545672988, 0.6958945308881096, 0.044601332628337986, 0.8118004632945975, 0.15825932419070143, 0.26553004634456956, 0.6857374728957193, 0.30789975216499044, 0.5962571774392165, 0.30094105839544394, 0.5639448897811651, 0.1570684905507982]",66.0,66.0,44.0,7.5588,7.5588,27.5706,27.5706,14.0986,14.0986,False,0,2.7419,0.160595,2.4101,0.9769751660087118,1.6507334506866593,plus,False,2.317312408209069,1.471476835565432,0.8458355726436371,True,True,1.0,False,100.0,154.19999999999982,0.0,False,"[""block_count_per_ring != 7 (missing or extra blocks)""]",0.21416219137188197,0.04836273013353791,0.0010864046492796015
77,1-4,206,1-4/r206,bo,117.93138824527162,"{""0"": {""K"": 0.0, ""B1"": 1964.8038595531132, ""A1"": 2353.0062215654307, ""A2"": 3174.176248017267, ""A3"": 3161.6831777484736, ""B2"": 3261.6033289380666}}",2.7397,0.13828836715839504,0.2822395240275678,0.6528604759724322,"[0.03412366558022906, 0.2500332163660316, 0.5685196352873592, 0.6808467076288862, 0.9184537754679591, 0.9148388824503685, 0.9437509632343942, 0.699149762117488, 0.2453627626806696, 0.7395814455571699, 0.07622353819565364, 0.15701218206935919, 0.04646390183539839]",67.0,67.0,37.0,9.1354,9.1354,10.7168,10.7168,3.9253,3.9253,False,0,2.7403,0.04481,2.4101,0.03412366558022906,1.2811742878669239,plus,False,-2.7219264708250313,-2.625115225262012,0.09681124556301945,True,True,1.0,False,100.0,12.5,0.0,False,"[""block_count_per_ring != 7 (missing or extra blocks)""]",0.19133440991808598,0.06146870385033398,0.0012943926907104698
78,1-4,206,1-4/r206,bo,2371.9152645972777,"{""0"": {""K"": 0.0, ""B1"": 2183.7378157248463, ""A1"": 52.12791037444133, ""A2"": 2952.3115092341864, ""A3"": 789.1000582591724, ""B2"": 660.736829421861}}",2.7397,0.2690497341603314,0.2822395240275678,0.6528604759724322,"[0.6863180742468975, 0.5375433003163701, 0.6318685809389023, 0.015083307400011958, 0.8542568024404474, 0.22832756315369573, 0.19118542517993664, 0.23239249834786768, 0.19120319945006226, 0.6328369736009857, 0.5793340384163831, 0.6629433986648106, 0.1288639037372903]",32.0,32.0,31.0,7.9612,7.9612,48.4501,48.4501,16.5736,16.5736,False,0,2.7415,0.131649,2.4101,0.6863180742468975,1.7314612209383535,minus,True,1.1654663500034383,1.649273629024345,0.4838072790209067,True,True,1.0,False,100.0,52.09999999999991,0.0,False,"[""block_count_per_ring != 7 (missing or extra blocks)""]",0.24155591466090415,0.050663405910384214,0.004217841095125003
79,1-4,206,1-4/r206,bo,1847.9864915245441,"{""0"": {""K"": 0.0, ""B1"": 2633.1703939994477, ""A1"": 58.06599663150578, ""A2"": 208.63044940810278, ""A3"": 510.9822119606116, ""B2"": 3335.730436977558}}",2.7397,0.2659942577012416,0.2822395240275678,0.6528604759724322,"[0.5347183135198333, 0.4404514095607579, 0.7619127297452106, 0.01680150365494959, 0.060367606888918623, 0.14785364929415845, 0.9651997792180433, 0.05780870969500873, 0.2975925741903984, 0.9764213448021641, 0.8273560849123572, 0.10978551770434719, 0.13520576385634886]",19.0,19.0,43.0,11.7406,11.7406,67.0517,67.0517,2.7446,2.7446,False,0,2.7415,0.131649,2.4101,0.5347183135198333,1.2866303171867992,minus,True,1.2292897013722208,1.5000412216310597,0.27075152025883886,True,True,1.0,False,100.0,58.09999999999991,0.0,False,"[""block_count_per_ring != 7 (missing or extra blocks)""]",0.254657550117078,0.05632595950128686,0.008504050246990075
80,1-4,206,1-4/r206,bo,1431.2738505093057,"{""0"": {""K"": 0.0, ""B1"": 2442.7572029777134, ""A1"": 365.17474429150707, ""A2"": 113.90664029138577, ""A3"": 1736.4981091160057, ""B2"": 1365.4352381580784}}",2.7397,0.3794396976199277,0.3794396976199277,0.5556603023800724,"[0.41414173915199815, 0.006470170737235992, 0.7068163203060513, 0.10566398851027403, 0.032959097306535234, 0.5024589436099554, 0.39509121474481435, 0.6362756852891386, 0.2877510719815086, 0.8025076181056646, 0.7566801198166929, 0.3282660363623634, 0.028592002952115836]",63.0,63.0,42.0,9.8276,9.8276,61.751,61.751,8.2067,8.2067,False,0,2.7401,0.030337,2.4101,0.4141417391519982,1.7468702166453267,minus,True,1.7816022911741718,2.3928602882595174,0.6112579970853456,True,True,1.0,False,100.0,113.90000000000009,0.0,False,"[""block_count_per_ring != 7 (missing or extra blocks)""]",0.2314864724463141,0.057821027488411045,0.004369889084766175
81,1-4,206,1-4/r206,bo,1925.1376483635274,"{""0"": {""K"": 0.0, ""B1"": 2407.9959211010914, ""A1"": 449.7262199824832, ""A2"": 1315.206894173568, ""A3"": 775.6227018823172, ""B2"": 2749.195494249532}}",2.7397,0.27477201521016514,0.3794396976199277,0.5556603023800724,"[0.5570421436237059, 0.1324261261543288, 0.6967580790223066, 0.13012911457826482, 0.38055755039744443, 0.2244278651279853, 0.7954848073638693, 0.021974572487575617, 0.14772224865154493, 0.9445950871121896, 0.5673121081411155, 0.1876245874509317, 0.04362237357948884]",17.0,17.0,26.0,11.3905,11.3905,47.5484,47.5484,4.6906,4.6906,False,0,2.7403,0.04481,2.4101,0.5570421436237059,1.6814930847729959,plus,False,1.3312218408130443,0.8659646269504429,0.46525721386260144,True,True,1.0,False,100.0,325.9000000000001,0.0,False,"[""block_count_per_ring != 7 (missing or extra blocks)""]",0.2831508986267045,0.05526320704776753,0.0005748631971380911
82,1-4,206,1-4/r206,bo,3098.2782422313085,"{""0"": {""K"": 0.0, ""B1"": 2289.197219003586, ""A1"": 502.63016804224344, ""A2"": 2607.635032100415, ""A3"": 1378.8421927525458, ""B2"": 837.356634375717}}",2.7397,0.18973101649101995,0.3794396976199277,0.5556603023800724,"[0.8964925469419295, 0.1937620108152559, 0.6623834545727968, 0.14543696991963062, 0.7545240254920182, 0.39897054188441716, 0.24229069281704774, 0.6983874087355105, 0.17288451114444325, 0.9473072982999917, 0.8515703905591689, 0.7540640212563771, 0.08880202546680172]",67.0,67.0,29.0,11.4204,11.4204,68.8678,68.8678,18.8516,18.8516,False,0,2.7409,0.088229,2.4101,0.8964925469419295,1.7771427583359918,plus,False,1.1616369773228705,0.835271713901651,0.3263652634212195,True,True,1.0,False,100.0,318.4000000000001,0.0,False,"[""block_count_per_ring != 7 (missing or extra blocks)""]",0.29674927450829336,0.047362720444233994,0.00045086883472483796
83,1-4,206,1-4/r206,bo,1448.0633327094379,"{""0"": {""K"": 0.0, ""B1"": 2770.085655727265, ""A1"": 1054.2573367263442, ""A2"": 128.48148789234207, ""A3"": 1790.4423071129145, ""B2"": 1948.2767888222668}}",2.7397,0.15604921477357453,0.3794396976199277,0.5556603023800724,"[0.4189998069182401, 0.37954042644149966, 0.8015294142729354, 0.30505131271016905, 0.03717635645033046, 0.5180677971970239, 0.5637374967657022, 0.5590861283332355, 0.30366792383980346, 0.9139635092235769, 0.909517819962105, 0.04293274178214557, 0.011010640447126074]",57.0,57.0,43.0,11.0536,11.0536,73.2138,73.2138,1.0733,1.0733,False,0,2.7398,0.008627,2.4101,0.4189998069182401,1.6339417527421178,plus,False,2.392546379963483,2.247596152936964,0.14495022702651905,True,True,1.0,False,100.0,128.4000000000001,0.0,False,"[""block_count_per_ring != 7 (missing or extra blocks)""]",0.29363263109331605,0.05221327664095516,0.0006823289230815871
84,1-4,206,1-4/r206,bo,1884.750961024809,"{""0"": {""K"": 0.0, ""B1"": 3021.0831724061923, ""A1"": 55.14096008729439, ""A2"": 2639.726260023173, ""A3"": 1699.3216362764194, ""B2"": 2796.2966642522765}}",2.7397,0.15577365151275815,0.3794396976199277,0.5556603023800724,"[0.5453561808520859, 0.7269722479728158, 0.8741560105341991, 0.015955138914147682, 0.7638096817196681, 0.491701862348501, 0.8091136181285522, 0.978470401440507, 0.3400963474150849, 0.8241409848458725, 0.44511611845686394, 0.5374521011737965, 0.06720153009364327]",88.0,88.0,47.0,10.0656,10.0656,38.3837,38.3837,13.4363,13.4363,False,0,2.7406,0.06652,2.4101,0.5453561808520859,1.6064090906528103,plus,False,1.4956366797201828,1.6224682410467757,0.1268315613265929,True,True,1.0,False,100.0,55.100000000000136,0.0,False,"[""block_count_per_ring != 7 (missing or extra blocks)""]",0.22320912025405817,0.061432478861081816,6.387791056037553e-05
85,1-4,206,1-4/r206,bo,826.6384451538888,"{""0"": {""K"": 0.0, ""B1"": 2543.0956019618184, ""A1"": 55.92694435580519, ""A2"": 1093.2811893407386, ""A3"": 3095.505966612847, ""B2"": 718.3678379491694}}",2.7397,0.2070206099558816,0.3794396976199277,0.5556603023800724,"[0.2391893649172132, 0.13522453841580195, 0.7358494218639521, 0.016182564917767706, 0.3163429367305378, 0.8956903838578839, 0.20786106422140316, 0.5128751417413935, 0.25635684915828894, 0.8606385447677691, 0.5838156034569347, 0.0748117770749307, 0.06773702207319332]",53.0,53.0,38.0,10.467,10.467,48.7862,48.7862,1.8703,1.8703,False,0,2.7406,0.06652,2.4101,0.2391893649172132,1.7011805492807124,plus,False,1.878562140090891,2.0162024824205957,0.1376403423297048,True,True,1.0,False,100.0,56.0,0.0,False,"[""block_count_per_ring != 7 (missing or extra blocks)""]",0.30577378334468536,0.050267946829649,0.0010021008818536592
86,1-4,206,1-4/r206,bo,3201.5068270529114,"{""0"": {""K"": 0.0, ""B1"": 2284.125391510936, ""A1"": 3.394531311927011, ""A2"": 1708.310756573243, ""A3"": 1922.0144795030008, ""B2"": 313.9437580451419}}",2.7397,0.14602139560809885,0.3794396976199277,0.5556603023800724,"[0.9263619291241063, 0.20575988870792417, 0.6609159118955255, 0.0009822139212751768, 0.494302880952906, 0.5561384489302664, 0.09084020776769153, 0.1819443121178651, 0.33970518441759734, 0.8589281004879548, 0.6374250018140438, 0.48826781230665994, 0.12021015753775732]",29.0,29.0,47.0,10.4482,10.4482,52.8069,52.8069,12.2067,12.2067,False,0,2.7413,0.117176,2.4101,0.9263619291241063,1.626118899960876,plus,False,2.1538545286798523,2.009000097705363,0.14485443097448947,True,True,1.0,False,100.0,3.400000000000091,0.0,False,"[""block_count_per_ring != 7 (missing or extra blocks)""]",0.2790244694018945,0.050635060657713615,0.00026144840831810573
87,1-4,206,1-4/r206,bo,432.5082491770114,"{""0"": {""K"": 0.0, ""B1"": 2053.2536602644627, ""A1"": 37.93005988703838, ""A2"": 1304.1327394991074, ""A3"": 1852.7774563959726, ""B2"": 284.7662633634581}}",2.7397,0.1316205548208343,0.3794396976199277,0.5556603023800724,"[0.12514706284057042, 0.40137974023163236, 0.5941127489191154, 0.010975133069166199, 0.37735322323469545, 0.5361045880775384, 0.08239764564914875, 0.3877579579860875, 0.6786627886413252, 0.6190569238698624, 0.2777017580621982, 0.6623582979024788, 0.032751874265523506]",44.0,44.0,85.0,7.8096,7.8096,25.8276,25.8276,16.559,16.559,False,0,2.7401,0.030337,2.4101,0.12514706284057042,1.6797255376523221,minus,True,2.2087707458753365,2.473888076804542,0.2651173309292054,True,True,1.0,False,100.0,37.89999999999998,0.0,False,"[""block_count_per_ring != 7 (missing or extra blocks)""]",0.22278518844242706,0.06479637206714645,0.00010367333361679715
88,1-4,206,1-4/r206,bo,3102.2320931765307,"{""0"": {""K"": 0.0, ""B1"": 2343.6773957572896, ""A1"": 467.38648822017024, ""A2"": 389.9107758047971, ""A3"": 201.36261468614708, ""B2"": 3432.0831777547555}}",2.7397,0.12453708854444034,0.3794396976199277,0.5556603023800724,"[0.8976366010348757, 0.16793111157739848, 0.6781473946056972, 0.13523914589704, 0.11282140503611027, 0.05826464545316756, 0.993079623192927, 0.6038473603180614, 0.16976329789939615, 0.20645625318081895, 0.22032904610774096, 0.033330913921054806, 0.09988685742093784]",60.0,60.0,29.0,3.271,3.271,21.5247,21.5247,0.8333,0.8333,False,0,2.7411,0.102702,2.4101,0.8976366010348757,1.5847606258618843,minus,True,0.4285480679568212,0.952933737323421,0.5243856693665998,True,True,1.0,False,100.0,23.899999999999636,0.0,False,"[""block_count_per_ring != 7 (missing or extra blocks)""]",0.2636047380560136,0.0517335817671911,0.00012760399189663753
89,1-4,206,1-4/r206,bo,1332.8955399700658,"{""0"": {""K"": 0.0, ""B1"": 2991.6295904743383, ""A1"": 168.22384778617226, ""A2"": 2763.014358070618, ""A3"": 1263.6345526062473, ""B2"": 154.74982467783104}}",2.7397,0.26429875652283213,0.3794396976199277,0.5556603023800724,"[0.38567579281541253, 0.14438477348691903, 0.8656335620585469, 0.04867588188257299, 0.7994833212009891, 0.36563499786060394, 0.044777148344279816, 0.520218440782097, 0.32305108682807415, 0.8590526175718057, 0.45425457193015895, 0.29301815982932644, 0.12341668442166742]",54.0,54.0,46.0,10.4496,10.4496,39.0691,39.0691,7.3255,7.3255,False,0,2.7414,0.124412,2.4101,0.38567579281541253,1.706174439686912,minus,True,0.8753372242647228,1.1561951763696807,0.2808579521049579,True,True,1.0,False,100.0,13.5,0.0,False,"[""block_count_per_ring != 7 (missing or extra blocks)""]",0.2572171571234868,0.06058621010021445,0.00031125970436530993
90,1-4,206,1-4/r206,bo,1295.9427816135951,"{""0"": {""K"": 0.0, ""B1"": 2294.25428388263, ""A1"": 38.82599292279929, ""A2"": 3123.8343803780053, ""A3"": 1816.2167298511067, ""B2"": 406.9781110857151}}",2.7397,0.22647246285419573,0.3794396976199277,0.5556603023800724,"[0.3749834437539338, 0.05828420651751065, 0.6638467256604832, 0.011234372952198868, 0.9038872628408581, 0.5255256741467322, 0.11775987010582034, 0.07213649949477818, 0.5213679953971356, 0.6544484199019638, 0.5805449796844373, 0.2995641124618419, 0.06761365275495035]",20.0,20.0,67.0,8.1989,8.1989,48.5409,48.5409,7.4891,7.4891,False,0,2.7406,0.06652,2.4101,0.3749834437539338,1.7505321619279361,plus,False,2.6832674977256823,2.239729258513654,0.4435382392120282,True,True,1.0,False,100.0,38.899999999999864,0.0,False,"[""block_count_per_ring != 7 (missing or extra blocks)""]",0.30660466817570053,0.05097596383242092,0.0011167365900094928
91,1-4,206,1-4/r206,bo,586.0847490920579,"{""0"": {""K"": 0.0, ""B1"": 2146.5799130667106, ""A1"": 312.53142686193576, ""A2"": 906.4957646909455, ""A3"": 1116.9859517900802, ""B2"": 440.792365143726}}",2.7397,0.09223424895333401,0.3794396976199277,0.5556603023800724,"[0.1695847074919149, 0.13554346329820344, 0.6211168729938399, 0.09043154712440271, 0.26229622820918563, 0.323201953642963, 0.1275440871364948, 0.3280930103181934, 0.2850114648268468, 0.9024082102074903, 0.6214101413824764, 0.9344694740255028, 0.17585811743264512]",40.0,40.0,41.0,10.9265,10.9265,51.6058,51.6058,23.3617,23.3617,False,0,2.7421,0.175068,2.4101,0.1695847074919149,1.5713119386717047,minus,True,1.2832056450787912,1.92880140698054,0.6455957619017487,True,True,1.0,False,100.0,128.30000000000007,0.0,False,"[""block_count_per_ring != 7 (missing or extra blocks)""]",0.24100598004704854,0.06036079629508361,0.000137213853998349
92,1-4,206,1-4/r206,bo,2365.320633169154,"{""0"": {""K"": 0.0, ""B1"": 2327.4124846639506, ""A1"": 436.27272091959304, ""A2"": 1850.8692964718116, ""A3"": 174.80122902969, ""B2"": 938.0125539544823}}",2.7397,0.11973012889366273,0.3794396976199277,0.5556603023800724,"[0.6844099054308895, 0.3308433922800067, 0.6734411124606339, 0.1262363197105304, 0.5355524584698529, 0.05057905932572049, 0.27141566954701457, 0.3125842090899057, 0.14473660461446802, 0.5542712447263105, 0.36185856530620364, 0.21671986591775128, 0.015894495474665593]",38.0,38.0,26.0,7.097,7.097,32.1394,32.1394,5.418,5.418,False,0,2.7399,0.015864,2.4101,0.6844099054308894,1.7308178942300594,plus,False,2.212612626440949,2.4259081426875504,0.21329551624660148,True,True,1.0,False,100.0,174.79999999999973,0.0,False,"[""block_count_per_ring != 7 (missing or extra blocks)""]",0.22169595332829917,0.0639148997103569,8.652378787440366e-05
93,1-4,206,1-4/r206,bo,1629.262684664905,"{""0"": {""K"": 0.0, ""B1"": 2082.9697354005525, ""A1"": 108.1242710587208, ""A2"": 443.10894011502654, ""A3"": 1551.790509995558, ""B2"": 2447.743080786834}}",2.7397,0.22675481185197907,0.3794396976199277,0.5556603023800724,"[0.47143017496091, 0.2311211055798742, 0.6027111502895117, 0.03128595806097245, 0.12821439239439425, 0.44901345775334434, 0.7082589932832274, 0.7103798234233886, 0.46588025145520984, 0.7842004656940753, 0.7848642528729861, 0.09003496951728085, 0.022202487399046955]",68.0,68.0,61.0,9.6262,9.6262,63.8648,63.8648,2.2509,2.2509,False,0,2.74,0.0231,2.4101,0.47143017496091,1.6774462402054409,plus,False,2.593710773104133,1.998841038246203,0.5948697348579299,True,True,1.0,False,100.0,108.10000000000014,0.0,False,"[""block_count_per_ring != 7 (missing or extra blocks)""]",0.25636250310576236,0.057323895245514796,0.00019705071306316867
94,1-4,206,1-4/r206,bo,1027.6775819735103,"{""0"": {""K"": 0.0, ""B1"": 2819.4399466913783, ""A1"": 307.561912028758, ""A2"": 2583.7785051038236, ""A3"": 2381.234812494486, ""B2"": 1348.1923713910685}}",2.7397,0.3252990640378069,0.3794396976199277,0.5556603023800724,"[0.2973604114506685, 0.05426011132595876, 0.8158101697602368, 0.08899360880461749, 0.7476210952268009, 0.6890147026893767, 0.3901019593145453, 0.5275344754794276, 0.8713502810666272, 0.919283123090861, 0.9353594051579479, 0.3964892217870558, 0.1495948450255563]",55.0,55.0,106.0,11.1121,11.1121,75.152,75.152,9.9122,9.9122,False,0,2.7417,0.146122,2.4101,0.2973604114506685,1.7370452016153433,plus,False,2.0686159025933883,1.692973374818141,0.3756425277752473,True,True,1.0,False,100.0,202.5999999999999,0.0,False,"[""block_count_per_ring != 7 (missing or extra blocks)""]",0.23130511531597542,0.0582513854982044,5.885009542261582e-05
95,1-4,206,1-4/r206,bo,226.98394476717493,"{""0"": {""K"": 0.0, ""B1"": 2477.9432839920614, ""A1"": 258.72445420692526, ""A2"": 2459.4623364521694, ""A3"": 1265.3685114821596, ""B2"": 1703.6153361233025}}",2.7397,0.11491506457960089,0.3794396976199277,0.5556603023800724,"[0.06567822475902052, 0.11155049537629735, 0.7169974780069622, 0.07486239994413346, 0.7116499816123175, 0.3661367220723841, 0.49294425235049266, 0.7773296954872206, 0.20260313592247792, 0.6800222678443826, 0.5720524059228419, 0.4615351191140663, 0.10147905007103242]",73.0,73.0,32.0,8.4802,8.4802,47.9039,47.9039,11.5384,11.5384,False,0,2.7411,0.102702,2.4101,0.06567822475902052,1.6910576004178448,plus,False,1.498127133087963,1.7016257396979744,0.2034986066100113,True,True,1.0,False,100.0,18.5,0.0,False,"[""block_count_per_ring != 7 (missing or extra blocks)""]",0.2849930372361186,0.051050313435771745,0.0003829032741888734
96,1-4,206,1-4/r206,bo,1986.066748744432,"{""0"": {""K"": 0.0, ""B1"": 2126.7918337179663, ""A1"": 137.3079699714392, ""A2"": 2007.2540034725446, ""A3"": 2007.570293337492, ""B2"": 2422.6300227556844}}",2.7397,0.29679116335962263,0.3794396976199277,0.5556603023800724,"[0.574672091650588, 0.11004851170762397, 0.6153911555896894, 0.0397303153852544, 0.5808026630418243, 0.5808941820999688, 0.7009924834362513, 0.9097713839121578, 0.6737578945253786, 0.8051352739288767, 0.25049682067320456, 0.405703921166931, 0.1509334056138918]",83.0,83.0,84.0,9.8565,9.8565,23.7873,23.7873,10.1426,10.1426,False,0,2.7418,0.153358,2.4101,0.574672091650588,1.498763184204414,plus,False,1.2872469816443657,0.9170318634619727,0.37021511818239294,True,True,1.0,False,100.0,0.3000000000000682,0.0,False,"[""block_count_per_ring != 7 (missing or extra blocks)""]",0.23886000604459057,0.0618846168898247,0.00015223978533274
97,1-4,206,1-4/r206,bo,1044.181741993154,"{""0"": {""K"": 0.0, ""B1"": 2402.060248811824, ""A1"": 270.2963925155705, ""A2"": 1993.4635484831445, ""A3"": 656.1045745744922, ""B2"": 1820.6927146715213}}",2.7397,0.19206020604930352,0.3794396976199277,0.5556603023800724,"[0.3021359207156117, 0.008964377296115433, 0.6950405812534213, 0.07821076172325536, 0.5768123693527617, 0.18984507366160075, 0.52682080864338, 0.5983621164309206, 0.5026145154328947, 0.988473118884345, 0.6984174928995961, 0.43332290322217526, 0.11424424030362823]",60.0,60.0,65.0,11.8732,11.8732,57.3813,57.3813,10.8331,10.8331,False,0,2.7413,0.117176,2.4101,0.3021359207156117,1.7612810122634455,minus,True,1.047549246586908,1.8149400506797768,0.7673908040928688,True,True,1.0,False,100.0,172.69999999999982,0.0,False,"[""block_count_per_ring != 7 (missing or extra blocks)""]",0.2407121067712469,0.06300408581959523,0.0001928773543079694
98,1-4,206,1-4/r206,bo,1439.8060676303267,"{""0"": {""K"": 0.0, ""B1"": 2532.192222239369, ""A1"": 1288.7422058830316, ""A2"": 1512.7609024139897, ""A3"": 1943.205273886505, ""B2"": 1403.8578221158352}}",2.7397,0.22944240458669202,0.3794396976199277,0.5556603023800724,"[0.41661055197636765, 0.03508264403459116, 0.7326945087498175, 0.37289994383189573, 0.43772016852256646, 0.5622700445273452, 0.40620886056592453, 0.40944388809522625, 0.37307292224762134, 0.9900511368866891, 0.0095406749328949, 0.3808010104932321, 0.056469771435981087]",46.0,46.0,51.0,11.8906,11.8906,5.7156,5.7156,9.52,9.52,False,0,2.7405,0.059283,2.4101,0.41661055197636765,1.5662435492281077,minus,True,-2.582213479847943,-1.9364186390099098,0.6457948408380332,True,True,1.0,False,100.0,108.90000000000009,0.0,False,"[""block_count_per_ring != 7 (missing or extra blocks)""]",0.2617901037774782,0.062425651021894284,0.00046966283908103125
99,1-4,206,1-4/r206,bo,1727.865685778947,"{""0"": {""K"": 0.0, ""B1"": 1996.6672809714396, ""A1"": 698.2568874943196, ""A2"": 5.829413955222606, ""A3"": 2397.7640878089524, ""B2"": 2145.9061355519925}}",2.7397,0.16315896492843088,0.3794396976199277,0.5556603023800724,"[0.49996113593140823, 0.2825092310158501, 0.5777393752810879, 0.20204192346479155, 0.0016867517231546891, 0.6937974791113867, 0.6209219142222201, 0.5193444299053771, 0.06568085030813364, 0.8727702593237386, 0.9996724459228287, 0.30863234636086556, 0.24430058233899687]",54.0,54.0,17.0,10.6005,10.6005,79.9754,79.9754,7.7158,7.7158,False,0,2.7431,0.247434,2.4101,0.4999611359314083,1.7569058190624536,plus,False,1.49457349751238,1.4226958368426963,0.0718776606696836,True,True,1.0,False,100.0,5.7999999999999545,0.0,False,"[""block_count_per_ring != 7 (missing or extra blocks)""]",0.22294635989195694,0.06518520561190187,0.0001103201285230994
100,1-4,206,1-4/r206,bo,2753.678776589421,"{""0"": {""K"": 0.0, ""B1"": 2855.963462185434, ""A1"": 893.0478927173498, ""A2"": 3334.3789318399995, ""A3"": 1346.8330160644082, ""B2"": 3292.5330028690396}}",2.7397,0.11602708803611739,0.3794396976199277,0.5556603023800724,"[0.7967820534112908, 0.14050322222020162, 0.8263783166045816, 0.2584050615501591, 0.9648087187037035, 0.38970862733345146, 0.9527005216634953, 0.882615634792311, 0.04409285819322517, 0.973714490195597, 0.8278424418341128, 0.25687631909463104, 0.14242877131409237]",81.0,81.0,15.0,11.7109,11.7109,67.0882,67.0882,6.4219,6.4219,False,0,2.7416,0.138885,2.4101,0.7967820534112908,1.6309892345537558,minus,True,-0.8503155602387857,-0.5845624223065073,0.2657531379322784,True,True,1.0,False,100.0,41.90000000000009,0.0,False,"[""block_count_per_ring != 7 (missing or extra blocks)""]",0.28106658369214826,0.05989444792554241,0.000835003389952218
101,1-4,206,1-4/r206,bo,1824.9053978068873,"{""0"": {""K"": 0.0, ""B1"": 2954.200635022877, ""A1"": 1413.9864852090748, ""A2"": 3301.6836008435785, ""A3"": 2129.582960802609, ""B2"": 1166.84170260331}}",2.7397,0.2103638030921304,0.3794396976199277,0.5556603023800724,"[0.5280397563098632, 0.3686488625825878, 0.8548034244857862, 0.40913960798873694, 0.9553482641329799, 0.6161987733803845, 0.33762780746623555, 0.3703893153703387, 0.784841428581317, 0.7826928795253055, 0.7630969535208607, 0.2505852682643378, 0.08591806318900241]",43.0,43.0,96.0,9.6096,9.6096,62.2323,62.2323,6.2646,6.2646,False,0,2.7409,0.088229,2.4101,0.5280397563098632,1.7797018830842035,plus,False,-1.9406058980222078,-1.846342259814159,0.09426363820804884,True,True,1.0,False,100.0,154.30000000000018,0.0,False,"[""block_count_per_ring != 7 (missing or extra blocks)""]",0.22059675441042376,0.06425449760811044,8.608558424992574e-05
102,1-4,206,1-4/r206,bo,2843.7867732397804,"{""0"": {""K"": 0.0, ""B1"": 1829.1626062422151, ""A1"": 285.56104121678777, ""A2"": 2386.724496807265, ""A3"": 626.8318630241927, ""B2"": 1628.9532423275475}}",2.7397,0.24802362554676774,0.3794396976199277,0.5556603023800724,"[0.8228549691087327, 0.5582485776360903, 0.5292715874543447, 0.08262761609282054, 0.6906031530113614, 0.18137496036579648, 0.47134063724755426, 0.8069590248750402, 0.3557262895442066, 0.5225981455298194, 0.06869693869062432, 0.6711814480698748, 0.22272376474680167]",76.0,76.0,49.0,6.7486,6.7486,10.1523,10.1523,16.7795,16.7795,False,0,2.7428,0.225724,2.4101,0.8228549691087328,1.7692825735866586,minus,True,1.126168690566963,1.4766225516113503,0.35045386104438725,True,True,1.0,False,100.0,200.20000000000005,0.0,False,"[""block_count_per_ring != 7 (missing or extra blocks)""]",0.22383257329896575,0.06146886576730743,6.641845254823104e-05
103,1-4,206,1-4/r206,bo,1577.6707197635496,"{""0"": {""K"": 0.0, ""B1"": 1693.342803494523, ""A1"": 281.58370075521964, ""A2"": 1009.3944967046418, ""A3"": 717.7953009565853, ""B2"": 2241.5332867726925}}",2.7397,0.18949772075128712,0.3794396976199277,0.5556603023800724,"[0.4565019443760271, 0.4274901938077824, 0.48997187601114667, 0.0814767652648205, 0.2920701668705561, 0.20769539958234529, 0.6485918075152467, 0.5491638059465717, 0.21891539698979723, 0.9952859172008189, 0.6099440304825471, 0.2302491679469545, 0.0011740457354422196]",56.0,56.0,34.0,11.9481,11.9481,50.7458,50.7458,5.7562,5.7562,False,0,2.7397,0.00139,2.4101,0.4565019443760271,1.697776858221456,plus,False,2.598001335719638,1.893524215486419,0.704477120233219,True,True,1.0,False,100.0,281.5999999999999,0.0,False,"[""block_count_per_ring != 7 (missing or extra blocks)""]",0.22958280917044271,0.06076538995616565,8.063073927813648e-05
104,1-4,206,1-4/r206,bo,2016.32895276344,"{""0"": {""K"": 0.0, ""B1"": 2283.748550130958, ""A1"": 704.2835565283445, ""A2"": 673.2821121175298, ""A3"": 2508.80078174455, ""B2"": 2573.1890173696447}}",2.7397,0.3127167590380419,0.3794396976199277,0.5556603023800724,"[0.5834285164246065, 0.20144035724095133, 0.6608068721443744, 0.20378575131028487, 0.1948154259599334, 0.7259261521251591, 0.7445570073407537, 0.7711186141001218, 0.7960618565932737, 0.7502245499010243, 0.4110228829976562, 0.25087161164516847, 0.016333187072117505]",73.0,73.0,98.0,9.2525,9.2525,35.8267,35.8267,6.2718,6.2718,False,0,2.7399,0.015864,2.4101,0.5834285164246065,1.5563418503116964,plus,False,0.25025288423400716,-0.15452602338847996,0.40477890762248714,True,True,1.0,False,100.0,31.0,0.0,False,"[""block_count_per_ring != 7 (missing or extra blocks)""]",0.2601312423447821,0.05782377352161157,0.0002547540394308729
105,1-4,206,1-4/r206,bo,2981.4174614308936,"{""0"": {""K"": 0.0, ""B1"": 2283.4580020408844, ""A1"": 58.97377161860544, ""A2"": 3369.041198973765, ""A3"": 225.79492984220315, ""B2"": 675.0670584607603}}",2.7397,0.16906720700211078,0.3794396976199277,0.5556603023800724,"[0.8626786636084761, 0.6676260326359856, 0.6607228015164596, 0.017064170028531667, 0.9748383098882422, 0.06533418108860045, 0.19533190348980334, 0.6700751704772716, 0.1328959146900175, 0.6922211851699748, 0.036513862213171655, 0.5539668826727921, 0.13177043836068214]",65.0,65.0,25.0,8.6144,8.6144,7.7385,7.7385,13.8492,13.8492,False,0,2.7415,0.131649,2.4101,0.8626786636084761,1.5453951175848137,plus,False,1.5082062277945223,1.2048166137519307,0.30338961404259157,True,True,1.0,False,100.0,59.0,0.0,False,"[""block_count_per_ring != 7 (missing or extra blocks)""]",0.24058719487895971,0.05644247704427166,7.334179410311995e-05
106,1-4,206,1-4/r206,bo,1790.7080707665448,"{""0"": {""K"": 0.0, ""B1"": 1417.1666461852685, ""A1"": 152.87035538248844, ""A2"": 2444.7086803495754, ""A3"": 2685.0163470206794, ""B2"": 1559.750928921712}}",2.7397,0.11607548148628492,0.3794396976199277,0.5556603023800724,"[0.5181446964023567, 0.06017194597188258, 0.41005979345638555, 0.04423332042317374, 0.7073809838974465, 0.7769144522629281, 0.45131681971114357, 0.37679681958946953, 0.46582896336104873, 0.8964258697489768, 0.5233258640769902, 0.14424510562467308, 0.13048845934905595]",43.0,43.0,61.0,10.8607,10.8607,44.2494,44.2494,3.6061,3.6061,False,0,2.7415,0.131649,2.4101,0.5181446964023567,1.6676596664978474,plus,False,1.862788597991806,1.276140986741098,0.586647611250708,True,True,1.0,False,100.0,142.5999999999999,0.0,False,"[""block_count_per_ring != 7 (missing or extra blocks)""]",0.21779873573852676,0.06257673245802133,5.761048587810721e-05
107,1-4,206,1-4/r206,bo,921.0905138016318,"{""0"": {""K"": 0.0, ""B1"": 2695.203436405923, ""A1"": 41.31763282987397, ""A2"": 1978.3287726147269, ""A3"": 1953.7714366898056, ""B2"": 913.1573033618835}}",2.7397,0.21512498450877532,0.3794396976199277,0.5556603023800724,"[0.26651924589167586, 0.025554203921396845, 0.7798621054415287, 0.011955333573458904, 0.5724330939278723, 0.5653273833014484, 0.26422375675980425, 0.6661229722594894, 0.5574785269055167, 0.8982009276578498, 0.2603226613498332, 0.30150448633599314, 0.020686102290599417]",65.0,65.0,71.0,10.8802,10.8802,24.5242,24.5242,7.5376,7.5376,False,0,2.74,0.0231,2.4101,0.26651924589167586,1.7214492720887202,plus,False,2.3272242530479206,2.09031936900983,0.23690488403809074,True,True,1.0,False,100.0,24.5,0.0,False,"[""block_count_per_ring != 7 (missing or extra blocks)""]",0.30500303642797666,0.05119599427142358,0.001058350255022632
108,1-4,206,1-4/r206,bo,1330.8746803697813,"{""0"": {""K"": 0.0, ""B1"": 1927.1106608349942, ""A1"": 973.2808715973613, ""A2"": 208.64281776959155, ""A3"": 786.2821526609179, ""B2"": 640.2036273963139}}",2.7397,0.1596382818529889,0.3794396976199277,0.5556603023800724,"[0.38509105334773763, 0.13924453821852445, 0.5576130384360516, 0.2816206225686809, 0.060371185697219776, 0.22751219695049707, 0.18524410514939638, 0.35411107244909334, 0.7289727213428372, 0.8337244490277844, 0.9958408672401309, 0.27051570426788896, 0.012316603064061127]",42.0,42.0,90.0,10.171,10.171,79.6881,79.6881,6.7629,6.7629,False,0,2.7399,0.015864,2.4101,0.38509105334773763,1.7016780058271401,minus,True,1.254512102183898,2.1717402755675104,0.9172281733836123,True,True,1.0,False,100.0,146.0999999999999,0.0,False,"[""block_count_per_ring != 7 (missing or extra blocks)""]",0.24758353587391102,0.0598663795582144,0.00017844553472075786
109,1-4,206,1-4/r206,bo,1385.016340809976,"{""0"": {""K"": 0.0, ""B1"": 3010.0900235450868, ""A1"": 152.5391089149375, ""A2"": 705.5953577975913, ""A3"": 1990.4510720574106, ""B2"": 404.2159807571313}}",2.7397,0.14426914990324496,0.3794396976199277,0.5556603023800724,"[0.4007570430584422, 0.24729797672212406, 0.8709751225535551, 0.044137473644368486, 0.20416532343680305, 0.5759407037203156, 0.11696064258018846, 0.9969742816505577, 0.3917404090041823, 0.5972059000054378, 0.8276507201820608, 0.20203757846352133, 0.03792308866898453]",90.0,90.0,53.0,7.5693,7.5693,67.0738,67.0738,5.0509,5.0509,False,0,2.7402,0.037573,2.4101,0.4007570430584422,1.6076933699582092,plus,False,1.6674687983331693,1.7822292386705623,0.11476044033739297,True,True,1.0,False,100.0,152.5999999999999,0.0,False,"[""block_count_per_ring != 7 (missing or extra blocks)""]",0.20780600405414085,0.06552690544638919,5.478760493115263e-05
110,1-4,206,1-4/r206,bo,2886.9150572381845,"{""0"": {""K"": 0.0, ""B1"": 3020.2964182068195, ""A1"": 704.1531160664358, ""A2"": 2119.7637265709573, ""A3"": 2478.0130886354505, ""B2"": 2102.590810492044}}",2.7397,0.11765672230253646,0.3794396976199277,0.5556603023800724,"[0.8353342179508636, 0.19688261475098556, 0.8739283617496584, 0.20374800812107519, 0.613357559771689, 0.7170176761097947, 0.608388544702559, 0.9607053886474213, 0.7062272904297959, 0.7832386228605881, 0.529774200038472, 0.23690780879989481, 0.044142265980513073]",87.0,87.0,88.0,9.6156,9.6156,44.7331,44.7331,5.9227,5.9227,False,0,2.7403,0.04481,2.4101,0.8353342179508636,1.6165446282613831,minus,True,-0.30100469015146564,0.031806813925890076,0.3328115040773557,True,True,1.0,False,100.0,17.200000000000045,0.0,False,"[""block_count_per_ring != 7 (missing or extra blocks)""]",0.21838843994340984,0.06311952467983876,6.47665444885794e-05
111,1-4,206,1-4/r206,bo,1405.2495254387018,"{""0"": {""K"": 0.0, ""B1"": 2429.449377807013, ""A1"": 240.85278073673024, ""A2"": 246.53063093965298, ""A3"": 2621.0484553309784, ""B2"": 3345.490422745971}}",2.7397,0.1038161761727856,0.3794396976199277,0.5556603023800724,"[0.40661155249962433, 0.4634888423570678, 0.7029656764487885, 0.06969119812984093, 0.07133409460059403, 0.7584052243434544, 0.9680238491741815, 0.5409162287316421, 0.6327061998241936, 0.7356441262406553, 0.6589412467710283, 0.27776664728978573, 0.7481203319526978]",56.0,56.0,80.0,9.0921,9.0921,54.4206,54.4206,6.9442,6.9442,False,0,2.75,0.746757,2.4101,0.40661155249962433,1.3539706997975804,plus,False,0.5963974421957978,0.6326010094941198,0.03620356729832197,True,True,1.0,False,100.0,5.7000000000000455,0.0,False,"[""block_count_per_ring != 7 (missing or extra blocks)""]",0.27501491957115487,0.05724426381155842,0.00048749624971629194
112,1-4,206,1-4/r206,bo,2687.416125706304,"{""0"": {""K"": 0.0, ""B1"": 2228.2049627985234, ""A1"": 34.011626003824105, ""A2"": 3128.7231509662506, ""A3"": 836.8602686814543, ""B2"": 3131.238787887697}}",2.7397,0.1734543649417856,0.3794396976199277,0.5556603023800724,"[0.7776088326696481, 0.21430776999738854, 0.6447352322912394, 0.009841326968699105, 0.9053018376638456, 0.24214706848421708, 0.9060297418656531, 0.9920695219306316, 0.6531031764463674, 0.5651588403101784, 0.16294513579446346, 0.5234601387594713, 0.3387870943472304]",89.0,89.0,82.0,7.2167,7.2167,17.2209,17.2209,13.0865,13.0865,False,0,2.7444,0.341509,2.4101,0.7776088326696481,1.635424817135533,minus,True,1.1676218418879933,1.5540312291265868,0.3864093872385934,True,True,1.0,False,100.0,2.599999999999909,0.0,False,"[""block_count_per_ring != 7 (missing or extra blocks)""]",0.19995559494633425,0.06501202173235793,3.3484881791443865e-05
113,1-4,206,1-4/r206,bo,1603.4830991281237,"{""0"": {""K"": 0.0, ""B1"": 2529.706934042269, ""A1"": 146.1631447216302, ""A2"": 200.7174906150097, ""A3"": 906.4027396049262, ""B2"": 1869.3217447240945}}",2.7397,0.20779422479004822,0.3794396976199277,0.5556603023800724,"[0.4639708041458691, 0.2833824349538997, 0.731975386007601, 0.04229257659769392, 0.058077977608509745, 0.26226931122827724, 0.5408917085428514, 0.32052300870453965, 0.7906128954322462, 0.0731556678481543, 0.9498790473839185, 0.30460245430736643, 0.030837518407839437]",39.0,39.0,97.0,1.8047,1.8047,76.2409,76.2409,7.6151,7.6151,False,0,2.7401,0.030337,2.4101,0.46397080414586916,1.5405685153342077,minus,True,2.1313026856085884,2.383753606366897,0.25245092075830877,True,True,1.0,False,100.0,54.600000000000136,0.0,False,"[""block_count_per_ring != 7 (missing or extra blocks)""]",0.3181527492902716,0.05151585750353949,0.001957464513637976
114,1-4,206,1-4/r206,bo,2003.4857081097575,"{""0"": {""K"": 0.0, ""B1"": 2682.1121065204093, ""A1"": 244.123335067994, ""A2"": 1892.1021864489646, ""A3"": 1825.1934969138945, ""B2"": 1535.9329845709324}}",2.7397,0.26489736184840396,0.3794396976199277,0.5556603023800724,"[0.579712299800277, 0.1308258119334218, 0.7760741048959517, 0.07063753908217418, 0.5474832715419458, 0.5281231183199926, 0.4444250534059411, 0.7352476237791801, 0.6410853336574036, 0.7426246260884338, 0.9510384591897131, 0.5114177333127157, 0.15264737588769228]",70.0,70.0,81.0,9.1689,9.1689,76.3279,76.3279,12.7854,12.7854,False,0,2.7418,0.153358,2.4101,0.579712299800277,1.7202225546738745,minus,True,1.3152569524270534,1.705095470930153,0.3898385185030995,True,True,1.0,False,100.0,66.90000000000003,0.0,False,"[""block_count_per_ring != 7 (missing or extra blocks)""]",0.23642884696613642,0.059242864771907114,9.160287410688495e-05
115,1-4,206,1-4/r206,bo,241.52637788448538,"{""0"": {""K"": 0.0, ""B1"": 2647.985768161454, ""A1"": 123.03638461125685, ""A2"": 3308.9835163054463, ""A3"": 2925.925307883291, ""B2"": 1655.0436283582192}}",2.7397,0.09555626259412452,0.3794396976199277,0.5556603023800724,"[0.069886104711946, 0.03585384029016003, 0.7661995856948651, 0.03560080573242386, 0.9574605081902333, 0.8466219062162301, 0.4788899387610588, 0.22794796639710824, 0.1552466870416297, 0.9296461901853662, 0.7249913935764685, 0.3337928335212549, 0.2929100620920452]",32.0,32.0,27.0,11.2261,11.2261,59.3744,59.3744,8.3448,8.3448,False,0,2.7437,0.290853,2.4101,0.069886104711946,1.727883711802015,plus,False,1.7250140812977763,1.2598069237456566,0.4652071575521197,True,True,1.0,False,100.0,123.10000000000002,0.0,False,"[""block_count_per_ring != 7 (missing or extra blocks)""]",0.19851698413097071,0.06495879636513761,3.0728387429616324e-05
116,1-4,206,1-4/r206,bo,1855.8530609168204,"{""0"": {""K"": 0.0, ""B1"": 2289.361321911513, ""A1"": 343.0724747261794, ""A2"": 1470.4307059003577, ""A3"": 1513.907358855081, ""B2"": 599.7879764612594}}",2.7397,0.2945572929786528,0.3794396976199277,0.5556603023800724,"[0.5369945199412096, 0.03736622818120172, 0.6624309380530999, 0.09926865588141764, 0.42547184777209424, 0.4380518978168637, 0.17354976170754033, 0.6530543173486394, 0.932318260428118, 0.944404229547421, 0.5245533290844986, 0.6362898684502284, 0.001141571395768315]",64.0,64.0,113.0,11.3884,11.3884,44.3415,44.3415,15.9072,15.9072,False,0,2.7397,0.00139,2.4101,0.5369945199412096,1.5781309102355654,minus,True,1.2829748661615716,1.537871353397647,0.2548964872360753,True,True,1.0,False,100.0,43.5,0.0,False,"[""block_count_per_ring != 7 (missing or extra blocks)""]",0.21381057171827586,0.06363939117147725,5.5402858811035276e-05
117,1-4,206,1-4/r206,bo,2245.0897675519805,"{""0"": {""K"": 0.0, ""B1"": 2358.805851862948, ""A1"": 2730.5254983795976, ""A2"": 70.20791413907308, ""A3"": 3071.103478556391, ""B2"": 2317.299053813277}}",2.7397,0.18846382787739938,0.3794396976199277,0.5556603023800724,"[0.6496208818148091, 0.035194122916749726, 0.6825248413955289, 0.7900826094848372, 0.02031478997079661, 0.8886294787489558, 0.6705147725154158, 0.7191045768711776, 0.9045274182454541, 0.9332079069182616, 0.8818856279801366, 0.7305210091407898, 0.04338018856488379]",69.0,69.0,109.0,11.2653,11.2653,71.1414,71.1414,18.263,18.263,False,0,2.7403,0.04481,2.4101,0.6496208818148091,1.6050934899672542,plus,False,1.1255409711741335,1.2716286377764354,0.14608766660230188,True,True,1.0,False,100.0,41.5,0.0,False,"[""block_count_per_ring != 7 (missing or extra blocks)""]",0.2811506191231789,0.05968831516411187,0.0008220146707981417
118,1-4,206,1-4/r206,bo,1845.3104285509346,"{""0"": {""K"": 0.0, ""B1"": 2161.747714044427, ""A1"": 689.0472816502055, ""A2"": 903.1123300635745, ""A3"": 1541.5776108172545, ""B2"": 110.36335936614358}}",2.7397,0.27052187249599574,0.3794396976199277,0.5556603023800724,"[0.5339439897427473, 0.04133080079637996, 0.6255057042952624, 0.19937710695897148, 0.26131722513413613, 0.44605833646332593, 0.031933842409185065, 0.5073391638591501, 0.27295495250009516, 0.6096762099111851, 0.7016687852539499, 0.05617003341848659, 0.04537321301249431]",53.0,53.0,40.0,7.7064,7.7064,57.6252,57.6252,1.4043,1.4043,False,0,2.7403,0.04481,2.4101,0.5339439897427473,1.5789861808706085,minus,True,1.8711621620977965,2.503333825341831,0.6321716632440344,True,True,1.0,False,100.0,110.40000000000009,0.0,False,"[""block_count_per_ring != 7 (missing or extra blocks)""]",0.2745041916756099,0.05942236493845807,0.000600727656637808
119,1-4,206,1-4/r206,bo,1684.1721888267546,"{""0"": {""K"": 0.0, ""B1"": 2513.977704992622, ""A1"": 207.92553050258635, ""A2"": 53.474411448497264, ""A3"": 2674.4244082412843, ""B2"": 2667.4404585235698}}",2.7397,0.1844345812390385,0.3794396976199277,0.5556603023800724,"[0.48731834167440813, 0.5514113671725003, 0.7274241044538836, 0.060163637298202066, 0.015472919979310551, 0.7738496551624087, 0.7718288363783478, 0.7181765588183109, 0.10480181041120107, 0.4914839182403997, 0.15719734830794696, 0.1388360398813019, 0.1297883291702725]",69.0,69.0,22.0,6.4063,6.4063,16.7898,16.7898,3.4709,3.4709,False,0,2.7415,0.131649,2.4101,0.48731834167440813,1.6838562246881497,plus,False,0.8127821575542848,0.8732201668192068,0.06043800926492193,True,True,1.0,False,100.0,7.0,0.0,False,"[""block_count_per_ring != 7 (missing or extra blocks)""]",0.26192971997107983,0.06056503365561668,0.000386013940999492
