trial_id,tunnel_id,ring_id,case_id,kind,k_y,per_ring_offsets,r_surface_min_ceiling_ref,gt_miou,best_so_far,regret_vs_ceiling,search_x,hough_threshold,hough_oblique_threshold,hough_horizontal_threshold,merge_distance_threshold,line_merge_distance,single_ring_visual_slot_snap_px,line_snap_tolerance_px,slot_inset_y,segmentation_slot_inset_y,agent_error,n_reclassified_by_r_filter,r_surface_min,r_surface_min_frac,r_surface_min_otsu_ref,k_y_frac,arc_width_entropy,order_branch,branch_is_minus,direction_score_plus,direction_score_minus,direction_margin,direction_select_enabled,det_k_count_match,det_k_confidence_avg,det_block_count_per_ring,det_y_coverage_pct,det_min_y_gap_px,det_y_order_consistency,det_ready_for_segmentation,det_guardrail_violations,bo_surrogate_mean,bo_surrogate_std,ei_value
0,4-6,283,4-6/r283,geometric_0,0.0,"{""0"": {""K"": 0.0, ""B1"": 664.2857142857143, ""A1"": 1328.5714285714287, ""A2"": 1992.8571428571431, ""A3"": 2657.1428571428573, ""A4"": 3321.428571428572, ""B2"": 3985.7142857142867}}",3.7343,0.05171020737947751,0.05171020737947751,0.8168897926205225,"[0.0, 0.0, 0.14285714285714288, 0.28571428571428575, 0.4285714285714286, 0.5714285714285715, 0.7142857142857144, 0.8571428571428573, 0.29333333333333333, 0.36363636363636365, 0.18181818181818182, 0.2, 0.0, 0.5]",37.0,37.0,50.0,3.0,3.0,20.0,20.0,0.0,0.0,False,0,3.7456,0.501506,2.9953,0.0,1.9459101490553135,plus,False,0.7222222222273251,0.7222222222243135,3.0115909765981996e-12,True,True,1.0,True,100.0,664.1999999999998,1.0,True,[],,,
1,4-6,283,4-6/r283,geometric_1,0.0,"{""0"": {""K"": 0.0, ""B1"": 325.50000000000006, ""A1"": 1023.0, ""A2"": 1720.5, ""A3"": 2418.0, ""A4"": 3115.5, ""B2"": 3813.0000000000005}}",3.7343,0.05171020737947751,0.05171020737947751,0.8168897926205225,"[0.0, 0.0, 0.07, 0.22, 0.37, 0.52, 0.67, 0.8200000000000001, 0.29333333333333333, 0.36363636363636365, 0.18181818181818182, 0.2, 0.0, 0.5]",37.0,37.0,50.0,3.0,3.0,20.0,20.0,0.0,0.0,False,0,3.7456,0.501506,2.9953,0.0,1.917651908306252,plus,False,3.825499999999999,3.4366111111111106,0.3888888888888884,True,True,1.0,True,100.0,325.5,1.0,True,[],,,
2,4-6,283,4-6/r283,intrinsic_r_otsu,2906.6939197117013,"{""0"": {""K"": 0.0, ""B1"": 3606.9384596401496, ""A1"": 1047.2134334562522, ""A2"": 1395.7732248371983, ""A3"": 4062.023521092618, ""A4"": 24.48366622992247, ""B2"": 3818.712145479863}}",3.7343,0.11067038894320042,0.11067038894320042,0.7579296110567997,"[0.625095466604667, 0.8972138009695755, 0.7756856902451935, 0.22520718999059186, 0.30016628491122543, 0.8735534453962619, 0.005265304565574724, 0.8212284183827663, 0.7970694287520462, 0.4679349528437208, 0.3030324268193135, 0.2784256121007733, 0.2548695876541246, 0.0]",75.0,75.0,61.0,4.3334,4.3334,25.8819,25.8819,6.3717,6.3717,False,0,3.7343,0.0,2.9953,0.625095466604667,1.7020488428809706,plus,False,1.2753198567675919,1.2569161137013436,0.018403743066248257,True,True,1.0,True,100.0,24.5,0.0,True,[],,,
3,4-6,283,4-6/r283,random,2346.149404154483,"{""0"": {""K"": 0.0, ""B1"": 4629.076317969926, ""A1"": 3685.8779243439517, ""A2"": 2893.1334169014062, ""A3"": 4598.664686720765, ""A4"": 1001.1854467955351, ""B2"": 744.9859574389772}}",3.7343,0.03710516870064609,0.11067038894320042,0.7579296110567997,"[0.5045482589579533, 0.5534973520744925, 0.9955002834343927, 0.7926619192137531, 0.6221792294411627, 0.9889601476818849, 0.21530869823559895, 0.16021203385784455, 0.6125396042730308, 0.04394200796138337, 0.03568027877359614, 0.5148888202713703, 0.4662060253252891, 0.9171677731928523]",61.0,61.0,15.0,1.3925,1.3925,43.6167,43.6167,11.6552,11.6552,False,0,3.755,0.918952,2.9953,0.5045482589579533,1.8583562585459996,plus,False,-0.3987182945825119,-0.557121011126735,0.15840271654422305,True,True,1.0,True,100.0,20.90000000000009,0.0,True,[],,,
4,4-6,283,4-6/r283,random,2925.9020833831987,"{""0"": {""K"": 0.0, ""B1"": 2310.461474579795, ""A1"": 1150.9443874270883, ""A2"": 54.842218772652245, ""A3"": 894.6699695316945, ""A4"": 3217.949362100552, ""B2"": 932.8212665395276}}",3.7343,0.11579608361330482,0.11579608361330482,0.7528039163866952,"[0.6292262544910104, 0.5141176465995139, 0.49687343539350426, 0.24751492202733083, 0.01179402554250586, 0.19240214398531064, 0.6920321208818392, 0.2006067239869952, 0.3695363106022067, 0.0037342420520759534, 0.8300477298017456, 0.15446108106143985, 0.26759930456378545, 0.8803321539808286]",43.0,43.0,10.0,10.1305,10.1305,16.5846,16.5846,6.69,6.69,False,0,3.7541,0.878984,2.9953,0.6292262544910104,1.8730249625200213,minus,True,1.4651391713753994,2.00715905319381,0.5420198818184105,True,True,1.0,True,100.0,38.09999999999991,0.0,True,[],,,
5,4-6,283,4-6/r283,random,2370.5272658881677,"{""0"": {""K"": 0.0, ""B1"": 2974.684826282747, ""A1"": 3449.2349052326354, ""A2"": 425.4545635431623, ""A3"": 2516.318769400673, ""A4"": 2361.1408987966274, ""B2"": 4051.728101621895}}",3.7343,0.1052290198590647,0.11579608361330482,0.7528039163866952,"[0.5097908098684232, 0.8471502463658693, 0.6397171669425262, 0.7417709473618571, 0.09149560506304566, 0.5411438213764888, 0.50777223630035, 0.8713393766928806, 0.3612640590141576, 0.5981840672072131, 0.05925164234550362, 0.3876318011107287, 0.32303634625820665, 0.15019972907045187]",42.0,42.0,76.0,1.6518,1.6518,34.0724,34.0724,8.0759,8.0759,False,0,3.7377,0.150673,2.9953,0.5097908098684232,1.7352813753567913,plus,False,1.0888691935996375,0.9949212188572917,0.09394797474234584,True,True,1.0,True,100.0,155.10000000000002,0.0,True,[],,,
6,4-6,283,4-6/r283,random,3795.972182758702,"{""0"": {""K"": 0.0, ""B1"": 4551.17766251218, ""A1"": 2743.461372499338, ""A2"": 2813.5115803088083, ""A3"": 2966.6841006657446, ""A4"": 3145.4936337294657, ""B2"": 701.1642891329145}}",3.7343,0.13500620266112126,0.13500620266112126,0.7335937973388788,"[0.8163381038190757, 0.37944617155031246, 0.9787478844112216, 0.5899916930106103, 0.6050562538298513, 0.6379965807883322, 0.6764502438127883, 0.1507880191683687, 0.44031346718818754, 0.23956396182952333, 0.40249829810398163, 0.09670409393174562, 0.9678280510488214, 0.21500403735588003]",48.0,48.0,36.0,5.4275,5.4275,12.2528,12.2528,24.1957,24.1957,False,0,3.7391,0.212846,2.9953,0.8163381038190757,1.4704178581757068,plus,False,1.296722533367341,0.19336970886627056,1.1033528245010704,True,True,1.0,True,100.0,70.09999999999991,0.0,True,[],,,
7,4-6,283,4-6/r283,random,3123.708006142475,"{""0"": {""K"": 0.0, ""B1"": 4064.458171595196, ""A1"": 3079.2985332738103, ""A2"": 612.0135435086216, ""A3"": 3929.595592066671, ""A4"": 4394.008995824155, ""B2"": 4203.213065111059}}",3.7343,0.10585467034194572,0.13500620266112126,0.7335937973388788,"[0.6717651626112849, 0.3004200814790703, 0.8740770261495044, 0.6622147383384538, 0.13161581580830573, 0.8450743208745529, 0.9449481711449795, 0.9039167881959268, 0.5697191478592772, 0.1454599537609269, 0.19246349496833237, 0.9279056847445244, 0.5523264876672638, 0.18055249844891164]",58.0,58.0,26.0,3.1171,3.1171,74.5929,74.5929,13.8082,13.8082,False,0,3.7384,0.181759,2.9953,0.6717651626112849,1.7354254627337802,plus,False,0.45957729344948367,0.432233729012701,0.027343564436782652,True,True,1.0,True,100.0,134.89999999999964,0.0,True,[],,,
8,4-6,283,4-6/r283,random,4110.864558013585,"{""0"": {""K"": 0.0, ""B1"": 2649.078376303207, ""A1"": 1749.7384380041285, ""A2"": 1910.9420620306537, ""A3"": 1113.6248389705786, ""A4"": 176.96638311426176, ""B2"": 4074.4174577081103}}",3.7343,0.05822399250234302,0.13500620266112126,0.7335937973388788,"[0.8840568941964699, 0.6415717052224807, 0.5696942744738079, 0.3762878361299201, 0.41095528215712984, 0.23948921268184487, 0.03805728669123909, 0.876218808109271, 0.4677302168140961, 0.5476351992137353, 0.3221633097802251, 0.7513249198549279, 0.025196870801760363, 0.37218527256520395]",50.0,50.0,70.0,4.5438,4.5438,61.3494,61.3494,0.6299,0.6299,False,0,3.7427,0.372719,2.9953,0.8840568941964699,1.7244218378159588,minus,True,1.8766001655914537,2.7294812044379104,0.8528810388464567,True,True,1.0,True,100.0,161.20000000000005,0.0,True,[],,,
9,4-6,283,4-6/r283,random,141.12886888611908,"{""0"": {""K"": 0.0, ""B1"": 4497.23929459776, ""A1"": 3058.587394679092, ""A2"": 1991.224145711088, ""A3"": 2435.3915017837335, ""A4"": 4058.562819826201, ""B2"": 1600.5796015315218}}",3.7343,0.052805253378649275,0.13500620266112126,0.7335937973388788,"[0.03035029438411163, 0.12289210220500935, 0.9671482353973677, 0.6577607300385144, 0.4282202463894813, 0.5237401079104803, 0.8728092085647744, 0.3442106669960262, 0.5902909822897147, 0.6836843733395437, 0.35541377702351207, 0.5190984864959901, 0.7652473832785226, 0.9091793139905502]",59.0,59.0,85.0,4.9096,4.9096,43.9324,43.9324,19.1312,19.1312,False,0,3.7548,0.91007,2.9953,0.03035029438411163,1.8142393329605415,plus,False,-1.8522850456967572,-2.06748188266673,0.2151968369699726,True,True,1.0,True,100.0,152.70000000000073,0.0,True,[],,,
10,4-6,283,4-6/r283,random,702.439593057192,"{""0"": {""K"": 0.0, ""B1"": 24.081726041759467, ""A1"": 3501.345391729556, ""A2"": 3768.9497609751897, ""A3"": 635.9528396730042, ""A4"": 1947.901976746311, ""B2"": 3790.9416926769622}}",3.7343,0.06403919528269164,0.13500620266112126,0.7335937973388788,"[0.1510622780768155, 0.9334193923074285, 0.005178865815432143, 0.752977503597754, 0.8105268303172452, 0.13676405154258153, 0.41890365091318515, 0.8152562779950456, 0.014271189684610608, 0.6284619478662907, 0.7930236580980341, 0.5130035828222085, 0.7258494205510871, 0.22642348269714407]",16.0,16.0,79.0,9.7233,9.7233,43.4753,43.4753,18.1462,18.1462,False,0,3.7394,0.226169,2.9953,0.1510622780768155,1.5982099193957546,plus,False,1.3974830905887399,1.2187743642339612,0.17870872635477864,True,True,1.0,True,100.0,22.0,0.0,True,[],,,
11,4-6,283,4-6/r283,random,923.1233381659287,"{""0"": {""K"": 0.0, ""B1"": 834.2380281872313, ""A1"": 1609.1856918730248, ""A2"": 4408.776885560288, ""A3"": 2665.997136891712, ""A4"": 1581.3165135069053, ""B2"": 1262.5894821108516}}",3.7343,0.07676668848679673,0.13500620266112126,0.7335937973388788,"[0.19852114799267284, 0.3631269505503516, 0.17940602756714652, 0.34606143911247844, 0.9481240614108147, 0.5733327176111209, 0.34006806742083984, 0.2715246198087853, 0.9520394907075223, 0.44447820964711326, 0.9803947508805895, 0.515522669106271, 0.521166129026224, 0.8965405237160008]",86.0,86.0,59.0,11.7843,11.7843,43.6642,43.6642,13.0292,13.0292,False,0,3.7545,0.896748,2.9953,0.19852114799267284,1.8129334770818162,plus,False,-0.06686133445321135,0.014727325012252879,0.08158865946546423,True,True,1.0,True,100.0,27.90000000000009,0.0,True,[],,,
12,4-6,283,4-6/r283,random,3453.8684946999338,"{""0"": {""K"": 0.0, ""B1"": 1983.9201928386012, ""A1"": 4083.5735462950042, ""A2"": 1914.154597067031, ""A3"": 4290.832029183373, ""A4"": 319.5263873666561, ""B2"": 1999.4854078404082}}",3.7343,0.1469542520443841,0.1469542520443841,0.721645747955616,"[0.7427674182150396, 0.5806528638528226, 0.4266495038362583, 0.8781878594182805, 0.4116461499068884, 0.9227595761684675, 0.06871535212186153, 0.42999686190116304, 0.519514819877859, 0.9509381955818498, 0.25099924666475815, 0.8060391472621088, 0.6764711999985934, 0.717085904281123]",54.0,54.0,115.0,3.761,3.761,65.4529,65.4529,16.9118,16.9118,False,0,3.7505,0.719111,2.9953,0.7427674182150396,1.8885443468618484,plus,False,1.517037933131731,0.4104470239936031,1.1065909091381279,True,True,1.0,True,100.0,15.600000000000023,0.0,True,[],,,
13,4-6,283,4-6/r283,random,2927.7431502069467,"{""0"": {""K"": 0.0, ""B1"": 1546.9687853326607, ""A1"": 1851.981352509073, ""A2"": 943.5396477928504, ""A3"": 235.77385701605786, ""A4"": 990.0231066353273, ""B2"": 4256.909446626173}}",3.7343,0.046717032789219556,0.1469542520443841,0.721645747955616,"[0.6296221828402035, 0.97156070846158, 0.33268145921132486, 0.39827555967937056, 0.2029117522135162, 0.05070405527227051, 0.2129081949753392, 0.9154643971239083, 0.8401688171583896, 0.11240574149257898, 0.6037790253168653, 0.4791964948896248, 0.5946848704882786, 0.6592750066090632]",78.0,78.0,22.0,7.6416,7.6416,40.9397,40.9397,14.8671,14.8671,False,0,3.7492,0.661379,2.9953,0.6296221828402035,1.635822503506163,plus,False,1.0285778739694238,0.9798911227537034,0.048686751215720414,True,True,1.0,True,100.0,46.5,0.0,True,[],,,
14,4-6,283,4-6/r283,random,1425.9666326332542,"{""0"": {""K"": 0.0, ""B1"": 2166.1561630342308, ""A1"": 2920.668975121817, ""A2"": 2953.801755133666, ""A3"": 855.0856937700639, ""A4"": 287.67419442713975, ""B2"": 1913.5532292655835}}",3.7343,0.03955302968472369,0.1469542520443841,0.721645747955616,"[0.3066594908888719, 0.9613508447364569, 0.4658400350611249, 0.6281008548649069, 0.6352261838997132, 0.18388939650969116, 0.06186541815637414, 0.4115168234979749, 0.7640300884384686, 0.8152217882917717, 0.729989249002065, 0.113204952525223, 0.9133548615310455, 0.8020365779972838]",72.0,72.0,100.0,9.0299,9.0299,13.4904,13.4904,22.8339,22.8339,False,0,3.7524,0.803488,2.9953,0.3066594908888719,1.7016821941429168,minus,True,0.742048451632441,1.130530803255927,0.3884823516234859,True,True,1.0,True,100.0,33.19999999999982,0.0,True,[],,,
15,4-6,283,4-6/r283,random,4081.264854920331,"{""0"": {""K"": 0.0, ""B1"": 4257.7047732184055, ""A1"": 216.93290648557536, ""A2"": 140.8430777819492, ""A3"": 94.00241610608298, ""A4"": 1175.3743524789222, ""B2"": 1155.8494454217705}}",3.7343,0.058920971386240195,0.1469542520443841,0.721645747955616,"[0.8776913666495335, 0.5233041529751773, 0.9156354351007324, 0.04665223795388718, 0.030288833931601977, 0.020215573356146876, 0.2527686779524564, 0.24856977320898288, 0.18750333435596656, 0.5670558183853956, 0.038985841033045365, 0.5903878678348518, 0.16601115304721703, 0.6778737085673094]",29.0,29.0,72.0,1.4288,1.4288,49.2791,49.2791,4.1503,4.1503,False,0,3.7496,0.679143,2.9953,0.8776913666495335,1.7957132949951884,plus,False,0.8658011630568975,1.0131808235901714,0.1473796605332739,True,True,1.0,True,100.0,19.5,0.0,True,[],,,
16,4-6,283,4-6/r283,random,98.00039816409353,"{""0"": {""K"": 0.0, ""B1"": 4363.286983920455, ""A1"": 2503.5431664291877, ""A2"": 3773.881422772391, ""A3"": 3059.8212794945252, ""A4"": 2839.991153102897, ""B2"": 889.3249623947728}}",3.7343,0.20355903476714604,0.20355903476714604,0.6650409652328539,"[0.02107535444389108, 0.3105701970531949, 0.9383412868646139, 0.5383963798772446, 0.8115874027467508, 0.6580260816117258, 0.6107507856135262, 0.19125268008489738, 0.574394748257806, 0.039686418459000006, 0.8016644050918733, 0.9600709170261761, 0.8540090713418452, 0.0507096459660612]",58.0,58.0,14.0,9.8183,9.8183,77.0053,77.0053,21.3502,21.3502,False,0,3.7354,0.048532,2.9953,0.02107535444389108,1.8885009093896166,plus,False,1.0382107999430292,-0.16990323705125246,1.2081140369942818,True,True,1.0,True,100.0,219.80000000000018,0.0,True,[],,,
17,4-6,283,4-6/r283,random,1574.7693877180159,"{""0"": {""K"": 0.0, ""B1"": 524.1340115113454, ""A1"": 2913.744959875763, ""A2"": 3708.18051545345, ""A3"": 1458.804844810434, ""A4"": 4012.0629423721166, ""B2"": 3706.640144734503}}",3.7343,0.10918873869564598,0.20355903476714604,0.6650409652328539,"[0.33866008338021847, 0.31800319786228226, 0.11271699172286997, 0.626611819328121, 0.7974581753663333, 0.3137214720022439, 0.8628092349187347, 0.7971269128461297, 0.12913794147432478, 0.7668591567381553, 0.8826207199019183, 0.19728256983174652, 0.5736411794985231, 0.6387499660221029]",25.0,25.0,94.0,10.7088,10.7088,19.7962,19.7962,14.341,14.341,False,0,3.7487,0.639174,2.9953,0.33866008338021847,1.7478262868042485,minus,True,-0.02179249391048549,0.8608178226074625,0.882610316517948,True,True,1.0,True,100.0,1.5,0.0,True,[],,,
18,4-6,283,4-6/r283,random,2833.4042973405894,"{""0"": {""K"": 0.0, ""B1"": 3074.5402937195136, ""A1"": 2938.5894697597614, ""A2"": 3831.0675238593667, ""A3"": 3736.3340509560267, ""A4"": 1521.3321668868489, ""B2"": 3357.5200981084754}}",3.7343,0.155094580377594,0.20355903476714604,0.6650409652328539,"[0.6093342574925998, 0.09624567762804348, 0.6611914610149492, 0.6319547246795186, 0.8238854890020143, 0.8035126991303283, 0.32716820793265566, 0.7220473329265539, 0.867273387572356, 0.8929477581907895, 0.16151232694699924, 0.026702350086284632, 0.6508074434222286, 0.21467627274376333]",80.0,80.0,108.0,2.7766,2.7766,7.0027,7.0027,16.2702,16.2702,False,0,3.7391,0.212846,2.9953,0.6093342574925998,1.8115084845968752,plus,False,-1.2964438013817658,-1.3669188010042717,0.07047499962250581,True,True,1.0,True,100.0,94.79999999999995,0.0,True,[],,,
19,4-6,283,4-6/r283,random,2621.2502178418717,"{""0"": {""K"": 0.0, ""B1"": 1763.8362527744398, ""A1"": 1175.4016592870264, ""A2"": 2122.7717323226925, ""A3"": 3056.1841967089113, ""A4"": 470.1102005241633, ""B2"": 1769.7191502775236}}",3.7343,0.04932962307108525,0.20355903476714604,0.6650409652328539,"[0.5637097242670692, 0.9448045298068409, 0.3793196242525677, 0.25277455038430674, 0.4565100499618694, 0.6572439132707336, 0.10109896785465877, 0.3805847635005427, 0.1337211888385227, 0.6624462216142538, 0.8305525322631839, 0.37685378140878245, 0.3717239527744183, 0.5395216589474345]",25.0,25.0,83.0,10.1361,10.1361,33.264,33.264,9.2931,9.2931,False,0,3.7465,0.541474,2.9953,0.5637097242670692,1.8138939100443465,plus,False,0.4373219271766823,0.13243822510088615,0.3048837020757961,True,True,1.0,True,100.0,5.899999999999636,0.0,True,[],,,
20,4-6,283,4-6/r283,random,1000.0186753171351,"{""0"": {""K"": 0.0, ""B1"": 1533.8131172632256, ""A1"": 2127.029496342711, ""A2"": 379.12129040696635, ""A3"": 3500.204434106576, ""A4"": 2692.6037710960322, ""B2"": 1393.5765089408305}}",3.7343,0.09119373306007997,0.20355903476714604,0.6650409652328539,"[0.21505777963809358, 0.2474095916167709, 0.3298522832824141, 0.45742569813821743, 0.08153146030257341, 0.7527321363670056, 0.5790545744292542, 0.2996938728905012, 0.07754657235100282, 0.7631809514014812, 0.1310789882913207, 0.13320664234967827, 0.13068424580727667, 0.08126231111599047]",21.0,21.0,94.0,2.4419,2.4419,14.9905,14.9905,3.2671,3.2671,False,0,3.7361,0.079618,2.9953,0.21505777963809358,1.844683229962505,minus,True,0.935113089622986,1.5002156601389303,0.5651025705159443,True,True,1.0,True,100.0,140.20000000000027,0.0,True,[],,,
21,4-6,283,4-6/r283,random,4214.724499111195,"{""0"": {""K"": 0.0, ""B1"": 1424.8091933119, ""A1"": 3872.4935415096143, ""A2"": 2882.6440876598767, ""A3"": 870.2167474143425, ""A4"": 2021.8823675511383, ""B2"": 4110.2394609579815}}",3.7343,0.04014121195442981,0.20355903476714604,0.6650409652328539,"[0.906392365400257, 0.2692442996733905, 0.3064105792068602, 0.8327943100020676, 0.6199234597118014, 0.18714338654071883, 0.4348134123765889, 0.8839224647221466, 0.3753740170194637, 0.7108815531965337, 0.09680770883646805, 0.7273247767385439, 0.7764735240652465, 0.8257667817021326]",43.0,43.0,88.0,2.0649,2.0649,59.5494,59.5494,19.4118,19.4118,False,0,3.7529,0.825693,2.9953,0.9063923654002569,1.8204106720250324,plus,False,-0.41140367991890164,-0.3134888457945511,0.09791483412435054,True,True,1.0,True,100.0,237.80000000000018,0.0,True,[],,,
22,4-6,283,4-6/r283,random,3135.034605523732,"{""0"": {""K"": 0.0, ""B1"": 298.58580077238184, ""A1"": 2412.3094883803715, ""A2"": 3522.18856467724, ""A3"": 887.3976462269989, ""A4"": 1238.0031037501876, ""B2"": 2492.9581970640807}}",3.7343,0.21836889936643555,0.21836889936643555,0.6502311006335645,"[0.6742009904352112, 0.37073279482625254, 0.06421200016610362, 0.5187762340602949, 0.7574599063822021, 0.19083820348967717, 0.2662372266129436, 0.5361200423793722, 0.7483315628979192, 0.8965867307591795, 0.12574151753416918, 0.18427021286649659, 0.7995369713881428, 0.6445216230234747]",71.0,71.0,109.0,2.3832,2.3832,18.8203,18.8203,19.9884,19.9884,False,0,3.7488,0.643615,2.9953,0.6742009904352112,1.7649971554709298,plus,False,1.909518863613289,1.4728184493425605,0.4367004142707285,True,True,1.0,True,100.0,80.70000000000005,0.0,True,[],,,
23,4-6,283,4-6/r283,random,3352.523481916395,"{""0"": {""K"": 0.0, ""B1"": 4367.186807912597, ""A1"": 3920.066560813376, ""A2"": 3613.588512097296, ""A3"": 1836.8393507099315, ""A4"": 2981.7153643356405, ""B2"": 857.672237376592}}",3.7343,0.10602100203164415,0.21836889936643555,0.6502311006335645,"[0.7209727918099774, 0.9967711650313137, 0.9391799586908811, 0.8430250668415862, 0.777115809053182, 0.3950192152064369, 0.6412291106098151, 0.1844456424465789, 0.7594944652808059, 0.7576906645183887, 0.721295213634719, 0.444799024426779, 0.3781803287908211, 0.41977093236994134]",72.0,72.0,93.0,8.9342,8.9342,38.3599,38.3599,9.4545,9.4545,False,0,3.7438,0.421569,2.9953,0.7209727918099774,1.8803033325549459,plus,False,0.5214772807396474,-0.38456538771723214,0.9060426684568795,True,True,1.0,True,100.0,282.8000000000002,0.0,True,[],,,
24,4-6,283,4-6/r283,perturb_small_segment,3135.034605523732,"{""0"": {""K"": 0.0, ""B1"": 325.50000000000006, ""A1"": 1023.0, ""A2"": 1720.5, ""A3"": 2418.0, ""A4"": 3115.5, ""B2"": 3813.0000000000005}}",3.7343,0.043526304441569644,0.21836889936643555,0.6502311006335645,"[0.6742009904352112, 0.0, 0.07, 0.22, 0.37, 0.52, 0.67, 0.8200000000000001, 0.7483315628979192, 0.8965867307591795, 0.12574151753416918, 0.18427021286649659, 0.7995369713881428, 0.6445216230234747]",71.0,71.0,109.0,2.3832,2.3832,18.8203,18.8203,19.9884,19.9884,False,0,3.7488,0.643615,2.9953,0.6742009904352112,1.917651908306252,plus,False,3.825499999999999,3.4366111111111106,0.3888888888888884,True,True,1.0,True,100.0,325.5,1.0,True,[],,,
25,4-6,283,4-6/r283,perturb_wrong_k,3612.436800985116,"{""0"": {""K"": 0.0, ""B1"": 298.58580077238184, ""A1"": 2412.3094883803715, ""A2"": 3522.18856467724, ""A3"": 887.3976462269989, ""A4"": 1238.0031037501876, ""B2"": 2492.9581970640807}}",3.7343,0.12031542551648655,0.21836889936643555,0.6502311006335645,"[0.776868129244111, 0.0, 0.06421200016610362, 0.5187762340602949, 0.7574599063822021, 0.19083820348967717, 0.2662372266129436, 0.5361200423793722, 0.7483315628979192, 0.8965867307591795, 0.12574151753416918, 0.18427021286649659, 0.7995369713881428, 0.6445216230234747]",71.0,71.0,109.0,2.3832,2.3832,18.8203,18.8203,19.9884,19.9884,False,0,3.7488,0.643615,2.9953,0.776868129244111,1.7649971554709298,plus,False,1.9095188636132885,1.4728184493425602,0.43670041427072825,True,True,1.0,True,99.99999999999997,80.70000000000005,0.0,True,[],,,
26,4-6,283,4-6/r283,perturb_wrong_r_high,3135.034605523732,"{""0"": {""K"": 0.0, ""B1"": 298.58580077238184, ""A1"": 2412.3094883803715, ""A2"": 3522.18856467724, ""A3"": 887.3976462269989, ""A4"": 1238.0031037501876, ""B2"": 2492.9581970640807}}",3.7343,0.14738222925475714,0.21836889936643555,0.6502311006335645,"[0.6742009904352112, 0.0, 0.06421200016610362, 0.5187762340602949, 0.7574599063822021, 0.19083820348967717, 0.2662372266129436, 0.5361200423793722, 0.7483315628979192, 0.8965867307591795, 0.12574151753416918, 0.18427021286649659, 0.7995369713881428, 0.95]",71.0,71.0,109.0,2.3832,2.3832,18.8203,18.8203,19.9884,19.9884,False,0,3.7557,0.950039,2.9953,0.6742009904352112,1.7649971554709298,plus,False,1.909518863613289,1.4728184493425605,0.4367004142707285,True,True,1.0,True,100.0,80.70000000000005,0.0,True,[],,,
27,4-6,283,4-6/r283,perturb_guardrail_smoke,4557.0,"{""0"": {""K"": 0.0, ""B1"": 1790.3752967167154, ""A1"": 1874.1465449959699, ""A2"": 2429.5593426914816, ""A3"": 2250.0508856240403, ""A4"": 2674.297106902327, ""B2"": 1893.327361180568}}",3.7343,0.045387686039493225,0.21836889936643555,0.6502311006335645,"[0.98, 0.0, 0.38502694553047645, 0.40304226774106877, 0.5224858801487057, 0.48388191088689037, 0.5751176573983499, 0.407167174447434, 0.7483315628979192, 0.8965867307591795, 0.12574151753416918, 0.18427021286649659, 0.7995369713881428, 0.6445216230234747]",71.0,71.0,109.0,2.3832,2.3832,18.8203,18.8203,19.9884,19.9884,False,0,3.7488,0.643615,2.9953,0.98,1.5695754217971885,plus,False,-1.7159292920431857,-1.8590707946237077,0.14314150258052205,True,True,1.0,True,100.0,19.200000000000045,0.0,True,[],,,
28,4-6,283,4-6/r283,perturb_weak_hough,3135.034605523732,"{""0"": {""K"": 0.0, ""B1"": 298.58580077238184, ""A1"": 2412.3094883803715, ""A2"": 3522.18856467724, ""A3"": 887.3976462269989, ""A4"": 1238.0031037501876, ""B2"": 2492.9581970640807}}",3.7343,0.21836889936643555,0.21836889936643555,0.6502311006335645,"[0.6742009904352112, 0.0, 0.06421200016610362, 0.5187762340602949, 0.7574599063822021, 0.19083820348967717, 0.2662372266129436, 0.5361200423793722, 0.987919501945808, 0.9081148445965966, 0.12574151753416918, 0.18427021286649659, 0.7995369713881428, 0.6445216230234747]",89.0,89.0,110.0,2.3832,2.3832,18.8203,18.8203,19.9884,19.9884,False,0,3.7488,0.643615,2.9953,0.6742009904352112,1.7649971554709298,plus,False,1.909518863613289,1.4728184493425605,0.4367004142707285,True,True,1.0,True,100.0,80.70000000000005,0.0,True,[],,,
29,4-6,283,4-6/r283,perturb_misaligned,3501.7885564326953,"{""0"": {""K"": 0.0, ""B1"": 102.16318778161393, ""A1"": 2530.9825156226684, ""A2"": 3703.719022044662, ""A3"": 1122.0767915349682, ""A4"": 1027.849932917074, ""B2"": 2265.1881286026787}}",3.7343,0.04347587719298246,0.21836889936643555,0.6502311006335645,"[0.7530728078349882, 0.0, 0.02197057801755138, 0.5442973151876707, 0.7964987144182069, 0.24130683688924048, 0.2210429963262525, 0.4871372319575653, 0.7483315628979192, 0.8965867307591795, 0.12574151753416918, 0.18427021286649659, 0.7995369713881428, 0.6445216230234747]",71.0,71.0,109.0,2.3832,2.3832,18.8203,18.8203,19.9884,19.9884,False,0,3.7488,0.643615,2.9953,0.7530728078349882,1.7138383168684115,minus,True,1.336443509748897,1.9313277538129592,0.5948842440640623,True,True,1.0,True,100.0,94.29999999999927,0.0,True,[],,,
30,4-6,283,4-6/r283,perturb_wrong_k,2355.947522218657,"{""0"": {""K"": 0.0, ""B1"": 298.58580077238184, ""A1"": 2412.3094883803715, ""A2"": 3522.18856467724, ""A3"": 887.3976462269989, ""A4"": 1238.0031037501876, ""B2"": 2492.9581970640807}}",3.7343,0.06932995853102701,0.21836889936643555,0.6502311006335645,"[0.5066553811222918, 0.0, 0.06421200016610362, 0.5187762340602949, 0.7574599063822021, 0.19083820348967717, 0.2662372266129436, 0.5361200423793722, 0.7483315628979192, 0.8965867307591795, 0.12574151753416918, 0.18427021286649659, 0.7995369713881428, 0.6445216230234747]",71.0,71.0,109.0,2.3832,2.3832,18.8203,18.8203,19.9884,19.9884,False,0,3.7488,0.643615,2.9953,0.5066553811222918,1.7649971554709298,plus,False,1.9093886264863809,1.4726981492854878,0.43669047720089305,True,True,1.0,True,100.0,80.60000000000001,0.0,True,[],,,
31,4-6,283,4-6/r283,perturb_offset_shift,3135.034605523732,"{""0"": {""K"": 0.0, ""B1"": 345.8705841235067, ""A1"": 2286.7802895063037, ""A2"": 3575.788670062139, ""A3"": 1134.7481300949419, ""A4"": 1105.7134339987974, ""B2"": 2861.9531885918636}}",3.7343,0.10075505331909096,0.21836889936643555,0.6502311006335645,"[0.6742009904352112, 0.0, 0.07438077077924876, 0.49178070742071045, 0.7689868107660514, 0.2440318559343961, 0.23778783526855857, 0.6154738039982502, 0.7483315628979192, 0.8965867307591795, 0.12574151753416918, 0.18427021286649659, 0.7995369713881428, 0.6445216230234747]",71.0,71.0,109.0,2.3832,2.3832,18.8203,18.8203,19.9884,19.9884,False,0,3.7488,0.643615,2.9953,0.6742009904352112,1.7681801617740298,plus,False,1.285372423020343,1.3368875300527678,0.0515151070324249,True,True,1.0,True,100.0,29.100000000000364,0.0,True,[],,,
32,4-6,283,4-6/r283,perturb_ambiguous_lines,3135.034605523732,"{""0"": {""K"": 0.0, ""B1"": 298.58580077238184, ""A1"": 2412.3094883803715, ""A2"": 3522.18856467724, ""A3"": 887.3976462269989, ""A4"": 1238.0031037501876, ""B2"": 2492.9581970640807}}",3.7343,0.21836889936643555,0.21836889936643555,0.6502311006335645,"[0.6742009904352112, 0.0, 0.06421200016610362, 0.5187762340602949, 0.7574599063822021, 0.19083820348967717, 0.2662372266129436, 0.5361200423793722, 0.7483315628979192, 0.8965867307591795, 0.8706724231524896, 0.9640559943985273, 0.7995369713881428, 0.6445216230234747]",71.0,71.0,109.0,10.5774,10.5774,77.3042,77.3042,19.9884,19.9884,False,0,3.7488,0.643615,2.9953,0.6742009904352112,1.7649971554709298,plus,False,1.909518863613289,1.4728184493425605,0.4367004142707285,True,True,1.0,True,100.0,80.70000000000005,0.0,True,[],,,
33,4-6,283,4-6/r283,perturb_wrong_r_low,3135.034605523732,"{""0"": {""K"": 0.0, ""B1"": 298.58580077238184, ""A1"": 2412.3094883803715, ""A2"": 3522.18856467724, ""A3"": 887.3976462269989, ""A4"": 1238.0031037501876, ""B2"": 2492.9581970640807}}",3.7343,0.2835124523534377,0.2835124523534377,0.5850875476465623,"[0.6742009904352112, 0.0, 0.06421200016610362, 0.5187762340602949, 0.7574599063822021, 0.19083820348967717, 0.2662372266129436, 0.5361200423793722, 0.7483315628979192, 0.8965867307591795, 0.12574151753416918, 0.18427021286649659, 0.7995369713881428, 0.05]",71.0,71.0,109.0,2.3832,2.3832,18.8203,18.8203,19.9884,19.9884,False,0,3.7354,0.048532,2.9953,0.6742009904352112,1.7649971554709298,plus,False,1.909518863613289,1.4728184493425605,0.4367004142707285,True,True,1.0,True,100.0,80.70000000000005,0.0,True,[],,,
34,4-6,283,4-6/r283,perturb_small_segment,3135.034605523732,"{""0"": {""K"": 0.0, ""B1"": 325.50000000000006, ""A1"": 1023.0, ""A2"": 1720.5, ""A3"": 2418.0, ""A4"": 3115.5, ""B2"": 3813.0000000000005}}",3.7343,0.043526304441569644,0.2835124523534377,0.5850875476465623,"[0.6742009904352112, 0.0, 0.07, 0.22, 0.37, 0.52, 0.67, 0.8200000000000001, 0.7483315628979192, 0.8965867307591795, 0.12574151753416918, 0.18427021286649659, 0.7995369713881428, 0.6445216230234747]",71.0,71.0,109.0,2.3832,2.3832,18.8203,18.8203,19.9884,19.9884,False,0,3.7488,0.643615,2.9953,0.6742009904352112,1.917651908306252,plus,False,3.825499999999999,3.4366111111111106,0.3888888888888884,True,True,1.0,True,100.0,325.5,1.0,True,[],,,
35,4-6,283,4-6/r283,perturb_wrong_k,3612.436800985116,"{""0"": {""K"": 0.0, ""B1"": 298.58580077238184, ""A1"": 2412.3094883803715, ""A2"": 3522.18856467724, ""A3"": 887.3976462269989, ""A4"": 1238.0031037501876, ""B2"": 2492.9581970640807}}",3.7343,0.12031542551648655,0.2835124523534377,0.5850875476465623,"[0.776868129244111, 0.0, 0.06421200016610362, 0.5187762340602949, 0.7574599063822021, 0.19083820348967717, 0.2662372266129436, 0.5361200423793722, 0.7483315628979192, 0.8965867307591795, 0.12574151753416918, 0.18427021286649659, 0.7995369713881428, 0.6445216230234747]",71.0,71.0,109.0,2.3832,2.3832,18.8203,18.8203,19.9884,19.9884,False,0,3.7488,0.643615,2.9953,0.776868129244111,1.7649971554709298,plus,False,1.9095188636132885,1.4728184493425602,0.43670041427072825,True,True,1.0,True,99.99999999999997,80.70000000000005,0.0,True,[],,,
36,4-6,283,4-6/r283,perturb_wrong_r_high,3135.034605523732,"{""0"": {""K"": 0.0, ""B1"": 298.58580077238184, ""A1"": 2412.3094883803715, ""A2"": 3522.18856467724, ""A3"": 887.3976462269989, ""A4"": 1238.0031037501876, ""B2"": 2492.9581970640807}}",3.7343,0.14738222925475714,0.2835124523534377,0.5850875476465623,"[0.6742009904352112, 0.0, 0.06421200016610362, 0.5187762340602949, 0.7574599063822021, 0.19083820348967717, 0.2662372266129436, 0.5361200423793722, 0.7483315628979192, 0.8965867307591795, 0.12574151753416918, 0.18427021286649659, 0.7995369713881428, 0.95]",71.0,71.0,109.0,2.3832,2.3832,18.8203,18.8203,19.9884,19.9884,False,0,3.7557,0.950039,2.9953,0.6742009904352112,1.7649971554709298,plus,False,1.909518863613289,1.4728184493425605,0.4367004142707285,True,True,1.0,True,100.0,80.70000000000005,0.0,True,[],,,
37,4-6,283,4-6/r283,perturb_guardrail_smoke,4557.0,"{""0"": {""K"": 0.0, ""B1"": 1790.3752967167154, ""A1"": 1874.1465449959699, ""A2"": 2429.5593426914816, ""A3"": 2250.0508856240403, ""A4"": 2674.297106902327, ""B2"": 1893.327361180568}}",3.7343,0.045387686039493225,0.2835124523534377,0.5850875476465623,"[0.98, 0.0, 0.38502694553047645, 0.40304226774106877, 0.5224858801487057, 0.48388191088689037, 0.5751176573983499, 0.407167174447434, 0.7483315628979192, 0.8965867307591795, 0.12574151753416918, 0.18427021286649659, 0.7995369713881428, 0.6445216230234747]",71.0,71.0,109.0,2.3832,2.3832,18.8203,18.8203,19.9884,19.9884,False,0,3.7488,0.643615,2.9953,0.98,1.5695754217971885,plus,False,-1.7159292920431857,-1.8590707946237077,0.14314150258052205,True,True,1.0,True,100.0,19.200000000000045,0.0,True,[],,,
38,4-6,283,4-6/r283,perturb_weak_hough,3135.034605523732,"{""0"": {""K"": 0.0, ""B1"": 298.58580077238184, ""A1"": 2412.3094883803715, ""A2"": 3522.18856467724, ""A3"": 887.3976462269989, ""A4"": 1238.0031037501876, ""B2"": 2492.9581970640807}}",3.7343,0.21836889936643555,0.2835124523534377,0.5850875476465623,"[0.6742009904352112, 0.0, 0.06421200016610362, 0.5187762340602949, 0.7574599063822021, 0.19083820348967717, 0.2662372266129436, 0.5361200423793722, 0.987919501945808, 0.9081148445965966, 0.12574151753416918, 0.18427021286649659, 0.7995369713881428, 0.6445216230234747]",89.0,89.0,110.0,2.3832,2.3832,18.8203,18.8203,19.9884,19.9884,False,0,3.7488,0.643615,2.9953,0.6742009904352112,1.7649971554709298,plus,False,1.909518863613289,1.4728184493425605,0.4367004142707285,True,True,1.0,True,100.0,80.70000000000005,0.0,True,[],,,
39,4-6,283,4-6/r283,perturb_misaligned,3501.7885564326953,"{""0"": {""K"": 0.0, ""B1"": 102.16318778161393, ""A1"": 2530.9825156226684, ""A2"": 3703.719022044662, ""A3"": 1122.0767915349682, ""A4"": 1027.849932917074, ""B2"": 2265.1881286026787}}",3.7343,0.04347587719298246,0.2835124523534377,0.5850875476465623,"[0.7530728078349882, 0.0, 0.02197057801755138, 0.5442973151876707, 0.7964987144182069, 0.24130683688924048, 0.2210429963262525, 0.4871372319575653, 0.7483315628979192, 0.8965867307591795, 0.12574151753416918, 0.18427021286649659, 0.7995369713881428, 0.6445216230234747]",71.0,71.0,109.0,2.3832,2.3832,18.8203,18.8203,19.9884,19.9884,False,0,3.7488,0.643615,2.9953,0.7530728078349882,1.7138383168684115,minus,True,1.336443509748897,1.9313277538129592,0.5948842440640623,True,True,1.0,True,100.0,94.29999999999927,0.0,True,[],,,
40,4-6,283,4-6/r283,perturb_wrong_k,2355.947522218657,"{""0"": {""K"": 0.0, ""B1"": 298.58580077238184, ""A1"": 2412.3094883803715, ""A2"": 3522.18856467724, ""A3"": 887.3976462269989, ""A4"": 1238.0031037501876, ""B2"": 2492.9581970640807}}",3.7343,0.06932995853102701,0.2835124523534377,0.5850875476465623,"[0.5066553811222918, 0.0, 0.06421200016610362, 0.5187762340602949, 0.7574599063822021, 0.19083820348967717, 0.2662372266129436, 0.5361200423793722, 0.7483315628979192, 0.8965867307591795, 0.12574151753416918, 0.18427021286649659, 0.7995369713881428, 0.6445216230234747]",71.0,71.0,109.0,2.3832,2.3832,18.8203,18.8203,19.9884,19.9884,False,0,3.7488,0.643615,2.9953,0.5066553811222918,1.7649971554709298,plus,False,1.9093886264863809,1.4726981492854878,0.43669047720089305,True,True,1.0,True,100.0,80.60000000000001,0.0,True,[],,,
41,4-6,283,4-6/r283,perturb_offset_shift,3135.034605523732,"{""0"": {""K"": 0.0, ""B1"": 345.8705841235067, ""A1"": 2286.7802895063037, ""A2"": 3575.788670062139, ""A3"": 1134.7481300949419, ""A4"": 1105.7134339987974, ""B2"": 2861.9531885918636}}",3.7343,0.10075505331909096,0.2835124523534377,0.5850875476465623,"[0.6742009904352112, 0.0, 0.07438077077924876, 0.49178070742071045, 0.7689868107660514, 0.2440318559343961, 0.23778783526855857, 0.6154738039982502, 0.7483315628979192, 0.8965867307591795, 0.12574151753416918, 0.18427021286649659, 0.7995369713881428, 0.6445216230234747]",71.0,71.0,109.0,2.3832,2.3832,18.8203,18.8203,19.9884,19.9884,False,0,3.7488,0.643615,2.9953,0.6742009904352112,1.7681801617740298,plus,False,1.285372423020343,1.3368875300527678,0.0515151070324249,True,True,1.0,True,100.0,29.100000000000364,0.0,True,[],,,
42,4-6,283,4-6/r283,perturb_ambiguous_lines,3135.034605523732,"{""0"": {""K"": 0.0, ""B1"": 298.58580077238184, ""A1"": 2412.3094883803715, ""A2"": 3522.18856467724, ""A3"": 887.3976462269989, ""A4"": 1238.0031037501876, ""B2"": 2492.9581970640807}}",3.7343,0.21836889936643555,0.2835124523534377,0.5850875476465623,"[0.6742009904352112, 0.0, 0.06421200016610362, 0.5187762340602949, 0.7574599063822021, 0.19083820348967717, 0.2662372266129436, 0.5361200423793722, 0.7483315628979192, 0.8965867307591795, 0.8706724231524896, 0.9640559943985273, 0.7995369713881428, 0.6445216230234747]",71.0,71.0,109.0,10.5774,10.5774,77.3042,77.3042,19.9884,19.9884,False,0,3.7488,0.643615,2.9953,0.6742009904352112,1.7649971554709298,plus,False,1.909518863613289,1.4728184493425605,0.4367004142707285,True,True,1.0,True,100.0,80.70000000000005,0.0,True,[],,,
43,4-6,283,4-6/r283,perturb_wrong_r_low,3135.034605523732,"{""0"": {""K"": 0.0, ""B1"": 298.58580077238184, ""A1"": 2412.3094883803715, ""A2"": 3522.18856467724, ""A3"": 887.3976462269989, ""A4"": 1238.0031037501876, ""B2"": 2492.9581970640807}}",3.7343,0.2835124523534377,0.2835124523534377,0.5850875476465623,"[0.6742009904352112, 0.0, 0.06421200016610362, 0.5187762340602949, 0.7574599063822021, 0.19083820348967717, 0.2662372266129436, 0.5361200423793722, 0.7483315628979192, 0.8965867307591795, 0.12574151753416918, 0.18427021286649659, 0.7995369713881428, 0.05]",71.0,71.0,109.0,2.3832,2.3832,18.8203,18.8203,19.9884,19.9884,False,0,3.7354,0.048532,2.9953,0.6742009904352112,1.7649971554709298,plus,False,1.909518863613289,1.4728184493425605,0.4367004142707285,True,True,1.0,True,100.0,80.70000000000005,0.0,True,[],,,
44,4-6,283,4-6/r283,perturb_small_segment,3135.034605523732,"{""0"": {""K"": 0.0, ""B1"": 325.50000000000006, ""A1"": 1023.0, ""A2"": 1720.5, ""A3"": 2418.0, ""A4"": 3115.5, ""B2"": 3813.0000000000005}}",3.7343,0.043526304441569644,0.2835124523534377,0.5850875476465623,"[0.6742009904352112, 0.0, 0.07, 0.22, 0.37, 0.52, 0.67, 0.8200000000000001, 0.7483315628979192, 0.8965867307591795, 0.12574151753416918, 0.18427021286649659, 0.7995369713881428, 0.6445216230234747]",71.0,71.0,109.0,2.3832,2.3832,18.8203,18.8203,19.9884,19.9884,False,0,3.7488,0.643615,2.9953,0.6742009904352112,1.917651908306252,plus,False,3.825499999999999,3.4366111111111106,0.3888888888888884,True,True,1.0,True,100.0,325.5,1.0,True,[],,,
45,4-6,283,4-6/r283,perturb_wrong_k,3612.436800985116,"{""0"": {""K"": 0.0, ""B1"": 298.58580077238184, ""A1"": 2412.3094883803715, ""A2"": 3522.18856467724, ""A3"": 887.3976462269989, ""A4"": 1238.0031037501876, ""B2"": 2492.9581970640807}}",3.7343,0.12031542551648655,0.2835124523534377,0.5850875476465623,"[0.776868129244111, 0.0, 0.06421200016610362, 0.5187762340602949, 0.7574599063822021, 0.19083820348967717, 0.2662372266129436, 0.5361200423793722, 0.7483315628979192, 0.8965867307591795, 0.12574151753416918, 0.18427021286649659, 0.7995369713881428, 0.6445216230234747]",71.0,71.0,109.0,2.3832,2.3832,18.8203,18.8203,19.9884,19.9884,False,0,3.7488,0.643615,2.9953,0.776868129244111,1.7649971554709298,plus,False,1.9095188636132885,1.4728184493425602,0.43670041427072825,True,True,1.0,True,99.99999999999997,80.70000000000005,0.0,True,[],,,
46,4-6,283,4-6/r283,perturb_wrong_r_high,3135.034605523732,"{""0"": {""K"": 0.0, ""B1"": 298.58580077238184, ""A1"": 2412.3094883803715, ""A2"": 3522.18856467724, ""A3"": 887.3976462269989, ""A4"": 1238.0031037501876, ""B2"": 2492.9581970640807}}",3.7343,0.14738222925475714,0.2835124523534377,0.5850875476465623,"[0.6742009904352112, 0.0, 0.06421200016610362, 0.5187762340602949, 0.7574599063822021, 0.19083820348967717, 0.2662372266129436, 0.5361200423793722, 0.7483315628979192, 0.8965867307591795, 0.12574151753416918, 0.18427021286649659, 0.7995369713881428, 0.95]",71.0,71.0,109.0,2.3832,2.3832,18.8203,18.8203,19.9884,19.9884,False,0,3.7557,0.950039,2.9953,0.6742009904352112,1.7649971554709298,plus,False,1.909518863613289,1.4728184493425605,0.4367004142707285,True,True,1.0,True,100.0,80.70000000000005,0.0,True,[],,,
47,4-6,283,4-6/r283,perturb_guardrail_smoke,4557.0,"{""0"": {""K"": 0.0, ""B1"": 1790.3752967167154, ""A1"": 1874.1465449959699, ""A2"": 2429.5593426914816, ""A3"": 2250.0508856240403, ""A4"": 2674.297106902327, ""B2"": 1893.327361180568}}",3.7343,0.045387686039493225,0.2835124523534377,0.5850875476465623,"[0.98, 0.0, 0.38502694553047645, 0.40304226774106877, 0.5224858801487057, 0.48388191088689037, 0.5751176573983499, 0.407167174447434, 0.7483315628979192, 0.8965867307591795, 0.12574151753416918, 0.18427021286649659, 0.7995369713881428, 0.6445216230234747]",71.0,71.0,109.0,2.3832,2.3832,18.8203,18.8203,19.9884,19.9884,False,0,3.7488,0.643615,2.9953,0.98,1.5695754217971885,plus,False,-1.7159292920431857,-1.8590707946237077,0.14314150258052205,True,True,1.0,True,100.0,19.200000000000045,0.0,True,[],,,
48,4-6,283,4-6/r283,bo,2825.0822584475623,"{""0"": {""K"": 0.0, ""B1"": 4126.449604053814, ""A1"": 2995.363000104896, ""A2"": 2512.7531348071743, ""A3"": 4150.562536267088, ""A4"": 1590.4124148727622, ""B2"": 3151.84965033577}}",3.7343,0.11251942196569167,0.2835124523534377,0.5850875476465623,"[0.6075445717091532, 0.15324720096229838, 0.8874085170008204, 0.6441640860440636, 0.540377018238102, 0.8925940938208792, 0.34202417524145423, 0.6778171291044667, 0.7458862333219475, 0.8371128555899143, 0.3483681655009694, 0.4175644650915066, 0.5072611114372494, 0.6161804385782951]",71.0,71.0,102.0,4.832,4.832,36.3173,36.3173,12.6815,12.6815,False,0,3.7482,0.61697,2.9953,0.6075445717091532,1.8546598847320195,plus,False,-1.4897859767223818,-2.266220531595536,0.7764345548731544,True,True,1.0,True,100.0,24.09999999999991,0.0,True,[],0.11399833603339687,0.053966936724013405,6.21171874470023e-06
49,4-6,283,4-6/r283,bo,171.87206294364958,"{""0"": {""K"": 0.0, ""B1"": 4205.0603534379525, ""A1"": 2490.9048495610878, ""A2"": 2527.797926045883, ""A3"": 2743.2336641461343, ""A4"": 2708.214795128935, ""B2"": 4101.032875487618}}",3.7343,0.04336883805699364,0.2835124523534377,0.5850875476465623,"[0.03696173396637625, 0.5429064378538732, 0.9043140545027856, 0.5356784622712016, 0.5436124572141684, 0.5899427234722869, 0.5824117838986956, 0.8819425538683049, 0.20069046546823532, 0.23642089738440075, 0.5613655350668247, 0.7112977853142379, 0.21315183070083066, 0.7793313075520151]",30.0,30.0,36.0,7.175,7.175,58.3473,58.3473,5.3288,5.3288,False,0,3.7519,0.781284,2.9953,0.03696173396637625,1.4928915092156647,plus,False,-2.036796167726053,-1.875326646006217,0.16146952171983586,True,True,1.0,True,100.0,35.0,0.0,True,[],0.11645635557455224,0.05351299489933798,6.590051864624645e-06
50,4-6,283,4-6/r283,bo,3033.9469681559667,"{""0"": {""K"": 0.0, ""B1"": 2764.6527537407196, ""A1"": 2443.497325731185, ""A2"": 253.5947520652097, ""A3"": 646.974369047598, ""A4"": 1451.6516966703364, ""B2"": 2716.6766230410353}}",3.7343,0.17825338602538232,0.2835124523534377,0.5850875476465623,"[0.6524617135819283, 0.5889752267304204, 0.5945489792990795, 0.5254832958561688, 0.0545365058204752, 0.13913427291346192, 0.31218316057426587, 0.5842315318367818, 0.6805878887102662, 0.795474376212257, 0.46942822232753756, 0.5935566976859314, 0.948115277481343, 0.20866070801658965]",66.0,66.0,98.0,6.1637,6.1637,49.5168,49.5168,23.7029,23.7029,False,0,3.739,0.208405,2.9953,0.6524617135819283,1.746655356248003,minus,True,0.6323925117019473,1.915353272684977,1.2829607609830296,True,True,1.0,True,100.0,48.0,0.0,True,[],0.116666744369716,0.05357622954004692,6.7972954687828865e-06
51,4-6,283,4-6/r283,bo,3077.6323261889875,"{""0"": {""K"": 0.0, ""B1"": 76.61094410159438, ""A1"": 2483.7496396215324, ""A2"": 2131.359665597916, ""A3"": 2419.7525634713056, ""A4"": 1378.4797379960414, ""B2"": 2520.9733792281077}}",3.7343,0.14612963234904447,0.2835124523534377,0.5850875476465623,"[0.6618564142341908, 0.04843184694946889, 0.016475471849805245, 0.5341397074454909, 0.4583569173328851, 0.5203768953701733, 0.29644725548301964, 0.5421448127372275, 0.6836193986942263, 0.667929860601168, 0.2250268062903641, 0.03127745741252519, 0.7044232215649116, 0.028077480065798688]",66.0,66.0,83.0,3.4753,3.4753,7.3458,7.3458,17.6106,17.6106,False,0,3.7349,0.026327,2.9953,0.6618564142341908,1.6162977004547043,plus,False,2.217129198269062,1.7588421995278276,0.45828699874123435,True,True,1.0,True,100.0,37.200000000000045,0.0,True,[],0.1472306899420314,0.046039062923801506,9.274310036992545e-06
52,4-6,283,4-6/r283,bo,3158.5705359149038,"{""0"": {""K"": 0.0, ""B1"": 3063.997717363243, ""A1"": 653.4642127618281, ""A2"": 607.3913169486613, ""A3"": 1039.8952748289933, ""A4"": 4057.6319522016997, ""B2"": 2587.2307657059937}}",3.7343,0.14702619140743756,0.2835124523534377,0.5850875476465623,"[0.6792624808419148, 0.4806514656773714, 0.6589242402931705, 0.14052993822835014, 0.13062178859110996, 0.22363339243634262, 0.8726090219788601, 0.5563937130550524, 0.8880212939258965, 0.5886473158850581, 0.6674921049446487, 0.24779264194285955, 0.10963738406893964, 0.30562125422952235]",82.0,82.0,75.0,8.3424,8.3424,23.5844,23.5844,2.7409,2.7409,False,0,3.7412,0.306105,2.9953,0.6792624808419148,1.82594060230254,minus,True,0.5132242577794524,0.9864927186245257,0.47326846084507335,True,True,1.0,True,100.0,46.0,0.0,True,[],0.2448697393820336,0.025911681229766288,0.0003038110582101309
53,4-6,283,4-6/r283,bo,3262.7709847691917,"{""0"": {""K"": 0.0, ""B1"": 721.636883514349, ""A1"": 2378.5904185105414, ""A2"": 2378.794634435607, ""A3"": 4026.4673223107266, ""A4"": 1701.4164345664763, ""B2"": 2258.658291137248}}",3.7343,0.05844458242781745,0.2835124523534377,0.5850875476465623,"[0.7016711795202563, 0.42329216269834713, 0.15519072763749442, 0.5115248211850627, 0.5115687385883025, 0.8659069510345648, 0.3658960074336508, 0.48573296583596726, 0.6977965989211917, 0.5666407462375871, 0.6809779892406906, 0.4980424096369158, 0.48876538366867694, 0.3432903219392299]",67.0,67.0,72.0,8.4908,8.4908,42.3532,42.3532,12.2191,12.2191,False,0,3.742,0.341633,2.9953,0.7016711795202563,1.6770071210451807,minus,True,-0.3079272470902969,0.380440874170734,0.6883681212610309,True,True,1.0,True,100.0,0.20000000000004547,0.0,True,[],0.15873084946931595,0.04995797024255035,5.3325615252426814e-05
54,4-6,283,4-6/r283,bo,3133.5485191044604,"{""0"": {""K"": 0.0, ""B1"": 1496.1987987213392, ""A1"": 2389.1060932284295, ""A2"": 3455.346543373262, ""A3"": 4059.482535444015, ""A4"": 1063.1177885094467, ""B2"": 3355.3764652010145}}",3.7343,0.07440291481871832,0.2835124523534377,0.5850875476465623,"[0.6738814019579484, 0.7002837520825071, 0.3217631825207181, 0.5137862566082644, 0.7430852781447875, 0.8730069968696806, 0.22862748139988098, 0.7215863366023687, 0.5035931929097391, 0.8490216405564276, 0.859035296370184, 0.5021590981430432, 0.1568292353838251, 0.2095429515422388]",53.0,53.0,103.0,10.4494,10.4494,42.6619,42.6619,3.9207,3.9207,False,0,3.739,0.208405,2.9953,0.6738814019579484,1.8716058928879855,minus,True,-1.5269169636355944,-0.4909305060576582,1.0359864575779363,True,True,1.0,True,100.0,100.0,0.0,True,[],0.15529162457790147,0.05046926260134607,4.710959122296418e-05
55,4-6,283,4-6/r283,bo,3279.8108092128887,"{""0"": {""K"": 0.0, ""B1"": 989.5412786378092, ""A1"": 2040.9993714928755, ""A2"": 979.4366826637146, ""A3"": 729.9109149165098, ""A4"": 1281.6348241621452, ""B2"": 3436.047366165547}}",3.7343,0.147926351629103,0.2835124523534377,0.5850875476465623,"[0.7053356578952449, 0.3059845657188067, 0.21280457605114178, 0.43892459601997325, 0.21063154465886336, 0.15697008922935696, 0.27562039229293445, 0.7389349174549563, 0.9807298417941267, 0.18691760219384057, 0.9913598534279005, 0.8161152408474506, 0.37860052600571326, 0.10204095836845639]",89.0,89.0,31.0,11.905,11.905,66.2086,66.2086,9.465,9.465,False,0,3.7366,0.101823,2.9953,0.7053356578952449,1.7244831609541447,plus,False,0.581319785170285,-0.2088736598781027,0.7901934450483877,True,True,1.0,True,100.0,10.199999999999818,0.0,True,[],0.22031159161492636,0.037076775579044145,0.0003371539723125033
56,4-6,283,4-6/r283,bo,3177.2176093295193,"{""0"": {""K"": 0.0, ""B1"": 3833.1175007775955, ""A1"": 3622.8720024656877, ""A2"": 1433.1120852647666, ""A3"": 1122.1088589451488, ""A4"": 525.5157818316305, ""B2"": 2602.6314943048374}}",3.7343,0.19090788453027774,0.2835124523534377,0.5850875476465623,"[0.6832726041568858, 0.43549877795073855, 0.8243263442532464, 0.7791122585947715, 0.308196147368767, 0.24131373310648363, 0.11301414663045817, 0.559705697699965, 0.422300890106022, 0.7523818702783756, 0.3958426191250839, 0.9717929828857798, 0.8482056441740315, 0.0205528766890678]",47.0,47.0,93.0,5.3543,5.3543,77.8845,77.8845,21.2051,21.2051,False,0,3.7348,0.021886,2.9953,0.6832726041568858,1.8985767961086288,plus,False,1.3597652465601295,1.1077763039136088,0.2519889426465207,True,True,1.0,True,100.0,210.20000000000027,0.0,True,[],0.2262208972335354,0.035148580032193955,0.00037416060743248485
57,4-6,283,4-6/r283,bo,2936.0620508874704,"{""0"": {""K"": 0.0, ""B1"": 2098.6531736653087, ""A1"": 4089.3354941787834, ""A2"": 3973.6432772455855, ""A3"": 943.6914207889756, ""A4"": 2133.8806019085896, ""B2"": 2270.3629083175633}}",3.7343,0.2381026171033627,0.2835124523534377,0.5850875476465623,"[0.6314111937392409, 0.055151810093571285, 0.45132326315382987, 0.8794269879954373, 0.8545469413431367, 0.20294439156752164, 0.4588990541738902, 0.4882500878102287, 0.22903125501584098, 0.5909402028416624, 0.5935956144069793, 0.37012826769297436, 0.23988558393978143, 0.06777727053433191]",32.0,32.0,75.0,7.5296,7.5296,32.7596,32.7596,5.9971,5.9971,False,0,3.7358,0.066296,2.9953,0.6314111937392409,1.7350717752019065,plus,False,0.49079182877649885,-0.6760561356478705,1.1668479644243694,True,True,1.0,True,100.0,35.19999999999999,0.0,True,[],0.14189907302419338,0.05016691074014824,1.7723029327954757e-05
58,4-6,283,4-6/r283,bo,2833.8402847789853,"{""0"": {""K"": 0.0, ""B1"": 1551.3075929470313, ""A1"": 471.39954689753915, ""A2"": 4357.960939766602, ""A3"": 1928.5845226820186, ""A4"": 1274.6375752835047, ""B2"": 1223.0144310293522}}",3.7343,0.061370220716890744,0.2835124523534377,0.5850875476465623,"[0.6094280182320398, 0.7322355159749228, 0.33361453611764114, 0.10137624664463207, 0.9371959010250757, 0.4147493597165631, 0.2741156075878505, 0.26301385613534456, 0.9075256621595094, 0.23662331231854583, 0.1998355028670411, 0.6007232155794686, 0.9277777049767798, 0.32702792887676224]",83.0,83.0,36.0,3.1982,3.1982,50.0542,50.0542,23.1944,23.1944,False,0,3.7417,0.32831,2.9953,0.6094280182320398,1.8970746796166416,plus,False,0.4978715964733797,0.6758482342111879,0.1779766377378082,True,True,1.0,True,100.0,51.59999999999991,0.0,True,[],0.18358097818252567,0.0472050234713987,0.0001588040589842435
59,4-6,283,4-6/r283,bo,2916.073360100664,"{""0"": {""K"": 0.0, ""B1"": 156.71946101959873, ""A1"": 2545.442629039652, ""A2"": 3178.0856041911284, ""A3"": 860.5254434130545, ""A4"": 1684.2792134712306, ""B2"": 4550.727350448988}}",3.7343,0.1197502001195199,0.2835124523534377,0.5850875476465623,"[0.6271125505592826, 0.39509046897884814, 0.0337031098966879, 0.5474070169977746, 0.6834592697185222, 0.18505923514259237, 0.36221058354220015, 0.9786510431073091, 0.486417413117444, 0.5144594703531451, 0.7543344600486004, 0.1493892267808572, 0.9935867745714204, 0.259760903373645]",51.0,51.0,67.0,9.2977,9.2977,16.2042,16.2042,24.8397,24.8397,False,0,3.7402,0.261696,2.9953,0.6271125505592826,1.5735802499699765,minus,True,1.3951976911940212,2.005310144673319,0.6101124534792977,True,True,1.0,True,100.0,99.29999999999973,0.0,True,[],0.2610823101909856,0.02716061131601567,0.0015425809275195121
60,4-6,283,4-6/r283,bo,2836.072160776608,"{""0"": {""K"": 0.0, ""B1"": 4241.058046690256, ""A1"": 4075.802015699286, ""A2"": 2900.8191197828087, ""A3"": 2414.2469723115946, ""A4"": 2099.3037717694597, ""B2"": 2638.8274049025526}}",3.7343,0.14082522434759798,0.2835124523534377,0.5850875476465623,"[0.609907991564862, 0.1871667365860451, 0.9120554939118829, 0.8765165625159755, 0.6238320687704965, 0.5191928972713107, 0.451463176724615, 0.5674897644951726, 0.03146893214299051, 0.9853462984413839, 0.33398232193272703, 0.12079431813574926, 0.2568231096625605, 0.17481825693066044]",17.0,17.0,118.0,4.6738,4.6738,14.0596,14.0596,6.4206,6.4206,False,0,3.7382,0.172878,2.9953,0.609907991564862,1.8320968779798386,plus,False,-2.1743220133068473,-2.0843100499081952,0.09001196339865203,True,True,1.0,True,100.0,165.19999999999982,0.0,True,[],0.20052783804217855,0.03993063078529184,0.00013439353117808265
61,4-6,283,4-6/r283,bo,3262.558666325199,"{""0"": {""K"": 0.0, ""B1"": 2588.1202465508663, ""A1"": 3950.7068450335387, ""A2"": 592.355780161446, ""A3"": 786.2500050125993, ""A4"": 1903.2668840967815, ""B2"": 1778.9265580365343}}",3.7343,0.1267478364842436,0.2835124523534377,0.5850875476465623,"[0.7016255196398277, 0.9624292247981457, 0.5565849992582508, 0.8496143752760298, 0.1273883398196658, 0.1690860225833547, 0.40930470625737236, 0.38256485119065253, 0.9889036066052763, 0.9775160868221334, 0.03057515339794059, 0.4249265301410131, 0.3811463544560809, 0.1232314463190064]",89.0,89.0,118.0,1.3363,1.3363,36.8695,36.8695,9.5287,9.5287,False,0,3.7371,0.124027,2.9953,0.7016255196398277,1.7122148144490181,minus,True,0.26833273138267977,1.534896272917244,1.2665635415345642,True,True,1.0,True,100.0,124.29999999999995,0.0,True,[],0.22492168993206324,0.036661979383728636,0.0004369526865724781
62,4-6,283,4-6/r283,bo,3226.4886748586678,"{""0"": {""K"": 0.0, ""B1"": 4384.294927407803, ""A1"": 1330.4632213513596, ""A2"": 3668.060921412734, ""A3"": 574.2910592198854, ""A4"": 4129.099757894834, ""B2"": 2770.4550552535434}}",3.7343,0.13946411340827394,0.2835124523534377,0.5850875476465623,"[0.6938685322276705, 0.11067359093447227, 0.942859124173721, 0.2861211228712601, 0.7888303056801579, 0.12350345359567427, 0.8879784425580287, 0.5957967860760308, 0.7186683127540411, 0.1744916598989834, 0.2531362029515727, 0.9008638451965615, 0.9075879788704407, 0.09035532476738473]",69.0,69.0,29.0,3.7845,3.7845,72.5648,72.5648,22.6897,22.6897,False,0,3.7363,0.0885,2.9953,0.6938685322276705,1.8739531577519142,plus,False,1.2564539845367724,0.5871991198242796,0.6692548647124927,True,True,1.0,True,100.0,255.20000000000027,0.0,True,[],0.17010762882430402,0.04627157892335817,5.462285266183154e-05
63,4-6,283,4-6/r283,bo,2983.9313192625596,"{""0"": {""K"": 0.0, ""B1"": 4508.9893515699405, ""A1"": 3287.703726000393, ""A2"": 2114.6018892607854, ""A3"": 910.0822208405644, ""A4"": 1472.4098397652212, ""B2"": 1738.0311299535117}}",3.7343,0.13881233447411137,0.2835124523534377,0.5850875476465623,"[0.6417056600564645, 0.016602010888048024, 0.9696751293698798, 0.7070330593549232, 0.45475309446468504, 0.19571660663237944, 0.3166472773688648, 0.3737701354738735, 0.17074272604325358, 0.35378815260429086, 0.7225344332340659, 0.94081922400024, 0.15621408193965447, 0.011283314285705948]",28.0,28.0,49.0,8.9479,8.9479,75.5614,75.5614,3.9054,3.9054,False,0,3.7346,0.013004,2.9953,0.6417056600564645,1.7378275530742004,plus,False,-0.3068367365560687,-0.5434717467603709,0.23663501020430222,True,True,1.0,True,100.0,141.0,0.0,True,[],0.19917881641084528,0.03704378408288051,6.42109752049207e-05
64,4-6,283,4-6/r283,bo,3013.4957427386557,"{""0"": {""K"": 0.0, ""B1"": 4494.531931571736, ""A1"": 3325.450598996487, ""A2"": 3129.450319690095, ""A3"": 97.58026900597947, ""A4"": 1900.9794462272625, ""B2"": 2349.954930013586}}",3.7343,0.18096427955333155,0.2835124523534377,0.5850875476465623,"[0.6480636005889582, 0.005420278368241882, 0.9665660067896206, 0.7151506664508573, 0.6730000687505581, 0.020985004087307413, 0.4088127841348952, 0.505366651615825, 0.6019714525524489, 0.5546100266880176, 0.8750919567547807, 0.9879149623660393, 0.44922315732992535, 0.434999063206295]",60.0,60.0,71.0,10.626,10.626,79.0936,79.0936,11.2306,11.2306,False,0,3.7441,0.434892,2.9953,0.6480636005889582,1.7861611864847209,plus,False,1.728805765718383,1.2948331838379055,0.4339725818804776,True,True,1.0,True,100.0,97.59999999999991,0.0,True,[],0.2127223530327868,0.04104646485103326,0.00037929311984515046
65,4-6,283,4-6/r283,bo,2882.881996718376,"{""0"": {""K"": 0.0, ""B1"": 2473.0392107702614, ""A1"": 248.20518179572954, ""A2"": 2243.8552817575505, ""A3"": 673.1232203906859, ""A4"": 1739.817449213938, ""B2"": 2357.0360045534185}}",3.7343,0.1806800453148993,0.2835124523534377,0.5850875476465623,"[0.6199746229501883, 0.9191726072212347, 0.5318363894129594, 0.053377458450694526, 0.482549522958613, 0.1447576818044486, 0.3741542901535351, 0.5068894633448212, 0.035994702991460126, 0.7482372678484933, 0.15193054999248246, 0.0298011144243453, 0.45535594806093915, 0.03656084597695797]",18.0,18.0,92.0,2.6712,2.6712,7.2351,7.2351,11.3839,11.3839,False,0,3.7351,0.035209,2.9953,0.6199746229501883,1.853854255604162,minus,True,0.9463896406043272,2.169858337366457,1.2234686967621298,True,True,1.0,True,100.0,113.19999999999999,0.0,True,[],0.21920095130639686,0.028771544410791845,4.448171633017559e-05
66,4-6,283,4-6/r283,bo,3214.7064131885486,"{""0"": {""K"": 0.0, ""B1"": 4075.4365744159054, ""A1"": 1552.2306803547117, ""A2"": 4245.4552442509, ""A3"": 974.3095871041564, ""A4"": 3967.9473428814995, ""B2"": 2370.080357053246}}",3.7343,0.18755232464573443,0.2835124523534377,0.5850875476465623,"[0.6913347125136664, 0.07245545001603337, 0.8764379729926678, 0.33381304953864765, 0.9130011277958926, 0.20952894346325945, 0.8533220092218279, 0.5096947004415583, 0.11357740069985955, 0.8426940020008289, 0.9051496682975276, 0.12518518575514315, 0.6363691151504068, 0.267686415725057]",24.0,24.0,103.0,10.9566,10.9566,14.3889,14.3889,15.9092,15.9092,False,0,3.7403,0.266137,2.9953,0.6913347125136664,1.9011608232094672,plus,False,0.698108355697993,-0.5133215118257236,1.2114298675237167,True,True,1.0,True,100.0,107.40000000000009,0.0,True,[],0.22488902667944283,0.03396160374296977,0.000272812241133647
67,4-6,283,4-6/r283,bo,3032.8774885021903,"{""0"": {""K"": 0.0, ""B1"": 124.82691205922139, ""A1"": 3073.9148932494, ""A2"": 4585.854355235693, ""A3"": 829.7484714421273, ""A4"": 1231.312792085817, ""B2"": 2317.154077876745}}",3.7343,0.21066828146382044,0.2835124523534377,0.5850875476465623,"[0.6522317179574603, 0.52914679325337, 0.026844497217036856, 0.6610569662901935, 0.9862052376850954, 0.1784405314929306, 0.2647984499109284, 0.4983127049197301, 0.6785955680488136, 0.6818411142855582, 0.5934981657944215, 0.11043060167184438, 0.8932045831033223, 0.025221423741671134]",66.0,66.0,85.0,7.5285,7.5285,13.2823,13.2823,22.3301,22.3301,False,0,3.7349,0.026327,2.9953,0.6522317179574603,1.6758624611446085,plus,False,1.8609736801110202,1.8170179161639841,0.04395576394703604,True,True,1.0,True,100.0,64.20000000000027,0.0,True,[],0.24659183534835294,0.028194107923135828,0.0005623249198829254
68,4-6,283,4-6/r283,bo,3081.002615332596,"{""0"": {""K"": 0.0, ""B1"": 1212.8098449084532, ""A1"": 4251.15593975141, ""A2"": 1159.0578176918636, ""A3"": 1059.0514176308689, ""A4"": 389.64971731659796, ""B2"": 2442.6975708801087}}",3.7343,0.19392563589968198,0.2835124523534377,0.5850875476465623,"[0.6625812075984078, 0.2565204858318373, 0.26081932148568887, 0.9142270838175076, 0.24925974574018572, 0.2277529930388965, 0.08379563813260171, 0.5253113055656148, 0.8308290250799063, 0.6532352174928796, 0.9389165796155332, 0.5967991599331215, 0.8658813958923621, 0.3687395709900735]",77.0,77.0,82.0,11.3281,11.3281,49.7599,49.7599,21.647,21.647,False,0,3.7426,0.368278,2.9953,0.6625812075984078,1.852276571601298,plus,False,1.8442863988583689,1.4463348771603108,0.39795152169805803,True,True,1.0,True,100.0,53.69999999999982,0.0,True,[],0.23655131041707336,0.03481373553978914,0.0007426158738720306
69,4-6,283,4-6/r283,bo,2905.236954986094,"{""0"": {""K"": 0.0, ""B1"": 1046.7233478535334, ""A1"": 3143.5673914654244, ""A2"": 3592.153499396434, ""A3"": 1060.741668486337, ""A4"": 3055.496935475973, ""B2"": 2440.3876818976737}}",3.7343,0.1471389593691569,0.2835124523534377,0.5850875476465623,"[0.6247821408572245, 0.3896805224224169, 0.225101795237319, 0.6760359981646074, 0.772506128902459, 0.22811648784652405, 0.6570961151561232, 0.5248145552468115, 0.318768231191662, 0.922840448572534, 0.5744494584973828, 0.12549385378588773, 0.46444577658213637, 0.11778876678079031]",39.0,39.0,112.0,7.3189,7.3189,14.412,14.412,11.6111,11.6111,False,0,3.737,0.119587,2.9953,0.6247821408572245,1.8047183167048786,plus,False,-0.6443108803520969,-1.1549482841551475,0.5106374038030506,True,True,1.0,True,100.0,14.0,0.0,True,[],0.22481427498133078,0.03270909224372221,0.00021141042112646723
70,4-6,283,4-6/r283,bo,3266.0962943857976,"{""0"": {""K"": 0.0, ""B1"": 1153.4956164531322, ""A1"": 4514.104877623406, ""A2"": 1045.1450253756523, ""A3"": 396.8013241296684, ""A4"": 1399.9742886789356, ""B2"": 2351.2686671274246}}",3.7343,0.25694948523456423,0.2835124523534377,0.5850875476465623,"[0.7023862998679135, 0.18261029037033638, 0.24806357343078111, 0.9707752424996571, 0.22476237104852737, 0.08533361809240181, 0.30106973950084637, 0.5056491757263278, 0.5052567385421542, 0.5285661934191231, 0.8622413183731835, 0.9875509169088127, 0.4344501735306997, 0.17313536106507244]",53.0,53.0,68.0,10.4847,10.4847,79.0663,79.0663,10.8613,10.8613,False,0,3.7382,0.172878,2.9953,0.7023862998679135,1.7858107407128383,plus,False,1.9518075789040652,0.787886402265005,1.1639211766390603,True,True,1.0,True,100.0,108.40000000000055,0.0,True,[],0.1856187804512166,0.04343583424863209,9.147179483036871e-05
71,4-6,283,4-6/r283,bo,3241.6756796235354,"{""0"": {""K"": 0.0, ""B1"": 3943.0904498196865, ""A1"": 125.98303216345748, ""A2"": 4011.7704485850377, ""A3"": 1602.81575660269, ""A4"": 1329.5013359809786, ""B2"": 2299.6721420577132}}",3.7343,0.14796713605750791,0.2835124523534377,0.5850875476465623,"[0.6971345547577495, 0.9527894746300388, 0.847976440821438, 0.02709312519644247, 0.8627463330290404, 0.3446915605597183, 0.285914265802361, 0.49455314882961576, 0.583799431232529, 0.3860290463888528, 0.15919645237829794, 0.9815709394142208, 0.5964987542405845, 0.030213797838309242]",59.0,59.0,52.0,2.7512,2.7512,78.6178,78.6178,14.9125,14.9125,False,0,3.735,0.030768,2.9953,0.6971345547577495,1.8059288555475521,plus,False,2.3907145600398367,1.2022786751561108,1.188435884883726,True,True,1.0,True,100.0,68.59999999999991,0.0,True,[],0.18959185167167347,0.0435267970300285,0.0001229461310040228
72,4-6,283,4-6/r283,bo,3101.405615420312,"{""0"": {""K"": 0.0, ""B1"": 1689.8647585696383, ""A1"": 609.2272291173603, ""A2"": 2187.6258588479195, ""A3"": 434.314279409909, ""A4"": 828.3792765312832, ""B2"": 2459.5086649351474}}",3.7343,0.10893797463840245,0.2835124523534377,0.5850875476465623,"[0.6669689495527553, 0.8810785576403682, 0.36341177603648134, 0.13101660841233553, 0.4704571739457891, 0.09340092030320624, 0.1781460809744695, 0.5289265946097091, 0.12433244181882042, 0.8256974841257939, 0.27035643123393416, 0.12016394304523326, 0.1649440468655443, 0.460906119348674]",24.0,24.0,101.0,3.9739,3.9739,14.0123,14.0123,4.1236,4.1236,False,0,3.7447,0.461537,2.9953,0.6669689495527553,1.8198423570317497,plus,False,2.000217189607076,0.9516138000918108,1.048603389515265,True,True,1.0,True,100.0,174.9000000000001,0.0,True,[],0.2196850216464129,0.031059132973536057,9.05391450398516e-05
73,4-6,283,4-6/r283,bo,3455.3989437392574,"{""0"": {""K"": 0.0, ""B1"": 781.8912631396751, ""A1"": 1052.405118345641, ""A2"": 287.14885468130484, ""A3"": 426.84216490246627, ""A4"": 2309.518949883234, ""B2"": 2461.189928051371}}",3.7343,0.12938666067915278,0.2835124523534377,0.5850875476465623,"[0.7430965470407005, 0.44897148134435716, 0.16814865873971507, 0.22632368136465397, 0.06175244186694728, 0.09179401395751963, 0.49667074191037297, 0.5292881565701874, 0.5572683888768105, 0.5358596510912466, 0.17413474820930075, 0.6090817561328401, 0.834114251365501, 0.06036099332918354]",57.0,57.0,69.0,2.9155,2.9155,50.6811,50.6811,20.8529,20.8529,False,0,3.7357,0.061855,2.9953,0.7430965470407005,1.4697425159992825,plus,False,2.0788745651293845,0.9878095497721269,1.0910650153572576,True,True,1.0,True,100.0,139.69999999999982,0.0,True,[],0.1767042268558432,0.048012717708261266,0.00011824812772715887
74,4-6,283,4-6/r283,bo,2982.0342339117055,"{""0"": {""K"": 0.0, ""B1"": 2726.363698279215, ""A1"": 4647.5042746693825, ""A2"": 1367.425274095388, ""A3"": 1867.2166949994498, ""A4"": 2012.7181009445383, ""B2"": 2163.998966854066}}",3.7343,0.12461208580794986,0.2835124523534377,0.5850875476465623,"[0.6412976847121947, 0.758167524564946, 0.5863147738234871, 0.999463284875136, 0.294069951418363, 0.40155197741923654, 0.4328426023536641, 0.46537612190410027, 0.9466177985438103, 0.05443171654312129, 0.3418161964455636, 0.15278859168490888, 0.03740810416519935, 0.4899150149366994]",86.0,86.0,16.0,4.76,4.76,16.4591,16.4591,0.9352,0.9352,False,0,3.7453,0.488183,2.9953,0.6412976847121947,1.6094638130579364,minus,True,-0.7139634723673218,0.12200284999645533,0.8359663223637772,True,True,1.0,True,100.0,2.5,0.0,True,[],0.16122984027668358,0.04888379332124191,5.0803784367118654e-05
75,4-6,283,4-6/r283,bo,3218.0097642519077,"{""0"": {""K"": 0.0, ""B1"": 2098.425952466104, ""A1"": 2009.357991870407, ""A2"": 734.8804343748301, ""A3"": 736.2737789254155, ""A4"": 1866.9979457680456, ""B2"": 2311.063345287755}}",3.7343,0.15927541387843544,0.2835124523534377,0.5850875476465623,"[0.6920451105918081, 0.282678225216782, 0.4512743983798073, 0.43211999825170044, 0.1580388030913613, 0.15833844708073452, 0.40150493457377323, 0.49700286995435594, 0.190886364339507, 0.006305518595692838, 0.21702575212012098, 0.11330096686366442, 0.89213547977742, 0.2947874361149454]",29.0,29.0,11.0,3.3873,3.3873,13.4976,13.4976,22.3034,22.3034,False,0,3.7409,0.292782,2.9953,0.6920451105918081,1.6075358462231568,plus,False,1.027985758290542,-0.0829380518760374,1.1109238101665795,True,True,1.0,True,100.0,1.400000000000091,0.0,True,[],0.2135471362153354,0.03891017054398703,0.00028465338730682
76,4-6,283,4-6/r283,bo,3146.3683528828014,"{""0"": {""K"": 0.0, ""B1"": 443.1213701928411, ""A1"": 987.863891571323, ""A2"": 355.73230379160844, ""A3"": 798.9322742564916, ""A4"": 90.80534607435737, ""B2"": 2313.370039306586}}",3.7343,0.10972992580636595,0.2835124523534377,0.5850875476465623,"[0.676638355458667, 0.17739786385794432, 0.09529491832104109, 0.2124438476497469, 0.07650157070787278, 0.171813392313224, 0.019528031413840297, 0.497498933184212, 0.646210695235445, 0.6220632974502546, 0.5741195243032686, 0.4798869438464274, 0.46338979761216315, 0.13078695410865515]",63.0,63.0,78.0,7.3153,7.3153,40.9915,40.9915,11.5847,11.5847,False,0,3.7373,0.132909,2.9953,0.676638355458667,1.6533475792074905,plus,False,1.9904683955149394,0.9677137826044793,1.02275461291046,True,True,1.0,True,100.0,87.40000000000009,0.0,True,[],0.20745553183871712,0.04097384362743661,0.0002648200387978983
77,4-6,283,4-6/r283,bo,3099.2088982459445,"{""0"": {""K"": 0.0, ""B1"": 1951.9560523381829, ""A1"": 998.9998593773065, ""A2"": 319.3944448517752, ""A3"": 3554.4503267993186, ""A4"": 1231.0320757493457, ""B2"": 2410.554557343168}}",3.7343,0.2526420011112406,0.2835124523534377,0.5850875476465623,"[0.6664965372571924, 0.7919853001696066, 0.4197754951264909, 0.2148386794359799, 0.06868697738747853, 0.764397919741789, 0.2647380808063109, 0.5183988295361652, 0.5022818748985421, 0.8956959913265805, 0.5209487125637299, 0.7927861662535451, 0.10723304726026228, 0.1898890118692832]",53.0,53.0,109.0,6.7304,6.7304,64.459,64.459,2.6808,2.6808,False,0,3.7386,0.190641,2.9953,0.6664965372571924,1.8813817316254224,plus,False,2.457177329706489,1.6122863288725742,0.8448910008339148,True,True,1.0,True,100.0,232.0,0.0,True,[],0.23421088328860132,0.03677484889729299,0.0008297324388380888
78,4-6,283,4-6/r283,bo,3127.9464257461204,"{""0"": {""K"": 0.0, ""B1"": 2345.1178110771475, ""A1"": 4574.941655490505, ""A2"": 2274.306550429757, ""A3"": 1602.3491591912866, ""A4"": 1269.252395014024, ""B2"": 3274.4356280332113}}",3.7343,0.09125595172543541,0.2835124523534377,0.5850875476465623,"[0.6726766506980905, 0.37473465784892246, 0.5043264109843328, 0.9838584205355924, 0.4890981828881198, 0.3445912170303842, 0.27295750430409116, 0.7041797049533788, 0.06753235877226493, 0.8320693211528549, 0.030340678628809736, 0.37685763769580416, 0.12475793479067843, 0.09979974598141794]",20.0,20.0,102.0,1.3337,1.3337,33.2643,33.2643,3.1189,3.1189,False,0,3.7366,0.101823,2.9953,0.6726766506980905,1.8783312339448404,plus,False,-0.25079978218832444,-0.5629070429064634,0.312107260718139,True,True,1.0,True,100.0,70.80000000000007,0.0,True,[],0.2311601732372192,0.03679921961940265,0.0006822290891643659
79,4-6,283,4-6/r283,bo,3153.5780218597943,"{""0"": {""K"": 0.0, ""B1"": 2983.9428863168782, ""A1"": 3061.7322739423153, ""A2"": 3239.470754568315, ""A3"": 665.6041953183499, ""A4"": 1155.2561491296879, ""B2"": 2566.806491828072}}",3.7343,0.23434655120439551,0.2835124523534377,0.5850875476465623,"[0.6781888219053321, 0.06934413858045707, 0.6417081475950276, 0.6584370481596377, 0.6966603773265193, 0.14314068716523654, 0.248442182608535, 0.5520013960920584, 0.5423378702374384, 0.3719789142660601, 0.9098059793102902, 0.27378877363469245, 0.6020602909252196, 0.1679954142432306]",56.0,56.0,51.0,11.0079,11.0079,25.5342,25.5342,15.0515,15.0515,False,0,3.7381,0.168437,2.9953,0.6781888219053321,1.5914241364407449,plus,False,0.3752882360748795,0.10119628593798838,0.27409195013689114,True,True,1.0,True,100.0,77.79999999999995,0.0,True,[],0.24580150541616336,0.030441357919133223,0.0007638909675102279
80,4-6,283,4-6/r283,bo,2859.1368874250275,"{""0"": {""K"": 0.0, ""B1"": 3060.179492458786, ""A1"": 2013.4039123344558, ""A2"": 2265.790450638423, ""A3"": 593.1068162166698, ""A4"": 2257.2905476388114, ""B2"": 2236.1334154944298}}",3.7343,0.1856513297661864,0.2835124523534377,0.5850875476465623,"[0.6148681478333392, 0.4630003814837972, 0.6581031166578035, 0.4329900886740765, 0.48726676357815546, 0.12754985294982146, 0.48543882744920674, 0.4808889065579419, 0.11111186720995303, 0.7896169251759121, 0.7694430610747482, 0.5752468731307511, 0.40512724687634905, 0.09894709591471718]",23.0,23.0,97.0,9.4639,9.4639,48.1435,48.1435,10.1282,10.1282,False,0,3.7365,0.097382,2.9953,0.6148681478333392,1.793597696058697,minus,True,-0.30189896849477665,0.7721391701988713,1.074038138693648,True,True,1.0,True,100.0,8.5,0.0,True,[],0.16258370105656056,0.05287250316542362,0.00011400663391892955
81,4-6,283,4-6/r283,bo,3228.1903730494923,"{""0"": {""K"": 0.0, ""B1"": 4476.622475057431, ""A1"": 2070.74590586228, ""A2"": 369.80940411007833, ""A3"": 4425.680237701724, ""A4"": 1267.1385980748573, ""B2"": 2391.332426223287}}",3.7343,0.22215595156717438,0.2835124523534377,0.5850875476465623,"[0.6942344888278478, 0.4212936579224327, 0.962714510765039, 0.4453217001854365, 0.07952890410969427, 0.9517591909035965, 0.2725029243171736, 0.514265037897481, 0.640513417285268, 0.554730186600315, 0.9852156120913838, 0.26666395338077675, 0.22107141907453465, 0.10724849594353436]",63.0,63.0,71.0,11.8374,11.8374,24.9998,24.9998,5.5268,5.5268,False,0,3.7367,0.106264,2.9953,0.6942344888278478,1.850031331732815,plus,False,1.9489754889873383,0.7418645171443078,1.2071109718430306,True,True,1.0,True,100.0,50.90000000000009,0.0,True,[],0.2347390297931875,0.03354789815199434,0.0005400143113559
82,4-6,283,4-6/r283,bo,3141.738565572363,"{""0"": {""K"": 0.0, ""B1"": 2247.947665731904, ""A1"": 4461.908556179475, ""A2"": 4232.79517492187, ""A3"": 4615.898449018973, ""A4"": 1412.4206745055844, ""B2"": 2424.7584051489157}}",3.7343,0.21351509979303196,0.2835124523534377,0.5850875476465623,"[0.6756427022736264, 0.541077841376762, 0.4834296055337428, 0.9595502271353711, 0.9102785322412624, 0.9926663331223599, 0.30374638161410417, 0.5214534204621324, 0.46389909032069987, 0.9413799069549039, 0.2352684930225737, 0.9863997439834773, 0.4123570174719814, 0.0761981259887724]",50.0,50.0,114.0,3.588,3.588,78.98,78.98,10.3089,10.3089,False,0,3.736,0.075177,2.9953,0.6756427022736264,1.7673663840753207,plus,False,0.0014613235889852083,-1.0188744547464692,1.0203357783354545,True,True,1.0,True,100.0,34.09999999999991,0.0,True,[],0.2251664954703901,0.04658019114876401,0.0014702358745040615
83,4-6,283,4-6/r283,bo,3156.168721229651,"{""0"": {""K"": 0.0, ""B1"": 3238.2609063735163, ""A1"": 2637.813052005577, ""A2"": 199.69711912982777, ""A3"": 882.4188343639097, ""A4"": 1156.7939673544843, ""B2"": 2400.276917216434}}",3.7343,0.07161949388255857,0.2835124523534377,0.5850875476465623,"[0.6787459615547636, 0.11943693104130504, 0.6964001949190357, 0.5672716240872209, 0.04294561701716726, 0.18976749126105585, 0.24877289620526544, 0.5161885843476202, 0.7963925057190703, 0.7515948538122417, 0.17762392975554708, 0.01531300651471279, 0.8134608898802015, 0.27006674386654483]",75.0,75.0,93.0,2.9539,2.9539,6.1485,6.1485,20.3365,20.3365,False,0,3.7404,0.270578,2.9953,0.6787459615547636,1.7247732993437408,minus,True,1.4286282601279086,2.482429696766707,1.0538014366387987,True,True,1.0,True,100.0,199.70000000000027,0.0,True,[],0.22297095189574545,0.03350218883198526,0.00021338654846049672
84,4-6,283,4-6/r283,bo,3175.5162664975505,"{""0"": {""K"": 0.0, ""B1"": 2893.371678517898, ""A1"": 2391.437057132708, ""A2"": 2279.245686130752, ""A3"": 3224.3643273323823, ""A4"": 4298.153823147717, ""B2"": 2272.730216670816}}",3.7343,0.05315972222222222,0.2835124523534377,0.5850875476465623,"[0.6829067239779678, 0.44823270957154426, 0.6222304684984727, 0.5142875391683244, 0.49016036260876383, 0.6934116832972865, 0.9243341555156381, 0.4887591863808206, 0.4652002202567297, 0.6682444878861677, 0.15648141314189434, 0.7890464990975794, 0.07107965698559005, 0.46628261265640636]",50.0,50.0,84.0,2.7213,2.7213,64.1785,64.1785,1.777,1.777,False,0,3.7448,0.465978,2.9953,0.6829067239779678,1.8235601719222887,plus,False,-2.261035286812585,-2.079539650123842,0.18149563668874302,True,True,1.0,True,100.0,6.599999999999909,0.0,True,[],0.2278125892505116,0.041556100198735214,0.001009972539716884
85,4-6,283,4-6/r283,bo,3258.249338442097,"{""0"": {""K"": 0.0, ""B1"": 2480.478288566226, ""A1"": 1993.5005958860106, ""A2"": 1336.4599857257792, ""A3"": 1308.7096741343255, ""A4"": 3727.100967905939, ""B2"": 2366.698582479359}}",3.7343,0.2992743865009365,0.2992743865009365,0.5693256134990635,"[0.700698782460666, 0.23144824781987172, 0.533436191089511, 0.428709805566884, 0.28741074961844715, 0.2814429406740485, 0.801527089872245, 0.5089674370923353, 0.667384029032952, 0.6895110848168942, 0.5395486306427228, 0.968270137791202, 0.0027927114935230035, 0.06989992709390946]",65.0,65.0,86.0,6.935,6.935,77.6203,77.6203,0.0698,0.0698,False,0,3.7359,0.070736,2.9953,0.700698782460666,1.910462609806212,minus,True,-1.4012725735455063,-0.4382273591841064,0.9630452143613999,True,True,1.0,True,100.0,27.699999999999818,0.0,True,[],0.23167884897611105,0.03747959739347791,0.0007738491488231947
86,4-6,283,4-6/r283,bo,3433.886104032543,"{""0"": {""K"": 0.0, ""B1"": 2697.16349372348, ""A1"": 1928.9995807916264, ""A2"": 320.2004897337827, ""A3"": 3399.422550221401, ""A4"": 3697.150414524078, ""B2"": 2918.694232082013}}",3.7343,0.10151664643123587,0.2992743865009365,0.5693256134990635,"[0.7384701298994716, 0.23787642025288147, 0.5800351599405333, 0.41483861952508094, 0.0688603203728565, 0.7310586129508388, 0.7950861106503393, 0.6276761789423684, 0.9790205657849926, 0.2861403548143995, 0.05690797029161887, 0.6105284740733632, 0.5952960056771114, 0.4788309113403796]",88.0,88.0,41.0,1.626,1.626,50.7896,50.7896,14.8824,14.8824,False,0,3.7451,0.479301,2.9953,0.7384701298994716,1.814716006557317,plus,False,1.125781253205028,0.8948495623616841,0.23093169084334386,True,True,1.0,True,100.0,221.5999999999999,0.0,True,[],0.18685815988931798,0.05978363102835183,0.00044634141712639446
87,4-6,283,4-6/r283,bo,3317.8604039279817,"{""0"": {""K"": 0.0, ""B1"": 645.0641864386545, ""A1"": 2094.5849140806595, ""A2"": 2025.7700639875175, ""A3"": 1069.9002742583377, ""A4"": 3736.8802540105607, ""B2"": 2470.102474241217}}",3.7343,0.12482168913107222,0.2992743865009365,0.5693256134990635,"[0.7135183664361251, 0.014355195648229402, 0.13872348095454934, 0.45044836861949666, 0.43564947612634786, 0.23008608048566404, 0.8036301621528088, 0.5312048331701542, 0.49981842066380877, 0.8282202622063393, 0.8002656681034538, 0.6702081305072288, 0.35046068300081923, 0.4507371643432987]",52.0,52.0,101.0,9.8029,9.8029,55.2656,55.2656,8.7615,8.7615,False,0,3.7445,0.452656,2.9953,0.7135183664361251,1.821363399286278,plus,False,1.2731101477687714,0.3663352615483466,0.9067748862204248,True,True,1.0,True,100.0,68.79999999999995,0.0,True,[],0.21654855452199107,0.05236087721336965,0.0008040120701876519
88,4-6,283,4-6/r283,bo,3193.9287292465838,"{""0"": {""K"": 0.0, ""B1"": 1730.735754050428, ""A1"": 1967.3734851679096, ""A2"": 4002.4060515700457, ""A3"": 454.9488908630578, ""A4"": 3620.6454322050486, ""B2"": 2392.2188753400706}}",3.7343,0.14844975939007896,0.2992743865009365,0.5693256134990635,"[0.6868663933863621, 0.5821515922694879, 0.3722012374301996, 0.42309107207912033, 0.860732484208612, 0.09783847115334576, 0.7786334262806556, 0.5144556721161442, 0.8525114406072056, 0.20966367845047207, 0.5265153310218834, 0.8828327519861943, 0.15890460729114253, 0.6074167785814176]",79.0,79.0,33.0,6.7917,6.7917,71.2125,71.2125,3.9726,3.9726,False,0,3.748,0.608088,2.9953,0.6868663933863621,1.7854776877987342,plus,False,1.9159791249008693,0.8736408668966426,1.0423382580042269,True,True,1.0,True,100.0,236.60000000000002,0.0,True,[],0.20589630582365775,0.055136497772235754,0.0006503168100900941
89,4-6,283,4-6/r283,bo,3318.042032336174,"{""0"": {""K"": 0.0, ""B1"": 2490.977380791024, ""A1"": 965.7300967667834, ""A2"": 3234.1895821438434, ""A3"": 1757.8116444376737, ""A4"": 1297.8089025433949, ""B2"": 1823.4868905665248}}",3.7343,0.08242377796446548,0.2992743865009365,0.5693256134990635,"[0.7135574263088547, 0.31061879917751367, 0.5356940603851665, 0.2076838917778029, 0.6955246413212567, 0.37802400955648896, 0.27909868871900967, 0.39214771840140317, 0.7296605799001847, 0.924262974278046, 0.9265681431781517, 0.8218347175195412, 0.948614979523223, 0.24878845542755512]",70.0,70.0,112.0,11.1922,11.1922,66.6376,66.6376,23.7154,23.7154,False,0,3.7399,0.248373,2.9953,0.7135574263088547,1.8501121015197273,plus,False,-0.23325410605066751,-0.15774029750894278,0.07551380854172474,True,True,1.0,True,100.0,65.60000000000002,0.0,True,[],0.1391657402178999,0.06212278548756283,5.8073261580754735e-05
90,4-6,283,4-6/r283,bo,3259.1778965507783,"{""0"": {""K"": 0.0, ""B1"": 4384.242588375587, ""A1"": 4083.3874309287658, ""A2"": 1057.2471872190085, ""A3"": 80.85360416281966, ""A4"": 2119.5740982332877, ""B2"": 2387.0542304432015}}",3.7343,0.23384750588103992,0.2992743865009365,0.5693256134990635,"[0.7008984723765115, 0.6577276951332494, 0.942847868467868, 0.8781478346083367, 0.2273649864987115, 0.01738787186297197, 0.45582238671683606, 0.5133449957942369, 0.1295226617314703, 0.749082605111486, 0.13787790070767703, 0.47463305978971504, 0.6268435307510712, 0.021976474200223084]",25.0,25.0,92.0,2.5167,2.5167,40.5975,40.5975,15.6711,15.6711,False,0,3.7348,0.021886,2.9953,0.7008984723765115,1.7732709264860562,plus,False,2.5052355913589563,1.441473416532268,1.0637621748266883,True,True,1.0,True,100.0,80.80000000000018,0.0,True,[],0.14876828188536448,0.060866147910928606,7.914300128273894e-05
91,4-6,283,4-6/r283,bo,3198.9664897343046,"{""0"": {""K"": 0.0, ""B1"": 4163.48925447885, ""A1"": 4520.778173029138, ""A2"": 974.4273436250844, ""A3"": 4273.012962653927, ""A4"": 2484.4889071893235, ""B2"": 2560.092786556431}}",3.7343,0.1372796330181083,0.2992743865009365,0.5693256134990635,"[0.6879497827385601, 0.24235879357242196, 0.8953740332212581, 0.9722103597912124, 0.20955426744625472, 0.9189275188503069, 0.5342986897181341, 0.5505575885067593, 0.2915041090379976, 0.726086295925348, 0.4928707541657792, 0.16784777181909227, 0.3388995914461399, 0.43480859695157015]",37.0,37.0,90.0,6.4216,6.4216,17.5886,17.5886,8.4725,8.4725,False,0,3.7441,0.434892,2.9953,0.6879497827385601,1.6340294424601778,plus,False,0.6478898650685194,-0.3151124355442483,0.9630023006127677,True,True,1.0,True,100.0,75.59999999999991,0.0,True,[],0.19834867667151354,0.04954840881264534,0.00021674158738222674
92,4-6,283,4-6/r283,bo,3324.5497982907564,"{""0"": {""K"": 0.0, ""B1"": 4399.604516544757, ""A1"": 3801.340185171531, ""A2"": 1040.2510271271387, ""A3"": 2857.6888624186845, ""A4"": 3726.0337194825806, ""B2"": 2226.6190734654724}}",3.7343,0.20630831842682645,0.2992743865009365,0.5693256134990635,"[0.7149569458689798, 0.8905894588458229, 0.9461515089343563, 0.8174925129401143, 0.22370989830691157, 0.6145567446061687, 0.8012975740822754, 0.47884281149795105, 0.8257619414150317, 0.9907545970539027, 0.7381089833154842, 0.281046884419195, 0.09562512695265013, 0.2631941271427064]",77.0,77.0,119.0,9.1192,9.1192,26.0785,26.0785,2.3906,2.3906,False,0,3.7402,0.261696,2.9953,0.7149569458689798,1.8418570722451726,plus,False,-0.8054026727125803,-1.2209069822546452,0.41550430954206496,True,True,1.0,True,100.0,75.30000000000018,0.0,True,[],0.21280513241224197,0.047847877095360515,0.0003889988130172618
93,4-6,283,4-6/r283,bo,3035.9681248184556,"{""0"": {""K"": 0.0, ""B1"": 3449.545650607404, ""A1"": 4117.676533008164, ""A2"": 2142.2803607691203, ""A3"": 222.72065118076043, ""A4"": 2374.359244378254, ""B2"": 2541.0167497342904}}",3.7343,0.23646284931701442,0.2992743865009365,0.5693256134990635,"[0.6528963709287001, 0.3754119503776665, 0.7418377743241729, 0.8855218350555192, 0.4607054539288431, 0.047896914232421595, 0.5106148912641406, 0.5464552149966216, 0.7465075957264097, 0.37946294444957984, 0.7682110830501562, 0.8223874509407422, 0.3092075713070458, 0.6407806507011844]",71.0,71.0,52.0,9.4503,9.4503,66.6791,66.6791,7.7302,7.7302,False,0,3.7487,0.639174,2.9953,0.6528963709287001,1.753787276128425,plus,False,1.6832954338517663,1.5114051293614987,0.17189030449026754,True,True,1.0,True,100.0,166.70000000000005,0.0,True,[],0.1411426487412588,0.061947101616448966,6.270190053397071e-05
94,4-6,283,4-6/r283,bo,3331.5706013678755,"{""0"": {""K"": 0.0, ""B1"": 237.06916242837642, ""A1"": 4099.575309881308, ""A2"": 1795.2683945557226, ""A3"": 4531.774503049782, ""A4"": 2227.3029616858043, ""B2"": 2186.890485409195}}",3.7343,0.08106229861448078,0.2992743865009365,0.5693256134990635,"[0.7164667959930915, 0.8708434901604745, 0.05098261557599493, 0.8816290988992062, 0.38607922463563926, 0.9745751619461896, 0.4789898842335063, 0.470299029120257, 0.057425976948833446, 0.17772641241329523, 0.29676908103500044, 0.939700820830525, 0.3467434816828068, 0.07386235540229735]",19.0,19.0,30.0,4.2645,4.2645,75.4776,75.4776,8.6686,8.6686,False,0,3.736,0.075177,2.9953,0.7164667959930915,1.7996725017276536,minus,True,0.8489899277279365,1.7575037124037942,0.9085137846758577,True,True,1.0,True,100.0,40.39999999999998,0.0,True,[],0.20116608086758833,0.05220198426954617,0.00036572669623820145
95,4-6,283,4-6/r283,bo,3068.8271895372654,"{""0"": {""K"": 0.0, ""B1"": 1910.6830714844061, ""A1"": 2360.42669379515, ""A2"": 3537.2023983570557, ""A3"": 3197.581077156343, ""A4"": 684.3382005254725, ""B2"": 2514.869916917796}}",3.7343,0.175974594715597,0.2992743865009365,0.5693256134990635,"[0.659962836459627, 0.6510830442691278, 0.41089958526546366, 0.507618643826914, 0.7606886878187217, 0.6876518445497511, 0.14716950548934893, 0.5408322401973755, 0.2747430525824798, 0.9550527864201617, 0.6434430748754365, 0.30693666795116736, 0.5681384955677701, 0.03498455278967705]",36.0,36.0,115.0,8.0779,8.0779,28.0203,28.0203,14.2035,14.2035,False,0,3.7351,0.035209,2.9953,0.659962836459627,1.7956541776003483,plus,False,0.6149306064190164,0.35395878397040303,0.2609718224486134,True,True,1.0,True,100.0,154.4000000000001,0.0,True,[],0.1988517054672273,0.049815939804233905,0.00023218516087926953
96,4-6,283,4-6/r283,bo,3168.846067803157,"{""0"": {""K"": 0.0, ""B1"": 4508.794242146868, ""A1"": 621.1646465405324, ""A2"": 2045.0331444678498, ""A3"": 2904.07676084397, ""A4"": 4446.05140842617, ""B2"": 2535.772800170944}}",3.7343,0.10395550450047344,0.2992743865009365,0.5693256134990635,"[0.6814722726458402, 0.510071858796033, 0.9696331703541651, 0.1335837949549532, 0.4397920740791075, 0.6245326367406387, 0.9561400878335851, 0.5453274839077299, 0.8358734654047546, 0.35115057370821157, 0.3032647667794778, 0.846360454959131, 0.5412167164984141, 0.5348806295853923]",78.0,78.0,49.0,4.3359,4.3359,68.477,68.477,13.5304,13.5304,False,0,3.7464,0.537033,2.9953,0.6814722726458402,1.7775517819443962,plus,False,0.4278039194257999,0.2586348910878424,0.1691690283379575,True,True,1.0,True,100.0,62.69999999999982,0.0,True,[],0.21479178666613546,0.04530442182952941,0.0003049859550940592
97,4-6,283,4-6/r283,bo,2479.062612296829,"{""0"": {""K"": 0.0, ""B1"": 1090.905415867081, ""A1"": 4161.710380199704, ""A2"": 106.4553558867062, ""A3"": 4351.068095538858, ""A4"": 2342.5031532830603, ""B2"": 2519.3121076166854}}",3.7343,0.15222597802617369,0.2992743865009365,0.5693256134990635,"[0.5331317445799632, 0.6464496962694262, 0.23460331524023248, 0.8949914796128395, 0.022893624921872302, 0.9357135689330878, 0.5037641189856044, 0.5417875500250936, 0.91287642127422, 0.44781929706150714, 0.8433806325812292, 0.3797379699956951, 0.5322386640732893, 0.9130155541876787]",83.0,83.0,59.0,10.2772,10.2772,33.4803,33.4803,13.306,13.306,False,0,3.7549,0.914511,2.9953,0.5331317445799632,1.6864875266675137,plus,False,2.1079759981886625,1.830373087873597,0.27760291031506545,True,True,1.0,True,100.0,106.40000000000009,0.0,True,[],0.1436975127213029,0.06234915389101667,7.635127262387595e-05
98,4-6,283,4-6/r283,bo,3495.6029191997336,"{""0"": {""K"": 0.0, ""B1"": 4402.384986679032, ""A1"": 4581.6184942068785, ""A2"": 631.410642120788, ""A3"": 2798.4040082900437, ""A4"": 1363.2056291691993, ""B2"": 2224.337821976807}}",3.7343,0.22817103763706767,0.2992743865009365,0.5693256134990635,"[0.7517425632687599, 0.5366672150881344, 0.9467494595008672, 0.9852942998294363, 0.13578723486468558, 0.6018073136107621, 0.293162500896602, 0.47835221977995845, 0.27070490557696214, 0.8156648811757415, 0.5409104526769546, 0.46176697634856145, 0.4103312356487103, 0.4367942989675523]",35.0,35.0,100.0,6.95,6.95,39.6325,39.6325,10.2583,10.2583,False,0,3.7441,0.434892,2.9953,0.7517425632687599,1.6736398913527468,plus,False,0.5662223692741432,0.22092841427496612,0.34529395499917703,True,True,1.0,True,100.0,68.40000000000009,0.0,True,[],0.158635395120308,0.060526527066022955,0.00012557648523327486
99,4-6,283,4-6/r283,bo,3202.3406448178353,"{""0"": {""K"": 0.0, ""B1"": 1733.3933089533625, ""A1"": 4401.355655564361, ""A2"": 862.0066672506837, ""A3"": 1152.462798022297, ""A4"": 1359.4182864566903, ""B2"": 2338.2374389712622}}",3.7343,0.19653415841403346,0.2992743865009365,0.5693256134990635,"[0.6886754074877065, 0.4932868866955359, 0.37277275461362636, 0.9465280979708303, 0.18537777790337284, 0.2478414619402789, 0.29234801859283666, 0.5028467610690887, 0.3315199425328663, 0.8485969028190471, 0.1556182655228845, 0.12397043968567256, 0.1867314382441938, 0.07651929155897585]",40.0,40.0,103.0,2.7118,2.7118,14.2978,14.2978,4.6683,4.6683,False,0,3.736,0.075177,2.9953,0.6886754074877065,1.701046227074987,plus,False,1.2902497948407432,0.3144373987126448,0.9758123961280984,True,True,1.0,True,100.0,207.0,0.0,True,[],0.24909109177030214,0.048277414019577386,0.002459524671705184
100,4-6,283,4-6/r283,bo,2796.469296263978,"{""0"": {""K"": 0.0, ""B1"": 1017.4295581444067, ""A1"": 2495.89887913861, ""A2"": 3972.802397429105, ""A3"": 1878.3269751710402, ""A4"": 2400.75966548516, ""B2"": 2462.072834358111}}",3.7343,0.07912957356231268,0.2992743865009365,0.5693256134990635,"[0.6013912465083824, 0.3668298942644077, 0.21880205551492615, 0.5367524471265828, 0.8543661069740011, 0.4039412849830194, 0.5162924011796043, 0.5294780288942174, 0.9313888097650884, 0.6343903697097204, 0.33054515209334645, 0.641367051572271, 0.006821606516666856, 0.2811382674647477]",85.0,85.0,80.0,4.636,4.636,53.1025,53.1025,0.1705,0.1705,False,0,3.7406,0.27946,2.9953,0.6013912465083824,1.7168950582247617,minus,True,-0.806392898763909,-0.10130038008665637,0.7050925186772525,True,True,1.0,True,100.0,33.89999999999998,0.0,True,[],0.16790964691945445,0.05719890488656883,0.00012519008789224
101,4-6,283,4-6/r283,bo,3307.98342782053,"{""0"": {""K"": 0.0, ""B1"": 2143.0857534804845, ""A1"": 3160.472674922407, ""A2"": 2990.4818980330715, ""A3"": 3678.918379305649, ""A4"": 2539.654634334856, ""B2"": 2448.1532997186996}}",3.7343,0.0813810061874196,0.2992743865009365,0.5693256134990635,"[0.7113942855528022, 0.5104219753024408, 0.46087865666246974, 0.679671542994066, 0.6431143866737788, 0.7911652428614299, 0.5461622869537325, 0.5264845805846666, 0.9807345761161959, 0.7972848527949301, 0.5265123019698792, 0.7275523959578957, 0.2987530676626955, 0.18130924879521526]",89.0,89.0,98.0,6.7916,6.7916,59.5664,59.5664,7.4688,7.4688,False,0,3.7384,0.181759,2.9953,0.7113942855528022,1.7847523896526414,plus,False,-2.202027728929002,-2.069968426439357,0.13205930248964481,True,True,1.0,True,100.0,91.5,0.0,True,[],0.22444454589400376,0.04915613874088125,0.0008441156534622542
102,4-6,283,4-6/r283,bo,3442.4686344119486,"{""0"": {""K"": 0.0, ""B1"": 3244.352401248821, ""A1"": 3014.48770742622, ""A2"": 1335.2884932715558, ""A3"": 2126.4698809382876, ""A4"": 446.3484663391263, ""B2"": 2150.9977719791627}}",3.7343,0.03954545454545454,0.2992743865009365,0.5693256134990635,"[0.7403158353574083, 0.0389051291086705, 0.6977101938169508, 0.6482769263282193, 0.2871588157573238, 0.4573053507394167, 0.09598891749228522, 0.46258016601702423, 0.3716321558356581, 0.4729196971780928, 0.4691949590602458, 0.2789702412196897, 0.3540183282942929, 0.8354474028345924]",43.0,43.0,62.0,6.1611,6.1611,25.9228,25.9228,8.8505,8.8505,False,0,3.7531,0.834575,2.9953,0.7403158353574083,1.8550126968955745,minus,True,1.2635878742507274,1.7769438464662912,0.5133559722155638,True,True,1.0,True,100.0,24.600000000000023,0.0,True,[],0.18313998520987068,0.05287496200274136,0.0001502441970320156
103,4-6,283,4-6/r283,bo,3294.7257782161755,"{""0"": {""K"": 0.0, ""B1"": 1703.387271676489, ""A1"": 1936.4701912384228, ""A2"": 943.3516528713249, ""A3"": 257.1214253208401, ""A4"": 3800.616899410496, ""B2"": 2410.2965638653322}}",3.7343,0.13950299756224627,0.2992743865009365,0.5693256134990635,"[0.7085431781110055, 0.9170361281398076, 0.366319843371288, 0.4164452024168651, 0.2028713231981344, 0.05529493017652476, 0.8173369676151604, 0.5183433470678134, 0.05760466994028346, 0.9273369396714973, 0.44963030998705944, 0.5050196887797483, 0.4001604362110789, 0.3317662407645856]",19.0,19.0,112.0,5.9459,5.9459,42.8765,42.8765,10.004,10.004,False,0,3.7418,0.332751,2.9953,0.7085431781110055,1.7990289205916752,plus,False,2.7314934155890587,1.4551460483751237,1.276347367213935,True,True,1.0,True,100.0,233.10000000000002,0.0,True,[],0.18404400012624997,0.059096581420005546,0.000362578732675041
104,4-6,283,4-6/r283,bo,3205.143994526059,"{""0"": {""K"": 0.0, ""B1"": 909.7739816747415, ""A1"": 499.05380987985825, ""A2"": 1610.220770167285, ""A3"": 556.2919489609747, ""A4"": 49.69604097693854, ""B2"": 2435.7651577597085}}",3.7343,0.10422534569478484,0.2992743865009365,0.5693256134990635,"[0.6892782783927008, 0.07052188938429049, 0.19565031863972937, 0.10732339997416307, 0.3462840365951151, 0.11963267719590853, 0.010687320640201836, 0.5238204640343459, 0.7761813470963008, 0.6530184082350465, 0.971945594831672, 0.5026923589981916, 0.7181974185918559, 0.22488137097611272]",73.0,73.0,82.0,11.6914,11.6914,42.7019,42.7019,17.9549,17.9549,False,0,3.7394,0.226169,2.9953,0.6892782783927008,1.8219915088911562,plus,False,2.4404173330897234,1.5429103463196763,0.8975069867700471,True,True,1.0,True,100.0,49.70000000000027,0.0,True,[],0.2145728965556975,0.04242256900972059,0.0001890146277515126
105,4-6,283,4-6/r283,bo,3289.673311604861,"{""0"": {""K"": 0.0, ""B1"": 3264.0019066787095, ""A1"": 3797.9818387607797, ""A2"": 1324.017895493038, ""A3"": 2131.1745730145726, ""A4"": 4465.971422941771, ""B2"": 2224.570627914057}}",3.7343,0.27716818323106923,0.2992743865009365,0.5693256134990635,"[0.707456626151583, 0.10725844968036435, 0.7019358939093999, 0.8167702879055441, 0.2847350312888254, 0.4583171124762522, 0.9604239619229616, 0.4784022855729154, 0.5407539560581086, 0.18286451898704603, 0.4324962079867004, 0.04038616070812129, 0.1901845867590395, 0.06581253418649613]",56.0,56.0,30.0,5.7575,5.7575,8.029,8.029,4.7546,4.7546,False,0,3.7358,0.066296,2.9953,0.707456626151583,1.8260849778844106,plus,False,-0.7887212261792216,-1.2935263278154283,0.5048051016362067,True,True,1.0,True,100.0,93.40000000000009,0.0,True,[],0.22405639581409015,0.04011772275909814,0.0002426596256705836
106,4-6,283,4-6/r283,bo,2985.4175115987637,"{""0"": {""K"": 0.0, ""B1"": 3259.2237113906376, ""A1"": 2280.1425217243636, ""A2"": 2377.044298159275, ""A3"": 2147.448652315094, ""A4"": 1233.7481492057857, ""B2"": 2562.9967176523487}}",3.7343,0.09127657255343394,0.2992743865009365,0.5693256134990635,"[0.6420252713115621, 0.3194529827157413, 0.7009083250302447, 0.49035323047835777, 0.5111923221847904, 0.4618169144763643, 0.26532218262490015, 0.5511820898177094, 0.1624140335009473, 0.7006309922832679, 0.019363665512608264, 0.005143393602898838, 0.520551418088339, 0.11606626337861958]",27.0,27.0,87.0,1.213,1.213,5.3858,5.3858,13.0138,13.0138,False,0,3.7369,0.115146,2.9953,0.6420252713115621,1.7507575768341956,minus,True,-0.6174902309141308,-0.05015040200007248,0.5673398289140583,True,True,1.0,True,100.0,96.89999999999998,0.0,True,[],0.2553872651872,0.042286320294656135,0.0020326601500704547
107,4-6,283,4-6/r283,bo,3089.4721144403156,"{""0"": {""K"": 0.0, ""B1"": 4552.260890450625, ""A1"": 1328.5622543158504, ""A2"": 4473.814816233073, ""A3"": 1928.64695961371, ""A4"": 4251.350270681657, ""B2"": 2450.179355247571}}",3.7343,0.12268460818221727,0.2992743865009365,0.5693256134990635,"[0.6644026052559818, 0.029053222700341608, 0.9789808366560484, 0.2857123127560969, 0.9621107131684028, 0.41476278701370106, 0.9142688754154101, 0.5269202914510905, 0.46861651317213326, 0.6360375718475516, 0.022533921189697992, 0.06314686096135858, 0.6008113652787797, 0.06043056738457331]",50.0,50.0,80.0,1.2479,1.2479,9.736,9.736,15.0203,15.0203,False,0,3.7357,0.061855,2.9953,0.6644026052559818,1.888174760551571,plus,False,0.1548330737758427,-0.9823587128614315,1.1371917866372743,True,True,1.0,True,100.0,78.39999999999964,0.0,True,[],0.22643530725883249,0.0402027178902946,0.00028980367600367767
108,4-6,283,4-6/r283,bo,3468.267974349136,"{""0"": {""K"": 0.0, ""B1"": 2679.4774544267525, ""A1"": 4394.082564790501, ""A2"": 80.53530087188852, ""A3"": 2981.4762744553036, ""A4"": 1416.4170207327945, ""B2"": 2465.1665981676347}}",3.7343,0.20940609603710697,0.2992743865009365,0.5693256134990635,"[0.7458640805051905, 0.2904649179503732, 0.5762317106294091, 0.9449639924280648, 0.01731941954234162, 0.6411776934312481, 0.3046058109102784, 0.5301433544446527, 0.5904098486913858, 0.19217668290536283, 0.4067414740099432, 0.8206737472575495, 0.6974657554820526, 0.6165773091246027]",59.0,59.0,31.0,5.4742,5.4742,66.5505,66.5505,17.4366,17.4366,False,0,3.7482,0.61697,2.9953,0.7458640805051905,1.8095811173210696,plus,False,1.425753682496291,1.4927308623387947,0.06697717984250362,True,True,1.0,True,100.0,80.5,0.0,True,[],0.15666850497154047,0.06048088049516538,0.00011277565564952281
109,4-6,283,4-6/r283,bo,3831.7534139134573,"{""0"": {""K"": 0.0, ""B1"": 2748.4442829792515, ""A1"": 1018.6476859954889, ""A2"": 1285.8547800159818, ""A3"": 2977.5950845170846, ""A4"": 1234.9594130821233, ""B2"": 2354.3166148765013}}",3.7343,0.0952423119792947,0.2992743865009365,0.5693256134990635,"[0.8240329922394531, 0.6429504801708649, 0.5910632866622046, 0.21906401849365353, 0.2765279096808563, 0.6403430289284053, 0.2655826694800265, 0.5063046483605379, 0.1035530104047987, 0.3543156326113568, 0.15633279295168223, 0.30153544866879345, 0.40630320713493706, 0.6256504569436248]",23.0,23.0,49.0,2.7197,2.7197,27.6152,27.6152,10.1576,10.1576,False,0,3.7484,0.625852,2.9953,0.8240329922394531,1.805236177417186,plus,False,-0.3452288342329698,-0.4669229578291071,0.1216941235961373,True,True,1.0,True,100.0,50.900000000000034,0.0,True,[],0.14243435543555066,0.06296437297105885,7.858449483200841e-05
110,4-6,283,4-6/r283,bo,3488.466521870016,"{""0"": {""K"": 0.0, ""B1"": 183.50175978349228, ""A1"": 3830.2739455734168, ""A2"": 645.7941992424302, ""A3"": 2680.615597011671, ""A4"": 3704.110816976591, ""B2"": 1915.8362270029693}}",3.7343,0.23749426985113364,0.2992743865009365,0.5693256134990635,"[0.7502078541655949, 0.40857042466563964, 0.039462744039460707, 0.8237148270050358, 0.13888047295536132, 0.5764764724756282, 0.7965829713928153, 0.4120077907533267, 0.7246702307988833, 0.09750997658179583, 0.9284933245686142, 0.6630193481919843, 0.27486844203311145, 0.2889565940418134]",69.0,69.0,21.0,11.2134,11.2134,54.7265,54.7265,6.8717,6.8717,False,0,3.7408,0.288342,2.9953,0.7502078541655949,1.761238924449535,plus,False,2.0553213751067037,1.742623206517103,0.31269816858960064,True,True,1.0,True,100.0,126.09999999999991,0.0,True,[],0.15338204450901474,0.060265327630163734,9.201107692750324e-05
111,4-6,283,4-6/r283,bo,3865.461144226176,"{""0"": {""K"": 0.0, ""B1"": 504.79956651461333, ""A1"": 4474.608409399475, ""A2"": 1079.101992393458, ""A3"": 2128.030411590024, ""A4"": 1401.3712575790937, ""B2"": 2348.5854082797746}}",3.7343,0.09631631332938412,0.2992743865009365,0.5693256134990635,"[0.831281966500253, 0.16097575359599336, 0.10855904656228244, 0.9622813783654784, 0.23206494460074367, 0.4576409487290374, 0.3013701629202352, 0.5050721308128547, 0.060605607918669646, 0.01500796112056213, 0.6554752848300924, 0.10911586127347339, 0.6586972532301804, 0.4255430229768772]",20.0,20.0,12.0,8.2102,8.2102,13.1837,13.1837,16.4674,16.4674,False,0,3.7439,0.42601,2.9953,0.831281966500253,1.725614908306675,plus,False,1.9096509298805124,0.8947068745285337,1.0149440553519788,True,True,1.0,True,100.0,175.4000000000001,0.0,True,[],0.16686565345962,0.06159670396229942,0.00021776876419378499
112,4-6,283,4-6/r283,bo,2931.608603301065,"{""0"": {""K"": 0.0, ""B1"": 307.3872932531777, ""A1"": 2373.2708322495137, ""A2"": 1996.6417938512639, ""A3"": 3397.023430300813, ""A4"": 1216.6564128974599, ""B2"": 2906.5714935327587}}",3.7343,0.11110643970467596,0.2992743865009365,0.5693256134990635,"[0.6304534630754979, 0.38856531105370573, 0.0661047942479952, 0.5103808241396803, 0.42938533201102447, 0.7305426731829705, 0.2616465404080559, 0.6250691383941417, 0.6261427302603665, 0.2110588374869644, 0.9717907465959378, 0.4697048776161131, 0.382911136405929, 0.15416221087001314]",62.0,62.0,33.0,11.6897,11.6897,40.2279,40.2279,9.5728,9.5728,False,0,3.7378,0.155114,2.9953,0.6304534630754979,1.7822171078707314,minus,True,1.8280628177230336,2.3777547940440673,0.5496919763210337,True,True,1.0,True,100.0,307.4000000000001,0.0,True,[],0.15246553415117478,0.06088018261321609,9.626754207416488e-05
113,4-6,283,4-6/r283,bo,2962.8960579208124,"{""0"": {""K"": 0.0, ""B1"": 2246.901378220368, ""A1"": 723.6731894971903, ""A2"": 4443.743771521387, ""A3"": 2410.5622452555763, ""A4"": 2343.846925319992, ""B2"": 2328.9711906509606}}",3.7343,0.07972657089397743,0.2992743865009365,0.5693256134990635,"[0.6371819479399596, 0.488698141776964, 0.4832045974667458, 0.15562864290262157, 0.9556438218325565, 0.5184004828506615, 0.5040531022193531, 0.5008540194948302, 0.43917141217318545, 0.22957611637564812, 0.24240694388057338, 0.5953854009341539, 0.2666602862044427, 0.20191403257395557]",48.0,48.0,35.0,3.6665,3.6665,49.6539,49.6539,6.6665,6.6665,False,0,3.7389,0.203964,2.9953,0.6371819479399596,1.9063606131643263,plus,False,0.07529694593480343,0.11190752132559603,0.0366105753907926,True,True,1.0,True,100.0,14.800000000000068,0.0,True,[],0.20427240899318577,0.050845664032936756,0.00036197041869548375
114,4-6,283,4-6/r283,bo,3225.4469042755168,"{""0"": {""K"": 0.0, ""B1"": 3704.247995214648, ""A1"": 3701.1525073657363, ""A2"": 2403.6110383709934, ""A3"": 3204.1237577579077, ""A4"": 4484.102315787567, ""B2"": 2552.997406105373}}",3.7343,0.13322336249337957,0.2992743865009365,0.5693256134990635,"[0.6936444955431219, 0.4594005372492569, 0.7966124720891716, 0.7959467757775777, 0.516905599649676, 0.6890588726361092, 0.9643230786639929, 0.5490317002377146, 0.5155397283807898, 0.4443305846171879, 0.7727229108756091, 0.24097804675939727, 0.5338332298053128, 0.8689535812068544]",54.0,54.0,59.0,9.5,9.5,23.0734,23.0734,13.3458,13.3458,False,0,3.7539,0.870102,2.9953,0.6936444955431219,1.8234376686583422,plus,False,-2.2534308442480246,-2.184133151756304,0.06929769249172057,True,True,1.0,True,100.0,3.099999999999909,0.0,True,[],0.15075447636367928,0.06258314660574942,0.00011319999431163067
115,4-6,283,4-6/r283,bo,2907.0173940863424,"{""0"": {""K"": 0.0, ""B1"": 1378.9014401093957, ""A1"": 881.5997550656456, ""A2"": 2584.4217418062603, ""A3"": 303.87965788663644, ""A4"": 1235.4962370214837, ""B2"": 2593.138291493938}}",3.7343,0.11584248534578437,0.2992743865009365,0.5693256134990635,"[0.6251650309863102, 0.3230103171771076, 0.2965379441095475, 0.18959134517540766, 0.5557896218938194, 0.06535046406164224, 0.2656981154884911, 0.5576641487083738, 0.5424215726262112, 0.20110788444077754, 0.6193184703919693, 0.8045264467273451, 0.12171515595906512, 0.2722787316665656]",56.0,56.0,32.0,7.8125,7.8125,65.3395,65.3395,3.0429,3.0429,False,0,3.7404,0.270578,2.9953,0.6251650309863102,1.837030060954385,plus,False,1.9373373188717784,1.420621077285306,0.5167162415864723,True,True,1.0,True,100.0,8.800000000000068,0.0,True,[],0.14638444944435386,0.0621897639252058,8.56148003559687e-05
116,4-6,283,4-6/r283,bo,3213.410703403951,"{""0"": {""K"": 0.0, ""B1"": 1607.2095963738893, ""A1"": 3909.2902859738974, ""A2"": 2004.7613567393437, ""A3"": 4286.0966027294935, ""A4"": 4396.408234146645, ""B2"": 2217.637704818878}}",3.7343,0.1469513936231187,0.2992743865009365,0.5693256134990635,"[0.6910560652481615, 0.6244693528290408, 0.34563647233847083, 0.8407075883814833, 0.4311314745676008, 0.9217412048880632, 0.9454641363756224, 0.47691133436965116, 0.5222954756045646, 0.6250418154297323, 0.3822280992955077, 0.8137309474790265, 0.6440275808743512, 0.20266204996218895]",54.0,54.0,79.0,5.2045,5.2045,66.0298,66.0298,16.1007,16.1007,False,0,3.7389,0.203964,2.9953,0.6910560652481615,1.8117448333580524,plus,False,-0.3533909439472377,-1.1920543483761723,0.8386634044289346,True,True,1.0,True,100.0,110.30000000000018,0.0,True,[],0.14594104020899648,0.06208561656441585,8.236848216309686e-05
117,4-6,283,4-6/r283,bo,3555.6360782757956,"{""0"": {""K"": 0.0, ""B1"": 4354.436544963786, ""A1"": 4111.597030066836, ""A2"": 4524.69848714642, ""A3"": 2210.6865334931003, ""A4"": 2066.3109342559364, ""B2"": 2528.9834853156694}}",3.7343,0.14917644771687172,0.2992743865009365,0.5693256134990635,"[0.7646529200593108, 0.4876265927338952, 0.9364379666588788, 0.8842144150681368, 0.9730534380960043, 0.4754164588157205, 0.444367942850739, 0.5438674161969181, 0.11751243316203641, 0.025708386725514343, 0.11645906837499587, 0.667919453697801, 0.35206065946983045, 0.058321833190041805]",24.0,24.0,13.0,2.281,2.281,55.094,55.094,8.8015,8.8015,False,0,3.7356,0.057414,2.9953,0.7646529200593108,1.7091611360374284,plus,False,-0.9150939512071252,-1.6864950869901443,0.771401135783019,True,True,1.0,True,100.0,125.29999999999973,0.0,True,[],0.15377010181113865,0.05993151460551053,8.922469673469365e-05
118,4-6,283,4-6/r283,bo,3526.115686694179,"{""0"": {""K"": 0.0, ""B1"": 1089.581761277077, ""A1"": 3780.0580158409907, ""A2"": 2827.9335774102738, ""A3"": 1104.8258978429228, ""A4"": 4495.1767907267, ""B2"": 1829.9664959687416}}",3.7343,0.2330164861700726,0.2992743865009365,0.5693256134990635,"[0.7583044487514364, 0.6009446833820216, 0.23431865833915633, 0.8129157023313959, 0.6081577585828546, 0.2375969672780479, 0.966704686177785, 0.39354118192876164, 0.9753152588372204, 0.5369201415491328, 0.15871609532358433, 0.5842462319711602, 0.4322044081752713, 0.5119787972501797]",88.0,88.0,69.0,2.7459,2.7459,48.8185,48.8185,10.8051,10.8051,False,0,3.7458,0.510388,2.9953,0.7583044487514364,1.8930976363898295,plus,False,-0.5737751499864336,-1.6036340267047333,1.0298588767182997,True,True,1.0,True,100.0,15.199999999999818,0.0,True,[],0.15462099429446508,0.06103731937714229,0.00011012720948523332
119,4-6,283,4-6/r283,bo,3036.83240944781,"{""0"": {""K"": 0.0, ""B1"": 2013.095610964097, ""A1"": 4132.976639046817, ""A2"": 2245.2209264293556, ""A3"": 3292.7045482557846, ""A4"": 2428.492197991201, ""B2"": 2770.891799829765}}",3.7343,0.1543914514545845,0.2992743865009365,0.5693256134990635,"[0.6530822385909268, 0.7743536090852904, 0.43292378730410686, 0.8888121804401756, 0.4828432099848077, 0.708108505001244, 0.5222563866647744, 0.5958907096408097, 0.17105078556856435, 0.4570886455312996, 0.08177053175317683, 0.6665994229184297, 0.7532535584032188, 0.7631014212169811]",28.0,28.0,60.0,1.8995,1.8995,54.995,54.995,18.8313,18.8313,False,0,3.7515,0.76352,2.9953,0.6530822385909268,1.7957187333737674,plus,False,-1.9163327865378779,-2.117659211669603,0.20132642513172505,True,True,1.0,True,100.0,183.19999999999993,0.0,True,[],0.16601421257217064,0.058971950142576564,0.00014682224385788659
