trial_id,tunnel_id,ring_id,case_id,kind,k_y,per_ring_offsets,r_surface_min_ceiling_ref,gt_miou,best_so_far,regret_vs_ceiling,search_x,hough_threshold,hough_oblique_threshold,hough_horizontal_threshold,merge_distance_threshold,line_merge_distance,single_ring_visual_slot_snap_px,line_snap_tolerance_px,slot_inset_y,segmentation_slot_inset_y,agent_error,n_reclassified_by_r_filter,r_surface_min,r_surface_min_frac,r_surface_min_otsu_ref,k_y_frac,arc_width_entropy,order_branch,branch_is_minus,direction_score_plus,direction_score_minus,direction_margin,direction_select_enabled,det_k_count_match,det_k_confidence_avg,det_block_count_per_ring,det_y_coverage_pct,det_min_y_gap_px,det_y_order_consistency,det_ready_for_segmentation,det_guardrail_violations,bo_surrogate_mean,bo_surrogate_std,ei_value
0,1-5,271,1-5/r271,gt_layout_ceiling_r,2105.106134035286,"{""0"": {""K"": 0.0, ""B1"": 2806.7287461975384, ""A1"": 2160.2896904882355, ""A2"": 1512.7259705656172, ""A3"": 534.3766288284482, ""B2"": 215.35343949726393}}",2.7274,0.3704177138991218,0.3704177138991218,0.5246822861008782,"[0.6091163582278026, 0.0, 0.812132160358084, 0.6250838224792348, 0.43771006092755127, 0.1546228671378612, 0.06231291652119905, 0.29333333333333333, 0.36363636363636365, 0.18181818181818182, 0.2, 0.0, 0.9649132803341653]",37.0,37.0,50.0,3.0,3.0,20.0,20.0,0.0,0.0,False,0,2.7274,0.964913,2.4726,0.6091163582278026,1.7879949813181617,minus,True,2.151603369216708,2.596945063595491,0.4453416943787829,True,True,1.0,False,100.0,215.4000000000001,0.0,False,"[""block_count_per_ring != 7 (missing or extra blocks)""]",,,
1,1-5,271,1-5/r271,gt_layout_otsu_r,2105.106134035286,"{""0"": {""K"": 0.0, ""B1"": 2806.7287461975384, ""A1"": 2160.2896904882355, ""A2"": 1512.7259705656172, ""A3"": 534.3766288284482, ""B2"": 215.35343949726393}}",2.7274,0.368357727562247,0.3704177138991218,0.5246822861008782,"[0.6091163582278026, 0.0, 0.812132160358084, 0.6250838224792348, 0.43771006092755127, 0.1546228671378612, 0.06231291652119905, 0.29333333333333333, 0.36363636363636365, 0.18181818181818182, 0.2, 0.0, 0.6136494916977373]",37.0,37.0,50.0,3.0,3.0,20.0,20.0,0.0,0.0,False,0,2.4726,0.613663,2.4726,0.6091163582278026,1.7879949813181617,minus,True,2.151603369216708,2.596945063595491,0.4453416943787829,True,True,1.0,False,100.0,215.4000000000001,0.0,False,"[""block_count_per_ring != 7 (missing or extra blocks)""]",,,
2,1-5,271,1-5/r271,intrinsic_r_otsu,2160.329932585729,"{""0"": {""K"": 0.0, ""B1"": 2680.7697454873887, ""A1"": 778.3160486074855, ""A2"": 1037.3746806531951, ""A3"": 3019.000707289481, ""B2"": 18.196892578626247}}",2.7274,0.3037253705977418,0.3704177138991218,0.5246822861008782,"[0.625095466604667, 0.8972138009695755, 0.7756856902451935, 0.22520718999059186, 0.30016628491122543, 0.8735534453962619, 0.005265304565574724, 0.8212284183827663, 0.7970694287520462, 0.4679349528437208, 0.3030324268193135, 0.2784256121007733, 0.6136494916977373]",77.0,77.0,98.0,6.1473,6.1473,27.7274,27.7274,6.9606,6.9606,False,0,2.4726,0.613663,2.4726,0.625095466604667,1.5458869746539976,plus,False,1.69348335549244,1.423753365951796,0.269729989540644,True,True,1.0,False,100.0,18.199999999999815,0.0,False,"[""block_count_per_ring != 7 (missing or extra blocks)""]",,,
3,1-5,271,1-5/r271,random,1538.1837131304264,"{""0"": {""K"": 0.0, ""B1"": 1912.886848769446, ""A1"": 3440.448979549261, ""A2"": 2739.4395928027307, ""A3"": 2150.251416948658, ""B2"": 3417.8462703885943}}",2.7274,0.134116407072935,0.3704177138991218,0.5246822861008782,"[0.4450763058826466, 0.5045482589579533, 0.5534973520744925, 0.9955002834343927, 0.7926619192137531, 0.6221792294411627, 0.9889601476818849, 0.21530869823559895, 0.16021203385784455, 0.6125396042730308, 0.04394200796138337, 0.03568027877359614, 0.5148888202713703]",31.0,31.0,28.0,7.7379,7.7379,8.2957,8.2957,0.892,0.892,False,0,2.4009,0.514822,2.4726,0.4450763058826465,1.5791616556368795,plus,False,-2.3084330362704657,-2.1972911222737403,0.1111419139967253,True,True,1.0,False,100.0,15.600000000000136,0.0,False,"[""block_count_per_ring != 7 (missing or extra blocks)""]",,,
4,1-5,271,1-5/r271,random,1611.2080235241992,"{""0"": {""K"": 0.0, ""B1"": 2174.6059355209322, ""A1"": 1776.79058664792, ""A2"": 1717.1945927199508, ""A3"": 855.4115705264553, ""B2"": 40.76015227490025}}",2.7274,0.2235515752555414,0.3704177138991218,0.5246822861008782,"[0.4662060253252891, 0.9171677731928523, 0.6292262544910104, 0.5141176465995139, 0.49687343539350426, 0.24751492202733083, 0.01179402554250586, 0.19240214398531064, 0.6920321208818392, 0.2006067239869952, 0.3695363106022067, 0.0037342420520759534, 0.8300477298017456]",29.0,29.0,86.0,3.2067,3.2067,32.7152,32.7152,0.0934,0.0934,False,0,2.6296,0.830093,2.4726,0.4662060253252891,1.7792959576398664,minus,True,1.931814627943528,2.279849897513741,0.3480352695702131,True,True,1.0,False,100.00000000000004,40.79999999999996,0.0,False,"[""block_count_per_ring != 7 (missing or extra blocks)""]",,,
5,1-5,271,1-5/r271,random,533.8174961483361,"{""0"": {""K"": 0.0, ""B1"": 3042.4279241577437, ""A1"": 1761.8370389052704, ""A2"": 2927.7512514404443, ""A3"": 2210.8625289533707, ""B2"": 2563.560394082578}}",2.7274,0.1165822300616689,0.3704177138991218,0.5246822861008782,"[0.15446108106143985, 0.26759930456378545, 0.8803321539808286, 0.5097908098684232, 0.8471502463658693, 0.6397171669425262, 0.7417709473618571, 0.09149560506304566, 0.5411438213764888, 0.50777223630035, 0.8713393766928806, 0.3612640590141576, 0.5981840672072131]",22.0,22.0,70.0,6.5855,6.5855,70.3505,70.3505,9.0316,9.0316,False,0,2.4614,0.598223,2.4726,0.1544610810614398,1.6109255292733478,plus,False,-2.7201526455881737,-2.689443498707172,0.0307091468810019,True,True,1.0,False,100.0,114.6,0.0,False,"[""block_count_per_ring != 7 (missing or extra blocks)""]",,,
6,1-5,271,1-5/r271,random,204.7736759460605,"{""0"": {""K"": 0.0, ""B1"": 1116.4136126683622, ""A1"": 519.0902636674816, ""A2"": 2821.2644867987256, ""A3"": 1311.3659688778798, ""B2"": 3382.552688525182}}",2.7274,0.2133232134537226,0.3704177138991218,0.5246822861008782,"[0.05925164234550362, 0.3876318011107287, 0.32303634625820665, 0.15019972907045187, 0.8163381038190757, 0.37944617155031246, 0.9787478844112216, 0.5899916930106103, 0.6050562538298513, 0.6379965807883322, 0.6764502438127883, 0.1507880191683687, 0.44031346718818754]",59.0,59.0,77.0,8.018,8.018,55.7338,55.7338,3.7697,3.7697,False,0,2.3469,0.440381,2.4726,0.0592516423455036,1.6001713874068244,plus,False,0.3589848801473625,0.4476037624639807,0.0886188823166181,True,True,1.0,False,100.0,73.5,0.0,False,"[""block_count_per_ring != 7 (missing or extra blocks)""]",,,
7,1-5,271,1-5/r271,random,827.9330520828327,"{""0"": {""K"": 0.0, ""B1"": 334.2093486281128, ""A1"": 3344.813744424727, ""A2"": 743.0539531019214, ""A3"": 2321.620401984601, ""B2"": 1038.251801591667}}",2.7274,0.1944482823768431,0.3704177138991218,0.5246822861008782,"[0.23956396182952333, 0.40249829810398163, 0.09670409393174562, 0.9678280510488214, 0.21500403735588003, 0.6717651626112849, 0.3004200814790703, 0.8740770261495044, 0.6622147383384538, 0.13161581580830573, 0.8450743208745529, 0.9449481711449795, 0.9039167881959268]",81.0,81.0,83.0,2.4478,2.4478,68.3806,68.3806,23.6237,23.6237,False,0,2.6832,0.903982,2.4726,0.2395639618295233,1.6290221587531393,plus,False,1.873953289442704,1.1811818016022744,0.6927714878404292,True,True,1.0,False,100.0,111.19999999999992,0.0,False,"[""block_count_per_ring != 7 (missing or extra blocks)""]",,,
8,1-5,271,1-5/r271,random,1968.9493750016625,"{""0"": {""K"": 0.0, ""B1"": 665.1538386105567, ""A1"": 3206.842046477076, ""A2"": 1908.8403413780636, ""A3"": 623.9894346394386, ""B2"": 3055.300626343}}",2.7274,0.2152199234063257,0.3704177138991218,0.5246822861008782,"[0.5697191478592772, 0.1454599537609269, 0.19246349496833237, 0.9279056847445244, 0.5523264876672638, 0.18055249844891164, 0.8840568941964699, 0.6415717052224807, 0.5696942744738079, 0.3762878361299201, 0.41095528215712984, 0.23948921268184487, 0.03805728669123909]",63.0,63.0,73.0,5.1392,5.1392,35.8216,35.8216,5.9872,5.9872,False,0,2.0551,0.038124,2.4726,0.5697191478592772,1.6407655329791455,minus,True,0.1148722039047457,0.8902847249625917,0.775412521057846,True,True,1.0,False,100.0,41.19999999999982,0.0,False,"[""block_count_per_ring != 7 (missing or extra blocks)""]",,,
9,1-5,271,1-5/r271,random,3028.2122008256406,"{""0"": {""K"": 0.0, ""B1"": 1892.627248482669, ""A1"": 1113.396398600458, ""A2"": 2596.5789230186306, ""A3"": 87.08038549088381, ""B2"": 1286.272301985345}}",2.7274,0.2563532920705708,0.3704177138991218,0.5246822861008782,"[0.876218808109271, 0.4677302168140961, 0.5476351992137353, 0.3221633097802251, 0.7513249198549279, 0.025196870801760363, 0.37218527256520395, 0.03035029438411163, 0.12289210220500935, 0.9671482353973677, 0.6577607300385144, 0.4282202463894813, 0.5237401079104803]",17.0,17.0,24.0,11.6386,11.6386,54.3321,54.3321,10.7055,10.7055,False,0,2.4074,0.523782,2.4726,0.876218808109271,1.7335807277825284,plus,False,2.129746325874196,2.2258230955702403,0.0960767696960442,True,True,1.0,False,100.0,87.10000000000036,0.0,False,"[""block_count_per_ring != 7 (missing or extra blocks)""]",,,
10,1-5,271,1-5/r271,random,3016.42862479986,"{""0"": {""K"": 0.0, ""B1"": 2040.0456347932538, ""A1"": 2362.8131942614627, ""A2"": 1228.3100133932578, ""A3"": 1794.0043693301418, ""B2"": 2644.694956610574}}",2.7274,0.2472363014914635,0.3704177138991218,0.5246822861008782,"[0.8728092085647744, 0.3442106669960262, 0.5902909822897147, 0.6836843733395437, 0.35541377702351207, 0.5190984864959901, 0.7652473832785226, 0.9091793139905502, 0.1510622780768155, 0.9334193923074285, 0.005178865815432143, 0.752977503597754, 0.8105268303172452]",83.0,83.0,27.0,11.2676,11.2676,5.3884,5.3884,18.8244,18.8244,False,0,2.6154,0.810517,2.4726,0.8728092085647744,1.5838372349525842,plus,False,-1.318587833320925,-1.786393105228956,0.4678052719080305,True,True,1.0,False,100.0,246.0999999999999,0.0,False,"[""block_count_per_ring != 7 (missing or extra blocks)""]",,,
11,1-5,271,1-5/r271,random,472.65656213116176,"{""0"": {""K"": 0.0, ""B1"": 2817.5256967508776, ""A1"": 49.32123155001426, ""A2"": 2171.964491825901, ""A3"": 2740.689762386806, ""B2"": 1772.9403822335526}}",2.7274,0.2821454425258204,0.3704177138991218,0.5246822861008782,"[0.13676405154258153, 0.41890365091318515, 0.8152562779950456, 0.014271189684610608, 0.6284619478662907, 0.7930236580980341, 0.5130035828222085, 0.7258494205510871, 0.22642348269714407, 0.19852114799267284, 0.3631269505503516, 0.17940602756714652, 0.34606143911247844]",69.0,69.0,35.0,3.1837,3.1837,32.2345,32.2345,4.4852,4.4852,False,0,2.2785,0.346089,2.4726,0.1367640515425815,1.655634448192509,plus,False,1.3537114023698984,1.4976668990926396,0.1439554967227412,True,True,1.0,False,100.0,49.30000000000001,0.0,False,"[""block_count_per_ring != 7 (missing or extra blocks)""]",,,
12,1-5,271,1-5/r271,perturb_wrong_r_low,2105.106134035286,"{""0"": {""K"": 0.0, ""B1"": 2806.7287461975384, ""A1"": 2160.2896904882355, ""A2"": 1512.7259705656172, ""A3"": 534.3766288284482, ""B2"": 215.35343949726393}}",2.7274,0.368357727562247,0.3704177138991218,0.5246822861008782,"[0.6091163582278026, 0.0, 0.812132160358084, 0.6250838224792348, 0.43771006092755127, 0.1546228671378612, 0.06231291652119905, 0.29333333333333333, 0.36363636363636365, 0.18181818181818182, 0.2, 0.0, 0.05]",37.0,37.0,50.0,3.0,3.0,20.0,20.0,0.0,0.0,False,0,2.0637,0.049979,2.4726,0.6091163582278026,1.7879949813181617,minus,True,2.151603369216708,2.596945063595491,0.4453416943787829,True,True,1.0,False,100.0,215.4000000000001,0.0,False,"[""block_count_per_ring != 7 (missing or extra blocks)""]",,,
13,1-5,271,1-5/r271,perturb_wrong_r_high,2105.106134035286,"{""0"": {""K"": 0.0, ""B1"": 2806.7287461975384, ""A1"": 2160.2896904882355, ""A2"": 1512.7259705656172, ""A3"": 534.3766288284482, ""B2"": 215.35343949726393}}",2.7274,0.3683840279546547,0.3704177138991218,0.5246822861008782,"[0.6091163582278026, 0.0, 0.812132160358084, 0.6250838224792348, 0.43771006092755127, 0.1546228671378612, 0.06231291652119905, 0.29333333333333333, 0.36363636363636365, 0.18181818181818182, 0.2, 0.0, 0.95]",37.0,37.0,50.0,3.0,3.0,20.0,20.0,0.0,0.0,False,0,2.7166,0.950025,2.4726,0.6091163582278026,1.7879949813181617,minus,True,2.151603369216708,2.596945063595491,0.4453416943787829,True,True,1.0,False,100.0,215.4000000000001,0.0,False,"[""block_count_per_ring != 7 (missing or extra blocks)""]",,,
14,1-5,271,1-5/r271,perturb_offset_shift,2105.106134035286,"{""0"": {""K"": 0.0, ""B1"": 2674.0748040390795, ""A1"": 1970.7830711424342, ""A2"": 1887.6656057380644, ""A3"": 488.3246350381499, ""B2"": 613.81206166766}}",2.7274,0.3655226489941572,0.3704177138991218,0.5246822861008782,"[0.6091163582278026, 0.0, 0.7737484965390855, 0.5702497312333432, 0.5461995386973566, 0.14129763745316837, 0.17760765673254053, 0.29333333333333333, 0.36363636363636365, 0.18181818181818182, 0.2, 0.0, 0.9649132803341653]",37.0,37.0,50.0,3.0,3.0,20.0,20.0,0.0,0.0,False,0,2.7274,0.964913,2.4726,0.6091163582278026,1.6346769768346228,plus,False,1.4233261068733194,1.017828548102387,0.4054975587709324,True,True,1.0,False,100.0,83.10000000000002,0.0,False,"[""block_count_per_ring != 7 (missing or extra blocks)""]",,,
15,1-5,271,1-5/r271,perturb_misaligned,2149.703941631343,"{""0"": {""K"": 0.0, ""B1"": 2776.3088284285113, ""A1"": 2317.1317595461846, ""A2"": 1476.083861855002, ""A3"": 709.703480257035, ""B2"": 36.49107032924233}}",2.7274,0.6665087165649366,0.6665087165649366,0.2285912834350634,"[0.6220208164442542, 0.0, 0.803330100818435, 0.6704663656094284, 0.4271075989163779, 0.20535401627807728, 0.010558758775822435, 0.29333333333333333, 0.36363636363636365, 0.18181818181818182, 0.2, 0.0, 0.9649132803341653]",37.0,37.0,50.0,3.0,3.0,20.0,20.0,0.0,0.0,False,0,2.7274,0.964913,2.4726,0.6220208164442543,1.7875606888107352,plus,False,3.139809861467618,3.147963367241476,0.008153505773857,True,True,1.0,False,100.0,36.5,0.0,False,"[""block_count_per_ring != 7 (missing or extra blocks)""]",,,
16,1-5,271,1-5/r271,perturb_ambiguous_lines,2105.106134035286,"{""0"": {""K"": 0.0, ""B1"": 2806.7287461975384, ""A1"": 2160.2896904882355, ""A2"": 1512.7259705656172, ""A3"": 534.3766288284482, ""B2"": 215.35343949726393}}",2.7274,0.3704177138991218,0.6665087165649366,0.2285912834350634,"[0.6091163582278026, 0.0, 0.812132160358084, 0.6250838224792348, 0.43771006092755127, 0.1546228671378612, 0.06231291652119905, 0.29333333333333333, 0.36363636363636365, 0.9844810785574001, 0.9614151127322559, 0.0, 0.9649132803341653]",37.0,37.0,50.0,11.8293,11.8293,77.1061,77.1061,0.0,0.0,False,0,2.7274,0.964913,2.4726,0.6091163582278026,1.7879949813181617,minus,True,2.151603369216708,2.596945063595491,0.4453416943787829,True,True,1.0,False,100.0,215.4000000000001,0.0,False,"[""block_count_per_ring != 7 (missing or extra blocks)""]",,,
17,1-5,271,1-5/r271,perturb_small_segment,2105.106134035286,"{""0"": {""K"": 0.0, ""B1"": 241.92000000000002, ""A1"": 864.0, ""A2"": 1486.08, ""A3"": 2108.16, ""B2"": 2730.2400000000002}}",2.7274,0.3466035567689873,0.6665087165649366,0.2285912834350634,"[0.6091163582278026, 0.0, 0.07, 0.25, 0.43, 0.61, 0.79, 0.29333333333333333, 0.36363636363636365, 0.18181818181818182, 0.2, 0.0, 0.9649132803341653]",37.0,37.0,50.0,3.0,3.0,20.0,20.0,0.0,0.0,False,0,2.7274,0.964913,2.4726,0.6091163582278026,1.748539097947062,plus,False,3.7418999091790894,3.515617942456914,0.2262819667221762,True,True,1.0,False,100.0,241.9000000000001,0.0,False,"[""block_count_per_ring != 7 (missing or extra blocks)""]",,,
18,1-5,271,1-5/r271,perturb_guardrail_smoke,69.12,"{""0"": {""K"": 0.0, ""B1"": 1748.2329652493643, ""A1"": 2195.532721179262, ""A2"": 1469.8360189420212, ""A3"": 2045.3013878813542, ""B2"": 1910.9653401585417}}",2.7274,0.1333860971307754,0.6665087165649366,0.2285912834350634,"[0.02, 0.0, 0.5058544459633577, 0.635281458674555, 0.4252997739994274, 0.5918117441786326, 0.552941359999578, 0.29333333333333333, 0.36363636363636365, 0.18181818181818182, 0.2, 0.0, 0.9649132803341653]",37.0,37.0,50.0,3.0,3.0,20.0,20.0,0.0,0.0,False,0,2.7274,0.964913,2.4726,0.02,1.595979459695477,plus,False,-1.586905696252558,-1.5699450648382625,0.0169606314142956,True,True,1.0,False,100.0,134.30000000000018,0.0,False,"[""block_count_per_ring != 7 (missing or extra blocks)""]",,,
19,1-5,271,1-5/r271,perturb_weak_hough,2105.106134035286,"{""0"": {""K"": 0.0, ""B1"": 2806.7287461975384, ""A1"": 2160.2896904882355, ""A2"": 1512.7259705656172, ""A3"": 534.3766288284482, ""B2"": 215.35343949726393}}",2.7274,0.3704177138991218,0.6665087165649366,0.2285912834350634,"[0.6091163582278026, 0.0, 0.812132160358084, 0.6250838224792348, 0.43771006092755127, 0.1546228671378612, 0.06231291652119905, 0.9273284003659407, 0.9281749193539336, 0.18181818181818182, 0.2, 0.0, 0.9649132803341653]",85.0,85.0,112.0,3.0,3.0,20.0,20.0,0.0,0.0,False,0,2.7274,0.964913,2.4726,0.6091163582278026,1.7879949813181617,minus,True,2.151603369216708,2.596945063595491,0.4453416943787829,True,True,1.0,False,100.0,215.4000000000001,0.0,False,"[""block_count_per_ring != 7 (missing or extra blocks)""]",,,
20,1-5,271,1-5/r271,perturb_wrong_k,2712.8434745341483,"{""0"": {""K"": 0.0, ""B1"": 2806.7287461975384, ""A1"": 2160.2896904882355, ""A2"": 1512.7259705656172, ""A3"": 534.3766288284482, ""B2"": 215.35343949726393}}",2.7274,0.1849649949675862,0.6665087165649366,0.2285912834350634,"[0.7849662831406679, 0.0, 0.812132160358084, 0.6250838224792348, 0.43771006092755127, 0.1546228671378612, 0.06231291652119905, 0.29333333333333333, 0.36363636363636365, 0.18181818181818182, 0.2, 0.0, 0.9649132803341653]",37.0,37.0,50.0,3.0,3.0,20.0,20.0,0.0,0.0,False,0,2.7274,0.964913,2.4726,0.784966283140668,1.7879949813181617,minus,True,1.6514772216484208,2.096644982245782,0.4451677605973612,True,True,1.0,False,100.0,215.39999999999964,0.0,False,"[""block_count_per_ring != 7 (missing or extra blocks)""]",,,
21,1-5,271,1-5/r271,perturb_wrong_k,1600.991104270163,"{""0"": {""K"": 0.0, ""B1"": 2806.7287461975384, ""A1"": 2160.2896904882355, ""A2"": 1512.7259705656172, ""A3"": 534.3766288284482, ""B2"": 215.35343949726393}}",2.7274,0.1767135393568121,0.6665087165649366,0.2285912834350634,"[0.46324974081891296, 0.0, 0.812132160358084, 0.6250838224792348, 0.43771006092755127, 0.1546228671378612, 0.06231291652119905, 0.29333333333333333, 0.36363636363636365, 0.18181818181818182, 0.2, 0.0, 0.9649132803341653]",37.0,37.0,50.0,3.0,3.0,20.0,20.0,0.0,0.0,False,0,2.7274,0.964913,2.4726,0.4632497408189129,1.7879949813181617,minus,True,2.152092669648032,2.5972871702903024,0.4451945006422706,True,True,1.0,False,100.0,215.29999999999995,0.0,False,"[""block_count_per_ring != 7 (missing or extra blocks)""]",,,
22,1-5,271,1-5/r271,perturb_wrong_r_low,2105.106134035286,"{""0"": {""K"": 0.0, ""B1"": 2806.7287461975384, ""A1"": 2160.2896904882355, ""A2"": 1512.7259705656172, ""A3"": 534.3766288284482, ""B2"": 215.35343949726393}}",2.7274,0.368357727562247,0.6665087165649366,0.2285912834350634,"[0.6091163582278026, 0.0, 0.812132160358084, 0.6250838224792348, 0.43771006092755127, 0.1546228671378612, 0.06231291652119905, 0.29333333333333333, 0.36363636363636365, 0.18181818181818182, 0.2, 0.0, 0.05]",37.0,37.0,50.0,3.0,3.0,20.0,20.0,0.0,0.0,False,0,2.0637,0.049979,2.4726,0.6091163582278026,1.7879949813181617,minus,True,2.151603369216708,2.596945063595491,0.4453416943787829,True,True,1.0,False,100.0,215.4000000000001,0.0,False,"[""block_count_per_ring != 7 (missing or extra blocks)""]",,,
23,1-5,271,1-5/r271,perturb_wrong_r_high,2105.106134035286,"{""0"": {""K"": 0.0, ""B1"": 2806.7287461975384, ""A1"": 2160.2896904882355, ""A2"": 1512.7259705656172, ""A3"": 534.3766288284482, ""B2"": 215.35343949726393}}",2.7274,0.3683840279546547,0.6665087165649366,0.2285912834350634,"[0.6091163582278026, 0.0, 0.812132160358084, 0.6250838224792348, 0.43771006092755127, 0.1546228671378612, 0.06231291652119905, 0.29333333333333333, 0.36363636363636365, 0.18181818181818182, 0.2, 0.0, 0.95]",37.0,37.0,50.0,3.0,3.0,20.0,20.0,0.0,0.0,False,0,2.7166,0.950025,2.4726,0.6091163582278026,1.7879949813181617,minus,True,2.151603369216708,2.596945063595491,0.4453416943787829,True,True,1.0,False,100.0,215.4000000000001,0.0,False,"[""block_count_per_ring != 7 (missing or extra blocks)""]",,,
24,1-5,271,1-5/r271,bo,2172.171511446789,"{""0"": {""K"": 0.0, ""B1"": 3389.5760755092933, ""A1"": 283.31752731226635, ""A2"": 2745.123288918895, ""A3"": 1566.9811290236278, ""B2"": 2554.4314270658115}}",2.7274,0.1541683333220509,0.6665087165649366,0.2285912834350634,"[0.6285218493769644, 0.11154056401353551, 0.9807801144413464, 0.08197845118989189, 0.7943065072103285, 0.4534088914998923, 0.7391294638500612, 0.7235466751779004, 0.3142466220560437, 0.7473216236539961, 0.2697849575871476, 0.3640188453647636, 0.9831572128313971]",69.0,69.0,45.0,9.2205,9.2205,25.2339,25.2339,9.1005,9.1005,False,0,2.7406,0.98311,2.4726,0.6285218493769643,1.590518219610816,plus,False,1.0908194308378716,0.9961584075167208,0.0946610233211509,True,True,1.0,False,100.0,66.5,0.0,False,"[""block_count_per_ring != 7 (missing or extra blocks)""]",0.5624198741025314,0.0839150098664968,0.0033614086369552
25,1-5,271,1-5/r271,bo,2157.096363551282,"{""0"": {""K"": 0.0, ""B1"": 3183.73867418597, ""A1"": 814.3982697314302, ""A2"": 2461.049583182454, ""A3"": 182.80960333844837, ""B2"": 2212.3279249572734}}",2.7274,0.2412730546352819,0.6665087165649366,0.2285912834350634,"[0.6241598274164589, 0.06266978722242322, 0.92122068118807, 0.23564764749173328, 0.7121092543930713, 0.05289629726228251, 0.6401411819899517, 0.03557688366788814, 0.9626433636856867, 0.813964901551175, 0.590990606513074, 0.033777932813251144, 0.5563537939724935]",18.0,18.0,116.0,9.9536,9.9536,49.3243,49.3243,0.8444,0.8444,False,0,2.431,0.556315,2.4726,0.6241598274164589,1.711900280643308,plus,False,1.5770838996402468,1.5960218651517255,0.0189379655114789,True,True,1.0,False,100.0,182.80000000000015,0.0,False,"[""block_count_per_ring != 7 (missing or extra blocks)""]",0.5278314100127455,0.0947941915986002,0.0023725711410063
26,1-5,271,1-5/r271,bo,2147.550530816867,"{""0"": {""K"": 0.0, ""B1"": 584.5967190508094, ""A1"": 2950.1233132875436, ""A2"": 128.31904563538384, ""A3"": 378.0974663788243, ""B2"": 3362.4335531506017}}",2.7274,0.1515105794821591,0.6665087165649366,0.2285912834350634,"[0.6213977230372879, 0.4777098868540248, 0.16915414324386846, 0.8536236438910716, 0.0371293534824606, 0.10940320207720611, 0.9729263753329287, 0.2191677622684406, 0.658168687371244, 0.17005170181257778, 0.0024635852049159634, 0.821668754577207, 0.8776819915069509]",31.0,31.0,82.0,2.8706,2.8706,5.1848,5.1848,20.5417,20.5417,False,0,2.6641,0.877652,2.4726,0.6213977230372879,1.3359024614833137,minus,True,1.0768400409927406,2.024004417529484,0.947164376536743,True,True,1.0,False,100.0,93.59999999999992,0.0,False,"[""block_count_per_ring != 7 (missing or extra blocks)""]",0.6347948305586794,0.0382513832581601,0.0026743642957427
27,1-5,271,1-5/r271,bo,2149.023575918732,"{""0"": {""K"": 0.0, ""B1"": 2347.452375226106, ""A1"": 1142.7442786036818, ""A2"": 864.4791403779948, ""A3"": 178.13042621908818, ""B2"": 1883.9217516918216}}",2.7274,0.2425894065515024,0.6665087165649366,0.2285912834350634,"[0.6218239513653738, 0.9483349316640767, 0.679239691905702, 0.3306551732070838, 0.2501386401556698, 0.05154236869765283, 0.5451162475960132, 0.26241674152568406, 0.09308504969159626, 0.09992020252755773, 0.23524434996159982, 0.1849496401249009, 0.9745542843011152]",35.0,35.0,20.0,2.0991,2.0991,22.6433,22.6433,4.6237,4.6237,False,0,2.7344,0.974563,2.4726,0.6218239513653739,1.7621314385822378,minus,True,1.8814124838418025,2.577577043958857,0.6961645601170545,True,True,1.0,False,100.0,178.19999999999982,0.0,False,"[""block_count_per_ring != 7 (missing or extra blocks)""]",0.5203665476356808,0.0919775434108728,0.0016918797835929
28,1-5,271,1-5/r271,bo,2167.7567137494743,"{""0"": {""K"": 0.0, ""B1"": 3142.7910453687086, ""A1"": 501.89665664806677, ""A2"": 345.58620700437694, ""A3"": 1922.281389469933, ""B2"": 551.6432588821539}}",2.7274,0.1875989875161444,0.6665087165649366,0.2285912834350634,"[0.6272444194876952, 0.00718909563568626, 0.9093724089608533, 0.14522472703937117, 0.09999600897117389, 0.556215679823476, 0.15961899851914174, 0.9873999842832101, 0.882602726275228, 0.17183944570863385, 0.7741956629320026, 0.5612802109581365, 0.8701484610042138]",89.0,89.0,107.0,2.8902,2.8902,63.0647,63.0647,14.032,14.032,False,0,2.6587,0.870208,2.4726,0.6272444194876952,1.706363593925572,plus,False,1.3604735862479902,0.6765007164860324,0.6839728697619578,True,True,1.0,False,100.0,49.70000000000027,0.0,False,"[""block_count_per_ring != 7 (missing or extra blocks)""]",0.5924334161328276,0.069132001190838,0.0037516941951759
29,1-5,271,1-5/r271,bo,2187.630733180681,"{""0"": {""K"": 0.0, ""B1"": 162.23721318911507, ""A1"": 1671.0624781184422, ""A2"": 1897.9820122474819, ""A3"": 2580.858214245276, ""B2"": 190.83558868859825}}",2.7274,0.2485121753680674,0.6665087165649366,0.2285912834350634,"[0.6329950038138547, 0.161327897911124, 0.04694363807555413, 0.4835250226037159, 0.549184610025313, 0.746776103658934, 0.05521863098628421, 0.9943678314594895, 0.8340282230396578, 0.2667844445968738, 0.2514651667728729, 0.0001383070131216746, 0.24977594462630837]",90.0,90.0,102.0,3.9346,3.9346,23.8599,23.8599,0.0035,0.0035,False,0,2.2086,0.249729,2.4726,0.6329950038138547,1.4036957678356377,plus,False,2.1512439980719056,1.1783680212014007,0.9728759768705048,True,True,1.0,False,100.0,28.59999999999991,0.0,False,"[""block_count_per_ring != 7 (missing or extra blocks)""]",0.3289509017737801,0.1106565916189438,2.548650178708624e-05
30,1-5,271,1-5/r271,bo,2176.938094061542,"{""0"": {""K"": 0.0, ""B1"": 720.8671329362481, ""A1"": 3254.06544598224, ""A2"": 3310.2403389409087, ""A3"": 65.07972628489253, ""B2"": 502.4214236183251}}",2.7274,0.122558475718515,0.6665087165649366,0.2285912834350634,"[0.629901068883548, 0.0056566825814464705, 0.20858423985423846, 0.9415698628420833, 0.9578241721472537, 0.018830939318545292, 0.1453765693340061, 0.3661552684125655, 0.20456525200776476, 0.08678174741494693, 0.19108719287032883, 0.5251615314837355, 0.6400507670013009]",42.0,42.0,33.0,1.9546,1.9546,19.3315,19.3315,13.129,13.129,False,0,2.4917,0.639993,2.4726,0.629901068883548,1.287172036052748,minus,True,0.8825671727810054,1.7628038499291692,0.8802366771481638,True,True,1.0,False,100.0,56.200000000000045,0.0,False,"[""block_count_per_ring != 7 (missing or extra blocks)""]",0.4757455058797595,0.0974209958597293,0.0007017948258596
31,1-5,271,1-5/r271,bo,2074.4787901249506,"{""0"": {""K"": 0.0, ""B1"": 2692.5890936792266, ""A1"": 2187.5193855209623, ""A2"": 615.5929903944495, ""A3"": 1020.3762816765267, ""B2"": 2832.496983343005}}",2.7274,0.2789089323000185,0.6665087165649366,0.2285912834350634,"[0.6002542795500436, 0.5697911448334695, 0.7791056405321837, 0.6329627851623155, 0.17812297175765324, 0.2952477666888098, 0.8195882474950825, 0.9759469859961369, 0.8836391680050915, 0.3040739081280298, 0.7003172944885917, 0.026107301150761764, 0.626751743612863]",88.0,88.0,107.0,4.3448,4.3448,57.5238,57.5238,0.6527,0.6527,False,0,2.4821,0.626759,2.4726,0.6002542795500436,1.6182002883065554,plus,False,0.2840017432468057,-0.2401783689931629,0.5241801122399686,True,True,1.0,False,100.0,139.9000000000001,0.0,False,"[""block_count_per_ring != 7 (missing or extra blocks)""]",0.2764776998845945,0.1091534025353338,3.272895418334387e-06
32,1-5,271,1-5/r271,bo,2181.5888756788668,"{""0"": {""K"": 0.0, ""B1"": 3344.5059399430097, ""A1"": 3201.2986262198, ""A2"": 1300.0593447505096, ""A3"": 41.59495256027351, ""B2"": 544.5332447023721}}",2.7274,0.1515721978975416,0.6665087165649366,0.2285912834350634,"[0.6312467811570796, 0.6507389531700286, 0.9677389872520282, 0.9263016858274885, 0.37617457892086503, 0.012035576551005067, 0.15756170274952896, 0.534128423785669, 0.9571069051876694, 0.18365270628555597, 0.5539399967571506, 0.2882420635261499, 0.11214429758578726]",55.0,55.0,115.0,3.0202,3.0202,46.5455,46.5455,7.2061,7.2061,False,0,2.1088,0.112151,2.4726,0.6312467811570796,1.672415599807344,plus,False,1.6600291263511178,1.323292528911488,0.3367365974396299,True,True,1.0,False,100.0,41.59999999999991,0.0,False,"[""block_count_per_ring != 7 (missing or extra blocks)""]",0.3095090260496037,0.1062129706794256,7.412945430455294e-06
33,1-5,271,1-5/r271,bo,2224.22891189299,"{""0"": {""K"": 0.0, ""B1"": 733.9122873698743, ""A1"": 1148.7808516863174, ""A2"": 2155.5810428515533, ""A3"": 1833.3668437563636, ""B2"": 751.9842983826596}}",2.7274,0.1377124081100854,0.6665087165649366,0.2285912834350634,"[0.643584754598666, 0.01066147714381993, 0.21235887944730159, 0.3324018668073835, 0.623721366565843, 0.5304880913646886, 0.2175880493005381, 0.30429732963107203, 0.610361968667493, 0.7229847173952443, 0.8257738798949662, 0.15740139705008183, 0.5754941018543303]",38.0,38.0,77.0,8.9528,8.9528,66.933,66.933,3.935,3.935,False,0,2.4449,0.575477,2.4726,0.643584754598666,1.5924123198514135,plus,False,-0.6163624025005701,-0.9332728159896436,0.3169104134890735,True,True,1.0,False,100.0,18.09999999999991,0.0,False,"[""block_count_per_ring != 7 (missing or extra blocks)""]",0.2804397224397787,0.1089241856902262,3.674746507245775e-06
34,1-5,271,1-5/r271,bo,2168.440689588743,"{""0"": {""K"": 0.0, ""B1"": 1204.1899626183797, ""A1"": 75.41640447746106, ""A2"": 3370.1474502330684, ""A3"": 1392.7091837315968, ""B2"": 3066.042439902597}}",2.7274,0.1589994666252688,0.6665087165649366,0.2285912834350634,"[0.6274423291634095, 0.33193780634820635, 0.3484345956650404, 0.02182187629556165, 0.975158405738735, 0.4029829814038185, 0.8871650578421866, 0.7529487040710193, 0.8655739352934785, 0.3895385498109425, 0.6781846954888976, 0.005096353271210496, 0.25770476171508083]",71.0,71.0,105.0,5.2849,5.2849,55.8639,55.8639,0.1274,0.1274,False,0,2.2144,0.257725,2.4726,0.6274423291634095,1.6452110906781754,plus,False,1.439003724243444,1.375149595801373,0.063854128442071,True,True,1.0,False,100.0,75.5,0.0,False,"[""block_count_per_ring != 7 (missing or extra blocks)""]",0.396444313542142,0.0899316190117717,2.2828270784361587e-05
35,1-5,271,1-5/r271,bo,2139.3608413195275,"{""0"": {""K"": 0.0, ""B1"": 2151.2405294528503, ""A1"": 962.5266284061063, ""A2"": 1310.6134832484204, ""A3"": 224.74326316192284, ""B2"": 1131.2995322034894}}",2.7274,0.3099905484518536,0.6665087165649366,0.2285912834350634,"[0.619028021215141, 0.0014246721171625731, 0.6224654309759404, 0.2785088623860261, 0.3792284384399365, 0.06502987938713045, 0.3273436146422134, 0.550300595593776, 0.19465120595071506, 0.3811353681436481, 0.95190587751792, 0.004476075063388096, 0.66989042783061]",56.0,56.0,31.0,5.1925,5.1925,76.3929,76.3929,0.1119,0.1119,False,0,2.5134,0.669907,2.4726,0.619028021215141,1.6583590780601365,minus,True,0.8774715534371729,1.7722548531831204,0.8947832997459475,True,True,1.0,False,100.0,168.79999999999973,0.0,False,"[""block_count_per_ring != 7 (missing or extra blocks)""]",0.5857091957914227,0.0534829057444764,0.0009835082581852
36,1-5,271,1-5/r271,bo,2164.6627205467107,"{""0"": {""K"": 0.0, ""B1"": 2790.0460993421307, ""A1"": 648.8531997745614, ""A2"": 551.0285891983776, ""A3"": 66.9645288842624, ""B2"": 2458.599696967091}}",2.7274,0.2675894011677397,0.6665087165649366,0.2285912834350634,"[0.6263491668248584, 0.8825370809877863, 0.8073050055966814, 0.18774687493476894, 0.15944114270786391, 0.01937631044104815, 0.7114003752798296, 0.7705570822102625, 0.8254460891111389, 0.8786170054599497, 0.6264751557574636, 0.40077839748196653, 0.04899197806493871]",73.0,73.0,101.0,10.6648,10.6648,51.9856,51.9856,10.0195,10.0195,False,0,2.063,0.049014,2.4726,0.6263491668248584,1.7141801251930286,plus,False,1.2420891831047678,1.4329333361575112,0.1908441530527433,True,True,1.0,False,100.0,66.90000000000009,0.0,False,"[""block_count_per_ring != 7 (missing or extra blocks)""]",0.2627863222699115,0.1070873933712798,1.389904192281137e-06
37,1-5,271,1-5/r271,bo,2129.3325863273035,"{""0"": {""K"": 0.0, ""B1"": 2525.648820170371, ""A1"": 2618.7973114494034, ""A2"": 2120.3573290510294, ""A3"": 2302.5437648413817, ""B2"": 3206.660672108688}}",2.7274,0.1698536922651358,0.6665087165649366,0.2285912834350634,"[0.6161263270622984, 0.020839175679828736, 0.7308011632437416, 0.7577538516925357, 0.6135293197485617, 0.6662453023267887, 0.9278532037351527, 0.5265875784606591, 0.2548953714556801, 0.9087804275575225, 0.011569525350900611, 0.03639333672606193, 0.9696141095441654]",54.0,54.0,38.0,10.9966,10.9966,5.8677,5.8677,0.9098,0.9098,False,0,2.7308,0.9696,2.4726,0.6161263270622984,1.2708855320396002,plus,False,-2.2535916280675283,-2.327830418000602,0.0742387899330738,True,True,1.0,False,100.0,93.09999999999992,0.0,False,"[""block_count_per_ring != 7 (missing or extra blocks)""]",0.2953735397363629,0.1048951408747519,3.578240832258289e-06
38,1-5,271,1-5/r271,bo,2152.207937473549,"{""0"": {""K"": 0.0, ""B1"": 2708.651313693044, ""A1"": 3174.036336378116, ""A2"": 1435.077522705078, ""A3"": 764.454915207326, ""B2"": 309.7368244239479}}",2.7274,0.4921647869055481,0.6665087165649366,0.2285912834350634,"[0.6227453522782261, 0.44865145814955765, 0.7837532736380335, 0.9184132917760752, 0.4152423387456823, 0.22119644537249017, 0.08962292373378122, 0.0987550734971887, 0.376731741613507, 0.14113508100976258, 0.14248398526073458, 0.0008134935779999797, 0.9216780826567149]",22.0,22.0,51.0,2.5525,2.5525,15.6863,15.6863,0.0203,0.0203,False,0,2.696,0.921627,2.4726,0.6227453522782261,1.6838842615004244,plus,False,1.63652887770149,1.647020228852286,0.010491351150796,True,True,1.0,False,100.0,281.9999999999998,0.0,False,"[""block_count_per_ring != 7 (missing or extra blocks)""]",0.5859554634069075,0.0603918515615031,0.0017721992812515
39,1-5,271,1-5/r271,bo,2150.7488320697657,"{""0"": {""K"": 0.0, ""B1"": 332.9669478960062, ""A1"": 1756.5877546050117, ""A2"": 2599.6076332529233, ""A3"": 745.4618515166334, ""B2"": 2387.8130257057446}}",2.7274,0.2442958976943392,0.6665087165649366,0.2285912834350634,"[0.6223231574275943, 0.2625034101832757, 0.09634460297916847, 0.5082719197352464, 0.7522012827699431, 0.2157007672212481, 0.6909181208639308, 0.837353629044302, 0.9423516960505424, 0.9025755561449893, 0.5391091482258561, 0.15372652634617823, 0.047849934803282146]",78.0,78.0,114.0,10.9283,10.9283,45.4332,45.4332,3.8432,3.8432,False,0,2.0622,0.047912,2.4726,0.6223231574275943,1.697044766306457,plus,False,1.332229839215207,1.5686008884378566,0.2363710492226496,True,True,1.0,False,100.0,211.80000000000015,0.0,False,"[""block_count_per_ring != 7 (missing or extra blocks)""]",0.4101761072929536,0.0915627700294283,4.812409054103076e-05
40,1-5,271,1-5/r271,bo,2180.17498972991,"{""0"": {""K"": 0.0, ""B1"": 62.750133371833826, ""A1"": 2344.1000713978724, ""A2"": 1833.1995082147953, ""A3"": 1396.6355514014558, ""B2"": 2397.4361303902447}}",2.7274,0.1962755882628947,0.6665087165649366,0.2285912834350634,"[0.6308376706394415, 0.8887936422015079, 0.018156867295090806, 0.6782696965850326, 0.5304396725158551, 0.40411908316014344, 0.6937025840249551, 0.8315496800184291, 0.7351117411107289, 0.16627074709155854, 0.3354869981324432, 0.059454128870253475, 0.9482097267570889]",77.0,77.0,91.0,2.829,2.829,30.1615,30.1615,1.4864,1.4864,False,0,2.7153,0.948233,2.4726,0.6308376706394415,1.5394652589625006,plus,False,2.219187957609888,2.413131779122131,0.1939438215122435,True,True,1.0,False,100.0,53.29999999999996,0.0,False,"[""block_count_per_ring != 7 (missing or extra blocks)""]",0.4347981842073868,0.0887252603650726,8.686226354218183e-05
41,1-5,271,1-5/r271,bo,2186.14396709993,"{""0"": {""K"": 0.0, ""B1"": 1338.094715386285, ""A1"": 1115.8048721574721, ""A2"": 2263.4333775027403, ""A3"": 1834.9981786535682, ""B2"": 1038.7427337085958}}",2.7274,0.1935460318514445,0.6665087165649366,0.2285912834350634,"[0.6325648052951186, 0.9733667171004292, 0.38718018385019826, 0.3228602060640834, 0.6549286393237096, 0.5309601211381852, 0.3005621335962372, 0.5141856286125674, 0.8459303354100268, 0.20415378621262725, 0.16812357472011297, 0.01217767389638813, 0.35296459105200884]",54.0,54.0,103.0,3.2457,3.2457,17.6093,17.6093,0.3044,0.3044,False,0,2.2835,0.352982,2.4726,0.6325648052951186,1.727091499984131,minus,True,-1.4854649482385442,-1.1388906601156363,0.3465742881229079,True,True,1.0,False,100.0,77.0,0.0,False,"[""block_count_per_ring != 7 (missing or extra blocks)""]",0.3495852258305066,0.0974194747829077,1.001520368671576e-05
42,1-5,271,1-5/r271,bo,2167.196046334205,"{""0"": {""K"": 0.0, ""B1"": 2510.127474799303, ""A1"": 2195.5257105398186, ""A2"": 2205.5358138891806, ""A3"": 742.3281657650809, ""B2"": 438.09009370833513}}",2.7274,0.1627048465844493,0.6665087165649366,0.2285912834350634,"[0.627082189332814, 0.017477022660833064, 0.726310033217391, 0.6352794301330493, 0.6381758720744157, 0.21479402944591464, 0.12676217989245808, 0.23293464421272603, 0.8126806259936108, 0.7654611140657432, 0.4927862726719543, 0.024179421891422304, 0.8926553652202033]",32.0,32.0,99.0,9.4201,9.4201,41.959,41.959,0.6045,0.6045,False,0,2.675,0.892678,2.4726,0.627082189332814,1.6002483615801455,minus,True,0.6732147954430193,1.1211190045768165,0.4479042091337971,True,True,1.0,False,100.0,10.0,0.0,False,"[""block_count_per_ring != 7 (missing or extra blocks)""]",0.5815871241618485,0.0552894790643534,0.0009704276213424
43,1-5,271,1-5/r271,bo,2038.4498558201592,"{""0"": {""K"": 0.0, ""B1"": 689.676780282562, ""A1"": 2185.129030250717, ""A2"": 741.4926331353203, ""A3"": 2958.4654793302957, ""B2"": 2514.5111259496402}}",2.7274,0.2973483579179278,0.6665087165649366,0.2285912834350634,"[0.5898292406887035, 0.22174728803441723, 0.19955925355398207, 0.6322711314382861, 0.2145522665322107, 0.8560374650839976, 0.7275784507956135, 0.3539400969561942, 0.6030352435809152, 0.333943983568602, 0.23357094330113481, 0.0028262447043293504, 0.19061744301708528]",42.0,42.0,76.0,4.6734,4.6734,22.5178,22.5178,0.0707,0.0707,False,0,2.1657,0.19059,2.4726,0.5898292406887035,1.6845725652737784,plus,False,-0.1246320360034561,-0.4291930584387121,0.3045610224352559,True,True,1.0,False,100.0,51.80000000000018,0.0,False,"[""block_count_per_ring != 7 (missing or extra blocks)""]",0.2697438490712371,0.1011625865621758,6.587400027456238e-07
44,1-5,271,1-5/r271,bo,2154.8461593626016,"{""0"": {""K"": 0.0, ""B1"": 2079.612191521059, ""A1"": 2456.359181075352, ""A2"": 1586.5376319623533, ""A3"": 2327.947863393313, ""B2"": 1944.327659912251}}",2.7274,0.2662822863035483,0.6665087165649366,0.2285912834350634,"[0.6235087266674194, 0.09596272543491202, 0.6017396387503063, 0.7107520778574513, 0.45906760184095874, 0.673596025287417, 0.5625948090023875, 0.4182783013024828, 0.3304615151884611, 0.21322853693066168, 0.5847501154737876, 0.14260059224410515, 0.7313043560004764]",46.0,46.0,46.0,3.3455,3.3455,48.8563,48.8563,3.565,3.565,False,0,2.5579,0.731252,2.4726,0.6235087266674194,1.6188518618591532,plus,False,-1.9536096605745012,-1.883240468059628,0.0703691925148737,True,True,1.0,False,100.0,128.4000000000001,0.0,False,"[""block_count_per_ring != 7 (missing or extra blocks)""]",0.4875645628998813,0.0806804159341931,0.0002611207805649
45,1-5,271,1-5/r271,bo,2155.170343013228,"{""0"": {""K"": 0.0, ""B1"": 1857.6101897445396, ""A1"": 277.8008817405277, ""A2"": 724.2455733072205, ""A3"": 239.3551844153406, ""B2"": 2942.089741680284}}",2.7274,0.3360315547637795,0.6665087165649366,0.2285912834350634,"[0.6236025298070683, 0.2111901536928612, 0.5375029484214524, 0.08038219957769899, 0.2095617978319504, 0.06925786586092031, 0.8512991150695266, 0.7214702946256791, 0.47835405403182396, 0.37064403650690847, 0.27462119976470234, 1.022936949146569e-05, 0.8198100716432457]",69.0,69.0,63.0,5.0771,5.0771,25.5966,25.5966,0.0003,0.0003,False,0,2.6221,0.819754,2.4726,0.6236025298070683,1.6103854013680508,minus,True,1.5082596500014156,1.980208978730712,0.4719493287292962,True,True,1.0,False,100.0,38.5,0.0,False,"[""block_count_per_ring != 7 (missing or extra blocks)""]",0.4076396486978554,0.0817144130148013,1.0787534334185354e-05
46,1-5,271,1-5/r271,bo,2133.6071536955924,"{""0"": {""K"": 0.0, ""B1"": 2627.111785210073, ""A1"": 2379.5249641484506, ""A2"": 2591.0888163571467, ""A3"": 1613.6444640949626, ""B2"": 2368.611516101286}}",2.7274,0.1648739832563839,0.6665087165649366,0.2285912834350634,"[0.6173631810461784, 0.239441314593287, 0.760159660072359, 0.6885199549040656, 0.7497363473255633, 0.46691101391636647, 0.6853621285015294, 0.18548079925939587, 0.029719188488105286, 0.4395999351478572, 0.19177168563366576, 0.014566334710157003, 0.6592605381512804]",29.0,29.0,13.0,5.8356,5.8356,19.3829,19.3829,0.3642,0.3642,False,0,2.5057,0.659292,2.4726,0.6173631810461784,1.5596160824623009,minus,True,-2.08978338972665,-1.6029735469814788,0.486809842745171,True,True,1.0,False,100.0,10.899999999999864,0.0,False,"[""block_count_per_ring != 7 (missing or extra blocks)""]",0.5166105792700433,0.062750769680337,0.0001082253868667
47,1-5,271,1-5/r271,bo,2135.353961391861,"{""0"": {""K"": 0.0, ""B1"": 2748.4329835921585, ""A1"": 3313.399440546331, ""A2"": 1496.9901352288425, ""A3"": 2597.937758941171, ""B2"": 2743.4746118078738}}",2.7274,0.2202712070831051,0.6665087165649366,0.2285912834350634,"[0.6178686230879228, 0.8144836248527488, 0.7952641734931014, 0.9587382640469707, 0.4331568678324197, 0.7517181015454777, 0.7938294594351486, 0.19993234860588216, 0.7914610733896642, 0.5731679710221111, 0.9222153734130141, 0.6872153527436198, 0.6836740831200763]",30.0,30.0,97.0,7.3048,7.3048,74.1662,74.1662,17.1804,17.1804,False,0,2.5234,0.683692,2.4726,0.6178686230879228,1.5208269298659285,minus,True,-2.153817794267362,-1.8121097755921085,0.3417080186752543,True,True,1.0,False,100.0,5.0,0.0,False,"[""block_count_per_ring != 7 (missing or extra blocks)""]",0.5514919309204263,0.053513422137844,0.0001761478431356
48,1-5,271,1-5/r271,bo,2065.9948950988,"{""0"": {""K"": 0.0, ""B1"": 1664.3872259399368, ""A1"": 2751.022838417037, ""A2"": 2057.9622670811036, ""A3"": 2586.1230536051644, ""B2"": 511.7034787861143}}",2.7274,0.2041284810068506,0.6665087165649366,0.2285912834350634,"[0.59779944881331, 0.07923788130140386, 0.4815935260242873, 0.7960135527827075, 0.5954751930211527, 0.7482994946774203, 0.14806234918579697, 0.5879387862611606, 0.3111702450186251, 0.7961820194134998, 0.9358327213923574, 0.16342039259968166, 0.8345521655330547]",59.0,59.0,44.0,9.758,9.758,75.1875,75.1875,4.0855,4.0855,False,0,2.6328,0.834504,2.4726,0.59779944881331,1.6601893023930372,plus,False,1.5610464087194589,0.7237631492721701,0.8372832594472888,True,True,1.0,False,100.0,164.9000000000001,0.0,False,"[""block_count_per_ring != 7 (missing or extra blocks)""]",0.2769495414471982,0.0992231863807531,6.291534286250941e-07
49,1-5,271,1-5/r271,bo,2080.8366775938675,"{""0"": {""K"": 0.0, ""B1"": 2560.7870810255135, ""A1"": 1116.9973195845807, ""A2"": 1657.691486813906, ""A3"": 1110.9917771276232, ""B2"": 2534.183326459217}}",2.7274,0.2927443332346962,0.6665087165649366,0.2285912834350634,"[0.6020939460630403, 0.08037538031794178, 0.7409684840930305, 0.32320524293535324, 0.47965610150865334, 0.32146752810405765, 0.7332706384430605, 0.8931337000028458, 0.05395088294264061, 0.4805266599266911, 0.3852146488272137, 0.12523826189136633, 0.7451722010618264]",82.0,82.0,16.0,6.2858,6.2858,33.8911,33.8911,3.131,3.131,False,0,2.568,0.745175,2.4726,0.6020939460630403,1.6619727238886617,minus,True,-1.7108159257337263,-1.0304770339909153,0.6803388917428113,True,True,1.0,False,100.0,6.0,0.0,False,"[""block_count_per_ring != 7 (missing or extra blocks)""]",0.2676527467733136,0.0926245941058648,9.75609614292694e-08
50,1-5,271,1-5/r271,bo,2129.3520045261166,"{""0"": {""K"": 0.0, ""B1"": 2248.6325043913344, ""A1"": 2989.3726675496137, ""A2"": 1120.7237017243083, ""A3"": 745.9403202308864, ""B2"": 2495.632402540032}}",2.7274,0.234224278863691,0.6665087165649366,0.2285912834350634,"[0.6161319457540847, 0.41397859107310475, 0.6506459792799, 0.864980517230791, 0.32428347850819106, 0.21583921302977038, 0.7221158572164446, 0.7252175700020954, 0.40474805775306566, 0.33102171531052593, 0.1641889052016431, 0.807320532559218, 0.29854509824102615]",69.0,69.0,55.0,4.6412,4.6412,17.3142,17.3142,20.183,20.183,False,0,2.244,0.298529,2.4726,0.6161319457540847,1.6885834788965304,plus,False,-0.3239915137944077,-0.611171691202122,0.2871801774077143,True,True,1.0,False,100.0,247.0,0.0,False,"[""block_count_per_ring != 7 (missing or extra blocks)""]",0.3300562983959312,0.0872341817855886,7.069108078042653e-07
51,1-5,271,1-5/r271,bo,2161.056889246719,"{""0"": {""K"": 0.0, ""B1"": 2830.079973163805, ""A1"": 2495.854031782551, ""A2"": 208.45365780865117, ""A3"": 1262.429419617746, ""B2"": 645.1734552570041}}",2.7274,0.3540798693015825,0.6665087165649366,0.2285912834350634,"[0.6253058128607405, 0.5215677235317997, 0.8188888811237861, 0.7221799860481918, 0.060316451912225455, 0.36528629039865335, 0.18668213404427203, 0.7985470085772167, 0.6995677321471012, 0.9910441894190961, 0.4897812715149874, 0.7164879657972919, 0.7699173130618752]",75.0,75.0,87.0,11.9015,11.9015,41.7336,41.7336,17.9122,17.9122,False,0,2.5859,0.769851,2.4726,0.6253058128607405,1.714786842239268,plus,False,1.8786535193594156,1.887548208466861,0.0088946891074459,True,True,1.0,False,100.0,208.4000000000001,0.0,False,"[""block_count_per_ring != 7 (missing or extra blocks)""]",0.3578714100412836,0.0868074593796491,2.5415839511187577e-06
52,1-5,271,1-5/r271,bo,2121.662607685045,"{""0"": {""K"": 0.0, ""B1"": 2890.1208767061926, ""A1"": 2623.9960643929508, ""A2"": 3046.9230570554582, ""A3"": 900.7863081276158, ""B2"": 459.34270451580414}}",2.7274,0.2741871144334937,0.6665087165649366,0.2285912834350634,"[0.6139070045384968, 0.44430901314028703, 0.8362618277506344, 0.7592581204840714, 0.8816328290091024, 0.26064418637951847, 0.13291166218628592, 0.3747934214452584, 0.7354828185199939, 0.01773901251998755, 0.26218029894707107, 0.2151661610051554, 0.8918233167328822]",43.0,43.0,91.0,1.1951,1.1951,24.6635,24.6635,5.3792,5.3792,False,0,2.6744,0.891851,2.4726,0.6139070045384968,1.6590790079433848,plus,False,0.8450523763400583,0.6623840288924595,0.1826683474475987,True,True,1.0,False,100.0,156.79999999999995,0.0,False,"[""block_count_per_ring != 7 (missing or extra blocks)""]",0.3637529319306625,0.0751837450072425,2.613743505006288e-07
53,1-5,271,1-5/r271,bo,2152.948462550512,"{""0"": {""K"": 0.0, ""B1"": 2721.841791769522, ""A1"": 1871.1748520902443, ""A2"": 473.27615930840005, ""A3"": 876.1500995497246, ""B2"": 1513.3051437785189}}",2.7274,0.1432378469909026,0.6665087165649366,0.2285912834350634,"[0.622959624580588, 0.2996402322712697, 0.7875699628962737, 0.5414279085909272, 0.1369433331332176, 0.25351565380489716, 0.43787764576924737, 0.0836304022751817, 0.456000356619364, 0.5788407421488123, 0.06248006840892406, 0.8008002323321413, 0.0668907421458319]",21.0,21.0,60.0,7.3672,7.3672,9.686,9.686,20.02,20.02,False,0,2.076,0.066935,2.4726,0.622959624580588,1.630553653175466,minus,True,1.1553154137092108,1.862251112585925,0.7069356988767139,True,True,1.0,False,100.0,357.8,0.0,False,"[""block_count_per_ring != 7 (missing or extra blocks)""]",0.3657463548840279,0.081825502549597,1.4057094266055115e-06
54,1-5,271,1-5/r271,bo,2176.6077213199133,"{""0"": {""K"": 0.0, ""B1"": 3135.5624632311733, ""A1"": 2485.261960214454, ""A2"": 1715.2726996433337, ""A3"": 1482.2603983374904, ""B2"": 510.2991866238872}}",2.7274,0.2611722209858195,0.6665087165649366,0.2285912834350634,"[0.6298054749189563, 0.12408140539002444, 0.9072808053330941, 0.7191151505250156, 0.4963173320727239, 0.42889479118561646, 0.1476560146481155, 0.8578483420141637, 0.35385934312800926, 0.01311075587345023, 0.4859144114195192, 0.0557419539937698, 0.09444326143523585]",79.0,79.0,49.0,1.1442,1.1442,41.4436,41.4436,1.3935,1.3935,False,0,2.096,0.094506,2.4726,0.6298054749189563,1.7878455784424034,plus,False,1.5761916840461474,0.7135386752151374,0.86265300883101,True,True,1.0,False,100.0,233.0,0.0,False,"[""block_count_per_ring != 7 (missing or extra blocks)""]",0.2879653422017692,0.0898262387730396,1.4443339874581724e-07
55,1-5,271,1-5/r271,bo,2149.147795815837,"{""0"": {""K"": 0.0, ""B1"": 2186.550327515846, ""A1"": 135.46804639691953, ""A2"": 1976.8707905003878, ""A3"": 232.9194201225231, ""B2"": 1111.5139918262257}}",2.7274,0.2101835985423208,0.6665087165649366,0.2285912834350634,"[0.6218598946226381, 0.6967934252294359, 0.6326823864339832, 0.03919793009170125, 0.5720112241031214, 0.06739566554471155, 0.3216186318941625, 0.28768795734721053, 0.49080176767018, 0.22119595458814023, 0.5359867851125013, 0.02561712522722126, 0.9783176177913064]",37.0,37.0,64.0,3.4332,3.4332,45.199,45.199,0.6404,0.6404,False,0,2.7371,0.978285,2.4726,0.6218598946226381,1.7487401021421696,minus,True,2.0219955670499568,2.3242527126960977,0.3022571456461409,True,True,1.0,False,100.0,97.5,0.0,False,"[""block_count_per_ring != 7 (missing or extra blocks)""]",0.3399623425934642,0.0813859829362405,3.167271552146452e-07
56,1-5,271,1-5/r271,bo,2209.7882214356846,"{""0"": {""K"": 0.0, ""B1"": 557.5924525998826, ""A1"": 3413.9487256269426, ""A2"": 3407.9888909308333, ""A3"": 529.1132408467518, ""B2"": 1113.1237263138157}}",2.7274,0.1349582736148059,0.6665087165649366,0.2285912834350634,"[0.6394063140728254, 0.12590216214601446, 0.16134040873839195, 0.9878323858874255, 0.9861078966813754, 0.1530998960783425, 0.3220844115491365, 0.27334388087286277, 0.5703278906775245, 0.7992573848145429, 0.7686427281695671, 0.7172734090777871, 0.3219049399669176]",36.0,36.0,73.0,9.7918,9.7918,62.6482,62.6482,17.9318,17.9318,False,0,2.261,0.321964,2.4726,0.6394063140728254,1.5374137279195046,plus,False,0.5480953127155683,-0.1806417004375501,0.7287370131531185,True,True,1.0,False,100.0,5.899999999999636,0.0,False,"[""block_count_per_ring != 7 (missing or extra blocks)""]",0.2764854578860805,0.0891802962720795,6.643844683731518e-08
57,1-5,271,1-5/r271,bo,2140.741185341639,"{""0"": {""K"": 0.0, ""B1"": 1436.3740436799424, ""A1"": 2848.7032103471684, ""A2"": 1065.519391156435, ""A3"": 1401.7234453201634, ""B2"": 1161.5884813640996}}",2.7274,0.1546590030476867,0.6665087165649366,0.2285912834350634,"[0.6194274263141316, 0.261846135395967, 0.4156174894907241, 0.8242775492902686, 0.30831000901517214, 0.4055912746875473, 0.3361077781724825, 0.4412846036181982, 0.9451507099789531, 0.2217773207995284, 0.13121996510737244, 0.09620058979945345, 0.4636469262801943]",48.0,48.0,114.0,3.4396,3.4396,14.8415,14.8415,2.405,2.405,False,0,2.3638,0.463678,2.4726,0.6194274263141316,1.647767962760223,minus,True,-1.1137542705530168,-0.3446266119349076,0.7691276586181092,True,True,1.0,False,100.0,34.599999999999994,0.0,False,"[""block_count_per_ring != 7 (missing or extra blocks)""]",0.4310623900027699,0.0720597240460474,6.096990949431416e-06
58,1-5,271,1-5/r271,bo,2183.3485989532096,"{""0"": {""K"": 0.0, ""B1"": 2733.981058070097, ""A1"": 2721.039967599674, ""A2"": 1874.2581313533858, ""A3"": 1153.0278669144593, ""B2"": 891.4958276847353}}",2.7274,0.1534998182808805,0.6665087165649366,0.2285912834350634,"[0.6317559603452574, 0.02727610039940409, 0.7910824820804678, 0.7873379535878687, 0.5423200611554936, 0.3336307485284894, 0.25795596865877757, 0.07685649655467042, 0.5204996997219203, 0.7421525229793975, 0.23016925786607656, 0.14742885935086703, 0.5346178463819405]",21.0,21.0,67.0,9.1637,9.1637,22.2627,22.2627,3.6857,3.6857,False,0,2.4153,0.534672,2.4726,0.6317559603452574,1.7855712841436429,minus,True,-1.2627656727822325,-0.7853319035530548,0.4774337692291774,True,True,1.0,False,100.0,12.899999999999864,0.0,False,"[""block_count_per_ring != 7 (missing or extra blocks)""]",0.3866383343983605,0.0712401341082906,3.742188263619416e-07
59,1-5,271,1-5/r271,bo,2130.59265037958,"{""0"": {""K"": 0.0, ""B1"": 1610.2612352542828, ""A1"": 3000.867071649761, ""A2"": 1886.9741637849766, ""A3"": 808.4835538420357, ""B2"": 2845.800494859433}}",2.7274,0.2418119668345195,0.6665087165649366,0.2285912834350634,"[0.6164909289292766, 0.08351996294899244, 0.4659320703860772, 0.8683064443431021, 0.5459994686877826, 0.2339362134959594, 0.8234376431884933, 0.669599818321712, 0.3231062390813987, 0.19504114924173932, 0.5651746491984765, 0.04247799680202402, 0.5388691775287539]",65.0,65.0,46.0,3.1455,3.1455,47.3881,47.3881,1.0619,1.0619,False,0,2.4183,0.538808,2.4726,0.6164909289292766,1.7188970971295718,plus,False,-0.7820120636887721,-0.6447788086671332,0.1372332550216388,True,True,1.0,False,100.0,155.0999999999999,0.0,False,"[""block_count_per_ring != 7 (missing or extra blocks)""]",0.4841493192650238,0.0605738243010519,1.2279957808002774e-05
0,1-1,20,1-1/r20,gt_layout_ceiling_r,1455.161179786177,"{""0"": {""K"": 0.0, ""B1"": 218.9229551524668, ""A1"": 866.0144415994209, ""A2"": 1236.8994987806, ""A3"": 2162.3253749381593, ""B2"": 2809.5488684213906}}",2.7353,0.8548967926658134,0.8548967926658134,0.0279032073341866,"[0.4210535821140558, 0.0, 0.06334576248624618, 0.25058288240723986, 0.357899160526794, 0.6256728515446063, 0.8129481679460042, 0.29333333333333333, 0.36363636363636365, 0.18181818181818182, 0.2, 0.0, 0.9738148371773665]",37.0,37.0,50.0,3.0,3.0,20.0,20.0,0.0,0.0,False,0,2.7353,0.973815,2.449,0.4210535821140558,1.708109878749136,plus,False,2.7714710218798144,2.772363530295938,0.0008925084161237,True,True,1.0,False,100.0,218.89999999999984,0.0,False,"[""block_count_per_ring != 7 (missing or extra blocks)""]",,,
1,1-1,20,1-1/r20,gt_layout_otsu_r,1455.161179786177,"{""0"": {""K"": 0.0, ""B1"": 218.9229551524668, ""A1"": 866.0144415994209, ""A2"": 1236.8994987806, ""A3"": 2162.3253749381593, ""B2"": 2809.5488684213906}}",2.7353,0.8343921509835116,0.8548967926658134,0.0279032073341866,"[0.4210535821140558, 0.0, 0.06334576248624618, 0.25058288240723986, 0.357899160526794, 0.6256728515446063, 0.8129481679460042, 0.29333333333333333, 0.36363636363636365, 0.18181818181818182, 0.2, 0.0, 0.5755957391308073]",37.0,37.0,50.0,3.0,3.0,20.0,20.0,0.0,0.0,False,0,2.449,0.575531,2.449,0.4210535821140558,1.708109878749136,plus,False,2.7714710218798144,2.772363530295938,0.0008925084161237,True,True,1.0,False,100.0,218.89999999999984,0.0,False,"[""block_count_per_ring != 7 (missing or extra blocks)""]",,,
2,1-1,20,1-1/r20,intrinsic_r_otsu,2160.329932585729,"{""0"": {""K"": 0.0, ""B1"": 2680.7697454873887, ""A1"": 778.3160486074855, ""A2"": 1037.3746806531951, ""A3"": 3019.000707289481, ""B2"": 18.196892578626247}}",2.7353,0.1026716105059075,0.8548967926658134,0.0279032073341866,"[0.625095466604667, 0.8972138009695755, 0.7756856902451935, 0.22520718999059186, 0.30016628491122543, 0.8735534453962619, 0.005265304565574724, 0.8212284183827663, 0.7970694287520462, 0.4679349528437208, 0.3030324268193135, 0.2784256121007733, 0.5755957391308073]",77.0,77.0,98.0,6.1473,6.1473,27.7274,27.7274,6.9606,6.9606,False,0,2.449,0.575531,2.449,0.625095466604667,1.5458869746539976,plus,False,1.69348335549244,1.423753365951796,0.269729989540644,True,True,1.0,False,100.0,18.199999999999815,0.0,False,"[""block_count_per_ring != 7 (missing or extra blocks)""]",,,
3,1-1,20,1-1/r20,random,1538.1837131304264,"{""0"": {""K"": 0.0, ""B1"": 1912.886848769446, ""A1"": 3440.448979549261, ""A2"": 2739.4395928027307, ""A3"": 2150.251416948658, ""B2"": 3417.8462703885943}}",2.7353,0.2330446787456976,0.8548967926658134,0.0279032073341866,"[0.4450763058826466, 0.5045482589579533, 0.5534973520744925, 0.9955002834343927, 0.7926619192137531, 0.6221792294411627, 0.9889601476818849, 0.21530869823559895, 0.16021203385784455, 0.6125396042730308, 0.04394200796138337, 0.03568027877359614, 0.5148888202713703]",31.0,31.0,28.0,7.7379,7.7379,8.2957,8.2957,0.892,0.892,False,0,2.4054,0.514877,2.449,0.4450763058826465,1.5791616556368795,plus,False,-2.3084330362704657,-2.1972911222737403,0.1111419139967253,True,True,1.0,False,100.0,15.600000000000136,0.0,False,"[""block_count_per_ring != 7 (missing or extra blocks)""]",,,
4,1-1,20,1-1/r20,random,1611.2080235241992,"{""0"": {""K"": 0.0, ""B1"": 2174.6059355209322, ""A1"": 1776.79058664792, ""A2"": 1717.1945927199508, ""A3"": 855.4115705264553, ""B2"": 40.76015227490025}}",2.7353,0.4062023646995905,0.8548967926658134,0.0279032073341866,"[0.4662060253252891, 0.9171677731928523, 0.6292262544910104, 0.5141176465995139, 0.49687343539350426, 0.24751492202733083, 0.01179402554250586, 0.19240214398531064, 0.6920321208818392, 0.2006067239869952, 0.3695363106022067, 0.0037342420520759534, 0.8300477298017456]",29.0,29.0,86.0,3.2067,3.2067,32.7152,32.7152,0.0934,0.0934,False,0,2.632,0.83011,2.449,0.4662060253252891,1.7792959576398664,minus,True,1.931814627943528,2.279849897513741,0.3480352695702131,True,True,1.0,False,100.00000000000004,40.79999999999996,0.0,False,"[""block_count_per_ring != 7 (missing or extra blocks)""]",,,
5,1-1,20,1-1/r20,random,533.8174961483361,"{""0"": {""K"": 0.0, ""B1"": 3042.4279241577437, ""A1"": 1761.8370389052704, ""A2"": 2927.7512514404443, ""A3"": 2210.8625289533707, ""B2"": 2563.560394082578}}",2.7353,0.3207625492966912,0.8548967926658134,0.0279032073341866,"[0.15446108106143985, 0.26759930456378545, 0.8803321539808286, 0.5097908098684232, 0.8471502463658693, 0.6397171669425262, 0.7417709473618571, 0.09149560506304566, 0.5411438213764888, 0.50777223630035, 0.8713393766928806, 0.3612640590141576, 0.5981840672072131]",22.0,22.0,70.0,6.5855,6.5855,70.3505,70.3505,9.0316,9.0316,False,0,2.4653,0.598206,2.449,0.1544610810614398,1.6109255292733478,plus,False,-2.4701526455881737,-2.439443498707172,0.0307091468810019,True,True,1.0,False,100.0,114.6,0.0,False,"[""block_count_per_ring != 7 (missing or extra blocks)""]",,,
6,1-1,20,1-1/r20,random,204.7736759460605,"{""0"": {""K"": 0.0, ""B1"": 1116.4136126683622, ""A1"": 519.0902636674816, ""A2"": 2821.2644867987256, ""A3"": 1311.3659688778798, ""B2"": 3382.552688525182}}",2.7353,0.1625566951860834,0.8548967926658134,0.0279032073341866,"[0.05925164234550362, 0.3876318011107287, 0.32303634625820665, 0.15019972907045187, 0.8163381038190757, 0.37944617155031246, 0.9787478844112216, 0.5899916930106103, 0.6050562538298513, 0.6379965807883322, 0.6764502438127883, 0.1507880191683687, 0.44031346718818754]",59.0,59.0,77.0,8.018,8.018,55.7338,55.7338,3.7697,3.7697,False,0,2.3518,0.440312,2.449,0.0592516423455036,1.6001713874068244,plus,False,0.3589848801473625,0.4476037624639807,0.0886188823166181,True,True,1.0,False,100.0,73.5,0.0,False,"[""block_count_per_ring != 7 (missing or extra blocks)""]",,,
7,1-1,20,1-1/r20,random,827.9330520828327,"{""0"": {""K"": 0.0, ""B1"": 334.2093486281128, ""A1"": 3344.813744424727, ""A2"": 743.0539531019214, ""A3"": 2321.620401984601, ""B2"": 1038.251801591667}}",2.7353,0.1683406563207126,0.8548967926658134,0.0279032073341866,"[0.23956396182952333, 0.40249829810398163, 0.09670409393174562, 0.9678280510488214, 0.21500403735588003, 0.6717651626112849, 0.3004200814790703, 0.8740770261495044, 0.6622147383384538, 0.13161581580830573, 0.8450743208745529, 0.9449481711449795, 0.9039167881959268]",81.0,81.0,83.0,2.4478,2.4478,68.3806,68.3806,23.6237,23.6237,False,0,2.6851,0.903979,2.449,0.2395639618295233,1.6290221587531393,plus,False,1.873953289442704,1.1811818016022744,0.6927714878404292,True,True,1.0,False,100.0,111.19999999999992,0.0,False,"[""block_count_per_ring != 7 (missing or extra blocks)""]",,,
8,1-1,20,1-1/r20,random,1968.9493750016625,"{""0"": {""K"": 0.0, ""B1"": 665.1538386105567, ""A1"": 3206.842046477076, ""A2"": 1908.8403413780636, ""A3"": 623.9894346394386, ""B2"": 3055.300626343}}",2.7353,0.1098846796356749,0.8548967926658134,0.0279032073341866,"[0.5697191478592772, 0.1454599537609269, 0.19246349496833237, 0.9279056847445244, 0.5523264876672638, 0.18055249844891164, 0.8840568941964699, 0.6415717052224807, 0.5696942744738079, 0.3762878361299201, 0.41095528215712984, 0.23948921268184487, 0.03805728669123909]",63.0,63.0,73.0,5.1392,5.1392,35.8216,35.8216,5.9872,5.9872,False,0,2.0626,0.037993,2.449,0.5697191478592772,1.6407655329791455,minus,True,0.1148722039047457,0.8902847249625917,0.775412521057846,True,True,1.0,False,100.0,41.19999999999982,0.0,False,"[""block_count_per_ring != 7 (missing or extra blocks)""]",,,
9,1-1,20,1-1/r20,random,3028.2122008256406,"{""0"": {""K"": 0.0, ""B1"": 1892.627248482669, ""A1"": 1113.396398600458, ""A2"": 2596.5789230186306, ""A3"": 87.08038549088381, ""B2"": 1286.272301985345}}",2.7353,0.3584789178336626,0.8548967926658134,0.0279032073341866,"[0.876218808109271, 0.4677302168140961, 0.5476351992137353, 0.3221633097802251, 0.7513249198549279, 0.025196870801760363, 0.37218527256520395, 0.03035029438411163, 0.12289210220500935, 0.9671482353973677, 0.6577607300385144, 0.4282202463894813, 0.5237401079104803]",17.0,17.0,24.0,11.6386,11.6386,54.3321,54.3321,10.7055,10.7055,False,0,2.4118,0.52378,2.449,0.876218808109271,1.7335807277825284,plus,False,2.129746325874196,2.2258230955702403,0.0960767696960442,True,True,1.0,False,100.0,87.10000000000036,0.0,False,"[""block_count_per_ring != 7 (missing or extra blocks)""]",,,
10,1-1,20,1-1/r20,random,3016.42862479986,"{""0"": {""K"": 0.0, ""B1"": 2040.0456347932538, ""A1"": 2362.8131942614627, ""A2"": 1228.3100133932578, ""A3"": 1794.0043693301418, ""B2"": 2644.694956610574}}",2.7353,0.1275448287927658,0.8548967926658134,0.0279032073341866,"[0.8728092085647744, 0.3442106669960262, 0.5902909822897147, 0.6836843733395437, 0.35541377702351207, 0.5190984864959901, 0.7652473832785226, 0.9091793139905502, 0.1510622780768155, 0.9334193923074285, 0.005178865815432143, 0.752977503597754, 0.8105268303172452]",83.0,83.0,27.0,11.2676,11.2676,5.3884,5.3884,18.8244,18.8244,False,0,2.6179,0.810495,2.449,0.8728092085647744,1.5838372349525842,plus,False,-1.318587833320925,-1.786393105228956,0.4678052719080305,True,True,1.0,False,100.0,246.0999999999999,0.0,False,"[""block_count_per_ring != 7 (missing or extra blocks)""]",,,
11,1-1,20,1-1/r20,random,472.65656213116176,"{""0"": {""K"": 0.0, ""B1"": 2817.5256967508776, ""A1"": 49.32123155001426, ""A2"": 2171.964491825901, ""A3"": 2740.689762386806, ""B2"": 1772.9403822335526}}",2.7353,0.0965639137788754,0.8548967926658134,0.0279032073341866,"[0.13676405154258153, 0.41890365091318515, 0.8152562779950456, 0.014271189684610608, 0.6284619478662907, 0.7930236580980341, 0.5130035828222085, 0.7258494205510871, 0.22642348269714407, 0.19852114799267284, 0.3631269505503516, 0.17940602756714652, 0.34606143911247844]",69.0,69.0,35.0,3.1837,3.1837,32.2345,32.2345,4.4852,4.4852,False,0,2.284,0.345992,2.449,0.1367640515425815,1.655634448192509,plus,False,1.3537114023698984,1.4976668990926396,0.1439554967227412,True,True,1.0,False,100.0,49.30000000000001,0.0,False,"[""block_count_per_ring != 7 (missing or extra blocks)""]",,,
12,1-1,20,1-1/r20,perturb_wrong_r_low,1455.161179786177,"{""0"": {""K"": 0.0, ""B1"": 218.9229551524668, ""A1"": 866.0144415994209, ""A2"": 1236.8994987806, ""A3"": 2162.3253749381593, ""B2"": 2809.5488684213906}}",2.7353,0.8343921509835116,0.8548967926658134,0.0279032073341866,"[0.4210535821140558, 0.0, 0.06334576248624618, 0.25058288240723986, 0.357899160526794, 0.6256728515446063, 0.8129481679460042, 0.29333333333333333, 0.36363636363636365, 0.18181818181818182, 0.2, 0.0, 0.05]",37.0,37.0,50.0,3.0,3.0,20.0,20.0,0.0,0.0,False,0,2.0712,0.049957,2.449,0.4210535821140558,1.708109878749136,plus,False,2.7714710218798144,2.772363530295938,0.0008925084161237,True,True,1.0,False,100.0,218.89999999999984,0.0,False,"[""block_count_per_ring != 7 (missing or extra blocks)""]",,,
13,1-1,20,1-1/r20,perturb_wrong_r_high,1455.161179786177,"{""0"": {""K"": 0.0, ""B1"": 218.9229551524668, ""A1"": 866.0144415994209, ""A2"": 1236.8994987806, ""A3"": 2162.3253749381593, ""B2"": 2809.5488684213906}}",2.7353,0.8588917095592361,0.8588917095592361,0.0239082904407639,"[0.4210535821140558, 0.0, 0.06334576248624618, 0.25058288240723986, 0.357899160526794, 0.6256728515446063, 0.8129481679460042, 0.29333333333333333, 0.36363636363636365, 0.18181818181818182, 0.2, 0.0, 0.95]",37.0,37.0,50.0,3.0,3.0,20.0,20.0,0.0,0.0,False,0,2.7182,0.950026,2.449,0.4210535821140558,1.708109878749136,plus,False,2.7714710218798144,2.772363530295938,0.0008925084161237,True,True,1.0,False,100.0,218.89999999999984,0.0,False,"[""block_count_per_ring != 7 (missing or extra blocks)""]",,,
14,1-1,20,1-1/r20,perturb_offset_shift,1455.161179786177,"{""0"": {""K"": 0.0, ""B1"": 86.26901299400821, ""A1"": 676.5078222536198, ""A2"": 1611.8391339530472, ""A3"": 2116.2733811478606, ""B2"": 3208.007490591787}}",2.7353,0.2469780544368382,0.8588917095592361,0.0239082904407639,"[0.4210535821140558, 0.0, 0.024962098667247745, 0.19574879116134833, 0.4663886382965993, 0.6123476218599134, 0.9282429081573457, 0.29333333333333333, 0.36363636363636365, 0.18181818181818182, 0.2, 0.0, 0.9738148371773665]",37.0,37.0,50.0,3.0,3.0,20.0,20.0,0.0,0.0,False,0,2.7353,0.973815,2.449,0.4210535821140558,1.581625139520808,minus,True,1.9845866008172883,2.310669347622155,0.3260827468048666,True,True,1.0,False,100.0,86.20000000000005,0.0,False,"[""block_count_per_ring != 7 (missing or extra blocks)""]",,,
15,1-1,20,1-1/r20,perturb_misaligned,1499.7589873822335,"{""0"": {""K"": 0.0, ""B1"": 188.50303738343987, ""A1"": 1022.8565106573703, ""A2"": 1200.257390069985, ""A3"": 2337.652226366746, ""B2"": 2630.686499253369}}",2.7353,0.5927862798105429,0.8588917095592361,0.0239082904407639,"[0.43395804033050744, 0.0, 0.05454370294659718, 0.29596542553743355, 0.3472966985156206, 0.6764040006848224, 0.7611940102006276, 0.29333333333333333, 0.36363636363636365, 0.18181818181818182, 0.2, 0.0, 0.9738148371773665]",37.0,37.0,50.0,3.0,3.0,20.0,20.0,0.0,0.0,False,0,2.7353,0.973815,2.449,0.4339580403305074,1.571172382257239,plus,False,2.184908814975903,2.1929417216276392,0.0080329066517363,True,True,1.0,False,100.0,177.4000000000001,0.0,False,"[""block_count_per_ring != 7 (missing or extra blocks)""]",,,
16,1-1,20,1-1/r20,perturb_ambiguous_lines,1455.161179786177,"{""0"": {""K"": 0.0, ""B1"": 218.9229551524668, ""A1"": 866.0144415994209, ""A2"": 1236.8994987806, ""A3"": 2162.3253749381593, ""B2"": 2809.5488684213906}}",2.7353,0.8548967926658134,0.8588917095592361,0.0239082904407639,"[0.4210535821140558, 0.0, 0.06334576248624618, 0.25058288240723986, 0.357899160526794, 0.6256728515446063, 0.8129481679460042, 0.29333333333333333, 0.36363636363636365, 0.9844810785574001, 0.9614151127322559, 0.0, 0.9738148371773665]",37.0,37.0,50.0,11.8293,11.8293,77.1061,77.1061,0.0,0.0,False,0,2.7353,0.973815,2.449,0.4210535821140558,1.708109878749136,plus,False,2.7714710218798144,2.772363530295938,0.0008925084161237,True,True,1.0,False,100.0,218.89999999999984,0.0,False,"[""block_count_per_ring != 7 (missing or extra blocks)""]",,,
17,1-1,20,1-1/r20,perturb_small_segment,1455.161179786177,"{""0"": {""K"": 0.0, ""B1"": 241.92000000000002, ""A1"": 864.0, ""A2"": 1486.08, ""A3"": 2108.16, ""B2"": 2730.2400000000002}}",2.7353,0.7933636534723313,0.8588917095592361,0.0239082904407639,"[0.4210535821140558, 0.0, 0.07, 0.25, 0.43, 0.61, 0.79, 0.29333333333333333, 0.36363636363636365, 0.18181818181818182, 0.2, 0.0, 0.9738148371773665]",37.0,37.0,50.0,3.0,3.0,20.0,20.0,0.0,0.0,False,0,2.7353,0.973815,2.449,0.4210535821140558,1.748539097947062,plus,False,3.74189990917909,3.515617942456914,0.2262819667221758,True,True,1.0,False,100.0,241.89999999999984,0.0,False,"[""block_count_per_ring != 7 (missing or extra blocks)""]",,,
18,1-1,20,1-1/r20,perturb_guardrail_smoke,69.12,"{""0"": {""K"": 0.0, ""B1"": 1748.2329652493643, ""A1"": 2195.532721179262, ""A2"": 1469.8360189420212, ""A3"": 2045.3013878813542, ""B2"": 1910.9653401585417}}",2.7353,0.2447588679512911,0.8588917095592361,0.0239082904407639,"[0.02, 0.0, 0.5058544459633577, 0.635281458674555, 0.4252997739994274, 0.5918117441786326, 0.552941359999578, 0.29333333333333333, 0.36363636363636365, 0.18181818181818182, 0.2, 0.0, 0.9738148371773665]",37.0,37.0,50.0,3.0,3.0,20.0,20.0,0.0,0.0,False,0,2.7353,0.973815,2.449,0.02,1.595979459695477,plus,False,-1.586905696252558,-1.5699450648382625,0.0169606314142956,True,True,1.0,False,100.0,134.30000000000018,0.0,False,"[""block_count_per_ring != 7 (missing or extra blocks)""]",,,
19,1-1,20,1-1/r20,perturb_weak_hough,1455.161179786177,"{""0"": {""K"": 0.0, ""B1"": 218.9229551524668, ""A1"": 866.0144415994209, ""A2"": 1236.8994987806, ""A3"": 2162.3253749381593, ""B2"": 2809.5488684213906}}",2.7353,0.8548967926658134,0.8588917095592361,0.0239082904407639,"[0.4210535821140558, 0.0, 0.06334576248624618, 0.25058288240723986, 0.357899160526794, 0.6256728515446063, 0.8129481679460042, 0.9273284003659407, 0.9281749193539336, 0.18181818181818182, 0.2, 0.0, 0.9738148371773665]",85.0,85.0,112.0,3.0,3.0,20.0,20.0,0.0,0.0,False,0,2.7353,0.973815,2.449,0.4210535821140558,1.708109878749136,plus,False,2.7714710218798144,2.772363530295938,0.0008925084161237,True,True,1.0,False,100.0,218.89999999999984,0.0,False,"[""block_count_per_ring != 7 (missing or extra blocks)""]",,,
20,1-1,20,1-1/r20,perturb_wrong_k,2062.898520285039,"{""0"": {""K"": 0.0, ""B1"": 218.9229551524668, ""A1"": 866.0144415994209, ""A2"": 1236.8994987806, ""A3"": 2162.3253749381593, ""B2"": 2809.5488684213906}}",2.7353,0.1441881073899289,0.8588917095592361,0.0239082904407639,"[0.596903507026921, 0.0, 0.06334576248624618, 0.25058288240723986, 0.357899160526794, 0.6256728515446063, 0.8129481679460042, 0.29333333333333333, 0.36363636363636365, 0.18181818181818182, 0.2, 0.0, 0.9738148371773665]",37.0,37.0,50.0,3.0,3.0,20.0,20.0,0.0,0.0,False,0,2.7353,0.973815,2.449,0.596903507026921,1.708109878749136,plus,False,2.521471021879815,2.5223635302959373,0.0008925084161224,True,True,1.0,False,100.0,218.9000000000001,0.0,False,"[""block_count_per_ring != 7 (missing or extra blocks)""]",,,
21,1-1,20,1-1/r20,perturb_wrong_k,951.046150021054,"{""0"": {""K"": 0.0, ""B1"": 218.9229551524668, ""A1"": 866.0144415994209, ""A2"": 1236.8994987806, ""A3"": 2162.3253749381593, ""B2"": 2809.5488684213906}}",2.7353,0.1320647665407553,0.8588917095592361,0.0239082904407639,"[0.2751869647051661, 0.0, 0.06334576248624618, 0.25058288240723986, 0.357899160526794, 0.6256728515446063, 0.8129481679460042, 0.29333333333333333, 0.36363636363636365, 0.18181818181818182, 0.2, 0.0, 0.9738148371773665]",37.0,37.0,50.0,3.0,3.0,20.0,20.0,0.0,0.0,False,0,2.7353,0.973815,2.449,0.2751869647051661,1.708109878749136,plus,False,2.77079183891623,2.7718330555953954,0.0010412166791655,True,True,1.0,False,100.0,219.0,0.0,False,"[""block_count_per_ring != 7 (missing or extra blocks)""]",,,
22,1-1,20,1-1/r20,perturb_wrong_r_low,1455.161179786177,"{""0"": {""K"": 0.0, ""B1"": 218.9229551524668, ""A1"": 866.0144415994209, ""A2"": 1236.8994987806, ""A3"": 2162.3253749381593, ""B2"": 2809.5488684213906}}",2.7353,0.8343921509835116,0.8588917095592361,0.0239082904407639,"[0.4210535821140558, 0.0, 0.06334576248624618, 0.25058288240723986, 0.357899160526794, 0.6256728515446063, 0.8129481679460042, 0.29333333333333333, 0.36363636363636365, 0.18181818181818182, 0.2, 0.0, 0.05]",37.0,37.0,50.0,3.0,3.0,20.0,20.0,0.0,0.0,False,0,2.0712,0.049957,2.449,0.4210535821140558,1.708109878749136,plus,False,2.7714710218798144,2.772363530295938,0.0008925084161237,True,True,1.0,False,100.0,218.89999999999984,0.0,False,"[""block_count_per_ring != 7 (missing or extra blocks)""]",,,
23,1-1,20,1-1/r20,perturb_wrong_r_high,1455.161179786177,"{""0"": {""K"": 0.0, ""B1"": 218.9229551524668, ""A1"": 866.0144415994209, ""A2"": 1236.8994987806, ""A3"": 2162.3253749381593, ""B2"": 2809.5488684213906}}",2.7353,0.8588917095592361,0.8588917095592361,0.0239082904407639,"[0.4210535821140558, 0.0, 0.06334576248624618, 0.25058288240723986, 0.357899160526794, 0.6256728515446063, 0.8129481679460042, 0.29333333333333333, 0.36363636363636365, 0.18181818181818182, 0.2, 0.0, 0.95]",37.0,37.0,50.0,3.0,3.0,20.0,20.0,0.0,0.0,False,0,2.7182,0.950026,2.449,0.4210535821140558,1.708109878749136,plus,False,2.7714710218798144,2.772363530295938,0.0008925084161237,True,True,1.0,False,100.0,218.89999999999984,0.0,False,"[""block_count_per_ring != 7 (missing or extra blocks)""]",,,
24,1-1,20,1-1/r20,bo,1354.5923413400617,"{""0"": {""K"": 0.0, ""B1"": 2878.345397159998, ""A1"": 3258.8799116385962, ""A2"": 2376.074992152809, ""A3"": 2810.7927444477295, ""B2"": 2807.6658674111995}}",2.7353,0.1347611770643793,0.8588917095592361,0.0239082904407639,"[0.3919538024710826, 0.6497433673523085, 0.8328545709374994, 0.9429629373954271, 0.6875216991182896, 0.8133080857776995, 0.8124033181166666, 0.8088119662821981, 0.5994179681809181, 0.9448855866871825, 0.8914872289667312, 0.007738188883004926, 0.12134140188790277]",76.0,76.0,76.0,11.3937,11.3937,71.8615,71.8615,0.1935,0.1935,False,0,2.1225,0.121323,2.449,0.3919538024710826,1.495442722188392,plus,False,-2.4409138535854304,-2.285982316620148,0.1549315369652828,True,True,1.0,False,100.0,3.1000000000000227,0.0,False,"[""block_count_per_ring != 7 (missing or extra blocks)""]",0.7798643677085528,0.1316714383327525,0.0195853193699483
25,1-1,20,1-1/r20,bo,1586.3216716259249,"{""0"": {""K"": 0.0, ""B1"": 602.7761450142162, ""A1"": 839.9808677764752, ""A2"": 488.20970607871715, ""A3"": 969.3403017021668, ""B2"": 1357.8231999469538}}",2.7353,0.2604049093930606,0.8588917095592361,0.0239082904407639,"[0.45900511331768656, 0.7145212513075857, 0.17441439381198387, 0.2430500196112486, 0.1412643825459251, 0.28048041137215474, 0.39288865739205836, 0.36858670175380637, 0.5843468923578531, 0.34364777531384283, 0.8111246271982405, 0.33852850980778837, 0.7020744808068655]",43.0,43.0,74.0,4.7801,4.7801,65.8343,65.8343,8.4632,8.4632,False,0,2.54,0.702125,2.449,0.4590051133176866,1.3971607358503204,plus,False,1.5087725702862491,0.606421789448253,0.902350780837996,True,True,1.0,False,100.0,114.59999999999992,0.0,False,"[""block_count_per_ring != 7 (missing or extra blocks)""]",0.7159641589269439,0.1857694738596741,0.021431727353465
26,1-1,20,1-1/r20,bo,1325.3110338366173,"{""0"": {""K"": 0.0, ""B1"": 234.93979857697974, ""A1"": 1576.0452501760494, ""A2"": 627.8997467545414, ""A3"": 1188.5855843473469, ""B2"": 2855.768040240858}}",2.7353,0.2273750507820119,0.8588917095592361,0.0239082904407639,"[0.38348120192031754, 0.8970901486020756, 0.06798026579195016, 0.456031611740755, 0.18168395450073538, 0.34391943991532026, 0.8263217709030262, 0.14069686018806993, 0.16633420604627802, 0.7200994829318689, 0.00311710793391462, 0.5502680766712768, 0.7728278051524842]",26.0,26.0,28.0,8.9211,8.9211,5.2338,5.2338,13.7567,13.7567,False,0,2.5908,0.772795,2.449,0.3834812019203175,1.5599274002570562,plus,False,2.0071167321384182,1.8002097869252995,0.2069069452131187,True,True,1.0,False,100.0,235.0,0.0,False,"[""block_count_per_ring != 7 (missing or extra blocks)""]",0.6937742362393253,0.1756002507910537,0.0147069734431974
27,1-1,20,1-1/r20,bo,1324.985172158091,"{""0"": {""K"": 0.0, ""B1"": 3403.5598828941293, ""A1"": 3067.8179577730198, ""A2"": 1757.1901118901135, ""A3"": 140.95022936307214, ""B2"": 2725.8598726664904}}",2.7353,0.1410477133182137,0.8588917095592361,0.0239082904407639,"[0.38338691324018837, 0.043180661287790856, 0.9848263550040883, 0.8876788072259895, 0.5084462129311671, 0.04078420988514819, 0.7887326020447021, 0.46743828713778424, 0.2601540558813972, 0.7305560153125672, 0.7481732268430619, 0.07170313488797353, 0.12729995435325137]",50.0,50.0,39.0,9.0361,9.0361,61.113,61.113,1.7926,1.7926,False,0,2.1268,0.127305,2.449,0.3833869132401883,1.7074435443161176,plus,False,1.3856647611982624,1.208488983156419,0.1771757780418434,True,True,1.0,False,100.0,52.5,0.0,False,"[""block_count_per_ring != 7 (missing or extra blocks)""]",0.6719689638654436,0.1757891062389389,0.0115880781172769
28,1-1,20,1-1/r20,bo,1506.9588287343406,"{""0"": {""K"": 0.0, ""B1"": 108.51723879522588, ""A1"": 1238.1489625883808, ""A2"": 414.492054533599, ""A3"": 1773.751810305548, ""B2"": 2885.12331125126}}",2.7353,0.386472982856037,0.8588917095592361,0.0239082904407639,"[0.43604132775877913, 0.617966655747721, 0.03139966400324823, 0.3582606951933972, 0.11993404355717563, 0.5132383710374849, 0.8348157729314989, 0.9597504207954787, 0.8102051038949859, 0.8663986530909559, 0.64347153466656, 0.6844622123001657, 0.12361563012210974]",87.0,87.0,99.0,10.5304,10.5304,53.2604,53.2604,17.1116,17.1116,False,0,2.1241,0.123549,2.449,0.4360413277587791,1.548563807773285,plus,False,2.117098786323399,1.8445214623471144,0.272577323976285,True,True,1.0,False,100.0,108.5,0.0,False,"[""block_count_per_ring != 7 (missing or extra blocks)""]",0.6465685616002391,0.1858067640339454,0.0104986488527885
29,1-1,20,1-1/r20,bo,1429.6254525776794,"{""0"": {""K"": 0.0, ""B1"": 3211.1759002374524, ""A1"": 2112.867307474588, ""A2"": 1594.3888750721285, ""A3"": 775.7182333620495, ""B2"": 2911.4627567144744}}",2.7353,0.2366442584156973,0.8588917095592361,0.0239082904407639,"[0.4136647721578933, 0.8659624508738751, 0.9291596933557443, 0.611362068135008, 0.46133937357411126, 0.22445550733855602, 0.8424371402530308, 0.0486592833756323, 0.5059569746002252, 0.420486882269942, 0.441100507741904, 0.2177707378886664, 0.5337753368348237]",19.0,19.0,66.0,5.6254,5.6254,38.0825,38.0825,5.4443,5.4443,False,0,2.419,0.533797,2.449,0.4136647721578934,1.7018508768150655,plus,False,-0.6850882309194968,-0.762924888651002,0.0778366577315052,True,True,1.0,False,100.0,244.79999999999995,0.0,False,"[""block_count_per_ring != 7 (missing or extra blocks)""]",0.6388531088018938,0.1558367254105533,0.0048211714397626
30,1-1,20,1-1/r20,bo,1563.6460574588878,"{""0"": {""K"": 0.0, ""B1"": 1530.1371326416997, ""A1"": 858.3992395747329, ""A2"": 920.1857197393585, ""A3"": 1499.453252758812, ""B2"": 2665.2241384595413}}",2.7353,0.1201804000939146,0.8588917095592361,0.0239082904407639,"[0.4524438823665763, 0.5360785340688093, 0.4427480129171585, 0.24837940959917038, 0.26625744205421253, 0.4338695754510451, 0.7711875400635247, 0.0996389258610918, 0.5703461298902907, 0.6969666777386812, 0.6317670443528212, 0.05110674771517498, 0.07194889119442982]",22.0,22.0,73.0,8.6666,8.6666,52.3825,52.3825,1.2777,1.2777,False,0,2.087,0.071937,2.449,0.4524438823665763,1.4982502371619908,minus,True,-0.3954408833183523,-0.1117269732974282,0.2837139100209241,True,True,1.0,False,100.0,30.700000000000276,0.0,False,"[""block_count_per_ring != 7 (missing or extra blocks)""]",0.6640131494071861,0.1514777201658059,0.0061611887573921
31,1-1,20,1-1/r20,bo,1364.592118228232,"{""0"": {""K"": 0.0, ""B1"": 37.5888615377865, ""A1"": 2351.751308117023, ""A2"": 2364.670074297644, ""A3"": 485.80431081294705, ""B2"": 2987.7691957859315}}",2.7353,0.2039088698922483,0.8588917095592361,0.0239082904407639,"[0.3948472564317801, 0.26800975471627275, 0.010876406694961371, 0.6804835960986757, 0.6842216650166795, 0.14056837697133884, 0.8645165497065774, 0.7683713012134884, 0.10106590934321524, 0.8566286179526977, 0.19211493373398436, 0.11221945318202609, 0.28494906843705514]",73.0,73.0,21.0,10.4229,10.4229,19.4086,19.4086,2.8055,2.8055,False,0,2.2401,0.284921,2.449,0.3948472564317801,1.2938005704358349,plus,False,1.526691862274984,1.5158289382284582,0.0108629240465256,True,True,1.0,False,100.0,13.0,0.0,False,"[""block_count_per_ring != 7 (missing or extra blocks)""]",0.556570281165054,0.176840434795171,0.0027479492704384
32,1-1,20,1-1/r20,bo,1490.770159993353,"{""0"": {""K"": 0.0, ""B1"": 308.193481159046, ""A1"": 1942.0138059416395, ""A2"": 360.2358209059954, ""A3"": 1898.9014185195613, ""B2"": 2908.6089703719153}}",2.7353,0.3151990793235594,0.8588917095592361,0.0239082904407639,"[0.43135710647955816, 0.055203427719781706, 0.08917635450203876, 0.5619252910710762, 0.10423490188252182, 0.5494506419327434, 0.8416113918900218, 0.6868469037825709, 0.6964774426907955, 0.9386280421021135, 0.3109900676463254, 0.07926041574679665, 0.8605183725013693]",67.0,67.0,87.0,11.3249,11.3249,28.3243,28.3243,1.9815,1.9815,False,0,2.6539,0.860576,2.449,0.4313571064795581,1.6497470267990182,plus,False,1.143652317337113,0.8315750956495542,0.3120772216875587,True,True,1.0,False,100.0,43.10000000000037,0.0,False,"[""block_count_per_ring != 7 (missing or extra blocks)""]",0.6400373016705831,0.1483156655538344,0.0039377647002297
33,1-1,20,1-1/r20,bo,1469.0073689327317,"{""0"": {""K"": 0.0, ""B1"": 1523.4063541522462, ""A1"": 452.321892048084, ""A2"": 1103.5851926691234, ""A3"": 3104.017484884525, ""B2"": 2714.7083107652943}}",2.7353,0.1503091763872673,0.8588917095592361,0.0239082904407639,"[0.42506000258470245, 0.5126577270396523, 0.4408004496968305, 0.13088017709724653, 0.3193244191750936, 0.8981532074318649, 0.7855058769575505, 0.9546077104954066, 0.5108868960019446, 0.17594738321924008, 0.5707095996682161, 0.7044618184360484, 0.16034189363214368]",87.0,87.0,66.0,2.9354,2.9354,47.8032,47.8032,17.6115,17.6115,False,0,2.1505,0.160275,2.449,0.4250600025847024,1.660048120506323,minus,True,1.1601756054526753,2.0863191312072797,0.926143525754604,True,True,1.0,False,100.0,352.0,0.0,False,"[""block_count_per_ring != 7 (missing or extra blocks)""]",0.5523156281685299,0.1869614084777953,0.0034755881732996
34,1-1,20,1-1/r20,bo,1358.5038015578182,"{""0"": {""K"": 0.0, ""B1"": 43.2510181948072, ""A1"": 385.71245768914434, ""A2"": 1076.719021397609, ""A3"": 1098.7750273747895, ""B2"": 2709.196269656026}}",2.7353,0.2086822107663774,0.8588917095592361,0.0239082904407639,"[0.39308559072853533, 0.087601765626941, 0.012514762209145602, 0.11160661391468296, 0.3115506427655118, 0.3179325889394645, 0.7839109576551001, 0.5210623073963994, 0.23170721144178397, 0.8220670511353734, 0.030777684910381353, 0.9622795018375102, 0.8702701504072583]",54.0,54.0,35.0,10.0427,10.0427,7.3083,7.3083,24.057,24.057,False,0,2.6609,0.870314,2.449,0.3930855907285353,1.324897270766753,plus,False,1.3420949282223398,1.0907778040530167,0.251317124169323,True,True,1.0,False,100.0,22.100000000000364,0.0,False,"[""block_count_per_ring != 7 (missing or extra blocks)""]",0.6455766808880641,0.1586150139883342,0.0057155878624175
35,1-1,20,1-1/r20,bo,1459.767791816318,"{""0"": {""K"": 0.0, ""B1"": 1191.358242609294, ""A1"": 951.2865281123595, ""A2"": 1519.4910388830808, ""A3"": 2979.280957240247, ""B2"": 528.9344622795018}}",2.7353,0.2724965260138592,0.8588917095592361,0.0239082904407639,"[0.4223865138357401, 0.39855684640195066, 0.344721713717967, 0.27525651855102995, 0.43966754597311364, 0.8620604621644233, 0.15304816616883732, 0.9899589460666058, 0.5920578036975837, 0.6906429351580727, 0.3495293721826853, 0.2911106522855652, 0.6944694181380209]",89.0,89.0,75.0,8.5971,8.5971,31.2147,31.2147,7.2778,7.2778,False,0,2.5345,0.694473,2.449,0.4223865138357401,1.6302410523821895,plus,False,0.7558082858133196,0.6778428133727573,0.0779654724405622,True,True,1.0,False,100.0,240.0,0.0,False,"[""block_count_per_ring != 7 (missing or extra blocks)""]",0.7572189869295542,0.1249552187999036,0.012694905953963
36,1-1,20,1-1/r20,bo,1362.8141168949574,"{""0"": {""K"": 0.0, ""B1"": 233.30665255079577, ""A1"": 2225.872677006527, ""A2"": 1878.3130934276967, ""A3"": 1060.8426285029716, ""B2"": 1739.1729782761017}}",2.7353,0.3094014089760072,0.8588917095592361,0.0239082904407639,"[0.39433278845340203, 0.062463480053609355, 0.06750771196492933, 0.6440603810782775, 0.5434933719408844, 0.30695677908072094, 0.5032329219548906, 0.11173993232866852, 0.12751317154553254, 0.37741182821680863, 0.8987929275232802, 0.537905422384184, 0.4544357757463897]",23.0,23.0,24.0,5.1515,5.1515,72.4095,72.4095,13.4476,13.4476,False,0,2.362,0.454501,2.449,0.394332788453402,1.5879423082864674,minus,True,1.1164082827439492,1.727329493808458,0.6109212110645088,True,True,1.0,False,100.0,139.0999999999999,0.0,False,"[""block_count_per_ring != 7 (missing or extra blocks)""]",0.7448133145447441,0.1177276834451926,0.0088416660858489
37,1-1,20,1-1/r20,bo,1371.8364283256394,"{""0"": {""K"": 0.0, ""B1"": 502.7905025755917, ""A1"": 985.3306178833673, ""A2"": 634.8232661290762, ""A3"": 3139.6803965925283, ""B2"": 2976.92131897718}}",2.7353,0.1968149580652305,0.8588917095592361,0.0239082904407639,"[0.396943410973854, 0.0707472387166892, 0.14548336301377074, 0.28510723897088175, 0.18368728765308917, 0.9084723369770047, 0.8613776964633044, 0.6608509561978083, 0.6463941838880761, 0.7064387150936678, 0.4514808838109545, 0.9857654289854204, 0.3065248132865782]",65.0,65.0,81.0,8.7708,8.7708,38.8611,38.8611,24.6441,24.6441,False,0,2.2556,0.306484,2.449,0.396943410973854,1.500149858968565,plus,False,0.5565287789626449,0.5405696391162468,0.015959139846398,True,True,1.0,False,100.0,132.10000000000014,0.0,False,"[""block_count_per_ring != 7 (missing or extra blocks)""]",0.5787700804637392,0.1733891669622864,0.0033836146102726
38,1-1,20,1-1/r20,bo,1503.243536157136,"{""0"": {""K"": 0.0, ""B1"": 204.61229290861093, ""A1"": 1350.7514345297043, ""A2"": 2543.7260035550557, ""A3"": 2212.077153254728, ""B2"": 1613.8301146311433}}",2.7353,0.1753805063922562,0.8588917095592361,0.0239082904407639,"[0.43496630097139355, 0.554383747454686, 0.059204945864760106, 0.39084242897271537, 0.7360318297323657, 0.6400686207334282, 0.46696473224280766, 0.9426933991344626, 0.029914642229255217, 0.8790598700713663, 0.7030819852122667, 0.26435886333234804, 0.14017413506898357]",86.0,86.0,13.0,10.6697,10.6697,57.7311,57.7311,6.609,6.609,False,0,2.1361,0.140242,2.449,0.4349663009713935,1.593379219680063,minus,True,1.785269620939988,2.312157111830892,0.5268874908909043,True,True,1.0,False,100.0,204.70000000000005,0.0,False,"[""block_count_per_ring != 7 (missing or extra blocks)""]",0.6623644241600752,0.1285178120856333,0.0029381013372669
39,1-1,20,1-1/r20,bo,1454.682748944366,"{""0"": {""K"": 0.0, ""B1"": 3314.1077268405384, ""A1"": 997.4496620268036, ""A2"": 2513.4288473702036, ""A3"": 1325.8039915311433, ""B2"": 2340.7562779670834}}",2.7353,0.2030850122624188,0.8588917095592361,0.0239082904407639,"[0.4209151472639948, 0.004650899848736345, 0.9589432079978409, 0.2886139068364594, 0.7272652914844339, 0.38362384014211326, 0.6773021637636236, 0.4796646354587055, 0.9009754547777771, 0.4296140732140671, 0.0561441637758453, 0.9623325239135183, 0.9000132313829035]",51.0,51.0,109.0,5.7258,5.7258,9.2108,9.2108,24.0583,24.0583,False,0,2.6822,0.899945,2.449,0.4209151472639948,1.6881700620761797,plus,False,-1.116826953071849,-1.1446281558268558,0.0278012027550067,True,True,1.0,False,100.0,141.9000000000001,0.0,False,"[""block_count_per_ring != 7 (missing or extra blocks)""]",0.471112901329155,0.1780419685347557,0.0007890690107113
40,1-1,20,1-1/r20,bo,1432.2814481196026,"{""0"": {""K"": 0.0, ""B1"": 606.9474406073869, ""A1"": 313.24258214305155, ""A2"": 682.59848736493, ""A3"": 69.78541413301274, ""B2"": 2939.909949240806}}",2.7353,0.2704893157452347,0.8588917095592361,0.0239082904407639,"[0.41443328938645907, 0.4720049240218901, 0.17562136591648925, 0.09063732122194779, 0.19751113639031537, 0.02019253881163563, 0.8506683880905109, 0.7343801538765339, 0.5285901302598006, 0.5976801395905352, 0.06916249620484205, 0.24030112813115856, 0.2033436457895046]",70.0,70.0,68.0,7.5745,7.5745,10.1872,10.1872,6.0075,6.0075,False,0,2.1815,0.2034,2.449,0.414433289386459,1.5067911742888631,plus,False,1.3577387461729191,1.164544968415907,0.1931937777570123,True,True,1.0,False,100.0,69.79999999999995,0.0,False,"[""block_count_per_ring != 7 (missing or extra blocks)""]",0.4887377811292981,0.1671181496703574,0.0006586868258495
41,1-1,20,1-1/r20,bo,1295.6839710492611,"{""0"": {""K"": 0.0, ""B1"": 621.6996360360771, ""A1"": 1367.9031172951675, ""A2"": 2051.6404746577937, ""A3"": 1911.6298880751847, ""B2"": 2575.407312021747}}",2.7353,0.3005682638796641,0.8588917095592361,0.0239082904407639,"[0.3749085564378649, 0.013088521126285335, 0.1798899409826612, 0.39580530014327764, 0.5936459706764449, 0.553133648169903, 0.7451988750062926, 0.5191574652928106, 0.7486494371340195, 0.3567457775638694, 0.6277749453164344, 0.005952785348768641, 0.21216197208913012]",54.0,54.0,92.0,4.9242,4.9242,52.0831,52.0831,0.1488,0.1488,False,0,2.1878,0.212164,2.449,0.3749085564378649,1.525682159795787,plus,False,0.5902986370749014,0.3938490859471941,0.1964495511277072,True,True,1.0,False,100.0,140.0,0.0,False,"[""block_count_per_ring != 7 (missing or extra blocks)""]",0.47750843194164,0.172384310458573,0.0006880862818249
42,1-1,20,1-1/r20,bo,1395.2825451657895,"{""0"": {""K"": 0.0, ""B1"": 1092.8896577688502, ""A1"": 1024.2631974872427, ""A2"": 421.2159971014788, ""A3"": 1759.635705837692, ""B2"": 2997.7538549591663}}",2.7353,0.3824320397635553,0.8588917095592361,0.0239082904407639,"[0.4037275883002863, 0.7304106030583487, 0.3162296463451534, 0.2963724529766327, 0.12187962879093717, 0.5091538500687767, 0.8674056293284625, 0.5873708237810552, 0.7720198604406707, 0.231523286138841, 0.98195502306415, 0.010068345022357095, 0.7378813127785514]",59.0,59.0,95.0,3.5468,3.5468,78.6466,78.6466,0.2517,0.2517,False,0,2.5657,0.737877,2.449,0.4037275883002863,1.6136315293880044,plus,False,0.9988589299354408,1.1981145889675502,0.1992556590321095,True,True,1.0,False,100.0,68.69999999999982,0.0,False,"[""block_count_per_ring != 7 (missing or extra blocks)""]",0.4718568502546582,0.1721519072978209,0.0006188045331136
43,1-1,20,1-1/r20,bo,1278.1095996872314,"{""0"": {""K"": 0.0, ""B1"": 583.5588326943036, ""A1"": 929.7209460784101, ""A2"": 2510.927700191608, ""A3"": 2258.810553740706, ""B2"": 815.0713868039786}}",2.7353,0.2665608997209529,0.8588917095592361,0.0239082904407639,"[0.36982337953912947, 0.46091214338890496, 0.16885382890460177, 0.26901647745324364, 0.7265415799165532, 0.6535910167073802, 0.23584241516318827, 0.9001310474195385, 0.6767555612945219, 0.3451427519836957, 0.35154167421889604, 0.4963379580087619, 0.5701986134314507]",83.0,83.0,84.0,4.7966,4.7966,31.3656,31.3656,12.4084,12.4084,False,0,2.4452,0.570244,2.449,0.3698233795391294,1.5916932334229026,plus,False,0.2370560852583169,0.3272622788132342,0.0902061935549173,True,True,1.0,False,100.0,114.60000000000036,0.0,False,"[""block_count_per_ring != 7 (missing or extra blocks)""]",0.5556258429188266,0.1652519278539267,0.0018473230376894
44,1-1,20,1-1/r20,bo,1501.459960079315,"{""0"": {""K"": 0.0, ""B1"": 179.74528571219537, ""A1"": 734.3930272365624, ""A2"": 799.6583756134675, ""A3"": 44.42313982569286, ""B2"": 3190.9310079134057}}",2.7353,0.3045958191362776,0.8588917095592361,0.0239082904407639,"[0.43445021993035726, 0.03752344278169728, 0.05200963128246394, 0.21249798241798679, 0.23138263183260055, 0.01285391777363798, 0.9233017962712401, 0.6877786009801807, 0.4365090547950392, 0.2888097786406826, 0.8092143859188807, 0.40842389092657017, 0.23872221739680533]",67.0,67.0,58.0,4.1769,4.1769,65.6911,65.6911,10.2106,10.2106,False,0,2.2069,0.238735,2.449,0.4344502199303572,1.1918463963053962,plus,False,1.2085584569220176,1.3259608185924174,0.1174023616703998,True,True,1.0,False,100.0,44.40000000000009,0.0,False,"[""block_count_per_ring != 7 (missing or extra blocks)""]",0.6463195487878548,0.1340533183405688,0.0026987076271596
45,1-1,20,1-1/r20,bo,1299.4277234857257,"{""0"": {""K"": 0.0, ""B1"": 7.541062038761154, ""A1"": 723.6739719545099, ""A2"": 1016.5288934842106, ""A3"": 598.4777013103524, ""B2"": 2776.797999596022}}",2.7353,0.194974819921183,0.8588917095592361,0.0239082904407639,"[0.3759918181382308, 0.4661878235496715, 0.0021820202658452414, 0.20939640392202252, 0.2941345177905702, 0.17317063116618991, 0.8034716434016267, 0.3344233173014095, 0.849312132243452, 0.2245174588634058, 0.7658220315222758, 0.04867368293772545, 0.8696379989721807]",40.0,40.0,103.0,3.4697,3.4697,62.4367,62.4367,1.2168,1.2168,False,0,2.6604,0.869618,2.449,0.3759918181382308,1.3294827669781075,plus,False,1.7756573412235548,1.724467400703878,0.0511899405196767,True,True,1.0,False,100.0,7.599999999999909,0.0,False,"[""block_count_per_ring != 7 (missing or extra blocks)""]",0.5131465697937092,0.159483459106848,0.0007141184310947
46,1-1,20,1-1/r20,bo,1408.7890925667598,"{""0"": {""K"": 0.0, ""B1"": 164.01946365514718, ""A1"": 932.2510117509022, ""A2"": 3078.6161273004736, ""A3"": 671.9060371199948, ""B2"": 2903.3938387824905}}",2.7353,0.2716002786845232,0.8588917095592361,0.0239082904407639,"[0.4076357328028819, 0.04986041583029299, 0.047459335548364345, 0.26974855664088604, 0.8908032775753685, 0.1944172561111096, 0.8401023839069707, 0.40231041017978053, 0.8733465906535859, 0.07335687344372577, 0.0006844905974039417, 0.3428935634714737, 0.4641296814883782]",45.0,45.0,106.0,1.8069,1.8069,5.0513,5.0513,8.5723,8.5723,False,0,2.3689,0.4641,2.449,0.4076357328028819,1.5492672436935493,plus,False,1.2517067976939051,1.427881159412516,0.1761743617186109,True,True,1.0,False,100.0,164.0,0.0,False,"[""block_count_per_ring != 7 (missing or extra blocks)""]",0.3831703908785109,0.1688168580519804,9.888935157757522e-05
47,1-1,20,1-1/r20,bo,1501.8012357009068,"{""0"": {""K"": 0.0, ""B1"": 1429.3539801294983, ""A1"": 2168.106219111113, ""A2"": 2795.9908762700775, ""A3"": 1622.0617760768716, ""B2"": 2341.750918505377}}",2.7353,0.1397809746091436,0.8588917095592361,0.0239082904407639,"[0.4345489686634568, 0.3309992280350733, 0.4135862211022854, 0.6273455495113175, 0.8090251378096289, 0.46934657872594665, 0.6775899648453058, 0.28981822505472243, 0.9001813603432355, 0.6229679337848103, 0.540536371529203, 0.01810218143898823, 0.025624158324695]",37.0,37.0,109.0,7.8526,7.8526,45.5402,45.5402,0.4526,0.4526,False,0,2.0537,0.025612,2.449,0.4345489686634568,1.67842696088135,plus,False,-2.177945406362727,-2.3872176995802192,0.2092722932174924,True,True,1.0,False,100.00000000000004,173.70000000000002,0.0,False,"[""block_count_per_ring != 7 (missing or extra blocks)""]",0.3848738907219118,0.1642336296283517,7.555685235372694e-05
48,1-1,20,1-1/r20,bo,1300.2525997445898,"{""0"": {""K"": 0.0, ""B1"": 268.47227167242954, ""A1"": 2851.148638579451, ""A2"": 2972.017719986433, ""A3"": 789.8948630790778, ""B2"": 2893.012406923275}}",2.7353,0.2368156625261927,0.8588917095592361,0.0239082904407639,"[0.3762304976112818, 0.4581836969202525, 0.07768294897929096, 0.8249851384778504, 0.8599588310145928, 0.22855754140019613, 0.8370984973736328, 0.12281749829009947, 0.4540837552461009, 0.13600513869225062, 0.0965091290644855, 0.1386681703087117, 0.6332532705670126]",24.0,24.0,60.0,2.4961,2.4961,12.2382,12.2382,3.4667,3.4667,False,0,2.4905,0.633263,2.449,0.3762304976112818,1.4427362716701666,plus,False,0.8500768344670242,1.0661881600004883,0.2161113255334643,True,True,1.0,False,100.0,41.89999999999998,0.0,False,"[""block_count_per_ring != 7 (missing or extra blocks)""]",0.3857033816310067,0.1613684229907083,6.291702791715319e-05
49,1-1,20,1-1/r20,bo,1445.516931496153,"{""0"": {""K"": 0.0, ""B1"": 2137.971386347746, ""A1"": 1222.5638373654033, ""A2"": 3402.449414719161, ""A3"": 2241.2797391258364, ""B2"": 2604.439121519845}}",2.7353,0.3280600506298059,0.8588917095592361,0.0239082904407639,"[0.4182630010116183, 0.5796262444424379, 0.6186259798459913, 0.3537511103487857, 0.9845050389812386, 0.6485184430340961, 0.7535992828471774, 0.698041550936153, 0.016962318404920462, 0.8085142937372533, 0.002346461024815505, 0.10637666800966816, 0.03290279088306203]",67.0,67.0,12.0,9.8937,9.8937,5.176,5.176,2.6594,2.6594,False,0,2.0589,0.032846,2.449,0.4182630010116183,1.6545363119393472,plus,False,-1.1161650248373487,-1.655945510405481,0.5397804855681323,True,True,1.0,False,100.0,53.5,0.0,False,"[""block_count_per_ring != 7 (missing or extra blocks)""]",0.4119436038861615,0.1586703403366982,9.210585348553028e-05
50,1-1,20,1-1/r20,bo,1592.7284909802304,"{""0"": {""K"": 0.0, ""B1"": 1777.523191134587, ""A1"": 2188.7647289907454, ""A2"": 1293.153196593153, ""A3"": 2037.805627280551, ""B2"": 3027.0315540504707}}",2.7353,0.1998594473471693,0.8588917095592361,0.0239082904407639,"[0.46085893836233516, 0.15356966768342084, 0.514329627064406, 0.6333231276014888, 0.3741762721623707, 0.589642831967752, 0.8758771857784927, 0.949524107209528, 0.5440576479503091, 0.2219644753826865, 0.3556754637382158, 0.7063559986782219, 0.18402547629879573]",86.0,86.0,70.0,3.4416,3.4416,31.6757,31.6757,17.6589,17.6589,False,0,2.1676,0.184063,2.449,0.4608589383623351,1.5757810605633134,plus,False,-2.019189642113912,-2.16622259066128,0.147032948547368,True,True,1.0,False,100.0,151.0,0.0,False,"[""block_count_per_ring != 7 (missing or extra blocks)""]",0.3553280007590976,0.1620878418815938,3.37418315118984e-05
51,1-1,20,1-1/r20,bo,1429.0408544451209,"{""0"": {""K"": 0.0, ""B1"": 114.71929428834439, ""A1"": 3375.699198597084, ""A2"": 1695.6045989092952, ""A3"": 3374.5411500944415, ""B2"": 2606.0884051974786}}",2.7353,0.1914371292368273,0.8588917095592361,0.0239082904407639,"[0.41349561760564835, 0.8209933283241981, 0.03319424024547002, 0.9767648144088785, 0.49062633070292105, 0.9764297309301045, 0.7540765061335296, 0.3214403141813288, 0.9369389077665423, 0.49503675344710973, 0.42863170240181114, 0.0405303020256047, 0.011423718294192975]",39.0,39.0,113.0,6.4454,6.4454,37.1474,37.1474,1.0133,1.0133,False,0,2.0435,0.011423,2.449,0.4134956176056483,1.5656895717065535,minus,True,1.3630967000661107,1.8426522875846665,0.4795555875185557,True,True,1.0,False,100.0,1.1000000000001364,0.0,False,"[""block_count_per_ring != 7 (missing or extra blocks)""]",0.4529563135881373,0.1326159658574613,3.104827110852874e-05
52,1-1,20,1-1/r20,bo,1893.2042297751047,"{""0"": {""K"": 0.0, ""B1"": 2730.3860473881864, ""A1"": 965.0209548306786, ""A2"": 1142.9768700886304, ""A3"": 955.7018126133295, ""B2"": 42.56984026778116}}",2.7353,0.128330247602089,0.8588917095592361,0.0239082904407639,"[0.5478021498191854, 0.9755630037701813, 0.7900422590822299, 0.27923060035609915, 0.3307224739839787, 0.2765340892978384, 0.012317662114520012, 0.005353031466023728, 0.925716695096416, 0.34506136803627296, 0.7504144827160011, 0.02022877960925995, 0.44462756241547585]",15.0,15.0,112.0,4.7957,4.7957,61.2811,61.2811,0.5057,0.5057,False,0,2.3549,0.444624,2.449,0.5478021498191854,1.6311420424890204,plus,False,1.3715455695338967,1.2601490654178835,0.1113965041160132,True,True,1.0,False,100.0,9.299999999999727,0.0,False,"[""block_count_per_ring != 7 (missing or extra blocks)""]",0.3472913688275504,0.157530642553893,1.921972080579353e-05
53,1-1,20,1-1/r20,bo,1610.4776166409406,"{""0"": {""K"": 0.0, ""B1"": 228.13822234806884, ""A1"": 84.52550890546765, ""A2"": 2729.4145077185194, ""A3"": 923.718508520459, ""B2"": 257.2423793604233}}",2.7353,0.2064904872980679,0.8588917095592361,0.0239082904407639,"[0.4659946807410129, 0.531934507958948, 0.06601221711460326, 0.02445761253051726, 0.7897611422796642, 0.2672796610302254, 0.07443355884271508, 0.42226189426570004, 0.44824442768311157, 0.36512730001186466, 0.05863351115166471, 0.012848103686264434, 0.8242396375240645]",47.0,47.0,59.0,5.0164,5.0164,9.3975,9.3975,0.3212,0.3212,False,0,2.6278,0.824267,2.449,0.4659946807410129,1.6418634652008834,plus,False,1.563904557474361,1.2154097926271488,0.3484947648472123,True,True,1.0,False,100.0,29.100000000000136,0.0,False,"[""block_count_per_ring != 7 (missing or extra blocks)""]",0.5567105874161631,0.1358551388461487,0.0005005174682252
54,1-1,20,1-1/r20,bo,1399.4498338941958,"{""0"": {""K"": 0.0, ""B1"": 546.2639192000677, ""A1"": 560.4505093306391, ""A2"": 2410.770796258228, ""A3"": 2393.2520672063442, ""B2"": 2675.2135853569566}}",2.7353,0.3217372647398736,0.8588917095592361,0.0239082904407639,"[0.404933401011052, 0.14635738881981875, 0.15806247662038997, 0.162167392746134, 0.6975609942876817, 0.6924919175944283, 0.7740780050222675, 0.4361986746521719, 0.046309202547117234, 0.1950028934814827, 0.7263724880918546, 0.015437868886334472, 0.4621879456180852]",48.0,48.0,15.0,3.145,3.145,59.4779,59.4779,0.3859,0.3859,False,0,2.3675,0.462153,2.449,0.404933401011052,1.2902613587865948,plus,False,0.6828514191915538,0.2706342227300561,0.4122171964614977,True,True,1.0,False,100.0,14.200000000000044,0.0,False,"[""block_count_per_ring != 7 (missing or extra blocks)""]",0.480596246612008,0.1255965763156491,3.459992286632596e-05
55,1-1,20,1-1/r20,bo,1390.159542245527,"{""0"": {""K"": 0.0, ""B1"": 2113.308009202653, ""A1"": 948.6094133964809, ""A2"": 2672.5392048500553, ""A3"": 3452.4970406451557, ""B2"": 2755.178047080144}}",2.7353,0.341799790281966,0.8588917095592361,0.0239082904407639,"[0.40224523791826594, 0.7537176014595188, 0.611489585996138, 0.27448189045037064, 0.7733041680700392, 0.9989864122237141, 0.7972158701042084, 0.37026390850919255, 0.20009397603295842, 0.5275545015604254, 0.9806303914200905, 0.009153574160256639, 0.3343005871300464]",43.0,43.0,32.0,6.8031,6.8031,78.5473,78.5473,0.2288,0.2288,False,0,2.2756,0.334307,2.449,0.4022452379182659,1.685143565822685,plus,False,-0.4871975979086521,-0.5971866789104002,0.1099890810017481,True,True,1.0,False,100.0,3.5,0.0,False,"[""block_count_per_ring != 7 (missing or extra blocks)""]",0.4165196307106451,0.1512631394326971,5.974883154985153e-05
56,1-1,20,1-1/r20,bo,1545.790525756106,"{""0"": {""K"": 0.0, ""B1"": 2660.055257175008, ""A1"": 909.8958149165475, ""A2"": 1666.1810212345135, ""A3"": 2657.376625060595, ""B2"": 2969.635166122539}}",2.7353,0.3264064780929601,0.8588917095592361,0.0239082904407639,"[0.44727735120257694, 0.5253624663741165, 0.7696919146918426, 0.26328003903835284, 0.4821125640146162, 0.7689168475291073, 0.8592694346419384, 0.6294631410594899, 0.8250282443385354, 0.9840290617957282, 0.4528161107929063, 0.03269547569063613, 0.7688843271692949]",62.0,62.0,101.0,11.8243,11.8243,38.9612,38.9612,0.8174,0.8174,False,0,2.588,0.7689,2.449,0.447277351202577,1.560076777984032,plus,False,-1.0194458511359934,-1.1906139053873392,0.1711680542513458,True,True,1.0,False,100.0,2.599999999999909,0.0,False,"[""block_count_per_ring != 7 (missing or extra blocks)""]",0.3689951608911089,0.1547985408038243,2.570943260774488e-05
57,1-1,20,1-1/r20,bo,1368.9831743498014,"{""0"": {""K"": 0.0, ""B1"": 284.34254399756315, ""A1"": 1829.3664703334937, ""A2"": 801.4877341268771, ""A3"": 1088.333609641293, ""B2"": 3003.056492124885}}",2.7353,0.3222365133527105,0.8588917095592361,0.0239082904407639,"[0.39611781665214163, 0.004213973582698705, 0.08227504166596156, 0.5293305759066822, 0.23191196010615656, 0.3149113453823186, 0.8689399572120616, 0.48943124986753583, 0.29536674323101997, 0.5803801470865831, 0.6456957397730351, 0.4232258526214694, 0.31238217143888536]",52.0,52.0,42.0,7.3842,7.3842,53.4272,53.4272,10.5806,10.5806,False,0,2.2598,0.312327,2.449,0.3961178166521416,1.4998961941823994,plus,False,1.8156296218954275,1.8855785901586453,0.0699489682632179,True,True,1.0,False,100.0,284.29999999999995,0.0,False,"[""block_count_per_ring != 7 (missing or extra blocks)""]",0.5266531406568752,0.1215201351018623,8.754863338607602e-05
58,1-1,20,1-1/r20,bo,1506.1039793403183,"{""0"": {""K"": 0.0, ""B1"": 2440.0255992639586, ""A1"": 81.3890869598026, ""A2"": 3312.712641520237, ""A3"": 3439.5296935503256, ""B2"": 3118.419656000245}}",2.7353,0.1782687763459909,0.8588917095592361,0.0239082904407639,"[0.43579397550356436, 0.9518994132659926, 0.706025925712951, 0.02355008303235029, 0.9585395374769204, 0.9952342863282192, 0.9023205023148857, 0.17209122453358705, 0.7422513177943123, 0.18360972191184122, 0.19745825344568046, 0.6303628246193147, 0.4237195499725199]",28.0,28.0,92.0,3.0197,3.0197,19.8094,19.8094,15.7591,15.7591,False,0,2.3399,0.423757,2.449,0.4357939755035643,1.4685557885414404,plus,False,0.8495659113210354,1.0466993353721448,0.1971334240511093,True,True,1.0,False,100.0,16.5,0.0,False,"[""block_count_per_ring != 7 (missing or extra blocks)""]",0.3406872699835395,0.1530916537489708,1.0900052367679116e-05
59,1-1,20,1-1/r20,bo,1463.0713928832936,"{""0"": {""K"": 0.0, ""B1"": 1335.6733565898774, ""A1"": 781.2135020145535, ""A2"": 1541.367249457505, ""A3"": 147.0753634394856, ""B2"": 3308.5313621043338}}",2.7353,0.3790705100379967,0.8588917095592361,0.0239082904407639,"[0.4233424169222493, 0.0903209039472701, 0.3864795591984599, 0.22604557349958143, 0.4459974680143244, 0.042556528772999314, 0.9573296765348188, 0.540722788585538, 0.48513803595664795, 0.6195989454036046, 0.9216498745274998, 0.009188787798807496, 0.5930047021882723]",56.0,56.0,63.0,7.8156,7.8156,74.1237,74.1237,0.2297,0.2297,False,0,2.4616,0.593059,2.449,0.4233424169222493,1.5558003718954532,plus,False,1.0761574569223946,1.110693904273101,0.0345364473507063,True,True,1.0,False,100.0,147.0,0.0,False,"[""block_count_per_ring != 7 (missing or extra blocks)""]",0.5251273941223755,0.1177798570968781,5.980880473185099e-05
0,1-4,206,1-4/r206,gt_layout_ceiling_r,1015.0645836177204,"{""0"": {""K"": 0.0, ""B1"": 2804.3082845282397, ""A1"": 1567.4040440208469, ""A2"": 1507.5730990482648, ""A3"": 861.1451303604473, ""B2"": 214.17723716765397}}",2.7397,0.9169283635126144,0.9169283635126144,0.0181716364873857,"[0.2937108170190163, 0.0, 0.811431795291736, 0.45353126273751354, 0.43621906801165067, 0.2491739381829998, 0.06197258019897395, 0.29333333333333333, 0.36363636363636365, 0.18181818181818182, 0.2, 0.0, 0.0013904466436097153]",37.0,37.0,50.0,3.0,3.0,20.0,20.0,0.0,0.0,False,0,2.7397,0.00139,2.4101,0.2937108170190163,1.7830379166889898,plus,False,1.8092611448242035,1.81346152922584,0.0042003844016362,True,True,1.0,False,100.0,59.90000000000009,0.0,False,"[""block_count_per_ring != 7 (missing or extra blocks)""]",,,
1,1-4,206,1-4/r206,gt_layout_otsu_r,1015.0645836177204,"{""0"": {""K"": 0.0, ""B1"": 2804.3082845282397, ""A1"": 1567.4040440208469, ""A2"": 1507.5730990482648, ""A3"": 861.1451303604473, ""B2"": 214.17723716765397}}",2.7397,0.9169283635126144,0.9169283635126144,0.0181716364873857,"[0.2937108170190163, 0.0, 0.811431795291736, 0.45353126273751354, 0.43621906801165067, 0.2491739381829998, 0.06197258019897395, 0.29333333333333333, 0.36363636363636365, 0.18181818181818182, 0.2, 0.0, 0.0]",37.0,37.0,50.0,3.0,3.0,20.0,20.0,0.0,0.0,False,0,2.7397,0.00139,2.4101,0.2937108170190163,1.7830379166889898,plus,False,1.8092611448242035,1.81346152922584,0.0042003844016362,True,True,1.0,False,100.0,59.90000000000009,0.0,False,"[""block_count_per_ring != 7 (missing or extra blocks)""]",,,
2,1-4,206,1-4/r206,intrinsic_r_otsu,2160.329932585729,"{""0"": {""K"": 0.0, ""B1"": 2680.7697454873887, ""A1"": 778.3160486074855, ""A2"": 1037.3746806531951, ""A3"": 3019.000707289481, ""B2"": 18.196892578626247}}",2.7397,0.1705960578563554,0.9169283635126144,0.0181716364873857,"[0.625095466604667, 0.8972138009695755, 0.7756856902451935, 0.22520718999059186, 0.30016628491122543, 0.8735534453962619, 0.005265304565574724, 0.8212284183827663, 0.7970694287520462, 0.4679349528437208, 0.3030324268193135, 0.2784256121007733, 0.0]",77.0,77.0,98.0,6.1473,6.1473,27.7274,27.7274,6.9606,6.9606,False,0,2.7397,0.00139,2.4101,0.625095466604667,1.5458869746539976,plus,False,1.69348335549244,1.423753365951796,0.269729989540644,True,True,1.0,False,100.0,18.199999999999815,0.0,False,"[""block_count_per_ring != 7 (missing or extra blocks)""]",,,
3,1-4,206,1-4/r206,random,1538.1837131304264,"{""0"": {""K"": 0.0, ""B1"": 1912.886848769446, ""A1"": 3440.448979549261, ""A2"": 2739.4395928027307, ""A3"": 2150.251416948658, ""B2"": 3417.8462703885943}}",2.7397,0.0781404490157136,0.9169283635126144,0.0181716364873857,"[0.4450763058826466, 0.5045482589579533, 0.5534973520744925, 0.9955002834343927, 0.7926619192137531, 0.6221792294411627, 0.9889601476818849, 0.21530869823559895, 0.16021203385784455, 0.6125396042730308, 0.04394200796138337, 0.03568027877359614, 0.5148888202713703]",31.0,31.0,28.0,7.7379,7.7379,8.2957,8.2957,0.892,0.892,False,0,2.7468,0.515187,2.4101,0.4450763058826465,1.5791616556368795,plus,False,-2.3084330362704657,-2.1972911222737403,0.1111419139967253,True,True,1.0,False,100.0,15.600000000000136,0.0,False,"[""block_count_per_ring != 7 (missing or extra blocks)""]",,,
4,1-4,206,1-4/r206,random,1611.2080235241992,"{""0"": {""K"": 0.0, ""B1"": 2174.6059355209322, ""A1"": 1776.79058664792, ""A2"": 1717.1945927199508, ""A3"": 855.4115705264553, ""B2"": 40.76015227490025}}",2.7397,0.0583624451624953,0.9169283635126144,0.0181716364873857,"[0.4662060253252891, 0.9171677731928523, 0.6292262544910104, 0.5141176465995139, 0.49687343539350426, 0.24751492202733083, 0.01179402554250586, 0.19240214398531064, 0.6920321208818392, 0.2006067239869952, 0.3695363106022067, 0.0037342420520759534, 0.8300477298017456]",29.0,29.0,86.0,3.2067,3.2067,32.7152,32.7152,0.0934,0.0934,False,0,2.7512,0.833596,2.4101,0.4662060253252891,1.7792959576398664,minus,True,1.931814627943528,2.279849897513741,0.3480352695702131,True,True,1.0,False,100.00000000000004,40.79999999999996,0.0,False,"[""block_count_per_ring != 7 (missing or extra blocks)""]",,,
5,1-4,206,1-4/r206,random,533.8174961483361,"{""0"": {""K"": 0.0, ""B1"": 3042.4279241577437, ""A1"": 1761.8370389052704, ""A2"": 2927.7512514404443, ""A3"": 2210.8625289533707, ""B2"": 2563.560394082578}}",2.7397,0.1007510769333717,0.9169283635126144,0.0181716364873857,"[0.15446108106143985, 0.26759930456378545, 0.8803321539808286, 0.5097908098684232, 0.8471502463658693, 0.6397171669425262, 0.7417709473618571, 0.09149560506304566, 0.5411438213764888, 0.50777223630035, 0.8713393766928806, 0.3612640590141576, 0.5981840672072131]",22.0,22.0,70.0,6.5855,6.5855,70.3505,70.3505,9.0316,9.0316,False,0,2.7479,0.594789,2.4101,0.1544610810614398,1.6109255292733478,plus,False,-2.4701526455881737,-2.439443498707172,0.0307091468810019,True,True,1.0,False,100.0,114.6,0.0,False,"[""block_count_per_ring != 7 (missing or extra blocks)""]",,,
6,1-4,206,1-4/r206,random,204.7736759460605,"{""0"": {""K"": 0.0, ""B1"": 1116.4136126683622, ""A1"": 519.0902636674816, ""A2"": 2821.2644867987256, ""A3"": 1311.3659688778798, ""B2"": 3382.552688525182}}",2.7397,0.1581267276821824,0.9169283635126144,0.0181716364873857,"[0.05925164234550362, 0.3876318011107287, 0.32303634625820665, 0.15019972907045187, 0.8163381038190757, 0.37944617155031246, 0.9787478844112216, 0.5899916930106103, 0.6050562538298513, 0.6379965807883322, 0.6764502438127883, 0.1507880191683687, 0.44031346718818754]",59.0,59.0,77.0,8.018,8.018,55.7338,55.7338,3.7697,3.7697,False,0,2.7458,0.442821,2.4101,0.0592516423455036,1.6001713874068244,plus,False,0.3589848801473625,0.4476037624639807,0.0886188823166181,True,True,1.0,False,100.0,73.5,0.0,False,"[""block_count_per_ring != 7 (missing or extra blocks)""]",,,
7,1-4,206,1-4/r206,random,827.9330520828327,"{""0"": {""K"": 0.0, ""B1"": 334.2093486281128, ""A1"": 3344.813744424727, ""A2"": 743.0539531019214, ""A3"": 2321.620401984601, ""B2"": 1038.251801591667}}",2.7397,0.0565354719299418,0.9169283635126144,0.0181716364873857,"[0.23956396182952333, 0.40249829810398163, 0.09670409393174562, 0.9678280510488214, 0.21500403735588003, 0.6717651626112849, 0.3004200814790703, 0.8740770261495044, 0.6622147383384538, 0.13161581580830573, 0.8450743208745529, 0.9449481711449795, 0.9039167881959268]",81.0,81.0,83.0,2.4478,2.4478,68.3806,68.3806,23.6237,23.6237,False,0,2.7522,0.905961,2.4101,0.2395639618295233,1.6290221587531393,plus,False,1.873953289442704,1.1811818016022744,0.6927714878404292,True,True,1.0,False,100.0,111.19999999999992,0.0,False,"[""block_count_per_ring != 7 (missing or extra blocks)""]",,,
8,1-4,206,1-4/r206,random,1968.9493750016625,"{""0"": {""K"": 0.0, ""B1"": 665.1538386105567, ""A1"": 3206.842046477076, ""A2"": 1908.8403413780636, ""A3"": 623.9894346394386, ""B2"": 3055.300626343}}",2.7397,0.1275827122515548,0.9169283635126144,0.0181716364873857,"[0.5697191478592772, 0.1454599537609269, 0.19246349496833237, 0.9279056847445244, 0.5523264876672638, 0.18055249844891164, 0.8840568941964699, 0.6415717052224807, 0.5696942744738079, 0.3762878361299201, 0.41095528215712984, 0.23948921268184487, 0.03805728669123909]",63.0,63.0,73.0,5.1392,5.1392,35.8216,35.8216,5.9872,5.9872,False,0,2.7402,0.037573,2.4101,0.5697191478592772,1.6407655329791455,minus,True,0.1148722039047457,0.8902847249625917,0.775412521057846,True,True,1.0,False,100.0,41.19999999999982,0.0,False,"[""block_count_per_ring != 7 (missing or extra blocks)""]",,,
9,1-4,206,1-4/r206,random,3028.2122008256406,"{""0"": {""K"": 0.0, ""B1"": 1892.627248482669, ""A1"": 1113.396398600458, ""A2"": 2596.5789230186306, ""A3"": 87.08038549088381, ""B2"": 1286.272301985345}}",2.7397,0.0878547991219629,0.9169283635126144,0.0181716364873857,"[0.876218808109271, 0.4677302168140961, 0.5476351992137353, 0.3221633097802251, 0.7513249198549279, 0.025196870801760363, 0.37218527256520395, 0.03035029438411163, 0.12289210220500935, 0.9671482353973677, 0.6577607300385144, 0.4282202463894813, 0.5237401079104803]",17.0,17.0,24.0,11.6386,11.6386,54.3321,54.3321,10.7055,10.7055,False,0,2.7469,0.522423,2.4101,0.876218808109271,1.7335807277825284,plus,False,2.129746325874196,2.2258230955702403,0.0960767696960442,True,True,1.0,False,100.0,87.10000000000036,0.0,False,"[""block_count_per_ring != 7 (missing or extra blocks)""]",,,
10,1-4,206,1-4/r206,random,3016.42862479986,"{""0"": {""K"": 0.0, ""B1"": 2040.0456347932538, ""A1"": 2362.8131942614627, ""A2"": 1228.3100133932578, ""A3"": 1794.0043693301418, ""B2"": 2644.694956610574}}",2.7397,0.0575780490439667,0.9169283635126144,0.0181716364873857,"[0.8728092085647744, 0.3442106669960262, 0.5902909822897147, 0.6836843733395437, 0.35541377702351207, 0.5190984864959901, 0.7652473832785226, 0.9091793139905502, 0.1510622780768155, 0.9334193923074285, 0.005178865815432143, 0.752977503597754, 0.8105268303172452]",83.0,83.0,27.0,11.2676,11.2676,5.3884,5.3884,18.8244,18.8244,False,0,2.7509,0.811886,2.4101,0.8728092085647744,1.5838372349525842,plus,False,-1.318587833320925,-1.786393105228956,0.4678052719080305,True,True,1.0,False,100.0,246.0999999999999,0.0,False,"[""block_count_per_ring != 7 (missing or extra blocks)""]",,,
11,1-4,206,1-4/r206,random,472.65656213116176,"{""0"": {""K"": 0.0, ""B1"": 2817.5256967508776, ""A1"": 49.32123155001426, ""A2"": 2171.964491825901, ""A3"": 2740.689762386806, ""B2"": 1772.9403822335526}}",2.7397,0.1074527816670622,0.9169283635126144,0.0181716364873857,"[0.13676405154258153, 0.41890365091318515, 0.8152562779950456, 0.014271189684610608, 0.6284619478662907, 0.7930236580980341, 0.5130035828222085, 0.7258494205510871, 0.22642348269714407, 0.19852114799267284, 0.3631269505503516, 0.17940602756714652, 0.34606143911247844]",69.0,69.0,35.0,3.1837,3.1837,32.2345,32.2345,4.4852,4.4852,False,0,2.7445,0.348746,2.4101,0.1367640515425815,1.655634448192509,plus,False,1.1037114023698984,1.2476668990926396,0.1439554967227412,True,True,1.0,False,100.0,49.30000000000001,0.0,False,"[""block_count_per_ring != 7 (missing or extra blocks)""]",,,
12,1-4,206,1-4/r206,random,3276.716756235776,"{""0"": {""K"": 0.0, ""B1"": 1175.2752410064224, ""A1"": 938.389086059162, ""A2"": 3290.248479885197, ""A3"": 1536.1166925404234, ""B2"": 3388.244259043317}}",2.7397,0.1519350479681407,0.9169283635126144,0.0181716364873857,"[0.9481240614108147, 0.5733327176111209, 0.34006806742083984, 0.2715246198087853, 0.9520394907075223, 0.44447820964711326, 0.9803947508805895, 0.515522669106271, 0.521166129026224, 0.8965405237160008, 0.7427674182150396, 0.5806528638528226, 0.4266495038362583]",54.0,54.0,67.0,10.8619,10.8619,60.7076,60.7076,14.5163,14.5163,False,0,2.7456,0.428348,2.4101,0.9481240614108148,1.5836419726509166,plus,False,-0.9603178794885252,-0.7963028337762139,0.1640150457123113,True,True,1.0,False,100.0,67.69999999999982,0.0,False,"[""block_count_per_ring != 7 (missing or extra blocks)""]",,,
13,1-4,206,1-4/r206,random,3035.017242149577,"{""0"": {""K"": 0.0, ""B1"": 3189.0570952382236, ""A1"": 237.48025693315344, ""A2"": 1486.0691547304195, ""A3"": 1795.4432174978806, ""B2"": 3286.442403930873}}",2.7397,0.206719291699049,0.9169283635126144,0.0181716364873857,"[0.8781878594182805, 0.4116461499068884, 0.9227595761684675, 0.06871535212186153, 0.42999686190116304, 0.519514819877859, 0.9509381955818498, 0.25099924666475815, 0.8060391472621088, 0.6764711999985934, 0.717085904281123, 0.6296221828402035, 0.97156070846158]",34.0,34.0,99.0,8.4412,8.4412,58.7814,58.7814,15.7406,15.7406,False,0,2.7531,0.97109,2.4101,0.8781878594182805,1.4178998762571424,plus,False,0.3746853469774316,0.3291374953195967,0.0455478516578349,True,True,1.0,False,100.0,97.40000000000008,0.0,False,"[""block_count_per_ring != 7 (missing or extra blocks)""]",,,
14,1-4,206,1-4/r206,random,1149.7471230343388,"{""0"": {""K"": 0.0, ""B1"": 701.263015649912, ""A1"": 175.2332150209669, ""A2"": 735.8107218347723, ""A3"": 3163.844956460227, ""B2"": 2903.6234320993944}}",2.7397,0.1047846035842894,0.9169283635126144,0.0181716364873857,"[0.33268145921132486, 0.39827555967937056, 0.2029117522135162, 0.05070405527227051, 0.2129081949753392, 0.9154643971239083, 0.8401688171583896, 0.11240574149257898, 0.6037790253168653, 0.4791964948896248, 0.5946848704882786, 0.6592750066090632, 0.3066594908888719]",23.0,23.0,76.0,6.2712,6.2712,49.6014,49.6014,16.4819,16.4819,False,0,2.7439,0.305326,2.4101,0.3326814592113248,1.555993565137454,plus,False,1.0683057101316629,0.9639182221632472,0.1043874879684156,True,True,1.0,False,100.0,34.59999999999991,0.0,False,"[""block_count_per_ring != 7 (missing or extra blocks)""]",,,
15,1-4,206,1-4/r206,random,3322.428519409196,"{""0"": {""K"": 0.0, ""B1"": 2170.716554413118, ""A1"": 2195.341691557409, ""A2"": 635.5217543374927, ""A3"": 213.80688514842905, ""B2"": 1422.2021420090014}}",2.7397,0.0742938817916763,0.9169283635126144,0.0181716364873857,"[0.9613508447364569, 0.4658400350611249, 0.6281008548649069, 0.6352261838997132, 0.18388939650969116, 0.06186541815637414, 0.4115168234979749, 0.7640300884384686, 0.8152217882917717, 0.729989249002065, 0.113204952525223, 0.9133548615310455, 0.8020365779972838]",72.0,72.0,100.0,9.0299,9.0299,13.4904,13.4904,22.8339,22.8339,False,0,2.7508,0.804649,2.4101,0.961350844736457,1.5820690096617689,plus,False,1.5099406150887953,0.914120931057472,0.5958196840313232,True,True,1.0,False,100.0,24.700000000000276,0.0,False,"[""block_count_per_ring != 7 (missing or extra blocks)""]",,,
16,1-4,206,1-4/r206,random,3033.301363140788,"{""0"": {""K"": 0.0, ""B1"": 3164.4360637081313, ""A1"": 161.23013436863408, ""A2"": 104.67821006761643, ""A3"": 69.8650215188436, ""B2"": 873.5685510036893}}",2.7397,0.2714963146413305,0.9169283635126144,0.0181716364873857,"[0.8776913666495335, 0.5233041529751773, 0.9156354351007324, 0.04665223795388718, 0.030288833931601977, 0.020215573356146876, 0.2527686779524564, 0.24856977320898288, 0.18750333435596656, 0.5670558183853956, 0.038985841033045365, 0.5903878678348518, 0.16601115304721703]",34.0,34.0,31.0,7.2376,7.2376,7.9239,7.9239,14.7597,14.7597,False,0,2.742,0.167831,2.4101,0.8776913666495335,1.618837870394788,plus,False,1.032264448964045,0.1938017892892327,0.8384626596748119,True,True,1.0,False,100.0,34.80000000000018,0.0,False,"[""block_count_per_ring != 7 (missing or extra blocks)""]",,,
17,1-4,206,1-4/r206,random,2342.731536808621,"{""0"": {""K"": 0.0, ""B1"": 1073.3306010158415, ""A1"": 3242.9074874041057, ""A2"": 1860.6978888557576, ""A3"": 2804.846063892771, ""B2"": 2274.1381380501243}}",2.7397,0.0881262928301317,0.9169283635126144,0.0181716364873857,"[0.6778737085673094, 0.02107535444389108, 0.3105701970531949, 0.9383412868646139, 0.5383963798772446, 0.8115874027467508, 0.6580260816117258, 0.6107507856135262, 0.19125268008489738, 0.574394748257806, 0.039686418459000006, 0.8016644050918733, 0.9600709170261761]",61.0,61.0,31.0,7.3183,7.3183,7.9765,7.9765,20.0416,20.0416,False,0,2.7529,0.956617,2.4101,0.6778737085673094,1.706765384548771,minus,True,-1.5300948789996456,-1.2221371421469844,0.3079577368526611,True,True,1.0,False,100.0,213.0999999999999,0.0,False,"[""block_count_per_ring != 7 (missing or extra blocks)""]",,,
18,1-4,206,1-4/r206,random,2951.455350557417,"{""0"": {""K"": 0.0, ""B1"": 1170.409248162035, ""A1"": 1099.0190518120476, ""A2"": 389.54992339423865, ""A3"": 2165.5704475979865, ""B2"": 2756.015454066048}}",2.7397,0.054546569696964,0.9169283635126144,0.0181716364873857,"[0.8540090713418452, 0.0507096459660612, 0.33866008338021847, 0.31800319786228226, 0.11271699172286997, 0.626611819328121, 0.7974581753663333, 0.3137214720022439, 0.8628092349187347, 0.7971269128461297, 0.12913794147432478, 0.7668591567381553, 0.8826207199019183]",39.0,39.0,105.0,9.7684,9.7684,14.6853,14.6853,19.1715,19.1715,False,0,2.7519,0.884252,2.4101,0.8540090713418452,1.610997676967973,minus,True,1.2640916605266626,1.6084551542606234,0.3443634937339608,True,True,1.0,False,100.0,71.39999999999998,0.0,False,"[""block_count_per_ring != 7 (missing or extra blocks)""]",,,
19,1-4,206,1-4/r206,random,681.808561338516,"{""0"": {""K"": 0.0, ""B1"": 2207.5198825723874, ""A1"": 2105.859193894425, ""A2"": 332.62506188251825, ""A3"": 2285.0776892676645, ""B2"": 2184.0355284924162}}",2.7397,0.0577315569279472,0.9169283635126144,0.0181716364873857,"[0.19728256983174652, 0.5736411794985231, 0.6387499660221029, 0.6093342574925998, 0.09624567762804348, 0.6611914610149492, 0.6319547246795186, 0.8238854890020143, 0.8035126991303283, 0.32716820793265566, 0.7220473329265539, 0.867273387572356, 0.8929477581907895]",77.0,77.0,98.0,4.5989,4.5989,59.1535,59.1535,21.6818,21.6818,False,0,2.752,0.891488,2.4101,0.1972825698317465,1.7325427239987723,plus,False,-0.0543847771623223,-0.0269955226603564,0.0273892545019659,True,True,1.0,False,100.0,23.5,0.0,False,"[""block_count_per_ring != 7 (missing or extra blocks)""]",,,
20,1-4,206,1-4/r206,random,558.1866019288294,"{""0"": {""K"": 0.0, ""B1"": 2249.190524467222, ""A1"": 741.9211986024461, ""A2"": 1948.1808070669913, ""A3"": 3265.2444550124424, ""B2"": 1310.928621416874}}",2.7397,0.2440290288694259,0.9169283635126144,0.0181716364873857,"[0.16151232694699924, 0.026702350086284632, 0.6508074434222286, 0.21467627274376333, 0.5637097242670692, 0.9448045298068409, 0.3793196242525677, 0.25277455038430674, 0.4565100499618694, 0.6572439132707336, 0.10109896785465877, 0.3805847635005427, 0.1337211888385227]",34.0,34.0,60.0,8.2297,8.2297,12.5824,12.5824,9.5146,9.5146,False,0,2.7415,0.131649,2.4101,0.1615123269469992,1.7638946300465357,minus,True,0.0181983577830668,0.4838551071570206,0.4656567493739537,True,True,1.0,False,100.0,190.80000000000007,0.0,False,"[""block_count_per_ring != 7 (missing or extra blocks)""]",,,
21,1-4,206,1-4/r206,random,2289.414141898861,"{""0"": {""K"": 0.0, ""B1"": 1302.4066685487521, ""A1"": 1284.6779807883895, ""A2"": 1864.5868533223338, ""A3"": 743.2396864292514, ""B2"": 855.0475486275602}}",2.7397,0.145034749627174,0.9169283635126144,0.0181716364873857,"[0.6624462216142538, 0.8305525322631839, 0.37685378140878245, 0.3717239527744183, 0.5395216589474345, 0.21505777963809358, 0.2474095916167709, 0.3298522832824141, 0.45742569813821743, 0.08153146030257341, 0.7527321363670056, 0.5790545744292542, 0.2996938728905012]",40.0,40.0,60.0,1.8968,1.8968,61.4549,61.4549,14.4764,14.4764,False,0,2.7438,0.29809,2.4101,0.6624462216142538,1.5193781600253418,plus,False,-0.4759962746187225,-0.3898403728668785,0.086155901751844,True,True,1.0,False,100.0,17.700000000000017,0.0,False,"[""block_count_per_ring != 7 (missing or extra blocks)""]",,,
22,1-4,206,1-4/r206,random,268.0009540450657,"{""0"": {""K"": 0.0, ""B1"": 453.0089835348043, ""A1"": 460.3621559604881, ""A2"": 451.64475350994815, ""A3"": 280.84254721686307, ""B2"": 3132.492014823288}}",2.7397,0.0831997435075344,0.9169283635126144,0.0181716364873857,"[0.07754657235100282, 0.7631809514014812, 0.1310789882913207, 0.13320664234967827, 0.13068424580727667, 0.08126231111599047, 0.906392365400257, 0.2692442996733905, 0.3064105792068602, 0.8327943100020676, 0.6199234597118014, 0.18714338654071883, 0.4348134123765889]",35.0,35.0,44.0,10.1607,10.1607,51.4943,51.4943,4.6786,4.6786,False,0,2.7457,0.435584,2.4101,0.0775465723510028,1.3354328346252025,plus,False,0.2966678631952555,0.1842035041688423,0.1124643590264131,True,True,1.0,False,100.0,1.3999999999999773,0.0,False,"[""block_count_per_ring != 7 (missing or extra blocks)""]",,,
23,1-4,206,1-4/r206,random,3054.836038079739,"{""0"": {""K"": 0.0, ""B1"": 2456.8066478472206, ""A1"": 334.5674417388336, ""A2"": 2513.6344284084075, ""A3"": 2683.492499169492, ""B2"": 2853.84999756257}}",2.7397,0.1331268667550949,0.9169283635126144,0.0181716364873857,"[0.8839224647221466, 0.3753740170194637, 0.7108815531965337, 0.09680770883646805, 0.7273247767385439, 0.7764735240652465, 0.8257667817021326, 0.6742009904352112, 0.37073279482625254, 0.06421200016610362, 0.5187762340602949, 0.7574599063822021, 0.19083820348967717]",66.0,66.0,51.0,1.7063,1.7063,43.9082,43.9082,18.9365,18.9365,False,0,2.7423,0.189541,2.4101,0.8839224647221466,1.444014977149734,plus,False,0.7368682869614015,0.479613968581891,0.2572543183795105,True,True,1.0,False,100.0,56.90000000000009,0.0,False,"[""block_count_per_ring != 7 (missing or extra blocks)""]",,,
24,1-4,206,1-4/r206,perturb_wrong_r_low,1015.0645836177204,"{""0"": {""K"": 0.0, ""B1"": 2804.3082845282397, ""A1"": 1567.4040440208469, ""A2"": 1507.5730990482648, ""A3"": 861.1451303604473, ""B2"": 214.17723716765397}}",2.7397,0.9145961544472484,0.9169283635126144,0.0181716364873857,"[0.2937108170190163, 0.0, 0.811431795291736, 0.45353126273751354, 0.43621906801165067, 0.2491739381829998, 0.06197258019897395, 0.29333333333333333, 0.36363636363636365, 0.18181818181818182, 0.2, 0.0, 0.05]",37.0,37.0,50.0,3.0,3.0,20.0,20.0,0.0,0.0,False,0,2.7404,0.052046,2.4101,0.2937108170190163,1.7830379166889898,plus,False,1.8092611448242035,1.81346152922584,0.0042003844016362,True,True,1.0,False,100.0,59.90000000000009,0.0,False,"[""block_count_per_ring != 7 (missing or extra blocks)""]",,,
25,1-4,206,1-4/r206,perturb_weak_hough,1015.0645836177204,"{""0"": {""K"": 0.0, ""B1"": 2804.3082845282397, ""A1"": 1567.4040440208469, ""A2"": 1507.5730990482648, ""A3"": 861.1451303604473, ""B2"": 214.17723716765397}}",2.7397,0.9169283635126144,0.9169283635126144,0.0181716364873857,"[0.2937108170190163, 0.0, 0.811431795291736, 0.45353126273751354, 0.43621906801165067, 0.2491739381829998, 0.06197258019897395, 0.9466782434535213, 0.9581459187714966, 0.18181818181818182, 0.2, 0.0, 0.0013904466436097153]",86.0,86.0,115.0,3.0,3.0,20.0,20.0,0.0,0.0,False,0,2.7397,0.00139,2.4101,0.2937108170190163,1.7830379166889898,plus,False,1.8092611448242035,1.81346152922584,0.0042003844016362,True,True,1.0,False,100.0,59.90000000000009,0.0,False,"[""block_count_per_ring != 7 (missing or extra blocks)""]",,,
26,1-4,206,1-4/r206,perturb_ambiguous_lines,1015.0645836177204,"{""0"": {""K"": 0.0, ""B1"": 2804.3082845282397, ""A1"": 1567.4040440208469, ""A2"": 1507.5730990482648, ""A3"": 861.1451303604473, ""B2"": 214.17723716765397}}",2.7397,0.9169283635126144,0.9169283635126144,0.0181716364873857,"[0.2937108170190163, 0.0, 0.811431795291736, 0.45353126273751354, 0.43621906801165067, 0.2491739381829998, 0.06197258019897395, 0.29333333333333333, 0.36363636363636365, 0.999515674754697, 0.9908769938036321, 0.0, 0.0013904466436097153]",37.0,37.0,50.0,11.9947,11.9947,79.3158,79.3158,0.0,0.0,False,0,2.7397,0.00139,2.4101,0.2937108170190163,1.7830379166889898,plus,False,1.8092611448242035,1.81346152922584,0.0042003844016362,True,True,1.0,False,100.0,59.90000000000009,0.0,False,"[""block_count_per_ring != 7 (missing or extra blocks)""]",,,
27,1-4,206,1-4/r206,perturb_wrong_r_high,1015.0645836177204,"{""0"": {""K"": 0.0, ""B1"": 2804.3082845282397, ""A1"": 1567.4040440208469, ""A2"": 1507.5730990482648, ""A3"": 861.1451303604473, ""B2"": 214.17723716765397}}",2.7397,0.4241842958332383,0.9169283635126144,0.0181716364873857,"[0.2937108170190163, 0.0, 0.811431795291736, 0.45353126273751354, 0.43621906801165067, 0.2491739381829998, 0.06197258019897395, 0.29333333333333333, 0.36363636363636365, 0.18181818181818182, 0.2, 0.0, 0.95]",37.0,37.0,50.0,3.0,3.0,20.0,20.0,0.0,0.0,False,0,2.7528,0.949381,2.4101,0.2937108170190163,1.7830379166889898,plus,False,1.8092611448242035,1.81346152922584,0.0042003844016362,True,True,1.0,False,100.0,59.90000000000009,0.0,False,"[""block_count_per_ring != 7 (missing or extra blocks)""]",,,
28,1-4,206,1-4/r206,perturb_wrong_k,521.2381143006714,"{""0"": {""K"": 0.0, ""B1"": 2804.3082845282397, ""A1"": 1567.4040440208469, ""A2"": 1507.5730990482648, ""A3"": 861.1451303604473, ""B2"": 214.17723716765397}}",2.7397,0.1839649303249358,0.9169283635126144,0.0181716364873857,"[0.15082121362866652, 0.0, 0.811431795291736, 0.45353126273751354, 0.43621906801165067, 0.2491739381829998, 0.06197258019897395, 0.29333333333333333, 0.36363636363636365, 0.18181818181818182, 0.2, 0.0, 0.0013904466436097153]",37.0,37.0,50.0,3.0,3.0,20.0,20.0,0.0,0.0,False,0,2.7397,0.00139,2.4101,0.1508212136286665,1.7830379166889898,plus,False,1.8088107781731904,1.81301108631387,0.0042003081406796,True,True,1.0,False,100.0,59.79999999999996,0.0,False,"[""block_count_per_ring != 7 (missing or extra blocks)""]",,,
29,1-4,206,1-4/r206,perturb_small_segment,1015.0645836177204,"{""0"": {""K"": 0.0, ""B1"": 241.92000000000002, ""A1"": 864.0, ""A2"": 1486.08, ""A3"": 2108.16, ""B2"": 2730.2400000000002}}",2.7397,0.3150798156623887,0.9169283635126144,0.0181716364873857,"[0.2937108170190163, 0.0, 0.07, 0.25, 0.43, 0.61, 0.79, 0.29333333333333333, 0.36363636363636365, 0.18181818181818182, 0.2, 0.0, 0.0013904466436097153]",37.0,37.0,50.0,3.0,3.0,20.0,20.0,0.0,0.0,False,0,2.7397,0.00139,2.4101,0.2937108170190163,1.748539097947062,plus,False,3.74189990917909,3.515617942456913,0.2262819667221767,True,True,1.0,False,100.0,241.9,0.0,False,"[""block_count_per_ring != 7 (missing or extra blocks)""]",,,
30,1-4,206,1-4/r206,perturb_misaligned,1204.743724578444,"{""0"": {""K"": 0.0, ""B1"": 2919.2337528587755, ""A1"": 1523.8664129512604, ""A2"": 1566.143635800367, ""A3"": 730.2784271958924, ""B2"": 321.79478180890976}}",2.7397,0.3770151073924604,0.9169283635126144,0.0181716364873857,"[0.3485948277136701, 0.0, 0.8446856923781179, 0.440933568562286, 0.45316656128482846, 0.21130741527658925, 0.09311191603267065, 0.29333333333333333, 0.36363636363636365, 0.18181818181818182, 0.2, 0.0, 0.0013904466436097153]",37.0,37.0,50.0,3.0,3.0,20.0,20.0,0.0,0.0,False,0,2.7397,0.00139,2.4101,0.3485948277136701,1.6148532956106532,plus,False,0.9128797669771902,1.0169365217312678,0.1040567547540776,True,True,1.0,False,100.0,42.30000000000018,0.0,False,"[""block_count_per_ring != 7 (missing or extra blocks)""]",,,
31,1-4,206,1-4/r206,perturb_offset_shift,1015.0645836177204,"{""0"": {""K"": 0.0, ""B1"": 3010.28441605829, ""A1"": 1896.3489419817404, ""A2"": 1197.148143351806, ""A3"": 599.2662157204343, ""B2"": 462.6251827158352}}",2.7397,0.1980031597106858,0.9169283635126144,0.0181716364873857,"[0.2937108170190163, 0.0, 0.8710313703872367, 0.5487120781197166, 0.3463970322198513, 0.17339878927095898, 0.13386145333212823, 0.29333333333333333, 0.36363636363636365, 0.18181818181818182, 0.2, 0.0, 0.0013904466436097153]",37.0,37.0,50.0,3.0,3.0,20.0,20.0,0.0,0.0,False,0,2.7397,0.00139,2.4101,0.2937108170190163,1.7863493127044388,minus,True,0.60983872784886,0.9604567511171804,0.3506180232683206,True,True,1.0,False,100.0,136.5999999999999,0.0,False,"[""block_count_per_ring != 7 (missing or extra blocks)""]",,,
32,1-4,206,1-4/r206,perturb_guardrail_smoke,3386.88,"{""0"": {""K"": 0.0, ""B1"": 1957.4388774964766, ""A1"": 1670.7676285256846, ""A2"": 1601.6973648903231, ""A3"": 1644.818502681155, ""B2"": 1244.1661189633403}}",2.7397,0.1497648821933265,0.9169283635126144,0.0181716364873857,"[0.98, 0.0, 0.5663885640904157, 0.4834397073280337, 0.4634540986372463, 0.47593127971098237, 0.36000177053337395, 0.29333333333333333, 0.36363636363636365, 0.18181818181818182, 0.2, 0.0, 0.0013904466436097153]",37.0,37.0,50.0,3.0,3.0,20.0,20.0,0.0,0.0,False,0,2.7397,0.00139,2.4101,0.98,1.6039014263181697,minus,True,-1.0224483628089776,-0.3603047092858546,0.6621436535231229,True,True,1.0,False,100.0,25.899999999999864,0.0,False,"[""block_count_per_ring != 7 (missing or extra blocks)""]",,,
33,1-4,206,1-4/r206,perturb_wrong_k,1434.273852031667,"{""0"": {""K"": 0.0, ""B1"": 2804.3082845282397, ""A1"": 1567.4040440208469, ""A2"": 1507.5730990482648, ""A3"": 861.1451303604473, ""B2"": 214.17723716765397}}",2.7397,0.2761705859022645,0.9169283635126144,0.0181716364873857,"[0.4150097951480518, 0.0, 0.811431795291736, 0.45353126273751354, 0.43621906801165067, 0.2491739381829998, 0.06197258019897395, 0.29333333333333333, 0.36363636363636365, 0.18181818181818182, 0.2, 0.0, 0.0013904466436097153]",37.0,37.0,50.0,3.0,3.0,20.0,20.0,0.0,0.0,False,0,2.7397,0.00139,2.4101,0.4150097951480518,1.7830379166889898,plus,False,1.558907694961291,1.5631976677239487,0.0042899727626577,True,True,1.0,False,100.0,59.89999999999964,0.0,False,"[""block_count_per_ring != 7 (missing or extra blocks)""]",,,
34,1-4,206,1-4/r206,perturb_wrong_r_low,1015.0645836177204,"{""0"": {""K"": 0.0, ""B1"": 2804.3082845282397, ""A1"": 1567.4040440208469, ""A2"": 1507.5730990482648, ""A3"": 861.1451303604473, ""B2"": 214.17723716765397}}",2.7397,0.9145961544472484,0.9169283635126144,0.0181716364873857,"[0.2937108170190163, 0.0, 0.811431795291736, 0.45353126273751354, 0.43621906801165067, 0.2491739381829998, 0.06197258019897395, 0.29333333333333333, 0.36363636363636365, 0.18181818181818182, 0.2, 0.0, 0.05]",37.0,37.0,50.0,3.0,3.0,20.0,20.0,0.0,0.0,False,0,2.7404,0.052046,2.4101,0.2937108170190163,1.7830379166889898,plus,False,1.8092611448242035,1.81346152922584,0.0042003844016362,True,True,1.0,False,100.0,59.90000000000009,0.0,False,"[""block_count_per_ring != 7 (missing or extra blocks)""]",,,
35,1-4,206,1-4/r206,perturb_weak_hough,1015.0645836177204,"{""0"": {""K"": 0.0, ""B1"": 2804.3082845282397, ""A1"": 1567.4040440208469, ""A2"": 1507.5730990482648, ""A3"": 861.1451303604473, ""B2"": 214.17723716765397}}",2.7397,0.9169283635126144,0.9169283635126144,0.0181716364873857,"[0.2937108170190163, 0.0, 0.811431795291736, 0.45353126273751354, 0.43621906801165067, 0.2491739381829998, 0.06197258019897395, 0.9466782434535213, 0.9581459187714966, 0.18181818181818182, 0.2, 0.0, 0.0013904466436097153]",86.0,86.0,115.0,3.0,3.0,20.0,20.0,0.0,0.0,False,0,2.7397,0.00139,2.4101,0.2937108170190163,1.7830379166889898,plus,False,1.8092611448242035,1.81346152922584,0.0042003844016362,True,True,1.0,False,100.0,59.90000000000009,0.0,False,"[""block_count_per_ring != 7 (missing or extra blocks)""]",,,
36,1-4,206,1-4/r206,perturb_ambiguous_lines,1015.0645836177204,"{""0"": {""K"": 0.0, ""B1"": 2804.3082845282397, ""A1"": 1567.4040440208469, ""A2"": 1507.5730990482648, ""A3"": 861.1451303604473, ""B2"": 214.17723716765397}}",2.7397,0.9169283635126144,0.9169283635126144,0.0181716364873857,"[0.2937108170190163, 0.0, 0.811431795291736, 0.45353126273751354, 0.43621906801165067, 0.2491739381829998, 0.06197258019897395, 0.29333333333333333, 0.36363636363636365, 0.999515674754697, 0.9908769938036321, 0.0, 0.0013904466436097153]",37.0,37.0,50.0,11.9947,11.9947,79.3158,79.3158,0.0,0.0,False,0,2.7397,0.00139,2.4101,0.2937108170190163,1.7830379166889898,plus,False,1.8092611448242035,1.81346152922584,0.0042003844016362,True,True,1.0,False,100.0,59.90000000000009,0.0,False,"[""block_count_per_ring != 7 (missing or extra blocks)""]",,,
37,1-4,206,1-4/r206,perturb_wrong_r_high,1015.0645836177204,"{""0"": {""K"": 0.0, ""B1"": 2804.3082845282397, ""A1"": 1567.4040440208469, ""A2"": 1507.5730990482648, ""A3"": 861.1451303604473, ""B2"": 214.17723716765397}}",2.7397,0.4241842958332383,0.9169283635126144,0.0181716364873857,"[0.2937108170190163, 0.0, 0.811431795291736, 0.45353126273751354, 0.43621906801165067, 0.2491739381829998, 0.06197258019897395, 0.29333333333333333, 0.36363636363636365, 0.18181818181818182, 0.2, 0.0, 0.95]",37.0,37.0,50.0,3.0,3.0,20.0,20.0,0.0,0.0,False,0,2.7528,0.949381,2.4101,0.2937108170190163,1.7830379166889898,plus,False,1.8092611448242035,1.81346152922584,0.0042003844016362,True,True,1.0,False,100.0,59.90000000000009,0.0,False,"[""block_count_per_ring != 7 (missing or extra blocks)""]",,,
38,1-4,206,1-4/r206,perturb_wrong_k,521.2381143006714,"{""0"": {""K"": 0.0, ""B1"": 2804.3082845282397, ""A1"": 1567.4040440208469, ""A2"": 1507.5730990482648, ""A3"": 861.1451303604473, ""B2"": 214.17723716765397}}",2.7397,0.1839649303249358,0.9169283635126144,0.0181716364873857,"[0.15082121362866652, 0.0, 0.811431795291736, 0.45353126273751354, 0.43621906801165067, 0.2491739381829998, 0.06197258019897395, 0.29333333333333333, 0.36363636363636365, 0.18181818181818182, 0.2, 0.0, 0.0013904466436097153]",37.0,37.0,50.0,3.0,3.0,20.0,20.0,0.0,0.0,False,0,2.7397,0.00139,2.4101,0.1508212136286665,1.7830379166889898,plus,False,1.8088107781731904,1.81301108631387,0.0042003081406796,True,True,1.0,False,100.0,59.79999999999996,0.0,False,"[""block_count_per_ring != 7 (missing or extra blocks)""]",,,
39,1-4,206,1-4/r206,perturb_small_segment,1015.0645836177204,"{""0"": {""K"": 0.0, ""B1"": 241.92000000000002, ""A1"": 864.0, ""A2"": 1486.08, ""A3"": 2108.16, ""B2"": 2730.2400000000002}}",2.7397,0.3150798156623887,0.9169283635126144,0.0181716364873857,"[0.2937108170190163, 0.0, 0.07, 0.25, 0.43, 0.61, 0.79, 0.29333333333333333, 0.36363636363636365, 0.18181818181818182, 0.2, 0.0, 0.0013904466436097153]",37.0,37.0,50.0,3.0,3.0,20.0,20.0,0.0,0.0,False,0,2.7397,0.00139,2.4101,0.2937108170190163,1.748539097947062,plus,False,3.74189990917909,3.515617942456913,0.2262819667221767,True,True,1.0,False,100.0,241.9,0.0,False,"[""block_count_per_ring != 7 (missing or extra blocks)""]",,,
40,1-4,206,1-4/r206,perturb_misaligned,1204.743724578444,"{""0"": {""K"": 0.0, ""B1"": 2919.2337528587755, ""A1"": 1523.8664129512604, ""A2"": 1566.143635800367, ""A3"": 730.2784271958924, ""B2"": 321.79478180890976}}",2.7397,0.3770151073924604,0.9169283635126144,0.0181716364873857,"[0.3485948277136701, 0.0, 0.8446856923781179, 0.440933568562286, 0.45316656128482846, 0.21130741527658925, 0.09311191603267065, 0.29333333333333333, 0.36363636363636365, 0.18181818181818182, 0.2, 0.0, 0.0013904466436097153]",37.0,37.0,50.0,3.0,3.0,20.0,20.0,0.0,0.0,False,0,2.7397,0.00139,2.4101,0.3485948277136701,1.6148532956106532,plus,False,0.9128797669771902,1.0169365217312678,0.1040567547540776,True,True,1.0,False,100.0,42.30000000000018,0.0,False,"[""block_count_per_ring != 7 (missing or extra blocks)""]",,,
41,1-4,206,1-4/r206,perturb_offset_shift,1015.0645836177204,"{""0"": {""K"": 0.0, ""B1"": 3010.28441605829, ""A1"": 1896.3489419817404, ""A2"": 1197.148143351806, ""A3"": 599.2662157204343, ""B2"": 462.6251827158352}}",2.7397,0.1980031597106858,0.9169283635126144,0.0181716364873857,"[0.2937108170190163, 0.0, 0.8710313703872367, 0.5487120781197166, 0.3463970322198513, 0.17339878927095898, 0.13386145333212823, 0.29333333333333333, 0.36363636363636365, 0.18181818181818182, 0.2, 0.0, 0.0013904466436097153]",37.0,37.0,50.0,3.0,3.0,20.0,20.0,0.0,0.0,False,0,2.7397,0.00139,2.4101,0.2937108170190163,1.7863493127044388,minus,True,0.60983872784886,0.9604567511171804,0.3506180232683206,True,True,1.0,False,100.0,136.5999999999999,0.0,False,"[""block_count_per_ring != 7 (missing or extra blocks)""]",,,
42,1-4,206,1-4/r206,perturb_guardrail_smoke,3386.88,"{""0"": {""K"": 0.0, ""B1"": 1957.4388774964766, ""A1"": 1670.7676285256846, ""A2"": 1601.6973648903231, ""A3"": 1644.818502681155, ""B2"": 1244.1661189633403}}",2.7397,0.1497648821933265,0.9169283635126144,0.0181716364873857,"[0.98, 0.0, 0.5663885640904157, 0.4834397073280337, 0.4634540986372463, 0.47593127971098237, 0.36000177053337395, 0.29333333333333333, 0.36363636363636365, 0.18181818181818182, 0.2, 0.0, 0.0013904466436097153]",37.0,37.0,50.0,3.0,3.0,20.0,20.0,0.0,0.0,False,0,2.7397,0.00139,2.4101,0.98,1.6039014263181697,minus,True,-1.0224483628089776,-0.3603047092858546,0.6621436535231229,True,True,1.0,False,100.0,25.899999999999864,0.0,False,"[""block_count_per_ring != 7 (missing or extra blocks)""]",,,
43,1-4,206,1-4/r206,perturb_wrong_k,1434.273852031667,"{""0"": {""K"": 0.0, ""B1"": 2804.3082845282397, ""A1"": 1567.4040440208469, ""A2"": 1507.5730990482648, ""A3"": 861.1451303604473, ""B2"": 214.17723716765397}}",2.7397,0.2761705859022645,0.9169283635126144,0.0181716364873857,"[0.4150097951480518, 0.0, 0.811431795291736, 0.45353126273751354, 0.43621906801165067, 0.2491739381829998, 0.06197258019897395, 0.29333333333333333, 0.36363636363636365, 0.18181818181818182, 0.2, 0.0, 0.0013904466436097153]",37.0,37.0,50.0,3.0,3.0,20.0,20.0,0.0,0.0,False,0,2.7397,0.00139,2.4101,0.4150097951480518,1.7830379166889898,plus,False,1.558907694961291,1.5631976677239487,0.0042899727626577,True,True,1.0,False,100.0,59.89999999999964,0.0,False,"[""block_count_per_ring != 7 (missing or extra blocks)""]",,,
44,1-4,206,1-4/r206,perturb_wrong_r_low,1015.0645836177204,"{""0"": {""K"": 0.0, ""B1"": 2804.3082845282397, ""A1"": 1567.4040440208469, ""A2"": 1507.5730990482648, ""A3"": 861.1451303604473, ""B2"": 214.17723716765397}}",2.7397,0.9145961544472484,0.9169283635126144,0.0181716364873857,"[0.2937108170190163, 0.0, 0.811431795291736, 0.45353126273751354, 0.43621906801165067, 0.2491739381829998, 0.06197258019897395, 0.29333333333333333, 0.36363636363636365, 0.18181818181818182, 0.2, 0.0, 0.05]",37.0,37.0,50.0,3.0,3.0,20.0,20.0,0.0,0.0,False,0,2.7404,0.052046,2.4101,0.2937108170190163,1.7830379166889898,plus,False,1.8092611448242035,1.81346152922584,0.0042003844016362,True,True,1.0,False,100.0,59.90000000000009,0.0,False,"[""block_count_per_ring != 7 (missing or extra blocks)""]",,,
45,1-4,206,1-4/r206,perturb_weak_hough,1015.0645836177204,"{""0"": {""K"": 0.0, ""B1"": 2804.3082845282397, ""A1"": 1567.4040440208469, ""A2"": 1507.5730990482648, ""A3"": 861.1451303604473, ""B2"": 214.17723716765397}}",2.7397,0.9169283635126144,0.9169283635126144,0.0181716364873857,"[0.2937108170190163, 0.0, 0.811431795291736, 0.45353126273751354, 0.43621906801165067, 0.2491739381829998, 0.06197258019897395, 0.9466782434535213, 0.9581459187714966, 0.18181818181818182, 0.2, 0.0, 0.0013904466436097153]",86.0,86.0,115.0,3.0,3.0,20.0,20.0,0.0,0.0,False,0,2.7397,0.00139,2.4101,0.2937108170190163,1.7830379166889898,plus,False,1.8092611448242035,1.81346152922584,0.0042003844016362,True,True,1.0,False,100.0,59.90000000000009,0.0,False,"[""block_count_per_ring != 7 (missing or extra blocks)""]",,,
46,1-4,206,1-4/r206,perturb_ambiguous_lines,1015.0645836177204,"{""0"": {""K"": 0.0, ""B1"": 2804.3082845282397, ""A1"": 1567.4040440208469, ""A2"": 1507.5730990482648, ""A3"": 861.1451303604473, ""B2"": 214.17723716765397}}",2.7397,0.9169283635126144,0.9169283635126144,0.0181716364873857,"[0.2937108170190163, 0.0, 0.811431795291736, 0.45353126273751354, 0.43621906801165067, 0.2491739381829998, 0.06197258019897395, 0.29333333333333333, 0.36363636363636365, 0.999515674754697, 0.9908769938036321, 0.0, 0.0013904466436097153]",37.0,37.0,50.0,11.9947,11.9947,79.3158,79.3158,0.0,0.0,False,0,2.7397,0.00139,2.4101,0.2937108170190163,1.7830379166889898,plus,False,1.8092611448242035,1.81346152922584,0.0042003844016362,True,True,1.0,False,100.0,59.90000000000009,0.0,False,"[""block_count_per_ring != 7 (missing or extra blocks)""]",,,
47,1-4,206,1-4/r206,perturb_wrong_r_high,1015.0645836177204,"{""0"": {""K"": 0.0, ""B1"": 2804.3082845282397, ""A1"": 1567.4040440208469, ""A2"": 1507.5730990482648, ""A3"": 861.1451303604473, ""B2"": 214.17723716765397}}",2.7397,0.4241842958332383,0.9169283635126144,0.0181716364873857,"[0.2937108170190163, 0.0, 0.811431795291736, 0.45353126273751354, 0.43621906801165067, 0.2491739381829998, 0.06197258019897395, 0.29333333333333333, 0.36363636363636365, 0.18181818181818182, 0.2, 0.0, 0.95]",37.0,37.0,50.0,3.0,3.0,20.0,20.0,0.0,0.0,False,0,2.7528,0.949381,2.4101,0.2937108170190163,1.7830379166889898,plus,False,1.8092611448242035,1.81346152922584,0.0042003844016362,True,True,1.0,False,100.0,59.90000000000009,0.0,False,"[""block_count_per_ring != 7 (missing or extra blocks)""]",,,
48,1-4,206,1-4/r206,bo,1003.6178812881786,"{""0"": {""K"": 0.0, ""B1"": 1825.7091579546172, ""A1"": 3176.6996242501978, ""A2"": 757.3917085783685, ""A3"": 990.6922887451349, ""B2"": 3032.0554943498278}}",2.7397,0.16036729723315,0.9169283635126144,0.0181716364873857,"[0.2903986925023665, 0.06779373148044177, 0.5282723257970536, 0.9191839190538766, 0.21915269345438904, 0.2866586483637543, 0.8773308722077048, 0.790721432825269, 0.3030822681762113, 0.8976282554176291, 0.22589922983578126, 0.9213970902719505, 0.05172963749247772]",74.0,74.0,43.0,10.8739,10.8739,21.9424,21.9424,23.0349,23.0349,False,0,2.7404,0.052046,2.4101,0.2903986925023665,1.6010544966862517,minus,True,-0.3135634524562174,0.6142496134040801,0.9278130658602975,True,True,1.0,False,100.0,144.5999999999999,0.0,False,"[""block_count_per_ring != 7 (missing or extra blocks)""]",0.8200166044221981,0.1471939097785285,0.020108954541417
49,1-4,206,1-4/r206,bo,980.6753293860636,"{""0"": {""K"": 0.0, ""B1"": 1807.3500422170741, ""A1"": 314.4058627702551, ""A2"": 2207.4179398565097, ""A3"": 874.1149520190171, ""B2"": 751.6074825410235}}",2.7397,0.1654526105221512,0.9169283635126144,0.0181716364873857,"[0.28376022262328227, 0.6691125631262935, 0.522960081660033, 0.09097391862565252, 0.6387204687084809, 0.2529267800980952, 0.21747901693895355, 0.128331658581615, 0.053802823509811026, 0.49954872529238803, 0.9278721701780941, 0.016447456894973844, 0.29756133276453933]",25.0,25.0,16.0,6.495,6.495,74.5904,74.5904,0.4112,0.4112,False,0,2.7438,0.29809,2.4101,0.2837602226232822,1.765316161010077,minus,True,0.8106287526585252,1.051136052911653,0.2405073002531277,True,True,1.0,False,100.0,122.5,0.0,False,"[""block_count_per_ring != 7 (missing or extra blocks)""]",0.8065811459420561,0.0847324434601755,0.0029705293275111
50,1-4,206,1-4/r206,bo,929.4956508167508,"{""0"": {""K"": 0.0, ""B1"": 2729.203873302073, ""A1"": 2295.85876208267, ""A2"": 178.57677522631835, ""A3"": 1978.6940248282424, ""B2"": 845.664048740502}}",2.7397,0.3080067806578975,0.9169283635126144,0.0181716364873857,"[0.2689512878520691, 0.5302179348155684, 0.7897001948212017, 0.6643109843989208, 0.051671520609467114, 0.572538780332246, 0.24469445854759897, 0.3461204198124136, 0.4086535408993671, 0.8508988502785728, 0.08447414665859287, 0.6191278943845115, 0.02608667376838736]",41.0,41.0,55.0,10.3599,10.3599,11.3356,11.3356,15.4782,15.4782,False,0,2.74,0.0231,2.4101,0.2689512878520691,1.7587263549201917,plus,False,2.5952809941137045,2.1583159703769508,0.4369650237367537,True,True,1.0,False,100.0,178.5999999999999,0.0,False,"[""block_count_per_ring != 7 (missing or extra blocks)""]",0.8761329800116567,0.1003142004415775,0.0196455833141257
51,1-4,206,1-4/r206,bo,935.8972644250732,"{""0"": {""K"": 0.0, ""B1"": 1174.4394087770065, ""A1"": 1092.0106798394102, ""A2"": 2251.752681713904, ""A3"": 897.4057599655349, ""B2"": 60.62692228330677}}",2.7397,0.2375075578941456,0.9169283635126144,0.0181716364873857,"[0.2708036066044772, 0.2137977467632336, 0.33982621781742084, 0.31597531245353305, 0.6515488083662917, 0.259666018508546, 0.017542512234753116, 0.953062173304975, 0.9740828922483363, 0.0660930067151374, 0.17112338658687198, 0.07215831500104508, 0.12663991808169817]",86.0,86.0,117.0,1.727,1.727,17.8343,17.8343,1.804,1.804,False,0,2.7414,0.124412,2.4101,0.2708036066044772,1.7079770383596042,plus,False,2.0750243028336,2.244381247328848,0.1693569444952478,True,True,1.0,False,100.0,60.60000000000002,0.0,False,"[""block_count_per_ring != 7 (missing or extra blocks)""]",0.6099379720399405,0.1652410770726652,0.0017413589346787
52,1-4,206,1-4/r206,bo,1107.8622389781472,"{""0"": {""K"": 0.0, ""B1"": 3117.8235617824425, ""A1"": 2152.984712750565, ""A2"": 3061.058386402433, ""A3"": 811.8916759258839, ""B2"": 3365.959340894086}}",2.7397,0.3109183230587253,0.9169283635126144,0.0181716364873857,"[0.3205619904450657, 0.07321007205458241, 0.9021480213490863, 0.6229701136431033, 0.8857229127321855, 0.23492235993225807, 0.9739465685457425, 0.9234507554525055, 0.18362202753116874, 0.3919204747696299, 0.06202086259637951, 0.8863538592375927, 0.5230901748394028]",84.0,84.0,30.0,5.3111,5.3111,9.6516,9.6516,22.1588,22.1588,False,0,2.7469,0.522423,2.4101,0.3205619904450657,1.553938744181696,plus,False,-0.3960207326780637,-0.2845769614473963,0.1114437712306674,True,True,1.0,False,100.00000000000004,56.80000000000007,0.0,False,"[""block_count_per_ring != 7 (missing or extra blocks)""]",0.4529615439189312,0.2041256622859572,0.0007007711004421
53,1-4,206,1-4/r206,bo,1067.5463545960629,"{""0"": {""K"": 0.0, ""B1"": 3103.0863886357115, ""A1"": 1391.9725562196354, ""A2"": 1199.3229720759118, ""A3"": 836.8065880094728, ""B2"": 1402.872377106388}}",2.7397,0.2757374646446969,0.9169283635126144,0.0181716364873857,"[0.3088965146400645, 0.07914728930147008, 0.8978837930080183, 0.4027698368691075, 0.3470263229386319, 0.24213153588237057, 0.40592372022754286, 0.6636568523303267, 0.6106341091768384, 0.6135282325434704, 0.6956884002425455, 0.9920722554283036, 0.016358779297476977]",65.0,65.0,77.0,7.7488,7.7488,57.1766,57.1766,24.8018,24.8018,False,0,2.7399,0.015864,2.4101,0.3088965146400645,1.6864957540671326,plus,False,0.361224494483605,-0.4454227588549336,0.8066472533385387,True,True,1.0,False,100.0,10.900000000000093,0.0,False,"[""block_count_per_ring != 7 (missing or extra blocks)""]",0.3884646625214877,0.2029643637500273,0.0002506769271998
54,1-4,206,1-4/r206,bo,972.8077785392322,"{""0"": {""K"": 0.0, ""B1"": 2941.3859070918315, ""A1"": 590.808507503642, ""A2"": 969.2804857817094, ""A3"": 856.3953547348035, ""B2"": 2175.5936597035134}}",2.7397,0.2781157811504459,0.9169283635126144,0.0181716364873857,"[0.28148373221621303, 0.038270025495099835, 0.8510954592279605, 0.17095153573600752, 0.2804631035248002, 0.24779958180983896, 0.6295120543123592, 0.012524949715007505, 0.5082384485699919, 0.6784170221778604, 0.8937162249454341, 0.46472847526588235, 0.005332599355994061]",16.0,16.0,66.0,8.4626,8.4626,72.0287,72.0287,11.6182,11.6182,False,0,2.7398,0.008627,2.4101,0.281483732216213,1.602495040530865,plus,False,0.7420004197915189,0.5027233013584431,0.2392771184330757,True,True,1.0,False,100.0,112.89999999999986,0.0,False,"[""block_count_per_ring != 7 (missing or extra blocks)""]",0.4901992727925788,0.1812525602509426,0.000479145541145
55,1-4,206,1-4/r206,bo,1881.9506822861392,"{""0"": {""K"": 0.0, ""B1"": 2963.20400173551, ""A1"": 1338.637256791071, ""A2"": 1122.623622522526, ""A3"": 2858.2536757393377, ""B2"": 2457.9109664504354}}",2.7397,0.1772727514781035,0.9169283635126144,0.0181716364873857,"[0.5445459150133505, 0.026142902207364482, 0.8574085653169878, 0.3873371692103793, 0.3248332241095272, 0.8270409941375398, 0.7112010898294084, 0.9392824120422604, 0.02831304908555643, 0.5661945507977149, 0.9340310336142585, 0.04343329255016115, 0.04114616013733852]",85.0,85.0,13.0,7.2281,7.2281,75.0523,75.0523,1.0858,1.0858,False,0,2.7402,0.037573,2.4101,0.5445459150133505,1.7218859474061048,plus,False,-1.4562635080013837,-1.3794059115565336,0.0768575964448499,True,True,1.0,False,100.0,105.0,0.0,False,"[""block_count_per_ring != 7 (missing or extra blocks)""]",0.3401068283318657,0.2245327989664932,0.0003148121894992
56,1-4,206,1-4/r206,bo,914.0119386722038,"{""0"": {""K"": 0.0, ""B1"": 3123.3773229217354, ""A1"": 3229.916524938795, ""A2"": 1670.8130137154037, ""A3"": 3293.5630466911443, ""B2"": 996.8215019527939}}",2.7397,0.1664058383257297,0.9169283635126144,0.0181716364873857,"[0.2644710470695034, 0.7689497375189058, 0.9037550124194836, 0.9345823278179385, 0.4834528396167256, 0.9529985667509098, 0.2884321475557853, 0.7852710331098466, 0.14440571995621854, 0.9465184330936809, 0.043632544270289286, 0.10402088949153587, 0.12289824574564479]",74.0,74.0,26.0,11.4117,11.4117,8.2724,8.2724,2.6005,2.6005,False,0,2.7414,0.124412,2.4101,0.2644710470695034,1.595776165625116,plus,False,-0.374779021887445,-0.7433682381750193,0.3685892162875743,True,True,1.0,False,100.0,63.700000000000045,0.0,False,"[""block_count_per_ring != 7 (missing or extra blocks)""]",0.5870766696255623,0.1741639453018858,0.0016831129570516
57,1-4,206,1-4/r206,bo,1085.9871184778451,"{""0"": {""K"": 0.0, ""B1"": 2942.281029886027, ""A1"": 3044.9241838717694, ""A2"": 2052.93464755526, ""A3"": 136.75200675409818, ""B2"": 227.53167648634462}}",2.7397,0.0838139743765992,0.9169283635126144,0.0181716364873857,"[0.314232383818821, 0.03602922364129135, 0.8513544646660959, 0.8810544513517852, 0.5940204420009433, 0.03956944639875526, 0.06583671194628027, 0.7432562061474763, 0.9498179521155492, 0.9675763347528699, 0.9688338608424696, 0.1920987378530994, 0.8235613348689829]",71.0,71.0,114.0,11.6433,11.6433,77.6625,77.6625,4.8025,4.8025,False,0,2.7511,0.826359,2.4101,0.314232383818821,1.4326396530448489,plus,False,2.131595495971468,1.2035088528412383,0.9280866431302296,True,True,1.0,False,100.0,90.79999999999995,0.0,False,"[""block_count_per_ring != 7 (missing or extra blocks)""]",0.3354353873979256,0.2188417078141568,0.0002298536586708
58,1-4,206,1-4/r206,bo,804.5474676870467,"{""0"": {""K"": 0.0, ""B1"": 1621.6320126745256, ""A1"": 2446.8229901388368, ""A2"": 371.86372887722274, ""A3"": 790.9064617586873, ""B2"": 217.5431979047}}",2.7397,0.0767304241403111,0.9169283635126144,0.0181716364873857,"[0.23279729967796492, 0.07713744109486387, 0.4692222258896197, 0.7079927633503579, 0.10759945858715936, 0.22885024935147202, 0.06294652717149885, 0.55443878347388, 0.02542219409612745, 0.847926058789855, 0.3129533069749779, 0.11073135791587296, 0.5195406691761971]",57.0,57.0,13.0,10.3272,10.3272,28.4715,28.4715,2.7683,2.7683,False,0,2.7469,0.522423,2.4101,0.2327972996779649,1.6091584305355968,minus,True,1.5694809656673914,2.257481835797283,0.6880008701298914,True,True,1.0,False,100.0,154.30000000000007,0.0,False,"[""block_count_per_ring != 7 (missing or extra blocks)""]",0.3604969187310826,0.1912595430560499,8.365868401963208e-05
59,1-4,206,1-4/r206,bo,949.77474107053,"{""0"": {""K"": 0.0, ""B1"": 2849.5571469804513, ""A1"": 2158.452433901826, ""A2"": 2238.4456222418403, ""A3"": 355.43661676727686, ""B2"": 2285.467581748168}}",2.7397,0.3526561385957936,0.9169283635126144,0.0181716364873857,"[0.274819080170871, 0.11333883865265615, 0.8245246374364732, 0.6245522088836303, 0.6476983860653472, 0.10284624327756853, 0.661304277126206, 0.709327653178316, 0.4194192214528607, 0.6007902605352348, 0.564847867785643, 0.5001554080780937, 0.23122834243856405]",68.0,68.0,56.0,7.6087,7.6087,47.3636,47.3636,12.5039,12.5039,False,0,2.7429,0.232961,2.4101,0.274819080170871,1.590294555087421,plus,False,0.5021483657397023,0.5263630431089314,0.0242146773692291,True,True,1.0,False,100.0,47.0,0.0,False,"[""block_count_per_ring != 7 (missing or extra blocks)""]",0.7042284555996317,0.1196174931945544,0.0014595013089946
60,1-4,206,1-4/r206,bo,1159.9708423469465,"{""0"": {""K"": 0.0, ""B1"": 328.4413806557677, ""A1"": 2010.4216448554128, ""A2"": 2121.0698923947107, ""A3"": 800.314480024375, ""B2"": 2583.116683417136}}",2.7397,0.2447873862994194,0.9169283635126144,0.0181716364873857,"[0.33563971132724146, 0.15078930083068853, 0.09503512171752537, 0.5817192259419597, 0.6137355012716177, 0.2315724768589048, 0.747429595896162, 0.2598280298855635, 0.09453967066987634, 0.8555147982043924, 0.8389250335770962, 0.17596992986474413, 0.1681152214067807]",34.0,34.0,20.0,10.4107,10.4107,67.9194,67.9194,4.3992,4.3992,False,0,2.742,0.167831,2.4101,0.3356397113272414,1.5285725830351118,plus,False,1.475964858528433,1.1047217617158536,0.3712430968125795,True,True,1.0,False,100.0,110.59999999999992,0.0,False,"[""block_count_per_ring != 7 (missing or extra blocks)""]",0.3645313821449429,0.1909609095262165,8.84797916341181e-05
61,1-4,206,1-4/r206,bo,873.1086920302224,"{""0"": {""K"": 0.0, ""B1"": 2729.918161297711, ""A1"": 1260.1303860307607, ""A2"": 2719.8955679265982, ""A3"": 321.9972325342926, ""B2"": 3030.786905481027}}",2.7397,0.1958959086681952,0.9169283635126144,0.0181716364873857,"[0.25263561690689307, 0.5179719830614335, 0.7899068753754951, 0.36462106077278955, 0.7870068194232055, 0.09317049552496892, 0.8769638036692786, 0.1880064926713949, 0.3132532471005385, 0.1460175435629969, 0.0671258595720674, 0.004374429314716322, 0.31931081373941794]",29.0,29.0,44.0,2.6062,2.6062,10.0344,10.0344,0.1094,0.1094,False,0,2.7441,0.319799,2.4101,0.252635616906893,1.6585336709427476,plus,False,1.0543602042005105,0.9676707951868572,0.0866894090136531,True,True,1.0,False,100.0,10.0,0.0,False,"[""block_count_per_ring != 7 (missing or extra blocks)""]",0.7264487968140719,0.1039989126744773,0.001069463940308
62,1-4,206,1-4/r206,bo,1336.5842300048066,"{""0"": {""K"": 0.0, ""B1"": 583.3805066770603, ""A1"": 2641.746330486943, ""A2"": 2837.470370115283, ""A3"": 668.2603197496942, ""B2"": 2286.5893285194256}}",2.7397,0.2086367657729134,0.9169283635126144,0.0181716364873857,"[0.3867431221078723, 0.06581289092724041, 0.16880222994127903, 0.7643941928492312, 0.8210273061676165, 0.19336236103868465, 0.6616288566317783, 0.5148485682268364, 0.13040466975353893, 0.465389799375716, 0.06268576466647624, 0.14054640171255084, 0.1397335246268504]",54.0,54.0,24.0,6.1193,6.1193,9.7014,9.7014,3.5137,3.5137,False,0,2.7416,0.138885,2.4101,0.3867431221078722,1.623817038384601,plus,False,0.4192193457639938,0.2387740393267177,0.180445306437276,True,True,1.0,False,100.0,84.79999999999995,0.0,False,"[""block_count_per_ring != 7 (missing or extra blocks)""]",0.3226362829031198,0.2081895213351698,0.00011176287021
63,1-4,206,1-4/r206,bo,997.4713504925288,"{""0"": {""K"": 0.0, ""B1"": 3050.122549976919, ""A1"": 948.8715923800546, ""A2"": 1438.030259898695, ""A3"": 297.0700651245199, ""B2"": 103.46136678993064}}",2.7397,0.2545706110415333,0.9169283635126144,0.0181716364873857,"[0.28862018243418075, 0.6482040476774421, 0.882558608210914, 0.2745577524247843, 0.4160967187206872, 0.08595777347353006, 0.029936738075790115, 0.5433486013770735, 0.31322227827722915, 0.5102512791232596, 0.7000209123482128, 0.4143443671645609, 0.08387958884781987]",56.0,56.0,44.0,6.6128,6.6128,57.5016,57.5016,10.3586,10.3586,False,0,2.7408,0.080993,2.4101,0.2886201824341807,1.6628960720140329,plus,False,1.5163326721522274,1.6598501769391545,0.143517504786927,True,True,1.0,False,100.0,103.40000000000008,0.0,False,"[""block_count_per_ring != 7 (missing or extra blocks)""]",0.735287462540801,0.1342473100812902,0.0046317455795718
64,1-4,206,1-4/r206,bo,877.9841964702213,"{""0"": {""K"": 0.0, ""B1"": 2753.1454509335736, ""A1"": 1621.3115723555377, ""A2"": 3256.6877655856106, ""A3"": 2655.2925328915835, ""B2"": 2383.5208601907157}}",2.7397,0.1527972053698566,0.9169283635126144,0.0181716364873857,"[0.25404635314531865, 0.7337092644219475, 0.7966277346451313, 0.46912950588991253, 0.942328635875466, 0.7683138116005739, 0.6896761748237025, 0.9872905163579218, 0.33106264059650026, 0.2990596195147971, 0.9884390003434493, 0.6507016490718909, 0.3304982264606623]",89.0,89.0,46.0,4.2897,4.2897,79.1329,79.1329,16.2675,16.2675,False,0,2.7442,0.327036,2.4101,0.2540463531453186,1.7359200671995434,plus,False,-2.100378864783278,-1.949196147770789,0.1511827170124884,True,True,1.0,False,100.0,97.8,0.0,False,"[""block_count_per_ring != 7 (missing or extra blocks)""]",0.6994109426089408,0.1158538439582633,0.0010832009851769
65,1-4,206,1-4/r206,bo,1240.6201614503198,"{""0"": {""K"": 0.0, ""B1"": 2769.581811929489, ""A1"": 1990.275857676604, ""A2"": 1573.7304569770386, ""A3"": 220.2361893150391, ""B2"": 2077.3534506272304}}",2.7397,0.1851371664046547,0.9169283635126144,0.0181716364873857,"[0.35897574116039344, 0.16004948279419018, 0.801383626137005, 0.5758900051147581, 0.4553618220419672, 0.06372574922310159, 0.6010860678898235, 0.9415632257273823, 0.43257590181545247, 0.4683012294135398, 0.991492440344283, 0.09795192729704161, 0.9773839391757916]",86.0,86.0,58.0,6.1513,6.1513,79.3619,79.3619,2.4488,2.4488,False,0,2.7532,0.978327,2.4101,0.3589757411603934,1.7590445196162223,plus,False,1.2451591255636032,1.240430467927481,0.0047286576361222,True,True,1.0,False,100.0,87.09999999999991,0.0,False,"[""block_count_per_ring != 7 (missing or extra blocks)""]",0.3202292330964725,0.2014351277195421,7.381027999502933e-05
66,1-4,206,1-4/r206,bo,1074.855168534987,"{""0"": {""K"": 0.0, ""B1"": 117.24026617419786, ""A1"": 1468.4532656610581, ""A2"": 2947.809369109452, ""A3"": 2707.295136840153, ""B2"": 197.425375009218}}",2.7397,0.355588733088024,0.9169283635126144,0.0181716364873857,"[0.3110113334881327, 0.6935334044971285, 0.033923688129108176, 0.42489967177692656, 0.852954099858059, 0.783360861354211, 0.057125397861463534, 0.9337131637784483, 0.34625792734562577, 0.6843400941810455, 0.9703972045603289, 0.2874859076404076, 0.14697697843733715]",85.0,85.0,48.0,8.5277,8.5277,77.7798,77.7798,7.1871,7.1871,False,0,2.7417,0.146122,2.4101,0.3110113334881327,1.5394104735614664,plus,False,2.1815393241721424,1.3794101840290425,0.8021291401431001,True,True,1.0,False,100.0,80.20000000000005,0.0,False,"[""block_count_per_ring != 7 (missing or extra blocks)""]",0.6069458250302717,0.1116035139141214,6.766622925712487e-05
67,1-4,206,1-4/r206,bo,958.1266968385725,"{""0"": {""K"": 0.0, ""B1"": 2146.95607595853, ""A1"": 2673.0955414925606, ""A2"": 1564.7101274126965, ""A3"": 1575.6017159838198, ""B2"": 2623.77413079544}}",2.7397,0.1618377736158578,0.9169283635126144,0.0181716364873857,"[0.27723573403893875, 0.2111639131378299, 0.6212257164231858, 0.7734651451078011, 0.4527517729782108, 0.45590327430087374, 0.7591939035866435, 0.27118702800011774, 0.30196598768273186, 0.4079265427347879, 0.8936603694754719, 0.14594484072374947, 0.022863535958384418]",35.0,35.0,43.0,5.4872,5.4872,72.0245,72.0245,3.6486,3.6486,False,0,2.74,0.0231,2.4101,0.2772357340389387,1.4770662585734435,minus,True,-2.170892419342728,-1.8947641274781315,0.2761282918645964,True,True,1.0,False,100.00000000000004,10.899999999999636,0.0,False,"[""block_count_per_ring != 7 (missing or extra blocks)""]",0.4587500678639516,0.1598122064732286,7.815781475505469e-05
68,1-4,206,1-4/r206,bo,1100.3560618333777,"{""0"": {""K"": 0.0, ""B1"": 2867.284432730656, ""A1"": 1369.4911598866836, ""A2"": 1449.4468591822845, ""A3"": 1717.1933034613378, ""B2"": 1164.845337188347}}",2.7397,0.1902991056413018,0.9169283635126144,0.0181716364873857,"[0.3183900641878986, 0.41725612346025254, 0.8296540603966018, 0.39626480320795243, 0.41940013286524436, 0.4968730623441371, 0.337050155436443, 0.7780898096874995, 0.1506531308086354, 0.09818336902747049, 0.23836519313708693, 0.04847945010658439, 0.5023663336232167]",73.0,73.0,27.0,2.08,2.08,22.8774,22.8774,1.212,1.212,False,0,2.7466,0.500714,2.4101,0.3183900641878986,1.4922575964492353,minus,True,-1.3593898061559222,-1.0649173136548922,0.29447249250103,True,True,1.0,False,100.0,80.0,0.0,False,"[""block_count_per_ring != 7 (missing or extra blocks)""]",0.3789451656138299,0.1701857883912888,2.927663355708793e-05
69,1-4,206,1-4/r206,bo,1077.8823112203108,"{""0"": {""K"": 0.0, ""B1"": 3119.1114078667015, ""A1"": 1720.2779172626042, ""A2"": 1582.050312914459, ""A3"": 3115.352577127681, ""B2"": 2548.8678871620928}}",2.7397,0.1033535591617148,0.9169283635126144,0.0181716364873857,"[0.31188724282995106, 0.025796189546191672, 0.9025206619984669, 0.4977656010597813, 0.4577691877646004, 0.9014330373633336, 0.7375196432760684, 0.4854023482114499, 0.08265672823999182, 0.08727247401345661, 0.2001768489560407, 0.3420627782474923, 0.9540514172327008]",51.0,51.0,19.0,1.96,1.96,20.0133,20.0133,8.5516,8.5516,False,0,2.7529,0.956617,2.4101,0.311887242829951,1.7117647140538197,plus,False,-2.366710930897871,-2.513815590371064,0.1471046594731926,True,True,1.0,False,100.0,3.7999999999999545,0.0,False,"[""block_count_per_ring != 7 (missing or extra blocks)""]",0.3155690972202388,0.193138857937254,4.065819576266655e-05
70,1-4,206,1-4/r206,bo,1395.1984034917534,"{""0"": {""K"": 0.0, ""B1"": 2661.3869343675437, ""A1"": 1465.79943317314, ""A2"": 763.779244836197, ""A3"": 2526.852373940218, ""B2"": 2790.263959114706}}",2.7397,0.2367910583565197,0.9169283635126144,0.0181716364873857,"[0.4037032417510861, 0.648771587710339, 0.7700772379535717, 0.4241317804320428, 0.22100093889936256, 0.7311494137558502, 0.80736804372532, 0.5731609086992244, 0.998332899128304, 0.2961122320880831, 0.9740949698607949, 0.2944159684257376, 0.29402053905239267]",58.0,58.0,120.0,4.2572,4.2572,78.0571,78.0571,7.3604,7.3604,False,0,2.7437,0.290853,2.4101,0.4037032417510861,1.6041583663693897,plus,False,0.0346061819031146,-0.498065251649078,0.5326714335521927,True,True,1.0,False,100.0,128.89999999999998,0.0,False,"[""block_count_per_ring != 7 (missing or extra blocks)""]",0.3088059719204464,0.1918472310538927,3.27530291375865e-05
71,1-4,206,1-4/r206,bo,853.3438959500043,"{""0"": {""K"": 0.0, ""B1"": 593.7263693653812, ""A1"": 2408.5745334352073, ""A2"": 1537.7077861536427, ""A3"": 844.8283907269922, ""B2"": 2378.1052061683367}}",2.7397,0.3293519480618685,0.9169283635126144,0.0181716364873857,"[0.24691663655960772, 0.19530808724719773, 0.17179582446914965, 0.6969255015726873, 0.4449385955305679, 0.24445265935387506, 0.6881091453033382, 0.32303316337798604, 0.19977227427323452, 0.72921808977301, 0.14360962443227676, 0.029196123814871466, 0.1801756130626625]",39.0,39.0,32.0,9.0214,9.0214,15.7707,15.7707,0.7299,0.7299,False,0,2.7422,0.182305,2.4101,0.2469166365596077,1.6855668203562435,plus,False,-0.3170264449049502,-0.1012086196372011,0.2158178252677491,True,True,1.0,False,100.0,30.5,0.0,False,"[""block_count_per_ring != 7 (missing or extra blocks)""]",0.655498567649313,0.121023509642049,0.0005232584464461
72,1-4,206,1-4/r206,bo,1263.1630477982717,"{""0"": {""K"": 0.0, ""B1"": 412.5231244416346, ""A1"": 2147.2850407844903, ""A2"": 1653.0052709780275, ""A3"": 2929.945927382708, ""B2"": 2300.3153971817683}}",2.7397,0.1081268251926255,0.9169283635126144,0.0181716364873857,"[0.36549856707125916, 0.12137397835762476, 0.1193643299888989, 0.6213209030047715, 0.47830013627836443, 0.847785279913978, 0.6656005200178727, 0.2948834927515154, 0.34894613841767086, 0.14448698349334033, 0.107889461980747, 0.8878631663675379, 0.881051377458627]",37.0,37.0,48.0,2.5894,2.5894,13.0917,13.0917,22.1966,22.1966,False,0,2.7519,0.884252,2.4101,0.3654985670712591,1.642151043907562,minus,True,1.0658284781298022,1.6857348129782117,0.6199063348484093,True,True,1.0,False,100.0,153.0999999999999,0.0,False,"[""block_count_per_ring != 7 (missing or extra blocks)""]",0.308080639702659,0.1882997955772165,2.5223438991011727e-05
73,1-4,206,1-4/r206,bo,1046.5724546516103,"{""0"": {""K"": 0.0, ""B1"": 1904.0748846811532, ""A1"": 2280.321980042595, ""A2"": 496.29891266097457, ""A3"": 2488.5490483440917, ""B2"": 455.26434809524693}}",2.7397,0.1506896186163529,0.9169283635126144,0.0181716364873857,"[0.30282767785058173, 0.09637584495957618, 0.5509475939470929, 0.6598153877438064, 0.14360500945051347, 0.7200662755625266, 0.1317315822034858, 0.8347081204349893, 0.9960466923405746, 0.631611761983198, 0.5541918000561521, 0.45607615900988663, 0.39640034699245374]",78.0,78.0,120.0,7.9477,7.9477,46.5644,46.5644,11.4019,11.4019,False,0,2.7452,0.399402,2.4101,0.3028276778505817,1.6741783419277383,minus,True,0.2251730629453126,0.4654634866575035,0.2402904237121908,True,True,1.0,False,100.0,41.100000000000136,0.0,False,"[""block_count_per_ring != 7 (missing or extra blocks)""]",0.3053584683139997,0.1870674282097413,2.1835668070569785e-05
74,1-4,206,1-4/r206,bo,785.3510689368887,"{""0"": {""K"": 0.0, ""B1"": 388.01058413387705, ""A1"": 2195.006173887945, ""A2"": 2321.7982241050563, ""A3"": 447.5143921205271, ""B2"": 1232.517437537258}}",2.7397,0.0862181681113248,0.9169283635126144,0.0181716364873857,"[0.22724278615072013, 0.17784904667902734, 0.1122715810572561, 0.6351291012407249, 0.6718166157711389, 0.1294891180904303, 0.35663120299110473, 0.2264656472548473, 0.28967410122015325, 0.9585248746696787, 0.08240713364996055, 0.21489413717474581, 0.7197390561300872]",32.0,32.0,42.0,11.5438,11.5438,11.1805,11.1805,5.3724,5.3724,False,0,2.7496,0.717811,2.4101,0.2272427861507201,1.5351275228226782,plus,False,1.1920007576768423,0.4512743277631114,0.7407264299137312,True,True,1.0,False,100.0,59.5,0.0,False,"[""block_count_per_ring != 7 (missing or extra blocks)""]",0.3032516328692584,0.1854562354383477,1.8551572952383216e-05
75,1-4,206,1-4/r206,bo,1182.2423135682398,"{""0"": {""K"": 0.0, ""B1"": 438.113911200027, ""A1"": 1132.1708400922855, ""A2"": 1959.4868595946411, ""A3"": 1824.3564006590277, ""B2"": 692.7183834545534}}",2.7397,0.0949282607543523,0.9169283635126144,0.0181716364873857,"[0.34208400276858786, 0.7406530753276478, 0.1267690715277856, 0.32759572919336966, 0.566981151503079, 0.5278809029684687, 0.20043934706439626, 0.09564317138119571, 0.960494991925676, 0.08373838971839176, 0.9854584563963322, 0.29923454007310757, 0.3325710421118677]",22.0,22.0,116.0,1.9211,1.9211,78.9094,78.9094,7.4809,7.4809,False,0,2.7443,0.334273,2.4101,0.3420840027685879,1.568753823517476,plus,False,0.662815756356724,0.5236063392462647,0.1392094171104593,True,True,1.0,False,100.0,135.0999999999999,0.0,False,"[""block_count_per_ring != 7 (missing or extra blocks)""]",0.3003580154238535,0.1845093962904832,1.624807352045601e-05
76,1-4,206,1-4/r206,bo,963.4841672531192,"{""0"": {""K"": 0.0, ""B1"": 327.9892584735958, ""A1"": 560.9966119232226, ""A2"": 2118.210102581486, ""A3"": 951.261839376554, ""B2"": 2594.8606836651784}}",2.7397,0.318825494692046,0.9169283635126144,0.0181716364873857,"[0.2787859280246294, 0.15901931418325488, 0.09490429932685063, 0.16232540854259914, 0.612908015793254, 0.27524937481960476, 0.7508277441160817, 0.2639074366544085, 0.5937011671767438, 0.3491220198219851, 0.5468183778595082, 0.12753810639527197, 0.189720071679224]",35.0,35.0,75.0,4.8403,4.8403,46.0114,46.0114,3.1885,3.1885,False,0,2.7423,0.189541,2.4101,0.2787859280246294,1.5616980145755153,plus,False,1.949782379181916,1.309881700588814,0.6399006785931021,True,True,1.0,False,100.0,233.0,0.0,False,"[""block_count_per_ring != 7 (missing or extra blocks)""]",0.2976725699711506,0.1834529385545064,1.4138309626218593e-05
77,1-4,206,1-4/r206,bo,731.0595401416282,"{""0"": {""K"": 0.0, ""B1"": 2778.7370684213415, ""A1"": 3159.2233625870203, ""A2"": 1354.3676743183285, ""A3"": 664.5770311838673, ""B2"": 250.86606686955471}}",2.7397,0.109408469202907,0.9169283635126144,0.0181716364873857,"[0.21153343175394335, 0.0024648266048354905, 0.8040327165571012, 0.9141271303781888, 0.3918887946522941, 0.19229659467125793, 0.07258856101549616, 0.7982738378019563, 0.8465482792437455, 0.4440883363655752, 0.9935192919956284, 0.7624097612682094, 0.5406686639895428]",75.0,75.0,103.0,5.885,5.885,79.5139,79.5139,19.0602,19.0602,False,0,2.7472,0.544133,2.4101,0.2115334317539433,1.6691708448079463,plus,False,1.6076523961534517,1.580036145738643,0.0276162504148087,True,True,1.0,False,100.0,250.79999999999995,0.0,False,"[""block_count_per_ring != 7 (missing or extra blocks)""]",0.3027489191564558,0.1821070448132838,1.4173974625770797e-05
78,1-4,206,1-4/r206,bo,964.6879449892472,"{""0"": {""K"": 0.0, ""B1"": 1995.1628087979773, ""A1"": 2213.9641024754123, ""A2"": 802.0754009253893, ""A3"": 999.549128719994, ""B2"": 580.7928610066544}}",2.7397,0.2201276233124109,0.9169283635126144,0.0181716364873857,"[0.27913424334179604, 0.08532950911278436, 0.5773040534716369, 0.6406146129847837, 0.23208200258257794, 0.2892213914120353, 0.16805348987461066, 0.7173329689214446, 0.5364331146652448, 0.060522523882171164, 0.03722724137055777, 0.8301506263613104, 0.9271800471587327]",69.0,69.0,69.0,1.6657,1.6657,7.792,7.792,20.7538,20.7538,False,0,2.7525,0.927671,2.4101,0.279134243341796,1.5094843222517371,plus,False,0.1431661128864543,0.1411231778400297,0.0020429350464246,True,True,1.0,False,100.0,197.4000000000001,0.0,False,"[""block_count_per_ring != 7 (missing or extra blocks)""]",0.29551328700133,0.1809697886679919,1.1053261528856857e-05
79,1-4,206,1-4/r206,bo,1198.4947625730042,"{""0"": {""K"": 0.0, ""B1"": 2248.3993851312366, ""A1"": 602.6899632788288, ""A2"": 1343.8422978671595, ""A3"": 3210.1788770120293, ""B2"": 1863.4735717816066}}",2.7397,0.1994327831092067,0.9169283635126144,0.0181716364873857,"[0.3467866789852443, 0.06983519880683753, 0.6505785257902884, 0.17438945696725372, 0.3888432574847105, 0.9288712028391288, 0.5391995288719926, 0.7574180080861449, 0.19939033801588635, 0.9558728206482261, 0.9805485514367484, 0.051633215951587985, 0.9085852137071236]",72.0,72.0,32.0,11.5146,11.5146,78.5411,78.5411,1.2908,1.2908,False,0,2.7522,0.905961,2.4101,0.3467866789852443,1.745173131533303,minus,True,0.3284872672629537,1.161524345172995,0.8330370779100413,True,True,1.0,False,100.0,245.79999999999995,0.0,False,"[""block_count_per_ring != 7 (missing or extra blocks)""]",0.2945585811417655,0.1792868204914192,9.408744563132153e-06
80,1-4,206,1-4/r206,bo,963.7726076453348,"{""0"": {""K"": 0.0, ""B1"": 780.3528136513237, ""A1"": 3398.6121800400515, ""A2"": 2848.9812409670567, ""A3"": 1321.2759200177381, ""B2"": 3154.1420790070047}}",2.7397,0.0889496844456389,0.9169283635126144,0.0181716364873857,"[0.2788693887862659, 0.10945301362377158, 0.22579653172781355, 0.9833947280208483, 0.8243579979650049, 0.3823136342643918, 0.9126568515645268, 0.5390758255883175, 0.7281692263217755, 0.3362385171170612, 0.04130609389723272, 0.879858758389151, 0.7335990821574622]",55.0,55.0,90.0,4.6986,4.6986,8.098,8.098,21.9965,21.9965,False,0,2.7498,0.732284,2.4101,0.2788693887862659,1.6208899123233391,plus,False,-0.194723420875223,0.0115780615858322,0.2063014824610552,True,True,1.0,False,100.0,57.39999999999998,0.0,False,"[""block_count_per_ring != 7 (missing or extra blocks)""]",0.2933735213495205,0.1776711615523503,7.979240148535348e-06
81,1-4,206,1-4/r206,bo,357.9554988693695,"{""0"": {""K"": 0.0, ""B1"": 3420.7531026307624, ""A1"": 256.26352431432747, ""A2"": 1577.6635970409582, ""A3"": 1749.7008884376462, ""B2"": 1544.7473039551408}}",2.7397,0.1506213637170951,0.9169283635126144,0.0181716364873857,"[0.10357508647840552, 0.19012943048623987, 0.989801244974179, 0.07415032532243271, 0.45649988340305503, 0.5062791922562634, 0.44697549304257544, 0.34746021772096314, 0.8005131647825308, 0.2176896738566112, 0.15582643182685907, 0.04868060189782486, 0.36056844143934497]",41.0,41.0,98.0,3.3946,3.3946,16.687,16.687,1.217,1.217,False,0,2.7447,0.363219,2.4101,0.1035750864784055,1.4722001424068325,plus,False,0.8570813709368841,0.8583173285067786,0.0012359575698944,True,True,1.0,False,100.0,32.899999999999864,0.0,False,"[""block_count_per_ring != 7 (missing or extra blocks)""]",0.2908713777716473,0.1768096540105862,6.98840202827659e-06
82,1-4,206,1-4/r206,bo,523.7120486780898,"{""0"": {""K"": 0.0, ""B1"": 2991.057525465128, ""A1"": 2808.680871032007, ""A2"": 2341.4849174421606, ""A3"": 225.42938668527097, ""B2"": 2330.8766394635827}}",2.7397,0.1721291458601801,0.9169283635126144,0.0181716364873857,"[0.15153705112213245, 0.13145013580119336, 0.8654680339887523, 0.8126970112939835, 0.6775129969450696, 0.06522841049921035, 0.6744434720670088, 0.8890540434443024, 0.6849522560073581, 0.3607467781146789, 0.5383367115818706, 0.5202853147937897, 0.8830785127682484]",82.0,82.0,85.0,4.9682,4.9682,45.3753,45.3753,13.0071,13.0071,False,0,2.7519,0.884252,2.4101,0.1515370511221324,1.7204498815161116,plus,False,0.3553864943353936,0.5728969151508483,0.2175104208154546,True,True,1.0,False,100.00000000000004,10.599999999999907,0.0,False,"[""block_count_per_ring != 7 (missing or extra blocks)""]",0.2891490331067387,0.1754392422775099,5.939676363480087e-06
83,1-4,206,1-4/r206,bo,1289.1435224667523,"{""0"": {""K"": 0.0, ""B1"": 2456.3548312265607, ""A1"": 588.0438645977069, ""A2"": 3.098182179858199, ""A3"": 764.2698366161856, ""B2"": 75.04679450832822}}",2.7397,0.1336421719224875,0.9169283635126144,0.0181716364873857,"[0.37301606552857425, 0.7395835503944209, 0.7107508192206483, 0.17015158119146612, 0.000896464751116377, 0.22114289253940556, 0.021714928966530156, 0.44009973049102225, 0.5391604872231214, 0.9090869408583849, 0.47113485915740205, 0.4930775397863052, 0.6811685204035295]",48.0,48.0,69.0,11.0,11.0,40.3351,40.3351,12.3269,12.3269,False,0,2.7491,0.681628,2.4101,0.3730160655285742,1.7080044316893408,minus,True,1.3924107192941135,1.6644854772691415,0.272074757975028,True,True,1.0,False,100.0,3.1000000000001364,0.0,False,"[""block_count_per_ring != 7 (missing or extra blocks)""]",0.2904983170144219,0.1597070278806709,1.2195560833078696e-06
84,1-4,206,1-4/r206,bo,872.4428898342777,"{""0"": {""K"": 0.0, ""B1"": 2130.8214466893146, ""A1"": 476.4539554806834, ""A2"": 1507.3893240306372, ""A3"": 1468.9887230528686, ""B2"": 42.18632018311236}}",2.7397,0.1876030563175356,0.9169283635126144,0.0181716364873857,"[0.25244296580852943, 0.6630531069404261, 0.6165571315651952, 0.13786283434047553, 0.43616589236997605, 0.4250546073648347, 0.012206689867798715, 0.1917216237875634, 0.5499217037941597, 0.9788373405624528, 0.9621621100461704, 0.8141851239471973, 0.3018515986512579]",29.0,29.0,70.0,11.7672,11.7672,77.1622,77.1622,20.3546,20.3546,False,0,2.7439,0.305326,2.4101,0.2524429658085294,1.7198997953375443,minus,True,1.584978339622401,2.2211389423372387,0.6361606027148377,True,True,1.0,False,100.0,38.40000000000009,0.0,False,"[""block_count_per_ring != 7 (missing or extra blocks)""]",0.4149968812611572,0.1689994508825007,5.82346034284976e-05
85,1-4,206,1-4/r206,bo,1363.1189487238105,"{""0"": {""K"": 0.0, ""B1"": 1204.178427248403, ""A1"": 2313.4310336777016, ""A2"": 3307.330805793775, ""A3"": 1605.1848582572452, ""B2"": 151.8531950233097}}",2.7397,0.1784778196126633,0.9169283635126144,0.0181716364873857,"[0.39442099210758397, 0.2904257850055194, 0.3484312578843759, 0.6693955537261868, 0.9569822933431062, 0.4644632113012862, 0.04393900318961508, 0.5560578211647405, 0.15362734794423494, 0.6158923486297074, 0.3956749965001092, 0.014248150186445319, 0.14374413249829587]",57.0,57.0,27.0,7.7748,7.7748,34.6756,34.6756,0.3562,0.3562,False,0,2.7417,0.146122,2.4101,0.3944209921075839,1.69656870659548,plus,False,2.505868986418241,1.91041075166888,0.5954582347493607,True,True,1.0,False,100.0,148.69999999999982,0.0,False,"[""block_count_per_ring != 7 (missing or extra blocks)""]",0.2864245006876978,0.1572881422627537,8.142371897061314e-07
86,1-4,206,1-4/r206,bo,2304.1825415710064,"{""0"": {""K"": 0.0, ""B1"": 1262.332374793413, ""A1"": 2370.030627853641, ""A2"": 3420.700156051156, ""A3"": 1112.206620499422, ""B2"": 568.5128790601195}}",2.7397,0.1269985058394843,0.9169283635126144,0.0181716364873857,"[0.6667194854082773, 0.012694168839351816, 0.36525821029901995, 0.6857727511150582, 0.9897859247833205, 0.32181904528339755, 0.16450025435767346, 0.9594726242533704, 0.3151116683026516, 0.8692430670024213, 0.0488823951317271, 0.8340285687279102, 0.49034888000008425]",87.0,87.0,45.0,10.5617,10.5617,8.6662,8.6662,20.8507,20.8507,False,0,2.7465,0.493477,2.4101,0.6667194854082773,1.6836178373908743,minus,True,0.031311128917058,0.5000034811627334,0.4686923522456754,True,True,1.0,False,100.0,35.29999999999973,0.0,False,"[""block_count_per_ring != 7 (missing or extra blocks)""]",0.2834117335966988,0.1560210401138209,6.373067577764807e-07
87,1-4,206,1-4/r206,bo,730.8394460927443,"{""0"": {""K"": 0.0, ""B1"": 2337.238827886309, ""A1"": 497.2036835013865, ""A2"": 3038.6789631724437, ""A3"": 2295.722172775438, ""B2"": 473.07460872309673}}",2.7397,0.1641280800503298,0.9169283635126144,0.0181716364873857,"[0.21146974713331723, 0.6640365980194841, 0.6762843830689552, 0.14386680656868822, 0.8792473851772117, 0.66427146202993, 0.13688501409811826, 0.9499162802015246, 0.4732349844142001, 0.3153441118991279, 0.9701599982142566, 0.3266963309308022, 0.9491835144507097]",86.0,86.0,62.0,4.4688,4.4688,77.762,77.762,8.1674,8.1674,False,0,2.7528,0.949381,2.4101,0.2114697471333172,1.7656141888317878,minus,True,0.1756873399298584,0.5574450413359667,0.3817577014061083,True,True,1.0,False,100.0,24.09999999999991,0.0,False,"[""block_count_per_ring != 7 (missing or extra blocks)""]",0.2817079938424355,0.1688762217397103,2.6327239722816176e-06
88,1-4,206,1-4/r206,bo,2060.1701426979016,"{""0"": {""K"": 0.0, ""B1"": 1838.8899651359839, ""A1"": 736.363105856761, ""A2"": 15.833845286211698, ""A3"": 2577.230831310441, ""B2"": 3273.991529621038}}",2.7397,0.0769850147951089,0.9169283635126144,0.0181716364873857,"[0.5961140459195318, 0.1474536276555649, 0.5320862167638842, 0.21306802831503502, 0.00458155245550107, 0.7457265136893637, 0.9473355120431244, 0.8158325308966918, 0.8372890800062811, 0.9826224968687379, 0.3757399717373183, 0.07721244256178561, 0.6170480334278804]",76.0,76.0,102.0,11.8088,11.8088,33.1805,33.1805,1.9303,1.9303,False,0,2.7482,0.616499,2.4101,0.5961140459195318,1.5927261410904656,minus,True,2.037162212471294,2.546981375636096,0.5098191631648019,True,True,1.0,False,100.0,15.800000000000182,0.0,False,"[""block_count_per_ring != 7 (missing or extra blocks)""]",0.2801950133544471,0.1536682850088765,4.268726150453268e-07
89,1-4,206,1-4/r206,bo,1218.1398709391544,"{""0"": {""K"": 0.0, ""B1"": 1859.809416118868, ""A1"": 3092.3535290783284, ""A2"": 1187.3631952908859, ""A3"": 941.6590607799877, ""B2"": 7.279296550975005}}",2.7397,0.1291894265456342,0.9169283635126144,0.0181716364873857,"[0.35247102747082015, 0.5624899371435067, 0.5381392986455058, 0.8947782202194237, 0.3435657393781498, 0.27247079304976496, 0.0021062779372034157, 0.7864772223856122, 0.41984956219776093, 0.020231129994354058, 0.8679384496434452, 0.02036728959333789, 0.3258274808523315]",74.0,74.0,56.0,1.2225,1.2225,70.0954,70.0954,0.5092,0.5092,False,0,2.7442,0.327036,2.4101,0.3524710274708201,1.726626044919121,minus,True,2.4753146823294787,2.7154742718494496,0.2401595895199708,True,True,1.0,False,100.0,7.300000000000182,0.0,False,"[""block_count_per_ring != 7 (missing or extra blocks)""]",0.3967440832619283,0.1370118321560378,1.731291509112545e-06
90,1-4,206,1-4/r206,bo,993.7064222390024,"{""0"": {""K"": 0.0, ""B1"": 2433.180000533168, ""A1"": 1583.1697141114935, ""A2"": 3016.8020488498305, ""A3"": 2567.3383284255215, ""B2"": 2286.2160964517607}}",2.7397,0.1260935019035602,0.9169283635126144,0.0181716364873857,"[0.28753079347193355, 0.3022280037228732, 0.704045139043162, 0.4580930885739275, 0.8729172595051593, 0.7428640996601624, 0.6615208612418289, 0.4990162420201222, 0.8039951251091446, 0.9497306572890066, 0.1634189223566751, 0.5376445031154959, 0.19023334744975706]",52.0,52.0,98.0,11.447,11.447,17.2564,17.2564,13.4411,13.4411,False,0,2.7423,0.189541,2.4101,0.2875307934719335,1.733981060523657,plus,False,-2.4414352792415164,-2.450277786665515,0.0088425074239988,True,True,1.0,False,100.0,134.0999999999999,0.0,False,"[""block_count_per_ring != 7 (missing or extra blocks)""]",0.836863874847732,0.0609372435228171,0.0018774221177018
91,1-4,206,1-4/r206,bo,472.2146162124164,"{""0"": {""K"": 0.0, ""B1"": 2870.6383814916585, ""A1"": 2268.6680418396863, ""A2"": 1029.9341577221142, ""A3"": 2109.3254518309227, ""B2"": 1729.9917746530955}}",2.7397,0.1236814940741626,0.9169283635126144,0.0181716364873857,"[0.1366361736725742, 0.06771354221380188, 0.8306245316816141, 0.6564432991434278, 0.298013355822371, 0.6103372256455216, 0.5005763236843448, 0.3327834114798899, 0.5568898123068199, 0.6774527737194653, 0.08355746714301826, 0.8893907160389952, 0.24213624495424446]",40.0,40.0,71.0,8.452,8.452,11.2668,11.2668,22.2348,22.2348,False,0,2.743,0.240197,2.4101,0.1366361736725742,1.738957494867685,minus,True,-1.9167922970268252,-1.6592986843521742,0.2574936126746512,True,True,1.0,False,100.0,159.4000000000001,0.0,False,"[""block_count_per_ring != 7 (missing or extra blocks)""]",0.2747743846754716,0.1649409399905999,1.444559686072707e-06
92,1-4,206,1-4/r206,bo,1019.0418872446788,"{""0"": {""K"": 0.0, ""B1"": 3300.6377650951267, ""A1"": 2377.106202631312, ""A2"": 1476.9026101602901, ""A3"": 852.1937961560659, ""B2"": 1487.0586130387103}}",2.7397,0.3634451272502534,0.9169283635126144,0.0181716364873857,"[0.2948616571888538, 0.7348284347347388, 0.9550456496224325, 0.6878200817798935, 0.42734450525471357, 0.2465838530544172, 0.4302831634949972, 0.4632231850464579, 0.06600933197314007, 0.22413064302971353, 0.8866335530677432, 0.27885461416227575, 0.11316858860669698]",50.0,50.0,17.0,3.4654,3.4654,71.4975,71.4975,6.9714,6.9714,False,0,2.7412,0.109939,2.4101,0.2948616571888538,1.708807296176173,plus,False,-0.3853582570946268,-1.064146041877695,0.6787877847830681,True,True,1.0,False,100.0,10.199999999999818,0.0,False,"[""block_count_per_ring != 7 (missing or extra blocks)""]",0.5242939240912374,0.1487019885645284,0.0001537358271974
93,1-4,206,1-4/r206,bo,1128.4347544136945,"{""0"": {""K"": 0.0, ""B1"": 972.9421200630437, ""A1"": 1868.3214834699597, ""A2"": 2122.543009794671, ""A3"": 877.5263745144555, ""B2"": 2132.5617856779663}}",2.7397,0.0830945226044918,0.9169283635126144,0.0181716364873857,"[0.3265146858835921, 0.4321901721748874, 0.2815226041849085, 0.5406022810966319, 0.6141617505192913, 0.25391388151459937, 0.6170607018744115, 0.24683989751872304, 0.23196916244659982, 0.9986995588985462, 0.2677915421773507, 0.45819388246412596, 0.7183517464951061]",34.0,34.0,36.0,11.9857,11.9857,25.0844,25.0844,11.4548,11.4548,False,0,2.7496,0.717811,2.4101,0.3265146858835921,1.6531023725552705,plus,False,-0.2390259800443676,-0.5363566089982161,0.2973306289538485,True,True,1.0,False,100.0,10.0,0.0,False,"[""block_count_per_ring != 7 (missing or extra blocks)""]",0.5472859632134751,0.1477384931744858,0.0002380890925583
94,1-4,206,1-4/r206,bo,1047.6913743585742,"{""0"": {""K"": 0.0, ""B1"": 2712.524037049075, ""A1"": 3208.72590060826, ""A2"": 2260.547886831779, ""A3"": 1841.5003320601984, ""B2"": 1308.6772204351587}}",2.7397,0.2129463991956025,0.9169283635126144,0.0181716364873857,"[0.3031514393398652, 0.33595184056423766, 0.7848738533128111, 0.9284507814260011, 0.6540937172545658, 0.5328415312674185, 0.3786681772092473, 0.8322961430768488, 0.2246705598852875, 0.7077544108767198, 0.18857696553766623, 0.19741540690793946, 0.09908483694759707]",77.0,77.0,35.0,8.7853,8.7853,19.1433,19.1433,4.9354,4.9354,False,0,2.7411,0.102702,2.4101,0.3031514393398652,1.6993933043129144,plus,False,-2.2040000582793757,-2.2402183854134483,0.036218327134073,True,True,1.0,False,100.0,247.30000000000007,0.0,False,"[""block_count_per_ring != 7 (missing or extra blocks)""]",0.6569001427884813,0.1148154634152286,0.0003607711351883
95,1-4,206,1-4/r206,bo,980.373301590668,"{""0"": {""K"": 0.0, ""B1"": 3325.9178335405786, ""A1"": 2902.839968974164, ""A2"": 1671.310054243138, ""A3"": 930.6547223596066, ""B2"": 3432.7453893741695}}",2.7397,0.2682458972256051,0.9169283635126144,0.0181716364873857,"[0.2836728303213738, 0.09240657451193324, 0.9623604842420656, 0.8399421206522465, 0.48359665921387096, 0.2692866673494232, 0.9932712353513222, 0.28715952572425374, 0.28233743178905224, 0.6153904285972868, 0.15246304550606893, 0.27073459713010417, 0.3006877944460694]",37.0,37.0,41.0,7.7693,7.7693,16.4347,16.4347,6.7684,6.7684,False,0,2.7438,0.29809,2.4101,0.2836728303213738,1.609320188705023,plus,False,-0.9117808765813928,-0.8471096837514794,0.0646711928299133,True,True,1.0,False,100.0,23.299999999999955,0.0,False,"[""block_count_per_ring != 7 (missing or extra blocks)""]",0.6223650641028046,0.1074015322435041,7.245806828427728e-05
96,1-4,206,1-4/r206,bo,923.514330729776,"{""0"": {""K"": 0.0, ""B1"": 1717.4040235894663, ""A1"": 296.05249902142464, ""A2"": 1495.188407763868, ""A3"": 2160.7274635296726, ""B2"": 1057.0452967680644}}",2.7397,0.2291354597499842,0.9169283635126144,0.0181716364873857,"[0.26722058180838426, 0.09634321861055617, 0.49693403460343355, 0.08566333883721777, 0.43263553465389704, 0.6252104929194654, 0.3058580141111298, 0.5698984224239669, 0.5504139459089652, 0.5206255809759488, 0.647183634277681, 0.43688840796737904, 0.14878568579016593]",58.0,58.0,71.0,6.7269,6.7269,53.5388,53.5388,10.9222,10.9222,False,0,2.7417,0.146122,2.4101,0.2672205818083842,1.7183365207636807,plus,False,1.2947701489835488,1.2995848324309986,0.0048146834474498,True,True,1.0,False,100.0,222.20000000000027,0.0,False,"[""block_count_per_ring != 7 (missing or extra blocks)""]",0.5681751511232611,0.1013064618416032,5.023737483948214e-06
97,1-4,206,1-4/r206,bo,1033.433311235386,"{""0"": {""K"": 0.0, ""B1"": 2873.865689969836, ""A1"": 1212.7743819283273, ""A2"": 2347.8926924401494, ""A3"": 2345.762167069256, ""B2"": 917.0022286560082}}",2.7397,0.1889101447520999,0.9169283635126144,0.0181716364873857,"[0.2990258423713501, 0.06332923178146188, 0.8315583593662719, 0.35091851328944657, 0.6793670985069877, 0.6787506270455024, 0.2653362930138913, 0.1237507530517361, 0.4318445963999904, 0.6678601043660418, 0.09775096580673936, 0.3715883808710294, 0.07636587952895335]",24.0,24.0,58.0,8.3465,8.3465,12.3313,12.3313,9.2897,9.2897,False,0,2.7407,0.073756,2.4101,0.2990258423713501,1.7361403218126026,minus,True,-1.1262424582305424,-0.8684111276760046,0.2578313305545378,True,True,1.0,False,100.0,2.100000000000364,0.0,False,"[""block_count_per_ring != 7 (missing or extra blocks)""]",0.5642136508284283,0.1129684955937766,2.010723084585708e-05
98,1-4,206,1-4/r206,bo,813.6967780564124,"{""0"": {""K"": 0.0, ""B1"": 623.5738859368031, ""A1"": 1439.180365238768, ""A2"": 2177.08540984437, ""A3"": 2192.045815996528, ""B2"": 62.76448216044052}}",2.7397,0.0560558584370639,0.9169283635126144,0.0181716364873857,"[0.23544466957650823, 0.2814652620812462, 0.18043225866226942, 0.416429503830662, 0.6299436949781164, 0.6342725162026991, 0.018161019143645984, 0.10796110323387986, 0.47111173421493147, 0.568681873822112, 0.9326774872477737, 0.18243242567908746, 0.8720507733140548]",23.0,23.0,62.0,7.2555,7.2555,74.9508,74.9508,4.5608,4.5608,False,0,2.7517,0.869779,2.4101,0.2354446695765082,1.3873994265345932,plus,False,1.70808662877628,1.9050956756790212,0.1970090469027414,True,True,1.0,False,100.0,14.899999999999636,0.0,False,"[""block_count_per_ring != 7 (missing or extra blocks)""]",0.3504741082990353,0.1258879807923826,5.91657155629068e-08
99,1-4,206,1-4/r206,bo,1063.6577932189575,"{""0"": {""K"": 0.0, ""B1"": 1869.5384348868001, ""A1"": 2077.253083925764, ""A2"": 1575.4661947920192, ""A3"": 836.3983875250134, ""B2"": 1508.237211809137}}",2.7397,0.2934362303435899,0.9169283635126144,0.0181716364873857,"[0.30777135220455953, 0.33433347928648105, 0.5409544082427084, 0.60105702659889, 0.4558640609930611, 0.24201342231626544, 0.43641123026884754, 0.584486693272073, 0.8673744627805914, 0.48985540772396907, 0.11735163330912657, 0.11231776398744686, 0.22545841223302132]",59.0,59.0,105.0,6.3884,6.3884,13.8014,13.8014,2.8079,2.8079,False,0,2.7428,0.225724,2.4101,0.3077713522045595,1.5873433096531415,plus,False,-1.035648481101691,-0.9297792466149538,0.1058692344867372,True,True,1.0,False,100.0,67.19999999999982,0.0,False,"[""block_count_per_ring != 7 (missing or extra blocks)""]",0.4940257204909659,0.1028508425292429,2.8517841426869164e-07
100,1-4,206,1-4/r206,bo,953.0379436251852,"{""0"": {""K"": 0.0, ""B1"": 1809.6921174955448, ""A1"": 1571.6671132979177, ""A2"": 1458.8565629749087, ""A3"": 164.0922084337213, ""B2"": 962.9162308393136}}",2.7397,0.1442216878980624,0.9169283635126144,0.0181716364873857,"[0.2757632938730281, 0.24935773662001803, 0.523637765479035, 0.45476478972740675, 0.4221228480830176, 0.047480384384757324, 0.27862159457156066, 0.22214045346006894, 0.7711190254118798, 0.45461525192049934, 0.8974547267138256, 0.6230825522632512, 0.2233675690570287]",32.0,32.0,95.0,6.0008,6.0008,72.3091,72.3091,15.5771,15.5771,False,0,2.7428,0.225724,2.4101,0.2757632938730281,1.7125532599352384,minus,True,1.516492883091579,2.24339002524551,0.726897142153931,True,True,1.0,False,100.0,112.79999999999971,0.0,False,"[""block_count_per_ring != 7 (missing or extra blocks)""]",0.7081302642048395,0.1042770046333215,0.0006777834961867
101,1-4,206,1-4/r206,bo,752.110838454034,"{""0"": {""K"": 0.0, ""B1"": 3430.334235185871, ""A1"": 1679.1924300099658, ""A2"": 1662.6942852343357, ""A3"": 1083.595791801467, ""B2"": 812.347533441179}}",2.7397,0.3074801700095682,0.9169283635126144,0.0181716364873857,"[0.21762466390452373, 0.09184695401729992, 0.9925735634218377, 0.48587743923899473, 0.4811036704960462, 0.31354044901662814, 0.23505426314848932, 0.8472535732916264, 0.5677368439756628, 0.12306393957737183, 0.6184498144037518, 0.12651089634098867, 0.5226772713124325]",79.0,79.0,72.0,2.3537,2.3537,51.3837,51.3837,3.1628,3.1628,False,0,2.7469,0.522423,2.4101,0.2176246639045237,1.7681781947538588,plus,False,-0.1424825237330161,-0.2805673731495876,0.1380848494165715,True,True,1.0,False,100.0,16.5,0.0,False,"[""block_count_per_ring != 7 (missing or extra blocks)""]",0.3402183731298295,0.1329751235519032,1.4137624384210148e-07
102,1-4,206,1-4/r206,bo,987.5626920804292,"{""0"": {""K"": 0.0, ""B1"": 1016.4152471788167, ""A1"": 271.7033163009453, ""A2"": 1477.9146507850808, ""A3"": 3377.8656322590764, ""B2"": 267.3937390396418}}",2.7397,0.0807308287992567,0.9169283635126144,0.0181716364873857,"[0.2857530937732723, 0.07693009120581396, 0.29410163402164835, 0.07861785772596797, 0.42763734108364604, 0.9773916760008902, 0.07737087356471117, 0.6918577275336585, 0.30475687397120454, 0.6450263140701713, 0.8901187747376295, 0.13563030112843844, 0.6741850704294687]",67.0,67.0,44.0,8.0953,8.0953,71.7589,71.7589,3.3908,3.3908,False,0,2.749,0.674391,2.4101,0.2857530937732723,1.615661789667954,plus,False,0.5481230422734025,0.7880799846861439,0.2399569424127414,True,True,1.0,False,100.0,4.2999999999999545,0.0,False,"[""block_count_per_ring != 7 (missing or extra blocks)""]",0.3463238356756264,0.1336294727664854,1.9599817912131438e-07
103,1-4,206,1-4/r206,bo,1088.9948080749184,"{""0"": {""K"": 0.0, ""B1"": 2003.7733761191025, ""A1"": 442.02100580366675, ""A2"": 1067.7691414573715, ""A3"": 930.0746617844942, ""B2"": 925.9776534738247}}",2.7397,0.1668848666948391,0.9169283635126144,0.0181716364873857,"[0.31510266437352963, 0.011121243766324063, 0.5797955370714996, 0.12789959658670913, 0.3089609784309524, 0.2691188257478282, 0.26793334880608355, 0.8229381745240192, 0.4706095802671991, 0.6100752046385439, 0.08313581738843101, 0.018843774232725985, 0.21265998922229024]",77.0,77.0,62.0,7.7108,7.7108,11.2352,11.2352,0.4711,0.4711,False,0,2.7426,0.211251,2.4101,0.3151026643735296,1.6921858049763785,minus,True,0.4488419633446425,1.4420463019539396,0.993204338609297,True,True,1.0,False,100.0,4.099999999999909,0.0,False,"[""block_count_per_ring != 7 (missing or extra blocks)""]",0.6862396840019129,0.0961461607772032,0.0001906921497
104,1-4,206,1-4/r206,bo,1214.2874646424718,"{""0"": {""K"": 0.0, ""B1"": 729.6676269110628, ""A1"": 2397.5738382946683, ""A2"": 624.1051168828197, ""A3"": 2647.3697400491233, ""B2"": 3081.0818200050157}}",2.7397,0.1062713471857609,0.9169283635126144,0.0181716364873857,"[0.3513563265747893, 0.939111893087073, 0.21113067908306216, 0.6937424300621147, 0.18058597132026033, 0.7660213368197695, 0.8915167303255254, 0.264366431668855, 0.36080244920900584, 0.10120580942580593, 0.7550492836798394, 0.9558843338781225, 0.4362293398260959]",35.0,35.0,50.0,2.1133,2.1133,61.6287,61.6287,23.8971,23.8971,False,0,2.7457,0.435584,2.4101,0.3513563265747893,1.6157825037703617,minus,True,0.3584224312461835,1.2051212913627964,0.846698860116613,True,True,1.0,False,100.0,105.59999999999992,0.0,False,"[""block_count_per_ring != 7 (missing or extra blocks)""]",0.2765711679054304,0.1388704016445186,3.8718948131942495e-08
105,1-4,206,1-4/r206,bo,1167.5535084019768,"{""0"": {""K"": 0.0, ""B1"": 944.5873838772752, ""A1"": 3229.7872432746467, ""A2"": 1628.4284292603277, ""A3"": 1030.4145597851668, ""B2"": 622.6127571114937}}",2.7397,0.1670435650510466,0.9169283635126144,0.0181716364873857,"[0.33783376979223867, 0.9859262064444083, 0.27331810876078566, 0.9345449199290066, 0.47118878161467814, 0.2981523610489487, 0.18015415425679793, 0.31153737965533146, 0.9590841184729135, 0.0633950107832163, 0.34356166201252236, 0.6073458285551946, 0.20705510215204992]",38.0,38.0,115.0,1.6973,1.6973,30.7671,30.7671,15.1836,15.1836,False,0,2.7425,0.204014,2.4101,0.3378337697922386,1.7344902203968309,plus,False,0.2981957948169241,0.1384228108420108,0.1597729839749132,True,True,1.0,False,100.0,85.90000000000009,0.0,False,"[""block_count_per_ring != 7 (missing or extra blocks)""]",0.3990541210141125,0.1205861958440346,1.51357453418284e-07
106,1-4,206,1-4/r206,bo,932.6969503507504,"{""0"": {""K"": 0.0, ""B1"": 2463.752862639241, ""A1"": 821.550656582589, ""A2"": 1735.446051340078, ""A3"": 969.3478646374557, ""B2"": 1852.5640517382149}}",2.7397,0.138316959717253,0.9169283635126144,0.0181716364873857,"[0.2698775898005643, 0.5132492596739544, 0.7128914533099655, 0.2377172038722769, 0.5021545287442355, 0.28048259972148604, 0.5360428390446224, 0.0031595993204063255, 0.6856070824946183, 0.7881040134755436, 0.4261117989827864, 0.5977544803849638, 0.20267870037175895]",15.0,15.0,85.0,9.6691,9.6691,36.9584,36.9584,14.9439,14.9439,False,0,2.7425,0.204014,2.4101,0.2698775898005643,1.7090685146195927,minus,True,-0.7569101035372752,-0.3717250255451249,0.3851850779921503,True,True,1.0,False,100.0,117.20000000000029,0.0,False,"[""block_count_per_ring != 7 (missing or extra blocks)""]",0.3493004274468914,0.1341208421963104,2.3560245056573935e-07
107,1-4,206,1-4/r206,bo,1107.78729833995,"{""0"": {""K"": 0.0, ""B1"": 3271.9767725333395, ""A1"": 2205.158808922578, ""A2"": 2201.5197059664056, ""A3"": 2237.775914955314, ""B2"": 1559.7420923610498}}",2.7397,0.0542277510442895,0.9169283635126144,0.0181716364873857,"[0.3205403062326244, 0.22438464625518095, 0.9467525383487672, 0.6380667849891719, 0.6370138038097238, 0.6475046050217923, 0.4513142628359519, 0.04422437700902382, 0.99645732651367, 0.5967862417474262, 0.44986849774977744, 0.6410187595459603, 0.9485028736653195]",18.0,18.0,120.0,7.5646,7.5646,38.7401,38.7401,16.0255,16.0255,False,0,2.7528,0.949381,2.4101,0.3205403062326244,1.6014831925632125,plus,False,-2.331114273704288,-2.6006300158470763,0.2695157421427883,True,True,1.0,False,100.0,3.599999999999909,0.0,False,"[""block_count_per_ring != 7 (missing or extra blocks)""]",0.2740472826729149,0.1371612539423372,2.5852754449514533e-08
108,1-4,206,1-4/r206,bo,965.4559819403524,"{""0"": {""K"": 0.0, ""B1"": 1252.4252144075042, ""A1"": 1638.0693952603565, ""A2"": 581.7305047331517, ""A3"": 1130.734965370319, ""B2"": 436.00704635212384}}",2.7397,0.2960581983708323,0.9169283635126144,0.0181716364873857,"[0.279356476255889, 0.637530351442446, 0.36239155509476395, 0.4739784129804272, 0.1683247988232499, 0.3271802561835414, 0.12615944628244324, 0.5910251249954555, 0.7438947467403784, 0.12028967779080424, 0.631434430665895, 0.027953236954407767, 0.1127698405981642]",59.0,59.0,92.0,2.3232,2.3232,52.3576,52.3576,0.6988,0.6988,False,0,2.7412,0.109939,2.4101,0.279356476255889,1.5836911711191162,plus,False,0.6701855235014794,0.8102699525019392,0.1400844290004598,True,True,1.0,False,100.0,121.70000000000029,0.0,False,"[""block_count_per_ring != 7 (missing or extra blocks)""]",0.7826702009129383,0.0722686646314408,0.0006199920051451
109,1-4,206,1-4/r206,bo,995.5792270518548,"{""0"": {""K"": 0.0, ""B1"": 3168.7162064505765, ""A1"": 1515.8870979474214, ""A2"": 512.2602100137167, ""A3"": 1151.1006865324434, ""B2"": 279.7623867641252}}",2.7397,0.4360201427587298,0.9169283635126144,0.0181716364873857,"[0.28807269301268945, 0.9730711850901591, 0.9168739023294492, 0.4386247389894159, 0.14822344039748747, 0.3330731153161005, 0.08094976468869364, 0.9683237081781336, 0.4248765069980702, 0.34756640703402797, 0.5340668268118772, 0.6570328466033294, 0.15009400080984958]",88.0,88.0,57.0,4.8232,4.8232,45.055,45.055,16.4258,16.4258,False,0,2.7418,0.153358,2.4101,0.2880726930126894,1.7036327807393383,plus,False,1.232733150909299,1.269631181243779,0.0368980303344801,True,True,1.0,False,100.0,232.5,0.0,False,"[""block_count_per_ring != 7 (missing or extra blocks)""]",0.7349117304179812,0.070693776558002,7.107357599725743e-05
110,1-4,206,1-4/r206,bo,1092.7222932692723,"{""0"": {""K"": 0.0, ""B1"": 2093.2764510904835, ""A1"": 1949.158293207317, ""A2"": 1438.1111170485515, ""A3"": 1219.67265333016, ""B2"": 2693.7609687188015}}",2.7397,0.1727269013907424,0.9169283635126144,0.0181716364873857,"[0.31618121911726627, 0.08970966710255479, 0.6056934175609038, 0.563992561691932, 0.4161201148867336, 0.35291454089414354, 0.7794447247450236, 0.1032542524754354, 0.1584981011676172, 0.2115218054512693, 0.042985663884496095, 0.39967271908000246, 0.31663777417856187]",23.0,23.0,27.0,3.3267,3.3267,8.2239,8.2239,9.9918,9.9918,False,0,2.7441,0.319799,2.4101,0.3161812191172663,1.6960071247024804,plus,False,-1.6494118985093476,-1.80140399031519,0.1519920918058424,True,True,1.0,False,100.0,144.0999999999999,0.0,False,"[""block_count_per_ring != 7 (missing or extra blocks)""]",0.51433446307874,0.1269361820337895,1.9482621700212637e-05
111,1-4,206,1-4/r206,bo,1112.8928696550945,"{""0"": {""K"": 0.0, ""B1"": 2797.8894608235596, ""A1"": 1813.9385001537232, ""A2"": 3041.2969863298854, ""A3"": 3334.063695760931, ""B2"": 467.319817140552}}",2.7397,0.3376495929742794,0.9169283635126144,0.0181716364873857,"[0.32201761274742313, 0.09219652611231355, 0.8095744967660763, 0.5248664641648505, 0.8800049150260085, 0.9647175045604545, 0.1352198544966875, 0.4473908970680296, 0.49312359880141265, 0.3509144243187051, 0.04464715352092785, 0.12003216864657196, 0.004096763449290219]",49.0,49.0,64.0,4.8601,4.8601,8.3485,8.3485,3.0008,3.0008,False,0,2.7397,0.00139,2.4101,0.3220176127474231,1.5701829969500731,plus,False,1.5127519966506615,0.6721636094475172,0.8405883872031445,True,True,1.0,False,100.0,121.90000000000008,0.0,False,"[""block_count_per_ring != 7 (missing or extra blocks)""]",0.7733951776936756,0.0823990498577315,0.0010014650858488
112,1-4,206,1-4/r206,bo,917.429016868536,"{""0"": {""K"": 0.0, ""B1"": 3237.1034649779454, ""A1"": 1431.7809008565541, ""A2"": 120.9996837969672, ""A3"": 1809.9027468249083, ""B2"": 584.8174226608671}}",2.7397,0.1936789639183298,0.9169283635126144,0.0181716364873857,"[0.26545978497353473, 0.07948749617094941, 0.9366618822274148, 0.4142884551089566, 0.035011482580140973, 0.5236987114655406, 0.16921800424214906, 0.5140189505098769, 0.45211337931906315, 0.309914074142135, 0.0036575267018538193, 0.035196926606423484, 0.36903421578035966]",54.0,54.0,60.0,4.4091,4.4091,5.2743,5.2743,0.8799,0.8799,False,0,2.7448,0.370455,2.4101,0.2654597849735347,1.7604694672991532,plus,False,2.089204958513849,1.61369127626434,0.4755136822495092,True,True,1.0,False,100.0,121.00000000000011,0.0,False,"[""block_count_per_ring != 7 (missing or extra blocks)""]",0.4864366930198678,0.1049149265509258,3.053227660864974e-07
113,1-4,206,1-4/r206,bo,1032.5651952600776,"{""0"": {""K"": 0.0, ""B1"": 2575.468819633475, ""A1"": 1559.6699380459972, ""A2"": 3221.9560604742715, ""A3"": 1003.6149456363617, ""B2"": 469.01539635135305}}",2.7397,0.446820901817861,0.9169283635126144,0.0181716364873857,"[0.29877465140627246, 0.244358666981903, 0.745216672347649, 0.45129338485127235, 0.9322789526835277, 0.29039784306607686, 0.13571047348129428, 0.7480160036176688, 0.01864643231479357, 0.3043972326070149, 0.45472220635613636, 0.11760164169995502, 0.005842210083756627]",71.0,71.0,12.0,4.3484,4.3484,39.1042,39.1042,2.94,2.94,False,0,2.7398,0.008627,2.4101,0.2987746514062724,1.7494916959453373,plus,False,1.238279790439558,1.399044565943509,0.1607647755039507,True,True,1.0,False,100.0,234.0999999999999,0.0,False,"[""block_count_per_ring != 7 (missing or extra blocks)""]",0.7992162111441428,0.0661167764107792,0.0006729776273716
114,1-4,206,1-4/r206,bo,890.4100714279795,"{""0"": {""K"": 0.0, ""B1"": 2166.455092660067, ""A1"": 910.5305777290745, ""A2"": 1578.7605982708392, ""A3"": 558.9273052169037, ""B2"": 2120.3852951599206}}",2.7397,0.3147686615123633,0.9169283635126144,0.0181716364873857,"[0.25764180307522555, 0.6259976381428894, 0.6268677930150657, 0.26346370883364423, 0.4568173027404049, 0.1617266508150763, 0.6135374117939585, 0.6420148507038727, 0.9553843200363968, 0.7500366852040635, 0.2906409530984313, 0.31738602145631545, 0.24337507125454805]",63.0,63.0,115.0,9.2504,9.2504,26.7981,26.7981,7.9347,7.9347,False,0,2.743,0.240197,2.4101,0.2576418030752255,1.7222320191504903,minus,True,-0.1213429137182628,0.9896342243752476,1.1109771380935105,True,True,1.0,False,100.0,46.09999999999991,0.0,False,"[""block_count_per_ring != 7 (missing or extra blocks)""]",0.3825911394543729,0.1478726017893669,4.145412531055752e-06
115,1-4,206,1-4/r206,bo,987.4803938333818,"{""0"": {""K"": 0.0, ""B1"": 2440.887095283042, ""A1"": 1602.8225848996042, ""A2"": 1060.812591979272, ""A3"": 942.1413213410707, ""B2"": 378.1719971505446}}",2.7397,0.1397167041246169,0.9169283635126144,0.0181716364873857,"[0.285729280623085, 0.21154803632753405, 0.7062752011814358, 0.4637796831306725, 0.30694808795696527, 0.27261033603618945, 0.10942476769402332, 0.4204050084726312, 0.8621288115153898, 0.3475404906287376, 0.7284019365240855, 0.3855095783596977, 0.40878067795146233]",47.0,47.0,105.0,4.8229,4.8229,59.6301,59.6301,9.6377,9.6377,False,0,2.7453,0.406638,2.4101,0.285729280623085,1.7866078890374364,minus,True,1.440599120717962,1.9605910112549256,0.5199918905369638,True,True,1.0,False,100.0,118.70000000000029,0.0,False,"[""block_count_per_ring != 7 (missing or extra blocks)""]",0.2672799110976692,0.1357679966181559,1.534356047162363e-08
116,1-4,206,1-4/r206,bo,877.1143083148293,"{""0"": {""K"": 0.0, ""B1"": 216.47847099511654, ""A1"": 1692.0226605723242, ""A2"": 938.4908142218259, ""A3"": 2915.3977779959264, ""B2"": 21.456067312497595}}",2.7397,0.2654020587558056,0.9169283635126144,0.0181716364873857,"[0.253794649396652, 0.23173883793721883, 0.06263844646849437, 0.48958989021189936, 0.2715540550410376, 0.8435757459478954, 0.006208352810329165, 0.7051045097014937, 0.6791561132763215, 0.4414488591885397, 0.8271175129236952, 0.031812947652747114, 0.008470314016431169]",68.0,68.0,85.0,5.8559,5.8559,67.0338,67.0338,0.7953,0.7953,False,0,2.7398,0.008627,2.4101,0.253794649396652,1.5487178202183147,minus,True,1.9361501582714964,2.387388310239062,0.4512381519675656,True,True,1.0,False,100.0,21.5,0.0,False,"[""block_count_per_ring != 7 (missing or extra blocks)""]",0.3962420662094803,0.1147380299053557,4.284617220336967e-08
117,1-4,206,1-4/r206,bo,1024.396943975565,"{""0"": {""K"": 0.0, ""B1"": 2578.5626638751064, ""A1"": 2222.673053171327, ""A2"": 1488.946900658695, ""A3"": 771.6200353124952, ""B2"": 321.47320103127436}}",2.7397,0.290866074133369,0.9169283635126144,0.0181716364873857,"[0.2964111527707074, 0.6077156262213027, 0.7461118819083062, 0.6431345639963331, 0.4308295430146687, 0.22326968614366183, 0.09301886603914189, 0.14173361200955037, 0.2180213391551522, 0.5671978889631392, 0.8499260023536025, 0.2096473743552394, 0.10238783775155347]",26.0,26.0,34.0,7.2392,7.2392,68.7445,68.7445,5.2412,5.2412,False,0,2.7411,0.102702,2.4101,0.2964111527707074,1.7890900710795004,minus,True,2.114032095969254,2.798191355124836,0.6841592591555821,True,True,1.0,False,100.0,321.5,0.0,False,"[""block_count_per_ring != 7 (missing or extra blocks)""]",0.7972829955742505,0.0683968116715053,0.0007649893665099
118,1-4,206,1-4/r206,bo,948.0696091584364,"{""0"": {""K"": 0.0, ""B1"": 1189.0917120028175, ""A1"": 172.0721935073994, ""A2"": 3330.710930995434, ""A3"": 24.06859791845156, ""B2"": 1731.8494472087236}}",2.7397,0.0542207132700734,0.9169283635126144,0.0181716364873857,"[0.274325697094455, 0.29972658751256775, 0.34406588888970413, 0.04978940784357622, 0.9637473758667343, 0.006964293379181585, 0.5011138446784501, 0.9038087487060914, 0.21941972301536983, 0.407199427839984, 0.5979741003362106, 0.36547006740783616, 0.9026675963067301]",83.0,83.0,34.0,5.4792,5.4792,49.8481,49.8481,9.1368,9.1368,False,0,2.7522,0.905961,2.4101,0.274325697094455,1.6073801282815092,plus,False,2.329516818272097,1.7036390856720809,0.6258777326000162,True,True,1.0,False,100.0,24.0,0.0,False,"[""block_count_per_ring != 7 (missing or extra blocks)""]",0.2862974932632835,0.1333775914584336,2.0120614408932103e-08
119,1-4,206,1-4/r206,bo,858.117626826621,"{""0"": {""K"": 0.0, ""B1"": 1979.6353575919538, ""A1"": 1089.3483059370867, ""A2"": 1480.4978441679393, ""A3"": 798.7779213523613, ""B2"": 1087.2052948939054}}",2.7397,0.2058035775955497,0.9169283635126144,0.0181716364873857,"[0.24829792442899912, 0.1709323639199425, 0.5728111567106348, 0.3152049496345737, 0.4283847928726676, 0.23112787076167862, 0.3145848654206902, 0.12359858838517868, 0.9961264285956898, 0.6048498671294966, 0.5842473574956519, 0.652412007666577, 0.5494387255006826]",24.0,24.0,120.0,7.6533,7.6533,48.8186,48.8186,16.3103,16.3103,False,0,2.7473,0.55137,2.4101,0.2482979244289991,1.5750939482107194,minus,True,-0.7480328308461082,0.3121583507489118,1.06019118159502,True,True,1.0,False,100.0,2.200000000000045,0.0,False,"[""block_count_per_ring != 7 (missing or extra blocks)""]",0.2859218387749123,0.1335914519954372,2.066797898621588e-08
0,5-5,258,5-5/r258,gt_layout_ceiling_r,522.6503075772691,"{""0"": {""K"": 0.0, ""B1"": 3913.206677870483, ""A1"": 3177.802496193929, ""A2"": 2443.4079546680523, ""A3"": 1709.6806908105045, ""A4"": 973.7782665652599, ""B2"": 245.4530089214346}}",3.7349,0.8282975144376041,0.8282975144376041,0.0462024855623959,"[0.11239791560801486, 0.0, 0.8415498231979534, 0.6833983862782643, 0.5254640762726994, 0.36767326684096874, 0.20941468098177632, 0.05278559331643755, 0.29333333333333333, 0.36363636363636365, 0.18181818181818182, 0.2, 0.0, 0.8871100216576884]",37.0,37.0,50.0,3.0,3.0,20.0,20.0,0.0,0.0,False,0,3.7349,0.88711,3.157,0.1123979156080148,1.9450152162052423,plus,False,3.564570070881317,3.584859720369959,0.0202896494886415,True,True,1.0,True,100.0,245.4,0.0,True,[],,,
1,5-5,258,5-5/r258,gt_layout_otsu_r,522.6503075772691,"{""0"": {""K"": 0.0, ""B1"": 3913.206677870483, ""A1"": 3177.802496193929, ""A2"": 2443.4079546680523, ""A3"": 1709.6806908105045, ""A4"": 973.7782665652599, ""B2"": 245.4530089214346}}",3.7349,0.8216328539089897,0.8282975144376041,0.0462024855623959,"[0.11239791560801486, 0.0, 0.8415498231979534, 0.6833983862782643, 0.5254640762726994, 0.36767326684096874, 0.20941468098177632, 0.05278559331643755, 0.29333333333333333, 0.36363636363636365, 0.18181818181818182, 0.2, 0.0, 0.0]",37.0,37.0,50.0,3.0,3.0,20.0,20.0,0.0,0.0,False,0,3.5949,0.0,3.157,0.1123979156080148,1.9450152162052423,plus,False,3.564570070881317,3.584859720369959,0.0202896494886415,True,True,1.0,True,100.0,245.4,0.0,True,[],,,
2,5-5,258,5-5/r258,intrinsic_r_otsu,2906.6939197117013,"{""0"": {""K"": 0.0, ""B1"": 3606.9384596401496, ""A1"": 1047.2134334562522, ""A2"": 1395.7732248371983, ""A3"": 4062.023521092618, ""A4"": 24.48366622992247, ""B2"": 3818.712145479863}}",3.7349,0.2324341652048754,0.8282975144376041,0.0462024855623959,"[0.625095466604667, 0.8972138009695755, 0.7756856902451935, 0.22520718999059186, 0.30016628491122543, 0.8735534453962619, 0.005265304565574724, 0.8212284183827663, 0.7970694287520462, 0.4679349528437208, 0.3030324268193135, 0.2784256121007733, 0.2548695876541246, 0.0]",75.0,75.0,61.0,4.3334,4.3334,25.8819,25.8819,6.3717,6.3717,False,0,3.5949,0.0,3.157,0.625095466604667,1.7020488428809706,plus,False,1.275319856767592,1.2569161137013436,0.0184037430662482,True,True,1.0,True,100.0,24.5,0.0,True,[],,,
3,5-5,258,5-5/r258,random,2346.149404154483,"{""0"": {""K"": 0.0, ""B1"": 4629.076317969926, ""A1"": 3685.8779243439517, ""A2"": 2893.1334169014062, ""A3"": 4598.664686720765, ""A4"": 1001.1854467955351, ""B2"": 744.9859574389772}}",3.7349,0.0685339896696363,0.8282975144376041,0.0462024855623959,"[0.5045482589579533, 0.5534973520744925, 0.9955002834343927, 0.7926619192137531, 0.6221792294411627, 0.9889601476818849, 0.21530869823559895, 0.16021203385784455, 0.6125396042730308, 0.04394200796138337, 0.03568027877359614, 0.5148888202713703, 0.4662060253252891, 0.9171677731928523]",61.0,61.0,15.0,1.3925,1.3925,43.6167,43.6167,11.6552,11.6552,False,0,3.7396,0.916898,3.157,0.5045482589579533,1.858356258546,plus,False,-0.3987182945825119,-0.557121011126735,0.158402716544223,True,True,1.0,True,100.0,20.90000000000009,0.0,True,[],,,
4,5-5,258,5-5/r258,random,2925.9020833831987,"{""0"": {""K"": 0.0, ""B1"": 2310.461474579795, ""A1"": 1150.9443874270883, ""A2"": 54.842218772652245, ""A3"": 894.6699695316945, ""A4"": 3217.949362100552, ""B2"": 932.8212665395276}}",3.7349,0.1548455806150175,0.8282975144376041,0.0462024855623959,"[0.6292262544910104, 0.5141176465995139, 0.49687343539350426, 0.24751492202733083, 0.01179402554250586, 0.19240214398531064, 0.6920321208818392, 0.2006067239869952, 0.3695363106022067, 0.0037342420520759534, 0.8300477298017456, 0.15446108106143985, 0.26759930456378545, 0.8803321539808286]",43.0,43.0,10.0,10.1305,10.1305,16.5846,16.5846,6.69,6.69,False,0,3.7338,0.880138,3.157,0.6292262544910104,1.8730249625200213,minus,True,1.4651391713753994,2.00715905319381,0.5420198818184105,True,True,1.0,True,100.0,38.09999999999991,0.0,True,[],,,
5,5-5,258,5-5/r258,random,2370.527265888168,"{""0"": {""K"": 0.0, ""B1"": 2974.684826282747, ""A1"": 3449.2349052326354, ""A2"": 425.4545635431623, ""A3"": 2516.318769400673, ""A4"": 2361.1408987966274, ""B2"": 4051.728101621895}}",3.7349,0.1246326814884803,0.8282975144376041,0.0462024855623959,"[0.5097908098684232, 0.8471502463658693, 0.6397171669425262, 0.7417709473618571, 0.09149560506304566, 0.5411438213764888, 0.50777223630035, 0.8713393766928806, 0.3612640590141576, 0.5981840672072131, 0.05925164234550362, 0.3876318011107287, 0.32303634625820665, 0.15019972907045187]",42.0,42.0,76.0,1.6518,1.6518,34.0724,34.0724,8.0759,8.0759,False,0,3.6186,0.150017,3.157,0.5097908098684232,1.7352813753567913,plus,False,1.0888691935996375,0.9949212188572916,0.0939479747423458,True,True,1.0,True,100.0,155.10000000000002,0.0,True,[],,,
6,5-5,258,5-5/r258,random,3795.972182758702,"{""0"": {""K"": 0.0, ""B1"": 4551.17766251218, ""A1"": 2743.461372499338, ""A2"": 2813.5115803088083, ""A3"": 2966.6841006657446, ""A4"": 3145.4936337294657, ""B2"": 701.1642891329145}}",3.7349,0.0983848879835958,0.8282975144376041,0.0462024855623959,"[0.8163381038190757, 0.37944617155031246, 0.9787478844112216, 0.5899916930106103, 0.6050562538298513, 0.6379965807883322, 0.6764502438127883, 0.1507880191683687, 0.44031346718818754, 0.23956396182952333, 0.40249829810398163, 0.09670409393174562, 0.9678280510488214, 0.21500403735588003]",48.0,48.0,36.0,5.4275,5.4275,12.2528,12.2528,24.1957,24.1957,False,0,3.6289,0.215297,3.157,0.8163381038190757,1.4704178581757068,plus,False,1.296722533367341,0.1933697088662705,1.1033528245010704,True,True,1.0,True,100.0,70.09999999999991,0.0,True,[],,,
7,5-5,258,5-5/r258,random,3123.708006142475,"{""0"": {""K"": 0.0, ""B1"": 4064.458171595196, ""A1"": 3079.2985332738103, ""A2"": 612.0135435086216, ""A3"": 3929.595592066671, ""A4"": 4394.008995824155, ""B2"": 4203.213065111059}}",3.7349,0.0706440455981904,0.8282975144376041,0.0462024855623959,"[0.6717651626112849, 0.3004200814790703, 0.8740770261495044, 0.6622147383384538, 0.13161581580830573, 0.8450743208745529, 0.9449481711449795, 0.9039167881959268, 0.5697191478592772, 0.1454599537609269, 0.19246349496833237, 0.9279056847445244, 0.5523264876672638, 0.18055249844891164]",58.0,58.0,26.0,3.1171,3.1171,74.5929,74.5929,13.8082,13.8082,False,0,3.6234,0.180439,3.157,0.6717651626112849,1.7354254627337802,plus,False,0.4595772934494836,0.432233729012701,0.0273435644367826,True,True,1.0,True,100.0,134.89999999999964,0.0,True,[],,,
8,5-5,258,5-5/r258,random,4110.864558013585,"{""0"": {""K"": 0.0, ""B1"": 2649.078376303207, ""A1"": 1749.7384380041285, ""A2"": 1910.9420620306537, ""A3"": 1113.6248389705786, ""A4"": 176.96638311426176, ""B2"": 4074.4174577081103}}",3.7349,0.0795920168715937,0.8282975144376041,0.0462024855623959,"[0.8840568941964699, 0.6415717052224807, 0.5696942744738079, 0.3762878361299201, 0.41095528215712984, 0.23948921268184487, 0.03805728669123909, 0.876218808109271, 0.4677302168140961, 0.5476351992137353, 0.3221633097802251, 0.7513249198549279, 0.025196870801760363, 0.37218527256520395]",50.0,50.0,70.0,4.5438,4.5438,61.3494,61.3494,0.6299,0.6299,False,0,3.6537,0.372476,3.157,0.8840568941964699,1.7244218378159588,minus,True,1.8766001655914537,2.7294812044379104,0.8528810388464567,True,True,1.0,True,100.0,161.20000000000005,0.0,True,[],,,
9,5-5,258,5-5/r258,random,141.12886888611908,"{""0"": {""K"": 0.0, ""B1"": 4497.23929459776, ""A1"": 3058.587394679092, ""A2"": 1991.224145711088, ""A3"": 2435.3915017837335, ""A4"": 4058.562819826201, ""B2"": 1600.5796015315218}}",3.7349,0.1911204297667768,0.8282975144376041,0.0462024855623959,"[0.03035029438411163, 0.12289210220500935, 0.9671482353973677, 0.6577607300385144, 0.4282202463894813, 0.5237401079104803, 0.8728092085647744, 0.3442106669960262, 0.5902909822897147, 0.6836843733395437, 0.35541377702351207, 0.5190984864959901, 0.7652473832785226, 0.9091793139905502]",59.0,59.0,85.0,4.9096,4.9096,43.9324,43.9324,19.1312,19.1312,False,0,3.7384,0.909293,3.157,0.0303502943841116,1.8142393329605413,plus,False,-1.8522850456967568,-2.06748188266673,0.2151968369699726,True,True,1.0,True,100.0,152.70000000000073,0.0,True,[],,,
10,5-5,258,5-5/r258,random,702.439593057192,"{""0"": {""K"": 0.0, ""B1"": 24.081726041759467, ""A1"": 3501.345391729556, ""A2"": 3768.9497609751897, ""A3"": 635.9528396730042, ""A4"": 1947.901976746311, ""B2"": 3790.9416926769622}}",3.7349,0.1041110019606233,0.8282975144376041,0.0462024855623959,"[0.1510622780768155, 0.9334193923074285, 0.005178865815432143, 0.752977503597754, 0.8105268303172452, 0.13676405154258153, 0.41890365091318515, 0.8152562779950456, 0.014271189684610608, 0.6284619478662907, 0.7930236580980341, 0.5130035828222085, 0.7258494205510871, 0.22642348269714407]",16.0,16.0,79.0,9.7233,9.7233,43.4753,43.4753,18.1462,18.1462,False,0,3.6307,0.226705,3.157,0.1510622780768155,1.5982099193957546,plus,False,1.39748309058874,1.2187743642339612,0.1787087263547786,True,True,1.0,True,100.0,22.0,0.0,True,[],,,
11,5-5,258,5-5/r258,random,923.1233381659288,"{""0"": {""K"": 0.0, ""B1"": 834.2380281872313, ""A1"": 1609.1856918730248, ""A2"": 4408.776885560288, ""A3"": 2665.997136891712, ""A4"": 1581.3165135069053, ""B2"": 1262.5894821108516}}",3.7349,0.0705132932630259,0.8282975144376041,0.0462024855623959,"[0.19852114799267284, 0.3631269505503516, 0.17940602756714652, 0.34606143911247844, 0.9481240614108147, 0.5733327176111209, 0.34006806742083984, 0.2715246198087853, 0.9520394907075223, 0.44447820964711326, 0.9803947508805895, 0.515522669106271, 0.521166129026224, 0.8965405237160008]",86.0,86.0,59.0,11.7843,11.7843,43.6642,43.6642,13.0292,13.0292,False,0,3.7364,0.896617,3.157,0.1985211479926728,1.812933477081816,plus,False,-0.0668613344532113,0.0147273250122528,0.0815886594654642,True,True,1.0,True,100.0,27.90000000000009,0.0,True,[],,,
12,5-5,258,5-5/r258,perturb_guardrail_smoke,93.0,"{""0"": {""K"": 0.0, ""B1"": 1924.506931990598, ""A1"": 2904.5728339878524, ""A2"": 2799.535499935954, ""A3"": 1784.3060093821477, ""A4"": 2469.7717403170273, ""B2"": 2295.9791103710268}}",3.7349,0.1410506423607726,0.8282975144376041,0.0462024855623959,"[0.02, 0.0, 0.41387245849260174, 0.6246393191371725, 0.6020506451475169, 0.3837217224477737, 0.5311337075950596, 0.49375894846688745, 0.29333333333333333, 0.36363636363636365, 0.18181818181818182, 0.2, 0.0, 0.8871100216576884]",37.0,37.0,50.0,3.0,3.0,20.0,20.0,0.0,0.0,False,0,3.7349,0.88711,3.157,0.02,1.7792109953987494,plus,False,-1.4172915063905014,-1.3023059157099923,0.1149855906805088,True,True,1.0,True,100.0,105.09999999999992,0.0,True,[],,,
13,5-5,258,5-5/r258,perturb_wrong_r_low,522.6503075772691,"{""0"": {""K"": 0.0, ""B1"": 3913.206677870483, ""A1"": 3177.802496193929, ""A2"": 2443.4079546680523, ""A3"": 1709.6806908105045, ""A4"": 973.7782665652599, ""B2"": 245.4530089214346}}",3.7349,0.8216328539089897,0.8282975144376041,0.0462024855623959,"[0.11239791560801486, 0.0, 0.8415498231979534, 0.6833983862782643, 0.5254640762726994, 0.36767326684096874, 0.20941468098177632, 0.05278559331643755, 0.29333333333333333, 0.36363636363636365, 0.18181818181818182, 0.2, 0.0, 0.05]",37.0,37.0,50.0,3.0,3.0,20.0,20.0,0.0,0.0,False,0,3.6028,0.049879,3.157,0.1123979156080148,1.9450152162052423,plus,False,3.564570070881317,3.584859720369959,0.0202896494886415,True,True,1.0,True,100.0,245.4,0.0,True,[],,,
14,5-5,258,5-5/r258,perturb_wrong_k,0.0,"{""0"": {""K"": 0.0, ""B1"": 3913.206677870483, ""A1"": 3177.802496193929, ""A2"": 2443.4079546680523, ""A3"": 1709.6806908105045, ""A4"": 973.7782665652599, ""B2"": 245.4530089214346}}",3.7349,0.1600090118844753,0.8282975144376041,0.0462024855623959,"[0.0, 0.0, 0.8415498231979534, 0.6833983862782643, 0.5254640762726994, 0.36767326684096874, 0.20941468098177632, 0.05278559331643755, 0.29333333333333333, 0.36363636363636365, 0.18181818181818182, 0.2, 0.0, 0.8871100216576884]",37.0,37.0,50.0,3.0,3.0,20.0,20.0,0.0,0.0,False,0,3.7349,0.88711,3.157,0.0,1.9450152162052423,plus,False,3.564705936052315,3.5850004259393287,0.0202944898870138,True,True,1.0,True,100.0,245.5,0.0,True,[],,,
15,5-5,258,5-5/r258,perturb_ambiguous_lines,522.6503075772691,"{""0"": {""K"": 0.0, ""B1"": 3913.206677870483, ""A1"": 3177.802496193929, ""A2"": 2443.4079546680523, ""A3"": 1709.6806908105045, ""A4"": 973.7782665652599, ""B2"": 245.4530089214346}}",3.7349,0.8282975144376041,0.8282975144376041,0.0462024855623959,"[0.11239791560801486, 0.0, 0.8415498231979534, 0.6833983862782643, 0.5254640762726994, 0.36767326684096874, 0.20941468098177632, 0.05278559331643755, 0.29333333333333333, 0.36363636363636365, 0.8876498869997137, 0.9709058720893163, 0.0, 0.8871100216576884]",37.0,37.0,50.0,10.7641,10.7641,77.8179,77.8179,0.0,0.0,False,0,3.7349,0.88711,3.157,0.1123979156080148,1.9450152162052423,plus,False,3.564570070881317,3.584859720369959,0.0202896494886415,True,True,1.0,True,100.0,245.4,0.0,True,[],,,
16,5-5,258,5-5/r258,perturb_wrong_r_high,522.6503075772691,"{""0"": {""K"": 0.0, ""B1"": 3913.206677870483, ""A1"": 3177.802496193929, ""A2"": 2443.4079546680523, ""A3"": 1709.6806908105045, ""A4"": 973.7782665652599, ""B2"": 245.4530089214346}}",3.7349,0.6633866502146644,0.8282975144376041,0.0462024855623959,"[0.11239791560801486, 0.0, 0.8415498231979534, 0.6833983862782643, 0.5254640762726994, 0.36767326684096874, 0.20941468098177632, 0.05278559331643755, 0.29333333333333333, 0.36363636363636365, 0.18181818181818182, 0.2, 0.0, 0.95]",37.0,37.0,50.0,3.0,3.0,20.0,20.0,0.0,0.0,False,0,3.7448,0.949855,3.157,0.1123979156080148,1.9450152162052423,plus,False,3.564570070881317,3.584859720369959,0.0202896494886415,True,True,1.0,True,100.0,245.4,0.0,True,[],,,
17,5-5,258,5-5/r258,perturb_wrong_k,1263.9597871532635,"{""0"": {""K"": 0.0, ""B1"": 3913.206677870483, ""A1"": 3177.802496193929, ""A2"": 2443.4079546680523, ""A3"": 1709.6806908105045, ""A4"": 973.7782665652599, ""B2"": 245.4530089214346}}",3.7349,0.078068008667551,0.8282975144376041,0.0462024855623959,"[0.271819309065218, 0.0, 0.8415498231979534, 0.6833983862782643, 0.5254640762726994, 0.36767326684096874, 0.20941468098177632, 0.05278559331643755, 0.29333333333333333, 0.36363636363636365, 0.18181818181818182, 0.2, 0.0, 0.8871100216576884]",37.0,37.0,50.0,3.0,3.0,20.0,20.0,0.0,0.0,False,0,3.7349,0.88711,3.157,0.271819309065218,1.9450152162052423,plus,False,3.5645700708813166,3.584859720369958,0.0202896494886415,True,True,1.0,True,100.0,245.4000000000001,0.0,True,[],,,
18,5-5,258,5-5/r258,perturb_offset_shift,522.6503075772691,"{""0"": {""K"": 0.0, ""B1"": 3831.347524151747, ""A1"": 3599.8601473047306, ""A2"": 2344.80505796414, ""A3"": 2181.480377814514, ""A4"": 492.46459953325734, ""B2"": 167.32950680313255}}",3.7349,0.1576877109199616,0.8282975144376041,0.0462024855623959,"[0.11239791560801486, 0.0, 0.8239457041186553, 0.7741634725386517, 0.5042591522503527, 0.4691355651214009, 0.10590636549102309, 0.03598484017271668, 0.29333333333333333, 0.36363636363636365, 0.18181818181818182, 0.2, 0.0, 0.8871100216576884]",37.0,37.0,50.0,3.0,3.0,20.0,20.0,0.0,0.0,False,0,3.7349,0.88711,3.157,0.1123979156080148,1.9354933638058585,minus,True,1.377769869769025,1.7353497928953958,0.3575799231263707,True,True,1.0,True,100.0,163.4000000000001,1.0,True,[],,,
19,5-5,258,5-5/r258,perturb_misaligned,653.9448803762226,"{""0"": {""K"": 0.0, ""B1"": 4034.34061245935, ""A1"": 3250.131674218763, ""A2"": 2706.538829989614, ""A3"": 1616.316945050424, ""A4"": 917.0160288663486, ""B2"": 79.67776665657665}}",3.7349,0.5485811664438232,0.8282975144376041,0.0462024855623959,"[0.1406333076077898, 0.0, 0.8676001317116881, 0.6989530482190888, 0.582051361288089, 0.34759504194632773, 0.19720774814330078, 0.017135003582059494, 0.29333333333333333, 0.36363636363636365, 0.18181818181818182, 0.2, 0.0, 0.8871100216576884]",37.0,37.0,50.0,3.0,3.0,20.0,20.0,0.0,0.0,False,0,3.7349,0.88711,3.157,0.1406333076077898,1.9433141293747391,plus,False,3.024276149321867,2.7112253361098158,0.3130508132120515,True,True,1.0,True,100.0,79.70000000000005,0.0,True,[],,,
20,5-5,258,5-5/r258,perturb_weak_hough,522.6503075772691,"{""0"": {""K"": 0.0, ""B1"": 3913.206677870483, ""A1"": 3177.802496193929, ""A2"": 2443.4079546680523, ""A3"": 1709.6806908105045, ""A4"": 973.7782665652599, ""B2"": 245.4530089214346}}",3.7349,0.8282975144376041,0.8282975144376041,0.0462024855623959,"[0.11239791560801486, 0.0, 0.8415498231979534, 0.6833983862782643, 0.5254640762726994, 0.36767326684096874, 0.20941468098177632, 0.05278559331643755, 0.9279272229816788, 0.9926407293372774, 0.18181818181818182, 0.2, 0.0, 0.8871100216576884]",85.0,85.0,119.0,3.0,3.0,20.0,20.0,0.0,0.0,False,0,3.7349,0.88711,3.157,0.1123979156080148,1.9450152162052423,plus,False,3.564570070881317,3.584859720369959,0.0202896494886415,True,True,1.0,True,100.0,245.4,0.0,True,[],,,
21,5-5,258,5-5/r258,perturb_small_segment,522.6503075772691,"{""0"": {""K"": 0.0, ""B1"": 325.50000000000006, ""A1"": 1023.0, ""A2"": 1720.5, ""A3"": 2418.0, ""A4"": 3115.5, ""B2"": 3813.0000000000005}}",3.7349,0.1580437535036163,0.8282975144376041,0.0462024855623959,"[0.11239791560801486, 0.0, 0.07, 0.22, 0.37, 0.52, 0.67, 0.8200000000000001, 0.29333333333333333, 0.36363636363636365, 0.18181818181818182, 0.2, 0.0, 0.8871100216576884]",37.0,37.0,50.0,3.0,3.0,20.0,20.0,0.0,0.0,False,0,3.7349,0.88711,3.157,0.1123979156080148,1.917651908306252,plus,False,3.825499999999999,3.4366111111111097,0.3888888888888893,True,True,1.0,True,100.0,325.5,1.0,True,[],,,
22,5-5,258,5-5/r258,perturb_guardrail_smoke,93.0,"{""0"": {""K"": 0.0, ""B1"": 1924.506931990598, ""A1"": 2904.5728339878524, ""A2"": 2799.535499935954, ""A3"": 1784.3060093821477, ""A4"": 2469.7717403170273, ""B2"": 2295.9791103710268}}",3.7349,0.1410506423607726,0.8282975144376041,0.0462024855623959,"[0.02, 0.0, 0.41387245849260174, 0.6246393191371725, 0.6020506451475169, 0.3837217224477737, 0.5311337075950596, 0.49375894846688745, 0.29333333333333333, 0.36363636363636365, 0.18181818181818182, 0.2, 0.0, 0.8871100216576884]",37.0,37.0,50.0,3.0,3.0,20.0,20.0,0.0,0.0,False,0,3.7349,0.88711,3.157,0.02,1.7792109953987494,plus,False,-1.4172915063905014,-1.3023059157099923,0.1149855906805088,True,True,1.0,True,100.0,105.09999999999992,0.0,True,[],,,
23,5-5,258,5-5/r258,perturb_wrong_r_low,522.6503075772691,"{""0"": {""K"": 0.0, ""B1"": 3913.206677870483, ""A1"": 3177.802496193929, ""A2"": 2443.4079546680523, ""A3"": 1709.6806908105045, ""A4"": 973.7782665652599, ""B2"": 245.4530089214346}}",3.7349,0.8216328539089897,0.8282975144376041,0.0462024855623959,"[0.11239791560801486, 0.0, 0.8415498231979534, 0.6833983862782643, 0.5254640762726994, 0.36767326684096874, 0.20941468098177632, 0.05278559331643755, 0.29333333333333333, 0.36363636363636365, 0.18181818181818182, 0.2, 0.0, 0.05]",37.0,37.0,50.0,3.0,3.0,20.0,20.0,0.0,0.0,False,0,3.6028,0.049879,3.157,0.1123979156080148,1.9450152162052423,plus,False,3.564570070881317,3.584859720369959,0.0202896494886415,True,True,1.0,True,100.0,245.4,0.0,True,[],,,
24,5-5,258,5-5/r258,bo,556.8248682879382,"{""0"": {""K"": 0.0, ""B1"": 195.1017379660151, ""A1"": 1284.6689950706118, ""A2"": 4015.3993059843306, ""A3"": 369.52896298095266, ""A4"": 981.0902463844517, ""B2"": 1249.933131750902}}",3.7349,0.2053247863279973,0.8282975144376041,0.0462024855623959,"[0.11974728350278241, 0.9004929327484027, 0.041957363003444104, 0.276272902165723, 0.8635267324697485, 0.07946859418945218, 0.21098714976009714, 0.26880282403245204, 0.8357883790073198, 0.11575503037686397, 0.9455580290294748, 0.11988988000538481, 0.5655202577172812, 0.7732598003933181]",78.0,78.0,23.0,11.4011,11.4011,13.9917,13.9917,14.138,14.138,False,0,3.7169,0.773029,3.157,0.1197472835027824,1.5817279890261235,plus,False,0.8267013941002292,0.8923760378859548,0.0656746437857255,True,True,1.0,True,100.0,34.700000000000045,0.0,True,[],0.7627515894855966,0.1491301404005541,0.0291959322481059
25,5-5,258,5-5/r258,bo,480.8204886517784,"{""0"": {""K"": 0.0, ""B1"": 3712.76959314094, ""A1"": 3230.2749732833954, ""A2"": 1976.2962782136742, ""A3"": 3770.752250458341, ""A4"": 1083.1616556574713, ""B2"": 4633.767831909465}}",3.7349,0.3387337454600235,0.8282975144376041,0.0462024855623959,"[0.10340225562403838, 0.4618644459400597, 0.7984450737937505, 0.6946827899534184, 0.42500995230401595, 0.8109144624641594, 0.23293799046397234, 0.9965092111633257, 0.22999020717912622, 0.8886828563042095, 0.5972096712195798, 0.5152298422737771, 0.9167953100782639, 0.8098536001527407]",32.0,32.0,108.0,7.5693,7.5693,43.6422,43.6422,22.9199,22.9199,False,0,3.7227,0.809788,3.157,0.1034022556240383,1.7524599961613685,plus,False,-1.3250089994852412,-1.2873289093897942,0.037680090095447,True,True,1.0,True,100.0,16.19999999999999,0.0,True,[],0.607234800661943,0.1967520470695477,0.0116308561505555
26,5-5,258,5-5/r258,bo,445.0350306526925,"{""0"": {""K"": 0.0, ""B1"": 2260.880279272584, ""A1"": 3200.6283953470984, ""A2"": 2787.3153734667844, ""A3"": 3642.6139364298183, ""A4"": 1337.1928925145623, ""B2"": 1214.5893278426943}}",3.7349,0.098471071456153,0.8282975144376041,0.0462024855623959,"[0.09570645820488011, 0.035630708258397537, 0.48621081274679234, 0.6883071817950749, 0.5994226609605988, 0.7833578357913588, 0.28756836398162633, 0.2612020059876762, 0.5965408108019717, 0.2947845145064113, 0.8716553242432533, 0.7654930919564622, 0.10995837009351495, 0.6983788848342657]",60.0,60.0,42.0,10.5882,10.5882,62.412,62.412,2.749,2.749,False,0,3.7051,0.698242,3.157,0.0957064582048801,1.802531668557784,minus,True,-1.6489597467895478,-1.1923166397269005,0.4566431070626473,True,True,1.0,True,100.0,122.60000000000014,0.0,True,[],0.562203360372117,0.203087499368787,0.0081367684031654
27,5-5,258,5-5/r258,bo,694.2637067647285,"{""0"": {""K"": 0.0, ""B1"": 2520.771820976524, ""A1"": 186.31555973323444, ""A2"": 117.58340695443562, ""A3"": 1220.200057760826, ""A4"": 921.106254473487, ""B2"": 2447.5359033524755}}",3.7349,0.1267868877362441,0.8282975144376041,0.0462024855623959,"[0.14930402296015666, 0.5560625126813072, 0.5421014668766718, 0.04006786230822246, 0.025286754183749593, 0.26240861457222064, 0.19808736655343806, 0.5263518071725753, 0.5587958422404079, 0.2951436821513508, 0.29972041372359737, 0.3204266940473742, 0.006113417681578137, 0.16197411108061643]",57.0,57.0,42.0,4.2969,4.2969,29.032,29.032,0.1528,0.1528,False,0,3.6205,0.162059,3.157,0.1493040229601566,1.8405146163217976,minus,True,1.062055614949721,2.231803861130382,1.1697482461806612,True,True,1.0,True,100.0,68.80000000000007,0.0,True,[],0.4313480095202322,0.2197252150520605,0.0027483207617108
28,5-5,258,5-5/r258,bo,803.093461376771,"{""0"": {""K"": 0.0, ""B1"": 3174.991601000983, ""A1"": 1921.0559030711402, ""A2"": 1965.0278647082255, ""A3"": 2649.6197293281953, ""A4"": 1107.2323701577257, ""B2"": 725.6031582446086}}",3.7349,0.1188950567971154,0.8282975144376041,0.0462024855623959,"[0.1727082712638217, 0.6380106215338717, 0.6827938926883834, 0.41313030173572907, 0.42258663757166137, 0.5698106944791818, 0.23811448820596248, 0.1560436899450771, 0.8194877280047256, 0.32513917807825543, 0.18464136114727747, 0.1592716475260072, 0.3155979928748377, 0.2004727219144573]",76.0,76.0,46.0,3.0311,3.0311,16.9454,16.9454,7.8899,7.8899,False,0,3.6266,0.20072,3.157,0.1727082712638217,1.7131162805105886,minus,True,0.0980144596881001,1.190912259615278,1.0928977999271778,True,True,1.0,True,100.0,44.0,0.0,True,[],0.3347474913068444,0.2443264066712332,0.001759135820798
29,5-5,258,5-5/r258,bo,753.4839883355786,"{""0"": {""K"": 0.0, ""B1"": 1587.3107544796076, ""A1"": 3034.6259832639803, ""A2"": 195.05411014632222, ""A3"": 4313.449764647867, ""A4"": 1392.3369362974368, ""B2"": 3197.0653370586224}}",3.7349,0.1103075612919451,0.8282975144376041,0.0462024855623959,"[0.1620395673839954, 0.4276453050590512, 0.3413571515009909, 0.6526077383363399, 0.04194712046157467, 0.9276236053006165, 0.299427298128481, 0.687540932700779, 0.008477554273270793, 0.2316564982431979, 0.5684403120483288, 0.6250645190156152, 0.9000860871317524, 0.574201943052474]",16.0,16.0,35.0,7.2528,7.2528,51.8798,51.8798,22.5022,22.5022,False,0,3.6855,0.57402,3.157,0.1620395673839954,1.8664912433332532,minus,True,1.99682945499758,2.256032036727327,0.2592025817297474,True,True,1.0,True,100.0,162.4000000000001,0.0,True,[],0.3131311433187291,0.2405742680725309,0.0012339042860353
30,5-5,258,5-5/r258,bo,491.2738935762636,"{""0"": {""K"": 0.0, ""B1"": 244.06260443821466, ""A1"": 3099.347806236601, ""A2"": 635.095511026394, ""A3"": 4334.077482487097, ""A4"": 995.3114804028685, ""B2"": 28.920095596345885}}",3.7349,0.1900511169221063,0.8282975144376041,0.0462024855623959,"[0.10565029969382012, 0.06562285123861933, 0.052486581599616056, 0.6665264099433551, 0.13657967979062235, 0.9320596736531391, 0.21404547965653087, 0.006219375397063631, 0.22548726070392722, 0.2428591076186849, 0.8214060819713916, 0.49140042242493165, 0.6787906141801212, 0.24353743948159134]",32.0,32.0,37.0,10.0355,10.0355,41.855,41.855,16.9698,16.9698,False,0,3.6334,0.243817,3.157,0.1056502996938201,1.7709782118941066,plus,False,1.0201418420293968,1.124913010314652,0.104771168285255,True,True,1.0,True,100.0,28.900000000000038,0.0,True,[],0.4674690910098286,0.192329621845602,0.0019758386443987
31,5-5,258,5-5/r258,bo,537.8531691548494,"{""0"": {""K"": 0.0, ""B1"": 538.6928682883855, ""A1"": 1381.8560005514016, ""A2"": 3725.9236319697834, ""A3"": 4497.811522645005, ""A4"": 1132.7466676757072, ""B2"": 1989.7926268902434}}",3.7349,0.1557554108655322,0.8282975144376041,0.0462024855623959,"[0.11566734820534397, 0.3752465649609895, 0.11584792866416893, 0.2971733334519143, 0.8012738993483405, 0.9672712951924743, 0.24360143390875422, 0.42791239287962224, 0.807269704037477, 0.3210708664500479, 0.31416602557413376, 0.43704420115287435, 0.9393824239372749, 0.6895538415705803]",76.0,76.0,45.0,4.4558,4.4558,37.7783,37.7783,23.4846,23.4846,False,0,3.7037,0.689369,3.157,0.1156673482053439,1.7877951608734706,plus,False,1.8466141397355555,0.8771283377404849,0.9694858019950704,True,True,1.0,True,100.0,152.2,0.0,True,[],0.3035938092930619,0.209746221961271,0.0003604508150138
32,5-5,258,5-5/r258,bo,241.0128521496008,"{""0"": {""K"": 0.0, ""B1"": 4355.421558286473, ""A1"": 4025.691597754929, ""A2"": 569.3296944452309, ""A3"": 2499.1150638568247, ""A4"": 1136.8214242521067, ""B2"": 2341.499869653082}}",3.7349,0.2582927622178767,0.8282975144376041,0.0462024855623959,"[0.05183072089238727, 0.4792890327109123, 0.9366497974809619, 0.865740128549447, 0.12243649342908192, 0.5374440997541559, 0.24447772564561432, 0.5035483590651789, 0.7452868134906089, 0.27226703761050297, 0.8817125825229798, 0.4218669166347705, 0.9770705778956053, 0.8717033521645724]",71.0,71.0,40.0,10.6988,10.6988,36.64,36.64,24.4268,24.4268,False,0,3.7325,0.871899,3.157,0.0518307208923872,1.8328854162504744,plus,False,0.4384258867002306,0.5569262106804301,0.1185003239801995,True,True,1.0,True,100.0,157.5999999999999,0.0,True,[],0.30093917178706,0.2054250141269715,0.0002858985286206
33,5-5,258,5-5/r258,bo,447.5797107779616,"{""0"": {""K"": 0.0, ""B1"": 2145.564024691793, ""A1"": 1161.743357097514, ""A2"": 1717.6732577199539, ""A3"": 149.24285461089121, ""A4"": 1363.8688264146215, ""B2"": 4075.8458057682}}",3.7349,0.2194396015275321,0.8282975144376041,0.0462024855623959,"[0.09625370124257238, 0.19986065796235808, 0.4614116182132888, 0.2498372810962396, 0.3693920984343987, 0.032095237550729294, 0.29330512396013364, 0.8765259797350968, 0.6371668548611874, 0.769795330438011, 0.20014591634168344, 0.960154094045074, 0.0437865991223908, 0.40270757526963685]",63.0,63.0,95.0,3.2016,3.2016,77.0116,77.0116,1.0947,1.0947,False,0,3.6585,0.402898,3.157,0.0962537012425723,1.7633759834017249,minus,True,1.5509720606214574,2.5037697053950976,0.9527976447736402,True,True,1.0,True,100.0,149.19999999999993,0.0,True,[],0.2968444466842317,0.2243716849685715,0.000586550482625
34,5-5,258,5-5/r258,bo,596.9238837398747,"{""0"": {""K"": 0.0, ""B1"": 3658.4743524532932, ""A1"": 2968.304801262996, ""A2"": 4133.64118278765, ""A3"": 2473.6710378616413, ""A4"": 1098.9402127047017, ""B2"": 3152.3159238115095}}",3.7349,0.1629269200123136,0.8282975144376041,0.0462024855623959,"[0.12837072768599456, 0.05428527351935064, 0.7867686779469448, 0.6383451185511819, 0.8889550930726129, 0.5319722662068046, 0.23633122853864552, 0.6779174029702171, 0.6786803641876501, 0.9049293892871761, 0.1540333705867012, 0.5165038504694405, 0.12680204892868652, 0.7961187068602399]",66.0,66.0,110.0,2.6944,2.6944,43.7378,43.7378,3.1701,3.1701,False,0,3.7205,0.795845,3.157,0.1283707276859945,1.86853421841635,plus,False,-0.7140826185496627,-0.7469830799712973,0.0329004614216346,True,True,1.0,True,100.0,184.0,0.0,True,[],0.3004716713239478,0.2203975074538467,0.0005307245694714
35,5-5,258,5-5/r258,bo,318.7146039727908,"{""0"": {""K"": 0.0, ""B1"": 946.468059148501, ""A1"": 2785.7132677341374, ""A2"": 3480.5310029809416, ""A3"": 464.9845262028439, ""A4"": 923.4231991924402, ""B2"": 3542.652138572873}}",3.7349,0.1696752266818846,0.8282975144376041,0.0462024855623959,"[0.068540775047912, 0.8659847288126974, 0.20354151809645182, 0.5990781220933629, 0.7485012909636434, 0.09999667230168685, 0.19858563423493336, 0.7618606749619081, 0.7773506157210618, 0.10385546772368104, 0.9031120351707045, 0.7366075104779302, 0.18135914685387255, 0.7248264547193389]",73.0,73.0,21.0,10.9342,10.9342,60.2456,60.2456,4.534,4.534,False,0,3.7093,0.724861,3.157,0.068540775047912,1.811080827662965,minus,True,1.1978265533075876,1.704610877032612,0.5067843237250245,True,True,1.0,True,100.0,23.100000000000136,0.0,True,[],0.2910348224384433,0.2169944866102823,0.0004061311549757
36,5-5,258,5-5/r258,bo,844.1967626287536,"{""0"": {""K"": 0.0, ""B1"": 4467.157304685129, ""A1"": 3728.110540197378, ""A2"": 3340.783174401009, ""A3"": 2054.3435086487293, ""A4"": 1262.9991576717402, ""B2"": 2120.840094238883}}",3.7349,0.0926939818918264,0.8282975144376041,0.0462024855623959,"[0.181547690887904, 0.9077299452224106, 0.9606789902548664, 0.8017442021929846, 0.7184479944948406, 0.4417943029352106, 0.27161272207994414, 0.45609464392234045, 0.12179452212939357, 0.8818210026622383, 0.8776111602212242, 0.6043628198854868, 0.5497280775683316, 0.5950485914391798]",24.0,24.0,107.0,10.6537,10.6537,50.3272,50.3272,13.7432,13.7432,False,0,3.6888,0.594935,3.157,0.181547690887904,1.8686278661531683,plus,False,-0.3993511690132247,-1.3618087352366148,0.96245756622339,True,True,1.0,True,100.0,66.5,0.0,True,[],0.2879772072532097,0.2136586219203835,0.0003378472587471
37,5-5,258,5-5/r258,bo,414.7623657659357,"{""0"": {""K"": 0.0, ""B1"": 3878.393730081138, ""A1"": 1358.1682155979024, ""A2"": 2949.8612549818986, ""A3"": 2152.7165258722093, ""A4"": 1098.0551697982762, ""B2"": 1292.9897179917268}}",3.7349,0.2109758581199772,0.8282975144376041,0.0462024855623959,"[0.08919620769159908, 0.5018013409657597, 0.8340631677593845, 0.29207918615008654, 0.6343787645122363, 0.4629497905101525, 0.23614089673081207, 0.2780623049444574, 0.970188125042412, 0.7868026219619805, 0.8370908303013003, 0.6740028830229668, 0.2796503418414876, 0.8403483156038662]",88.0,88.0,97.0,10.208,10.208,55.5502,55.5502,6.9913,6.9913,False,0,3.7275,0.84021,3.157,0.089196207691599,1.7860051096125065,minus,True,-1.4526569129170563,-0.6407306936358912,0.8119262192811652,True,True,1.0,True,100.0,65.10000000000014,0.0,True,[],0.4785076211750619,0.196963002288249,0.0026283442998383
38,5-5,258,5-5/r258,bo,1192.243452664496,"{""0"": {""K"": 0.0, ""B1"": 1719.718659722431, ""A1"": 4405.766640883317, ""A2"": 3394.1407368712726, ""A3"": 2231.3061699871437, ""A4"": 1954.5762238483233, ""B2"": 1337.9598132711885}}",3.7349,0.074486558332976,0.8282975144376041,0.0462024855623959,"[0.25639644143322493, 0.04188409502976298, 0.3698319698327809, 0.9474766969641543, 0.7299227391121016, 0.47985078924454705, 0.4203389728706072, 0.2877332931765997, 0.6625392818205581, 0.37933265888759216, 0.9170935079589859, 0.23184259207820213, 0.015412635767036775, 0.28821254820022646]",65.0,65.0,52.0,11.088,11.088,22.3882,22.3882,0.3853,0.3853,False,0,3.6404,0.288182,3.157,0.2563964414332249,1.912523886090096,plus,False,-1.1536349570715452,-1.2871569911547571,0.1335220340832119,True,True,1.0,True,100.0,234.80000000000015,0.0,True,[],0.2802844954314206,0.2081866293586134,0.0002353091167915
39,5-5,258,5-5/r258,bo,381.4760538477251,"{""0"": {""K"": 0.0, ""B1"": 4523.38976014496, ""A1"": 3533.021912937396, ""A2"": 4525.0121415725525, ""A3"": 757.3199617760931, ""A4"": 888.2639695585314, ""B2"": 1525.6838468719527}}",3.7349,0.2159388930693291,0.8282975144376041,0.0462024855623959,"[0.08203786104252153, 0.7466332237722063, 0.9727719914290236, 0.7597896586962142, 0.9731208906607639, 0.16286450790883722, 0.19102450958247985, 0.32810405309074253, 0.2482045963095223, 0.2008242071774201, 0.20768254670591502, 0.04249411177866835, 0.7893999723272402, 0.5517249458997028]",34.0,34.0,32.0,3.2845,3.2845,8.1871,8.1871,19.735,19.735,False,0,3.682,0.551837,3.157,0.0820378610425215,1.5987477285570413,plus,False,0.9420881772953862,-0.3226992667120276,1.2647874440074138,True,True,1.0,True,100.0,1.5999999999999943,0.0,True,[],0.2765983784149428,0.2065353013936588,0.0002053020657264
40,5-5,258,5-5/r258,bo,329.64728579021613,"{""0"": {""K"": 0.0, ""B1"": 1088.3828128224038, ""A1"": 2120.3156194784806, ""A2"": 2806.5022336257884, ""A3"": 3208.3480795769183, ""A4"": 1942.7413008903163, ""B2"": 4020.207614643698}}",3.7349,0.0915607526825784,0.8282975144376041,0.0462024855623959,"[0.07089188941725078, 0.4660875367324885, 0.23406081996180728, 0.4559818536512862, 0.6035488674464061, 0.6899673289412728, 0.4177938281484551, 0.8645607773427307, 0.5940857814961441, 0.2109659837527148, 0.6976275817155793, 0.6084024878632479, 0.9757694939030639, 0.9899879814571173]",60.0,60.0,33.0,8.6739,8.6739,50.6302,50.6302,24.3942,24.3942,False,0,3.7511,0.989783,3.157,0.0708918894172507,1.7081062034338286,minus,True,-1.277437632441997,-0.9487347813140246,0.3287028511279724,True,True,1.0,True,100.0,177.5999999999999,0.0,True,[],0.2735309055642999,0.2034797128807384,0.0001680743977258
41,5-5,258,5-5/r258,bo,1607.7452949994415,"{""0"": {""K"": 0.0, ""B1"": 3127.371294252006, ""A1"": 2195.691852040741, ""A2"": 2226.621723046196, ""A3"": 4504.929868505601, ""A4"": 844.1063506906642, ""B2"": 2162.3335640627797}}",3.7349,0.1231455954254815,0.8282975144376041,0.0462024855623959,"[0.345751676343966, 0.032991959182720465, 0.6725529665058078, 0.47219179613779383, 0.4788433813002573, 0.968802122259269, 0.1815282474603579, 0.4650179707661892, 0.561724374470881, 0.0948669382258297, 0.8940292170479283, 0.8704653916483611, 0.0027004595102451123, 0.6876215778334516]",57.0,57.0,20.0,10.8343,10.8343,70.2849,70.2849,0.0675,0.0675,False,0,3.7034,0.687467,3.157,0.345751676343966,1.7151883207870018,minus,True,-0.2981871391758993,0.7053412003555826,1.0035283395314818,True,True,1.0,True,100.0,31.0,0.0,True,[],0.2690942161382313,0.201616034717392,0.0001419138256882
42,5-5,258,5-5/r258,bo,573.1092861843614,"{""0"": {""K"": 0.0, ""B1"": 2976.581166114152, ""A1"": 3671.3172289755757, ""A2"": 3992.8144802789698, ""A3"": 2277.6073979591574, ""A4"": 1061.5101736871688, ""B2"": 2163.1317606519383}}",3.7349,0.1748286187752889,0.8282975144376041,0.0462024855623959,"[0.12324930885685192, 0.9921275449628898, 0.6401249819600326, 0.7895305868764679, 0.8586697807051548, 0.48980804257186183, 0.22828175778218684, 0.46518962594665336, 0.17313788152288712, 0.46161929427287507, 0.47956005149755065, 0.3702213596044871, 0.5756358632599423, 0.059526144289892224]",28.0,28.0,61.0,6.2752,6.2752,32.7666,32.7666,14.3909,14.3909,False,0,3.6043,0.059386,3.157,0.1232493088568519,1.7467886661405827,minus,True,-1.3648254974445628,-0.6510979274608688,0.713727569983694,True,True,1.0,True,100.0,114.5,0.0,True,[],0.3857716623747682,0.174662810634939,0.0002632315167403
43,5-5,258,5-5/r258,bo,458.84648905595975,"{""0"": {""K"": 0.0, ""B1"": 125.24015111583934, ""A1"": 4353.260569970291, ""A2"": 3080.406245982202, ""A3"": 1799.3473731651552, ""A4"": 1641.1483799753619, ""B2"": 1951.8601731088559}}",3.7349,0.1330660006936806,0.8282975144376041,0.0462024855623959,"[0.09867666431310962, 0.4702237497558093, 0.0269333658313633, 0.9361850688108153, 0.6624529561252047, 0.3869564243365925, 0.35293513547857247, 0.41975487593738836, 0.26693804729253634, 0.4375813935419369, 0.3674401989535523, 0.33422529996431005, 0.08005732356858086, 0.03203725999807827]",35.0,35.0,58.0,5.0418,5.0418,30.0669,30.0669,2.0014,2.0014,False,0,3.6,0.032133,3.157,0.0986766643131096,1.6812152224756414,minus,True,1.7431581480637748,2.021749233200854,0.2785910851370792,True,True,1.0,True,100.0,125.3,0.0,True,[],0.7099043341909272,0.1095181928584027,0.0065009671422238
44,5-5,258,5-5/r258,bo,456.7454742429077,"{""0"": {""K"": 0.0, ""B1"": 3945.829409037557, ""A1"": 3149.3972802700996, ""A2"": 3271.044611572905, ""A3"": 2553.668257941752, ""A4"": 871.8524037754223, ""B2"": 1175.4053144060922}}",3.7349,0.1983479852129486,0.8282975144376041,0.0462024855623959,"[0.09822483317051778, 0.5981075599444869, 0.848565464309152, 0.6772897376924946, 0.7034504541017, 0.5491759694498392, 0.187495140596865, 0.2527753364314177, 0.675236869359998, 0.02106546444648938, 0.7691839414277593, 0.7927717061369617, 0.9348031452741599, 0.8184673932394413]",66.0,66.0,12.0,9.461,9.461,64.4579,64.4579,23.3701,23.3701,False,0,3.7241,0.818661,3.157,0.0982248331705177,1.6899188693398617,plus,False,0.796249090205653,0.0621192025533165,0.7341298876523366,True,True,1.0,True,100.0,121.70000000000029,0.0,True,[],0.4962802126560848,0.1576883772293252,0.0008414712047229
45,5-5,258,5-5/r258,bo,11.012515831204984,"{""0"": {""K"": 0.0, ""B1"": 93.37024499172162, ""A1"": 2876.6909178530777, ""A2"": 1671.8661708883478, ""A3"": 1105.591745048717, ""A4"": 825.9385797573806, ""B2"": 1453.4523684830388}}",3.7349,0.1248186210592069,0.8282975144376041,0.0462024855623959,"[0.0023682829744526845, 0.04326447446748016, 0.020079622578864864, 0.6186432081404468, 0.3595411120189995, 0.23776166560187462, 0.17762119994782377, 0.3125704018243094, 0.39766870953397104, 0.411909209022456, 0.009378680849398635, 0.4145351428050026, 0.025655521402376036, 0.08731209864474998]",45.0,45.0,55.0,1.1032,1.1032,36.0901,36.0901,0.6414,0.6414,False,0,3.6087,0.087272,3.157,0.0023682829744526,1.7133258716382591,minus,True,1.3601558072327835,1.726411781649357,0.3662559744165732,True,True,1.0,True,100.0,93.4,0.0,True,[],0.2629411385885453,0.1707067034864952,1.658873450586837e-05
46,5-5,258,5-5/r258,bo,718.1274207113275,"{""0"": {""K"": 0.0, ""B1"": 657.0294189826252, ""A1"": 839.84059203584, ""A2"": 4304.579141061052, ""A3"": 1599.9280994242297, ""A4"": 1958.8341482663839, ""B2"": 3439.2369761303203}}",3.7349,0.1157637843426006,0.8282975144376041,0.0462024855623959,"[0.15443600445404893, 0.1172144760286371, 0.14129664924357532, 0.18061088000770753, 0.9257159443142048, 0.3440705590159634, 0.4212546555411578, 0.7396208550817893, 0.9397882398518737, 0.9651070875480077, 0.6904319811478284, 0.5711091641341259, 0.5755998739230405, 0.11449391207772275]",85.0,85.0,116.0,8.5948,8.5948,47.8332,47.8332,14.39,14.39,False,0,3.613,0.114525,3.157,0.1544360044540489,1.64314548674355,plus,False,0.9052966968073752,0.2156036139967034,0.6896930828106719,True,True,1.0,True,100.0,182.79999999999995,0.0,True,[],0.40017684777528,0.1622134801097222,0.0001714638963857
47,5-5,258,5-5/r258,bo,603.1653453013579,"{""0"": {""K"": 0.0, ""B1"": 2835.2161236564275, ""A1"": 1552.703675520874, ""A2"": 2519.896487747769, ""A3"": 1757.2269614490294, ""A4"": 1137.037608436916, ""B2"": 2135.458343974409}}",3.7349,0.0837843790583016,0.8282975144376041,0.0462024855623959,"[0.129712977484163, 0.5929779001184589, 0.609723897560522, 0.33391476892922023, 0.5419132231715632, 0.37789827127936115, 0.24452421686815395, 0.45923835354288367, 0.7074846834340274, 0.7408217276513952, 0.48541375789116703, 0.05491974057905835, 0.940041466219847, 0.1592010205290595]",68.0,68.0,91.0,6.3396,6.3396,9.119,9.119,23.501,23.501,False,0,3.62,0.15889,3.157,0.129712977484163,1.83593264427802,minus,True,-0.4429982796989841,0.6225122722299934,1.0655105519289774,True,True,1.0,True,100.0,204.5,0.0,True,[],0.4091462762270466,0.1576389897817768,0.0001552923021977
48,5-5,258,5-5/r258,bo,498.1035238696282,"{""0"": {""K"": 0.0, ""B1"": 975.403713392492, ""A1"": 2778.6158326167356, ""A2"": 713.924510071423, ""A3"": 1659.1976520970393, ""A4"": 748.569448548392, ""B2"": 1184.781396033348}}",3.7349,0.2347565977153993,0.8282975144376041,0.0462024855623959,"[0.1071190373913179, 0.11819402714032612, 0.2097642394392456, 0.5975517919605883, 0.15353215270353182, 0.35681669937570737, 0.16098267710718106, 0.2547916980716878, 0.053879204276731985, 0.8750378458936389, 0.028819712328283842, 0.6555302832620007, 0.5043900770321377, 0.8584126822326732]",19.0,19.0,106.0,1.317,1.317,54.1648,54.1648,12.6098,12.6098,False,0,3.7304,0.85859,3.157,0.1071190373913179,1.7524839185667147,plus,False,0.3144903293056299,0.1333690142872776,0.1811213150183523,True,True,1.0,True,100.0,34.700000000000045,0.0,True,[],0.3279815214511253,0.1641963997486486,4.263339152240248e-05
49,5-5,258,5-5/r258,bo,512.5833798508213,"{""0"": {""K"": 0.0, ""B1"": 2796.3555817320444, ""A1"": 4007.793625190752, ""A2"": 916.2611478183229, ""A3"": 540.4162623850477, ""A4"": 592.1037514103617, ""B2"": 148.12024451500807}}",3.7349,0.1511264580832814,0.8282975144376041,0.0462024855623959,"[0.11023298491415512, 0.4469686785257442, 0.6013667917703321, 0.8618911021915596, 0.19704540813297267, 0.1162185510505479, 0.12733414008824984, 0.03185381602473292, 0.9686236798055153, 0.43680888355146075, 0.5421807517284852, 0.8590892348092997, 0.9584526778918961, 0.6161567216820292]",88.0,88.0,58.0,6.964,6.964,69.4317,69.4317,23.9613,23.9613,False,0,3.6921,0.61585,3.157,0.1102329849141551,1.704348699937685,minus,True,1.040216644011687,1.5879646006682442,0.5477479566565573,True,True,1.0,True,100.0,51.700000000000045,0.0,True,[],0.2496325077268527,0.163809580582956,6.575812276067233e-06
50,5-5,258,5-5/r258,bo,519.0342000231907,"{""0"": {""K"": 0.0, ""B1"": 3281.1494703567573, ""A1"": 138.57710954789655, ""A2"": 38.39816829870786, ""A3"": 494.5483969297879, ""A4"": 786.8665154387539, ""B2"": 1833.7751340905043}}",3.7349,0.2245483687447343,0.8282975144376041,0.0462024855623959,"[0.11162025806950338, 0.13393465902484436, 0.7056235420122059, 0.029801528935031518, 0.008257670601872658, 0.10635449396339525, 0.16921860547069978, 0.394360243890431, 0.41864974789666975, 0.7169924108053466, 0.06039306399035338, 0.8676456779399616, 0.30965016451198757, 0.05150740400531639]",46.0,46.0,89.0,1.6643,1.6643,70.0734,70.0734,7.7413,7.7413,False,0,3.6031,0.05178,3.157,0.1116202580695033,1.6564826543879505,plus,False,2.324364675172538,2.2671180824384907,0.0572465927340473,True,True,1.0,True,100.0,38.39999999999998,0.0,True,[],0.3276575682942703,0.1596460143069278,2.973048586903224e-05
51,5-5,258,5-5/r258,bo,323.688635132007,"{""0"": {""K"": 0.0, ""B1"": 1681.8626739930592, ""A1"": 3501.7360063480655, ""A2"": 3149.3804354160684, ""A3"": 4408.822632708953, ""A4"": 833.6452237881174, ""B2"": 2865.6941913941496}}",3.7349,0.1185942618761426,0.8282975144376041,0.0462024855623959,"[0.06961045916817354, 0.030413302508788154, 0.36169089763291595, 0.7530615067415195, 0.6772861151432406, 0.9481338995073018, 0.17927854275013277, 0.6162783207299246, 0.7461643776883955, 0.23175198634574934, 0.511609887191652, 0.16481067773265512, 0.02995867144436226, 0.7277168113446245]",71.0,71.0,35.0,6.6277,6.6277,17.3608,17.3608,0.749,0.749,False,0,3.7098,0.72803,3.157,0.0696104591681735,1.8417601540439303,minus,True,-0.2558455759565039,0.8226918530826599,1.0785374290391638,True,True,1.0,True,100.0,241.2,0.0,True,[],0.2661016225749248,0.1599924551016343,6.886477930277441e-06
52,5-5,258,5-5/r258,bo,701.7894234431044,"{""0"": {""K"": 0.0, ""B1"": 1701.1084034530716, ""A1"": 1841.6795740385649, ""A2"": 1616.7745576566551, ""A3"": 2374.7070188105426, ""A4"": 946.4072261084402, ""B2"": 3450.8561975641683}}",3.7349,0.1657979254569144,0.8282975144376041,0.0462024855623959,"[0.15092245665443105, 0.8155084475463014, 0.36582976418345625, 0.39606012344915376, 0.34769345325949574, 0.5106896814646328, 0.20352843572224522, 0.7421196123793911, 0.6881156544218745, 0.11722864647948217, 0.5168357666198831, 0.34217390265971503, 0.6920718517532141, 0.7833708591818486]",67.0,67.0,23.0,6.6852,6.6852,30.663,30.663,17.3018,17.3018,False,0,3.7185,0.783169,3.157,0.150922456654431,1.683119407079705,plus,False,0.1165873426950908,-0.9435815435492156,1.0601688862443064,True,True,1.0,True,100.0,84.30000000000018,0.0,True,[],0.3945164230331663,0.1534541556447439,8.545803346337048e-05
53,5-5,258,5-5/r258,bo,209.1505197779969,"{""0"": {""K"": 0.0, ""B1"": 2138.2645176473548, ""A1"": 75.9186618120338, ""A2"": 4602.751812590592, ""A3"": 2127.1398477012835, ""A4"": 1207.4668826871618, ""B2"": 1253.7520303795475}}",3.7349,0.0675453969200939,0.8282975144376041,0.0462024855623959,"[0.0449786064038703, 0.5485418082444982, 0.45984183175211935, 0.016326593938071787, 0.9898390994818477, 0.45744942961317925, 0.2596702973520778, 0.2696240925547414, 0.3941260589358959, 0.9042807708358469, 0.5017812829145544, 0.9028930118021297, 0.8911946879587501, 0.7549675928185449]",45.0,45.0,109.0,6.5196,6.5196,72.717,72.717,22.2799,22.2799,False,0,3.7141,0.755283,3.157,0.0449786064038703,1.7655766195474394,minus,True,1.1167607913251176,1.8824146191986424,0.7656538278735248,True,True,1.0,True,100.0,11.099999999999907,0.0,True,[],0.2433113740564985,0.1568902159666493,2.7588781784073223e-06
54,5-5,258,5-5/r258,bo,696.0518606061197,"{""0"": {""K"": 0.0, ""B1"": 1415.4131720075345, ""A1"": 659.7744612935742, ""A2"": 10.514390393442758, ""A3"": 367.680053741545, ""A4"": 1023.2494760558388, ""B2"": 338.1322521570336}}",3.7349,0.0952909332874765,0.8282975144376041,0.0462024855623959,"[0.14968857217335907, 0.9921564939497041, 0.3043899294639859, 0.14188698092334928, 0.002261159224396292, 0.079070979299257, 0.22005365076469652, 0.072716613367104, 0.6493973460089264, 0.672394278010887, 0.5783040036035378, 0.4382398056340021, 0.7276178181130816, 0.7870837452288084]",64.0,64.0,84.0,7.3613,7.3613,37.868,37.868,18.1904,18.1904,False,0,3.7191,0.786972,3.157,0.149688572173359,1.7160958641636928,minus,True,0.4378063448712563,1.673154191224977,1.2353478463537206,True,True,1.0,True,100.0,10.5,0.0,True,[],0.426064563165265,0.1319106344909778,3.218245392135418e-05
55,5-5,258,5-5/r258,bo,440.76515795721815,"{""0"": {""K"": 0.0, ""B1"": 1209.738112994569, ""A1"": 2891.4621636299767, ""A2"": 3234.777573303339, ""A3"": 1305.1843014631215, ""A4"": 985.7782335581077, ""B2"": 695.4996939415754}}",3.7349,0.2438193296609431,0.8282975144376041,0.0462024855623959,"[0.09478820601230498, 0.05526822250233665, 0.2601587339773267, 0.6218198201354789, 0.6956510910329762, 0.28068479601357454, 0.21199531904475433, 0.14956982665410223, 0.5041691887085069, 0.97126561409994, 0.5703847617400681, 0.6799158737320327, 0.9543240378677095, 0.16576202603669699]",53.0,53.0,117.0,7.2742,7.2742,55.9937,55.9937,23.8581,23.8581,False,0,3.6211,0.165862,3.157,0.0947882060123049,1.7584547683345269,plus,False,0.2605027971991069,0.1178511929156054,0.1426516042835014,True,True,1.0,True,100.0,95.40000000000008,0.0,True,[],0.3981180713477022,0.1446514091795728,4.744458874175977e-05
56,5-5,258,5-5/r258,bo,544.7741363413598,"{""0"": {""K"": 0.0, ""B1"": 27.5427120632357, ""A1"": 4551.892529012243, ""A2"": 1950.6074188406283, ""A3"": 1995.745608411424, ""A4"": 761.1898843239935, ""B2"": 504.0271806373023}}",3.7349,0.2303602298920463,0.8282975144376041,0.0462024855623959,"[0.11715572824545373, 0.02563536979263048, 0.005923163884566818, 0.9789016191424179, 0.4194854664173394, 0.42919260395944603, 0.16369674931698786, 0.10839294207253813, 0.8351239679958284, 0.7161842915882377, 0.32991851427238084, 0.49314902198282984, 0.935354671056641, 0.09484579945945204]",78.0,78.0,89.0,4.6291,4.6291,41.9862,41.9862,23.3839,23.3839,False,0,3.6099,0.094878,3.157,0.1171557282454537,1.5977514096476162,plus,False,0.6410441354508913,0.7452650776073431,0.1042209421564517,True,True,1.0,True,100.0,27.5,0.0,True,[],0.2585754636755521,0.1539697064257192,3.0377332802189057e-06
57,5-5,258,5-5/r258,bo,706.0111815615817,"{""0"": {""K"": 0.0, ""B1"": 924.6955398361791, ""A1"": 4285.142253946098, ""A2"": 2469.8327150895766, ""A3"": 1101.4329521152074, ""A4"": 959.536678665517, ""B2"": 1588.9304499945385}}",3.7349,0.1330517983857504,0.8282975144376041,0.0462024855623959,"[0.1518303616261466, 0.05256015511818246, 0.1988592558787482, 0.9215359685905588, 0.5311468204493713, 0.23686730153015212, 0.2063519739065628, 0.3417054731171051, 0.1976194571900024, 0.988095010390596, 0.03679811856363435, 0.4223508259745581, 0.42336007459343816, 0.01318978056521758]",30.0,30.0,119.0,1.4048,1.4048,36.6763,36.6763,10.584,10.584,False,0,3.597,0.013119,3.157,0.1518303616261466,1.8061855189724856,plus,False,0.1891791718615982,-0.4228242002167668,0.6120033720783651,True,True,1.0,True,100.0,34.799999999999955,0.0,True,[],0.53972646203273,0.1308710334705034,0.0005059293730334
58,5-5,258,5-5/r258,bo,390.6975082883406,"{""0"": {""K"": 0.0, ""B1"": 2765.7321325834137, ""A1"": 4283.016068824099, ""A2"": 319.7450308762362, ""A3"": 1504.0770186820907, ""A4"": 975.5180623362485, ""B2"": 149.74931685735237}}",3.7349,0.0890858325583508,0.8282975144376041,0.0462024855623959,"[0.08402096952437432, 0.5499568212649966, 0.5947811037813793, 0.921078724478301, 0.06876237223144865, 0.3234574233724926, 0.2097888306099459, 0.03220415416287148, 0.3462299260889332, 0.11888852051431187, 0.8909717754545773, 0.05156972927888237, 0.3545974518505022, 0.0121242738824614]",41.0,41.0,23.0,10.8007,10.8007,8.8677,8.8677,8.8649,8.8649,False,0,3.5968,0.011852,3.157,0.0840209695243743,1.7874681744097332,minus,True,1.3769179855307565,2.4929140710779967,1.1159960855472402,True,True,1.0,True,100.0,149.7,0.0,True,[],0.4275299010745578,0.1420459295419924,7.91460174609115e-05
59,5-5,258,5-5/r258,bo,409.7987515235399,"{""0"": {""K"": 0.0, ""B1"": 4557.29221159846, ""A1"": 758.9288411113502, ""A2"": 1652.2882933879907, ""A3"": 3193.765280123682, ""A4"": 904.3729905666403, ""B2"": 3793.558985879799}}",3.7349,0.2669110840144343,0.8282975144376041,0.0462024855623959,"[0.0881287637685032, 0.46165111404800097, 0.9800628412039699, 0.16321050346480648, 0.3553308157823636, 0.6868312430373509, 0.19448881517562155, 0.8158191367483438, 0.8886221833610605, 0.7951587789198616, 0.8315016663392204, 0.026016806236638046, 0.14782363914107122, 0.8115794992169817]",82.0,82.0,97.0,10.1465,10.1465,6.9513,6.9513,3.6956,3.6956,False,0,3.723,0.81169,3.157,0.0881287637685032,1.7536208478356423,plus,False,0.4528977925935006,-0.1606609031940171,0.6135586957875179,True,True,1.0,True,100.0,92.7,0.0,True,[],0.2468006092219731,0.1496988744733156,1.3262250906902822e-06
0,4-6,283,4-6/r283,gt_layout_ceiling_r,1697.9778549030211,"{""0"": {""K"": 0.0, ""B1"": 230.9948648222578, ""A1"": 971.1833983935544, ""A2"": 1700.5139398233246, ""A3"": 2437.251325647177, ""A4"": 3155.0698328969233, ""B2"": 3909.2586206021147}}",3.7343,0.8267842176883957,0.8267842176883957,0.0418157823116043,"[0.36515652793613357, 0.0, 0.04967631501553931, 0.20885664481581814, 0.36570192254265044, 0.524140070031651, 0.6785096414832094, 0.8407007786241106, 0.29333333333333333, 0.36363636363636365, 0.18181818181818182, 0.2, 0.0, 0.0]",37.0,37.0,50.0,3.0,3.0,20.0,20.0,0.0,0.0,False,0,3.7343,0.0,2.9953,0.3651565279361335,1.900203678233397,plus,False,3.5694210663437227,3.568038654302506,0.0013824120412166,True,True,1.0,True,100.0,231.0,1.0,True,[],,,
1,4-6,283,4-6/r283,gt_layout_otsu_r,1697.9778549030211,"{""0"": {""K"": 0.0, ""B1"": 230.9948648222578, ""A1"": 971.1833983935544, ""A2"": 1700.5139398233246, ""A3"": 2437.251325647177, ""A4"": 3155.0698328969233, ""B2"": 3909.2586206021147}}",3.7343,0.8267842176883957,0.8267842176883957,0.0418157823116043,"[0.36515652793613357, 0.0, 0.04967631501553931, 0.20885664481581814, 0.36570192254265044, 0.524140070031651, 0.6785096414832094, 0.8407007786241106, 0.29333333333333333, 0.36363636363636365, 0.18181818181818182, 0.2, 0.0, 0.0]",37.0,37.0,50.0,3.0,3.0,20.0,20.0,0.0,0.0,False,0,3.7343,0.0,2.9953,0.3651565279361335,1.900203678233397,plus,False,3.5694210663437227,3.568038654302506,0.0013824120412166,True,True,1.0,True,100.0,231.0,1.0,True,[],,,
2,4-6,283,4-6/r283,intrinsic_r_otsu,2906.6939197117013,"{""0"": {""K"": 0.0, ""B1"": 3606.9384596401496, ""A1"": 1047.2134334562522, ""A2"": 1395.7732248371983, ""A3"": 4062.023521092618, ""A4"": 24.48366622992247, ""B2"": 3818.712145479863}}",3.7343,0.1106703889432004,0.8267842176883957,0.0418157823116043,"[0.625095466604667, 0.8972138009695755, 0.7756856902451935, 0.22520718999059186, 0.30016628491122543, 0.8735534453962619, 0.005265304565574724, 0.8212284183827663, 0.7970694287520462, 0.4679349528437208, 0.3030324268193135, 0.2784256121007733, 0.2548695876541246, 0.0]",75.0,75.0,61.0,4.3334,4.3334,25.8819,25.8819,6.3717,6.3717,False,0,3.7343,0.0,2.9953,0.625095466604667,1.7020488428809706,plus,False,1.275319856767592,1.2569161137013436,0.0184037430662482,True,True,1.0,True,100.0,24.5,0.0,True,[],,,
3,4-6,283,4-6/r283,random,2346.149404154483,"{""0"": {""K"": 0.0, ""B1"": 4629.076317969926, ""A1"": 3685.8779243439517, ""A2"": 2893.1334169014062, ""A3"": 4598.664686720765, ""A4"": 1001.1854467955351, ""B2"": 744.9859574389772}}",3.7343,0.037105168700646,0.8267842176883957,0.0418157823116043,"[0.5045482589579533, 0.5534973520744925, 0.9955002834343927, 0.7926619192137531, 0.6221792294411627, 0.9889601476818849, 0.21530869823559895, 0.16021203385784455, 0.6125396042730308, 0.04394200796138337, 0.03568027877359614, 0.5148888202713703, 0.4662060253252891, 0.9171677731928523]",61.0,61.0,15.0,1.3925,1.3925,43.6167,43.6167,11.6552,11.6552,False,0,3.755,0.918952,2.9953,0.5045482589579533,1.858356258546,plus,False,-0.3987182945825119,-0.557121011126735,0.158402716544223,True,True,1.0,True,100.0,20.90000000000009,0.0,True,[],,,
4,4-6,283,4-6/r283,random,2925.9020833831987,"{""0"": {""K"": 0.0, ""B1"": 2310.461474579795, ""A1"": 1150.9443874270883, ""A2"": 54.842218772652245, ""A3"": 894.6699695316945, ""A4"": 3217.949362100552, ""B2"": 932.8212665395276}}",3.7343,0.1157960836133048,0.8267842176883957,0.0418157823116043,"[0.6292262544910104, 0.5141176465995139, 0.49687343539350426, 0.24751492202733083, 0.01179402554250586, 0.19240214398531064, 0.6920321208818392, 0.2006067239869952, 0.3695363106022067, 0.0037342420520759534, 0.8300477298017456, 0.15446108106143985, 0.26759930456378545, 0.8803321539808286]",43.0,43.0,10.0,10.1305,10.1305,16.5846,16.5846,6.69,6.69,False,0,3.7541,0.878984,2.9953,0.6292262544910104,1.8730249625200213,minus,True,1.4651391713753994,2.00715905319381,0.5420198818184105,True,True,1.0,True,100.0,38.09999999999991,0.0,True,[],,,
5,4-6,283,4-6/r283,random,2370.527265888168,"{""0"": {""K"": 0.0, ""B1"": 2974.684826282747, ""A1"": 3449.2349052326354, ""A2"": 425.4545635431623, ""A3"": 2516.318769400673, ""A4"": 2361.1408987966274, ""B2"": 4051.728101621895}}",3.7343,0.1052290198590647,0.8267842176883957,0.0418157823116043,"[0.5097908098684232, 0.8471502463658693, 0.6397171669425262, 0.7417709473618571, 0.09149560506304566, 0.5411438213764888, 0.50777223630035, 0.8713393766928806, 0.3612640590141576, 0.5981840672072131, 0.05925164234550362, 0.3876318011107287, 0.32303634625820665, 0.15019972907045187]",42.0,42.0,76.0,1.6518,1.6518,34.0724,34.0724,8.0759,8.0759,False,0,3.7377,0.150673,2.9953,0.5097908098684232,1.7352813753567913,plus,False,1.0888691935996375,0.9949212188572916,0.0939479747423458,True,True,1.0,True,100.0,155.10000000000002,0.0,True,[],,,
6,4-6,283,4-6/r283,random,3795.972182758702,"{""0"": {""K"": 0.0, ""B1"": 4551.17766251218, ""A1"": 2743.461372499338, ""A2"": 2813.5115803088083, ""A3"": 2966.6841006657446, ""A4"": 3145.4936337294657, ""B2"": 701.1642891329145}}",3.7343,0.1350062026611212,0.8267842176883957,0.0418157823116043,"[0.8163381038190757, 0.37944617155031246, 0.9787478844112216, 0.5899916930106103, 0.6050562538298513, 0.6379965807883322, 0.6764502438127883, 0.1507880191683687, 0.44031346718818754, 0.23956396182952333, 0.40249829810398163, 0.09670409393174562, 0.9678280510488214, 0.21500403735588003]",48.0,48.0,36.0,5.4275,5.4275,12.2528,12.2528,24.1957,24.1957,False,0,3.7391,0.212846,2.9953,0.8163381038190757,1.4704178581757068,plus,False,1.296722533367341,0.1933697088662705,1.1033528245010704,True,True,1.0,True,100.0,70.09999999999991,0.0,True,[],,,
7,4-6,283,4-6/r283,random,3123.708006142475,"{""0"": {""K"": 0.0, ""B1"": 4064.458171595196, ""A1"": 3079.2985332738103, ""A2"": 612.0135435086216, ""A3"": 3929.595592066671, ""A4"": 4394.008995824155, ""B2"": 4203.213065111059}}",3.7343,0.1058546703419457,0.8267842176883957,0.0418157823116043,"[0.6717651626112849, 0.3004200814790703, 0.8740770261495044, 0.6622147383384538, 0.13161581580830573, 0.8450743208745529, 0.9449481711449795, 0.9039167881959268, 0.5697191478592772, 0.1454599537609269, 0.19246349496833237, 0.9279056847445244, 0.5523264876672638, 0.18055249844891164]",58.0,58.0,26.0,3.1171,3.1171,74.5929,74.5929,13.8082,13.8082,False,0,3.7384,0.181759,2.9953,0.6717651626112849,1.7354254627337802,plus,False,0.4595772934494836,0.432233729012701,0.0273435644367826,True,True,1.0,True,100.0,134.89999999999964,0.0,True,[],,,
8,4-6,283,4-6/r283,random,4110.864558013585,"{""0"": {""K"": 0.0, ""B1"": 2649.078376303207, ""A1"": 1749.7384380041285, ""A2"": 1910.9420620306537, ""A3"": 1113.6248389705786, ""A4"": 176.96638311426176, ""B2"": 4074.4174577081103}}",3.7343,0.058223992502343,0.8267842176883957,0.0418157823116043,"[0.8840568941964699, 0.6415717052224807, 0.5696942744738079, 0.3762878361299201, 0.41095528215712984, 0.23948921268184487, 0.03805728669123909, 0.876218808109271, 0.4677302168140961, 0.5476351992137353, 0.3221633097802251, 0.7513249198549279, 0.025196870801760363, 0.37218527256520395]",50.0,50.0,70.0,4.5438,4.5438,61.3494,61.3494,0.6299,0.6299,False,0,3.7427,0.372719,2.9953,0.8840568941964699,1.7244218378159588,minus,True,1.8766001655914537,2.7294812044379104,0.8528810388464567,True,True,1.0,True,100.0,161.20000000000005,0.0,True,[],,,
9,4-6,283,4-6/r283,random,141.12886888611908,"{""0"": {""K"": 0.0, ""B1"": 4497.23929459776, ""A1"": 3058.587394679092, ""A2"": 1991.224145711088, ""A3"": 2435.3915017837335, ""A4"": 4058.562819826201, ""B2"": 1600.5796015315218}}",3.7343,0.0528052533786492,0.8267842176883957,0.0418157823116043,"[0.03035029438411163, 0.12289210220500935, 0.9671482353973677, 0.6577607300385144, 0.4282202463894813, 0.5237401079104803, 0.8728092085647744, 0.3442106669960262, 0.5902909822897147, 0.6836843733395437, 0.35541377702351207, 0.5190984864959901, 0.7652473832785226, 0.9091793139905502]",59.0,59.0,85.0,4.9096,4.9096,43.9324,43.9324,19.1312,19.1312,False,0,3.7548,0.91007,2.9953,0.0303502943841116,1.8142393329605413,plus,False,-1.8522850456967568,-2.06748188266673,0.2151968369699726,True,True,1.0,True,100.0,152.70000000000073,0.0,True,[],,,
10,4-6,283,4-6/r283,random,702.439593057192,"{""0"": {""K"": 0.0, ""B1"": 24.081726041759467, ""A1"": 3501.345391729556, ""A2"": 3768.9497609751897, ""A3"": 635.9528396730042, ""A4"": 1947.901976746311, ""B2"": 3790.9416926769622}}",3.7343,0.0640391952826916,0.8267842176883957,0.0418157823116043,"[0.1510622780768155, 0.9334193923074285, 0.005178865815432143, 0.752977503597754, 0.8105268303172452, 0.13676405154258153, 0.41890365091318515, 0.8152562779950456, 0.014271189684610608, 0.6284619478662907, 0.7930236580980341, 0.5130035828222085, 0.7258494205510871, 0.22642348269714407]",16.0,16.0,79.0,9.7233,9.7233,43.4753,43.4753,18.1462,18.1462,False,0,3.7394,0.226169,2.9953,0.1510622780768155,1.5982099193957546,plus,False,1.39748309058874,1.2187743642339612,0.1787087263547786,True,True,1.0,True,100.0,22.0,0.0,True,[],,,
11,4-6,283,4-6/r283,random,923.1233381659288,"{""0"": {""K"": 0.0, ""B1"": 834.2380281872313, ""A1"": 1609.1856918730248, ""A2"": 4408.776885560288, ""A3"": 2665.997136891712, ""A4"": 1581.3165135069053, ""B2"": 1262.5894821108516}}",3.7343,0.0767666884867967,0.8267842176883957,0.0418157823116043,"[0.19852114799267284, 0.3631269505503516, 0.17940602756714652, 0.34606143911247844, 0.9481240614108147, 0.5733327176111209, 0.34006806742083984, 0.2715246198087853, 0.9520394907075223, 0.44447820964711326, 0.9803947508805895, 0.515522669106271, 0.521166129026224, 0.8965405237160008]",86.0,86.0,59.0,11.7843,11.7843,43.6642,43.6642,13.0292,13.0292,False,0,3.7545,0.896748,2.9953,0.1985211479926728,1.812933477081816,plus,False,-0.0668613344532113,0.0147273250122528,0.0815886594654642,True,True,1.0,True,100.0,27.90000000000009,0.0,True,[],,,
12,4-6,283,4-6/r283,random,3453.8684946999338,"{""0"": {""K"": 0.0, ""B1"": 1983.9201928386012, ""A1"": 4083.5735462950042, ""A2"": 1914.154597067031, ""A3"": 4290.832029183373, ""A4"": 319.5263873666561, ""B2"": 1999.4854078404082}}",3.7343,0.1469542520443841,0.8267842176883957,0.0418157823116043,"[0.7427674182150396, 0.5806528638528226, 0.4266495038362583, 0.8781878594182805, 0.4116461499068884, 0.9227595761684675, 0.06871535212186153, 0.42999686190116304, 0.519514819877859, 0.9509381955818498, 0.25099924666475815, 0.8060391472621088, 0.6764711999985934, 0.717085904281123]",54.0,54.0,115.0,3.761,3.761,65.4529,65.4529,16.9118,16.9118,False,0,3.7505,0.719111,2.9953,0.7427674182150396,1.8885443468618484,plus,False,1.517037933131731,0.4104470239936031,1.106590909138128,True,True,1.0,True,100.0,15.600000000000025,0.0,True,[],,,
13,4-6,283,4-6/r283,random,2927.7431502069467,"{""0"": {""K"": 0.0, ""B1"": 1546.9687853326607, ""A1"": 1851.981352509073, ""A2"": 943.5396477928504, ""A3"": 235.77385701605786, ""A4"": 990.0231066353273, ""B2"": 4256.909446626173}}",3.7343,0.0467170327892195,0.8267842176883957,0.0418157823116043,"[0.6296221828402035, 0.97156070846158, 0.33268145921132486, 0.39827555967937056, 0.2029117522135162, 0.05070405527227051, 0.2129081949753392, 0.9154643971239083, 0.8401688171583896, 0.11240574149257898, 0.6037790253168653, 0.4791964948896248, 0.5946848704882786, 0.6592750066090632]",78.0,78.0,22.0,7.6416,7.6416,40.9397,40.9397,14.8671,14.8671,False,0,3.7492,0.661379,2.9953,0.6296221828402035,1.635822503506163,plus,False,1.0285778739694238,0.9798911227537034,0.0486867512157204,True,True,1.0,True,100.0,46.5,0.0,True,[],,,
14,4-6,283,4-6/r283,random,1425.9666326332542,"{""0"": {""K"": 0.0, ""B1"": 2166.1561630342308, ""A1"": 2920.668975121817, ""A2"": 2953.801755133666, ""A3"": 855.0856937700639, ""A4"": 287.67419442713975, ""B2"": 1913.5532292655835}}",3.7343,0.0395530296847236,0.8267842176883957,0.0418157823116043,"[0.3066594908888719, 0.9613508447364569, 0.4658400350611249, 0.6281008548649069, 0.6352261838997132, 0.18388939650969116, 0.06186541815637414, 0.4115168234979749, 0.7640300884384686, 0.8152217882917717, 0.729989249002065, 0.113204952525223, 0.9133548615310455, 0.8020365779972838]",72.0,72.0,100.0,9.0299,9.0299,13.4904,13.4904,22.8339,22.8339,False,0,3.7524,0.803488,2.9953,0.3066594908888719,1.7016821941429168,minus,True,0.742048451632441,1.130530803255927,0.3884823516234859,True,True,1.0,True,100.0,33.19999999999982,0.0,True,[],,,
15,4-6,283,4-6/r283,random,4081.264854920331,"{""0"": {""K"": 0.0, ""B1"": 4257.7047732184055, ""A1"": 216.93290648557536, ""A2"": 140.8430777819492, ""A3"": 94.00241610608298, ""A4"": 1175.3743524789222, ""B2"": 1155.8494454217705}}",3.7343,0.0589209713862401,0.8267842176883957,0.0418157823116043,"[0.8776913666495335, 0.5233041529751773, 0.9156354351007324, 0.04665223795388718, 0.030288833931601977, 0.020215573356146876, 0.2527686779524564, 0.24856977320898288, 0.18750333435596656, 0.5670558183853956, 0.038985841033045365, 0.5903878678348518, 0.16601115304721703, 0.6778737085673094]",29.0,29.0,72.0,1.4288,1.4288,49.2791,49.2791,4.1503,4.1503,False,0,3.7496,0.679143,2.9953,0.8776913666495335,1.7957132949951884,plus,False,0.8658011630568975,1.0131808235901714,0.1473796605332739,True,True,1.0,True,100.0,19.5,0.0,True,[],,,
16,4-6,283,4-6/r283,random,98.00039816409353,"{""0"": {""K"": 0.0, ""B1"": 4363.286983920455, ""A1"": 2503.5431664291877, ""A2"": 3773.881422772391, ""A3"": 3059.8212794945252, ""A4"": 2839.991153102897, ""B2"": 889.3249623947728}}",3.7343,0.203559034767146,0.8267842176883957,0.0418157823116043,"[0.02107535444389108, 0.3105701970531949, 0.9383412868646139, 0.5383963798772446, 0.8115874027467508, 0.6580260816117258, 0.6107507856135262, 0.19125268008489738, 0.574394748257806, 0.039686418459000006, 0.8016644050918733, 0.9600709170261761, 0.8540090713418452, 0.0507096459660612]",58.0,58.0,14.0,9.8183,9.8183,77.0053,77.0053,21.3502,21.3502,False,0,3.7354,0.048532,2.9953,0.021075354443891,1.8885009093896168,plus,False,1.0382107999430292,-0.1699032370512524,1.2081140369942818,True,True,1.0,True,100.0,219.80000000000015,0.0,True,[],,,
17,4-6,283,4-6/r283,random,1574.769387718016,"{""0"": {""K"": 0.0, ""B1"": 524.1340115113454, ""A1"": 2913.744959875763, ""A2"": 3708.18051545345, ""A3"": 1458.804844810434, ""A4"": 4012.0629423721166, ""B2"": 3706.640144734503}}",3.7343,0.1091887386956459,0.8267842176883957,0.0418157823116043,"[0.33866008338021847, 0.31800319786228226, 0.11271699172286997, 0.626611819328121, 0.7974581753663333, 0.3137214720022439, 0.8628092349187347, 0.7971269128461297, 0.12913794147432478, 0.7668591567381553, 0.8826207199019183, 0.19728256983174652, 0.5736411794985231, 0.6387499660221029]",25.0,25.0,94.0,10.7088,10.7088,19.7962,19.7962,14.341,14.341,False,0,3.7487,0.639174,2.9953,0.3386600833802184,1.7478262868042485,minus,True,-0.0217924939104854,0.8608178226074625,0.882610316517948,True,True,1.0,True,100.0,1.5,0.0,True,[],,,
18,4-6,283,4-6/r283,random,2833.404297340589,"{""0"": {""K"": 0.0, ""B1"": 3074.5402937195136, ""A1"": 2938.5894697597614, ""A2"": 3831.0675238593667, ""A3"": 3736.3340509560267, ""A4"": 1521.3321668868489, ""B2"": 3357.5200981084754}}",3.7343,0.155094580377594,0.8267842176883957,0.0418157823116043,"[0.6093342574925998, 0.09624567762804348, 0.6611914610149492, 0.6319547246795186, 0.8238854890020143, 0.8035126991303283, 0.32716820793265566, 0.7220473329265539, 0.867273387572356, 0.8929477581907895, 0.16151232694699924, 0.026702350086284632, 0.6508074434222286, 0.21467627274376333]",80.0,80.0,108.0,2.7766,2.7766,7.0027,7.0027,16.2702,16.2702,False,0,3.7391,0.212846,2.9953,0.6093342574925998,1.8115084845968752,plus,False,-1.2964438013817658,-1.3669188010042717,0.0704749996225058,True,True,1.0,True,100.0,94.79999999999995,0.0,True,[],,,
19,4-6,283,4-6/r283,random,2621.250217841872,"{""0"": {""K"": 0.0, ""B1"": 1763.8362527744398, ""A1"": 1175.4016592870264, ""A2"": 2122.7717323226925, ""A3"": 3056.1841967089113, ""A4"": 470.1102005241633, ""B2"": 1769.7191502775236}}",3.7343,0.0493296230710852,0.8267842176883957,0.0418157823116043,"[0.5637097242670692, 0.9448045298068409, 0.3793196242525677, 0.25277455038430674, 0.4565100499618694, 0.6572439132707336, 0.10109896785465877, 0.3805847635005427, 0.1337211888385227, 0.6624462216142538, 0.8305525322631839, 0.37685378140878245, 0.3717239527744183, 0.5395216589474345]",25.0,25.0,83.0,10.1361,10.1361,33.264,33.264,9.2931,9.2931,False,0,3.7465,0.541474,2.9953,0.5637097242670692,1.8138939100443463,plus,False,0.4373219271766823,0.1324382251008861,0.3048837020757961,True,True,1.0,True,100.0,5.899999999999636,0.0,True,[],,,
20,4-6,283,4-6/r283,random,1000.0186753171351,"{""0"": {""K"": 0.0, ""B1"": 1533.8131172632256, ""A1"": 2127.029496342711, ""A2"": 379.12129040696635, ""A3"": 3500.204434106576, ""A4"": 2692.6037710960322, ""B2"": 1393.5765089408305}}",3.7343,0.0911937330600799,0.8267842176883957,0.0418157823116043,"[0.21505777963809358, 0.2474095916167709, 0.3298522832824141, 0.45742569813821743, 0.08153146030257341, 0.7527321363670056, 0.5790545744292542, 0.2996938728905012, 0.07754657235100282, 0.7631809514014812, 0.1310789882913207, 0.13320664234967827, 0.13068424580727667, 0.08126231111599047]",21.0,21.0,94.0,2.4419,2.4419,14.9905,14.9905,3.2671,3.2671,False,0,3.7361,0.079618,2.9953,0.2150577796380935,1.844683229962505,minus,True,0.935113089622986,1.5002156601389305,0.5651025705159443,True,True,1.0,True,100.0,140.20000000000027,0.0,True,[],,,
21,4-6,283,4-6/r283,random,4214.724499111195,"{""0"": {""K"": 0.0, ""B1"": 1424.8091933119, ""A1"": 3872.4935415096143, ""A2"": 2882.6440876598767, ""A3"": 870.2167474143425, ""A4"": 2021.8823675511383, ""B2"": 4110.2394609579815}}",3.7343,0.0401412119544298,0.8267842176883957,0.0418157823116043,"[0.906392365400257, 0.2692442996733905, 0.3064105792068602, 0.8327943100020676, 0.6199234597118014, 0.18714338654071883, 0.4348134123765889, 0.8839224647221466, 0.3753740170194637, 0.7108815531965337, 0.09680770883646805, 0.7273247767385439, 0.7764735240652465, 0.8257667817021326]",43.0,43.0,88.0,2.0649,2.0649,59.5494,59.5494,19.4118,19.4118,False,0,3.7529,0.825693,2.9953,0.9063923654002568,1.8204106720250324,plus,False,-0.4114036799189016,-0.3134888457945511,0.0979148341243505,True,True,1.0,True,100.0,237.80000000000015,0.0,True,[],,,
22,4-6,283,4-6/r283,random,3135.034605523732,"{""0"": {""K"": 0.0, ""B1"": 298.58580077238184, ""A1"": 2412.3094883803715, ""A2"": 3522.18856467724, ""A3"": 887.3976462269989, ""A4"": 1238.0031037501876, ""B2"": 2492.9581970640807}}",3.7343,0.2183688993664355,0.8267842176883957,0.0418157823116043,"[0.6742009904352112, 0.37073279482625254, 0.06421200016610362, 0.5187762340602949, 0.7574599063822021, 0.19083820348967717, 0.2662372266129436, 0.5361200423793722, 0.7483315628979192, 0.8965867307591795, 0.12574151753416918, 0.18427021286649659, 0.7995369713881428, 0.6445216230234747]",71.0,71.0,109.0,2.3832,2.3832,18.8203,18.8203,19.9884,19.9884,False,0,3.7488,0.643615,2.9953,0.6742009904352112,1.7649971554709298,plus,False,1.909518863613289,1.4728184493425605,0.4367004142707285,True,True,1.0,True,100.0,80.70000000000005,0.0,True,[],,,
23,4-6,283,4-6/r283,random,3352.523481916395,"{""0"": {""K"": 0.0, ""B1"": 4367.186807912597, ""A1"": 3920.066560813376, ""A2"": 3613.588512097296, ""A3"": 1836.8393507099315, ""A4"": 2981.7153643356405, ""B2"": 857.672237376592}}",3.7343,0.1060210020316441,0.8267842176883957,0.0418157823116043,"[0.7209727918099774, 0.9967711650313137, 0.9391799586908811, 0.8430250668415862, 0.777115809053182, 0.3950192152064369, 0.6412291106098151, 0.1844456424465789, 0.7594944652808059, 0.7576906645183887, 0.721295213634719, 0.444799024426779, 0.3781803287908211, 0.41977093236994134]",72.0,72.0,93.0,8.9342,8.9342,38.3599,38.3599,9.4545,9.4545,False,0,3.7438,0.421569,2.9953,0.7209727918099774,1.8803033325549456,plus,False,0.5214772807396474,-0.3845653877172321,0.9060426684568796,True,True,1.0,True,100.0,282.8000000000002,0.0,True,[],,,
24,4-6,283,4-6/r283,perturb_small_segment,1697.9778549030211,"{""0"": {""K"": 0.0, ""B1"": 325.50000000000006, ""A1"": 1023.0, ""A2"": 1720.5, ""A3"": 2418.0, ""A4"": 3115.5, ""B2"": 3813.0000000000005}}",3.7343,0.7275774865857272,0.8267842176883957,0.0418157823116043,"[0.36515652793613357, 0.0, 0.07, 0.22, 0.37, 0.52, 0.67, 0.8200000000000001, 0.29333333333333333, 0.36363636363636365, 0.18181818181818182, 0.2, 0.0, 0.0]",37.0,37.0,50.0,3.0,3.0,20.0,20.0,0.0,0.0,False,0,3.7343,0.0,2.9953,0.3651565279361335,1.917651908306252,plus,False,3.825499999999999,3.4366111111111106,0.3888888888888884,True,True,1.0,True,100.0,325.5,1.0,True,[],,,
25,4-6,283,4-6/r283,perturb_wrong_k,2175.3800503644047,"{""0"": {""K"": 0.0, ""B1"": 230.9948648222578, ""A1"": 971.1833983935544, ""A2"": 1700.5139398233246, ""A3"": 2437.251325647177, ""A4"": 3155.0698328969233, ""B2"": 3909.2586206021147}}",3.7343,0.2289172480904955,0.8267842176883957,0.0418157823116043,"[0.4678236667450333, 0.0, 0.04967631501553931, 0.20885664481581814, 0.36570192254265044, 0.524140070031651, 0.6785096414832094, 0.8407007786241106, 0.29333333333333333, 0.36363636363636365, 0.18181818181818182, 0.2, 0.0, 0.0]",37.0,37.0,50.0,3.0,3.0,20.0,20.0,0.0,0.0,False,0,3.7343,0.0,2.9953,0.4678236667450333,1.900203678233397,plus,False,3.319421066343724,3.318038654302506,0.001382412041218,True,True,1.0,True,100.0,231.0,1.0,True,[],,,
26,4-6,283,4-6/r283,perturb_wrong_r_high,1697.9778549030211,"{""0"": {""K"": 0.0, ""B1"": 230.9948648222578, ""A1"": 971.1833983935544, ""A2"": 1700.5139398233246, ""A3"": 2437.251325647177, ""A4"": 3155.0698328969233, ""B2"": 3909.2586206021147}}",3.7343,0.2905361500535356,0.8267842176883957,0.0418157823116043,"[0.36515652793613357, 0.0, 0.04967631501553931, 0.20885664481581814, 0.36570192254265044, 0.524140070031651, 0.6785096414832094, 0.8407007786241106, 0.29333333333333333, 0.36363636363636365, 0.18181818181818182, 0.2, 0.0, 0.95]",37.0,37.0,50.0,3.0,3.0,20.0,20.0,0.0,0.0,False,0,3.7557,0.950039,2.9953,0.3651565279361335,1.900203678233397,plus,False,3.5694210663437227,3.568038654302506,0.0013824120412166,True,True,1.0,True,100.0,231.0,1.0,True,[],,,
27,4-6,283,4-6/r283,perturb_guardrail_smoke,4557.0,"{""0"": {""K"": 0.0, ""B1"": 1790.3752967167154, ""A1"": 1874.1465449959699, ""A2"": 2429.5593426914816, ""A3"": 2250.0508856240403, ""A4"": 2674.297106902327, ""B2"": 1893.327361180568}}",3.7343,0.0837297525623356,0.8267842176883957,0.0418157823116043,"[0.98, 0.0, 0.38502694553047645, 0.40304226774106877, 0.5224858801487057, 0.48388191088689037, 0.5751176573983499, 0.407167174447434, 0.29333333333333333, 0.36363636363636365, 0.18181818181818182, 0.2, 0.0, 0.0]",37.0,37.0,50.0,3.0,3.0,20.0,20.0,0.0,0.0,False,0,3.7343,0.0,2.9953,0.98,1.5695754217971885,plus,False,-1.4659292920431857,-1.6090707946237075,0.143141502580522,True,True,1.0,True,100.0,19.200000000000045,0.0,True,[],,,
28,4-6,283,4-6/r283,perturb_weak_hough,1697.9778549030211,"{""0"": {""K"": 0.0, ""B1"": 230.9948648222578, ""A1"": 971.1833983935544, ""A2"": 1700.5139398233246, ""A3"": 2437.251325647177, ""A4"": 3155.0698328969233, ""B2"": 3909.2586206021147}}",3.7343,0.8267842176883957,0.8267842176883957,0.0418157823116043,"[0.36515652793613357, 0.0, 0.04967631501553931, 0.20885664481581814, 0.36570192254265044, 0.524140070031651, 0.6785096414832094, 0.8407007786241106, 0.987919501945808, 0.9081148445965966, 0.18181818181818182, 0.2, 0.0, 0.0]",89.0,89.0,110.0,3.0,3.0,20.0,20.0,0.0,0.0,False,0,3.7343,0.0,2.9953,0.3651565279361335,1.900203678233397,plus,False,3.5694210663437227,3.568038654302506,0.0013824120412166,True,True,1.0,True,100.0,231.0,1.0,True,[],,,
29,4-6,283,4-6/r283,perturb_misaligned,2064.731805811984,"{""0"": {""K"": 0.0, ""B1"": 34.57225183148988, ""A1"": 1089.8564256358518, ""A2"": 1882.044397190747, ""A3"": 2671.9304709551466, ""A4"": 2944.91666206381, ""B2"": 3681.4885521407127}}",3.7343,0.3233155719637077,0.8267842176883957,0.0418157823116043,"[0.4440283453359105, 0.0, 0.007434892866987071, 0.23437772594319392, 0.4047407305786553, 0.5746087034312143, 0.6333154111965182, 0.7917179682023038, 0.29333333333333333, 0.36363636363636365, 0.18181818181818182, 0.2, 0.0, 0.0]",37.0,37.0,50.0,3.0,3.0,20.0,20.0,0.0,0.0,False,0,3.7343,0.0,2.9953,0.4440283453359105,1.7607412058353098,plus,False,2.882542613768733,2.9852974112971813,0.1027547975284481,True,True,1.0,True,100.0,34.600000000000364,1.0,True,[],,,
30,4-6,283,4-6/r283,perturb_wrong_k,918.8907715979456,"{""0"": {""K"": 0.0, ""B1"": 230.9948648222578, ""A1"": 971.1833983935544, ""A2"": 1700.5139398233246, ""A3"": 2437.251325647177, ""A4"": 3155.0698328969233, ""B2"": 3909.2586206021147}}",3.7343,0.082825679475164,0.8267842176883957,0.0418157823116043,"[0.19761091862321412, 0.0, 0.04967631501553931, 0.20885664481581814, 0.36570192254265044, 0.524140070031651, 0.6785096414832094, 0.8407007786241106, 0.29333333333333333, 0.36363636363636365, 0.18181818181818182, 0.2, 0.0, 0.0]",37.0,37.0,50.0,3.0,3.0,20.0,20.0,0.0,0.0,False,0,3.7343,0.0,2.9953,0.1976109186232141,1.900203678233397,plus,False,3.569467949833623,3.568085514958477,0.0013824348751456,True,True,1.0,True,100.0,231.0000000000001,1.0,True,[],,,
31,4-6,283,4-6/r283,perturb_offset_shift,1697.9778549030211,"{""0"": {""K"": 0.0, ""B1"": 278.2796481733827, ""A1"": 845.6541995194866, ""A2"": 1754.1140452082238, ""A3"": 2684.6018095151203, ""A4"": 3022.780163145533, ""B2"": 4278.253612129897}}",3.7343,0.5393036279827339,0.8267842176883957,0.0418157823116043,"[0.36515652793613357, 0.0, 0.05984508562868445, 0.18186111817623368, 0.3772288269264997, 0.5773337224763699, 0.6500602501388243, 0.9200545402429887, 0.29333333333333333, 0.36363636363636365, 0.18181818181818182, 0.2, 0.0, 0.0]",37.0,37.0,50.0,3.0,3.0,20.0,20.0,0.0,0.0,False,0,3.7343,0.0,2.9953,0.3651565279361335,1.8122717842300964,plus,False,1.6517495994076337,1.883504742584008,0.2317551431763744,True,True,1.0,True,100.00000000000004,278.29999999999995,1.0,True,[],,,
32,4-6,283,4-6/r283,perturb_ambiguous_lines,1697.9778549030211,"{""0"": {""K"": 0.0, ""B1"": 230.9948648222578, ""A1"": 971.1833983935544, ""A2"": 1700.5139398233246, ""A3"": 2437.251325647177, ""A4"": 3155.0698328969233, ""B2"": 3909.2586206021147}}",3.7343,0.8267842176883957,0.8267842176883957,0.0418157823116043,"[0.36515652793613357, 0.0, 0.04967631501553931, 0.20885664481581814, 0.36570192254265044, 0.524140070031651, 0.6785096414832094, 0.8407007786241106, 0.29333333333333333, 0.36363636363636365, 0.8706724231524896, 0.9640559943985273, 0.0, 0.0]",37.0,37.0,50.0,10.5774,10.5774,77.3042,77.3042,0.0,0.0,False,0,3.7343,0.0,2.9953,0.3651565279361335,1.900203678233397,plus,False,3.5694210663437227,3.568038654302506,0.0013824120412166,True,True,1.0,True,100.0,231.0,1.0,True,[],,,
33,4-6,283,4-6/r283,perturb_wrong_r_low,1697.9778549030211,"{""0"": {""K"": 0.0, ""B1"": 230.9948648222578, ""A1"": 971.1833983935544, ""A2"": 1700.5139398233246, ""A3"": 2437.251325647177, ""A4"": 3155.0698328969233, ""B2"": 3909.2586206021147}}",3.7343,0.8122298393885681,0.8267842176883957,0.0418157823116043,"[0.36515652793613357, 0.0, 0.04967631501553931, 0.20885664481581814, 0.36570192254265044, 0.524140070031651, 0.6785096414832094, 0.8407007786241106, 0.29333333333333333, 0.36363636363636365, 0.18181818181818182, 0.2, 0.0, 0.05]",37.0,37.0,50.0,3.0,3.0,20.0,20.0,0.0,0.0,False,0,3.7354,0.048532,2.9953,0.3651565279361335,1.900203678233397,plus,False,3.5694210663437227,3.568038654302506,0.0013824120412166,True,True,1.0,True,100.0,231.0,1.0,True,[],,,
34,4-6,283,4-6/r283,perturb_small_segment,1697.9778549030211,"{""0"": {""K"": 0.0, ""B1"": 325.50000000000006, ""A1"": 1023.0, ""A2"": 1720.5, ""A3"": 2418.0, ""A4"": 3115.5, ""B2"": 3813.0000000000005}}",3.7343,0.7275774865857272,0.8267842176883957,0.0418157823116043,"[0.36515652793613357, 0.0, 0.07, 0.22, 0.37, 0.52, 0.67, 0.8200000000000001, 0.29333333333333333, 0.36363636363636365, 0.18181818181818182, 0.2, 0.0, 0.0]",37.0,37.0,50.0,3.0,3.0,20.0,20.0,0.0,0.0,False,0,3.7343,0.0,2.9953,0.3651565279361335,1.917651908306252,plus,False,3.825499999999999,3.4366111111111106,0.3888888888888884,True,True,1.0,True,100.0,325.5,1.0,True,[],,,
35,4-6,283,4-6/r283,perturb_wrong_k,2175.3800503644047,"{""0"": {""K"": 0.0, ""B1"": 230.9948648222578, ""A1"": 971.1833983935544, ""A2"": 1700.5139398233246, ""A3"": 2437.251325647177, ""A4"": 3155.0698328969233, ""B2"": 3909.2586206021147}}",3.7343,0.2289172480904955,0.8267842176883957,0.0418157823116043,"[0.4678236667450333, 0.0, 0.04967631501553931, 0.20885664481581814, 0.36570192254265044, 0.524140070031651, 0.6785096414832094, 0.8407007786241106, 0.29333333333333333, 0.36363636363636365, 0.18181818181818182, 0.2, 0.0, 0.0]",37.0,37.0,50.0,3.0,3.0,20.0,20.0,0.0,0.0,False,0,3.7343,0.0,2.9953,0.4678236667450333,1.900203678233397,plus,False,3.319421066343724,3.318038654302506,0.001382412041218,True,True,1.0,True,100.0,231.0,1.0,True,[],,,
36,4-6,283,4-6/r283,perturb_wrong_r_high,1697.9778549030211,"{""0"": {""K"": 0.0, ""B1"": 230.9948648222578, ""A1"": 971.1833983935544, ""A2"": 1700.5139398233246, ""A3"": 2437.251325647177, ""A4"": 3155.0698328969233, ""B2"": 3909.2586206021147}}",3.7343,0.2905361500535356,0.8267842176883957,0.0418157823116043,"[0.36515652793613357, 0.0, 0.04967631501553931, 0.20885664481581814, 0.36570192254265044, 0.524140070031651, 0.6785096414832094, 0.8407007786241106, 0.29333333333333333, 0.36363636363636365, 0.18181818181818182, 0.2, 0.0, 0.95]",37.0,37.0,50.0,3.0,3.0,20.0,20.0,0.0,0.0,False,0,3.7557,0.950039,2.9953,0.3651565279361335,1.900203678233397,plus,False,3.5694210663437227,3.568038654302506,0.0013824120412166,True,True,1.0,True,100.0,231.0,1.0,True,[],,,
37,4-6,283,4-6/r283,perturb_guardrail_smoke,4557.0,"{""0"": {""K"": 0.0, ""B1"": 1790.3752967167154, ""A1"": 1874.1465449959699, ""A2"": 2429.5593426914816, ""A3"": 2250.0508856240403, ""A4"": 2674.297106902327, ""B2"": 1893.327361180568}}",3.7343,0.0837297525623356,0.8267842176883957,0.0418157823116043,"[0.98, 0.0, 0.38502694553047645, 0.40304226774106877, 0.5224858801487057, 0.48388191088689037, 0.5751176573983499, 0.407167174447434, 0.29333333333333333, 0.36363636363636365, 0.18181818181818182, 0.2, 0.0, 0.0]",37.0,37.0,50.0,3.0,3.0,20.0,20.0,0.0,0.0,False,0,3.7343,0.0,2.9953,0.98,1.5695754217971885,plus,False,-1.4659292920431857,-1.6090707946237075,0.143141502580522,True,True,1.0,True,100.0,19.200000000000045,0.0,True,[],,,
38,4-6,283,4-6/r283,perturb_weak_hough,1697.9778549030211,"{""0"": {""K"": 0.0, ""B1"": 230.9948648222578, ""A1"": 971.1833983935544, ""A2"": 1700.5139398233246, ""A3"": 2437.251325647177, ""A4"": 3155.0698328969233, ""B2"": 3909.2586206021147}}",3.7343,0.8267842176883957,0.8267842176883957,0.0418157823116043,"[0.36515652793613357, 0.0, 0.04967631501553931, 0.20885664481581814, 0.36570192254265044, 0.524140070031651, 0.6785096414832094, 0.8407007786241106, 0.987919501945808, 0.9081148445965966, 0.18181818181818182, 0.2, 0.0, 0.0]",89.0,89.0,110.0,3.0,3.0,20.0,20.0,0.0,0.0,False,0,3.7343,0.0,2.9953,0.3651565279361335,1.900203678233397,plus,False,3.5694210663437227,3.568038654302506,0.0013824120412166,True,True,1.0,True,100.0,231.0,1.0,True,[],,,
39,4-6,283,4-6/r283,perturb_misaligned,2064.731805811984,"{""0"": {""K"": 0.0, ""B1"": 34.57225183148988, ""A1"": 1089.8564256358518, ""A2"": 1882.044397190747, ""A3"": 2671.9304709551466, ""A4"": 2944.91666206381, ""B2"": 3681.4885521407127}}",3.7343,0.3233155719637077,0.8267842176883957,0.0418157823116043,"[0.4440283453359105, 0.0, 0.007434892866987071, 0.23437772594319392, 0.4047407305786553, 0.5746087034312143, 0.6333154111965182, 0.7917179682023038, 0.29333333333333333, 0.36363636363636365, 0.18181818181818182, 0.2, 0.0, 0.0]",37.0,37.0,50.0,3.0,3.0,20.0,20.0,0.0,0.0,False,0,3.7343,0.0,2.9953,0.4440283453359105,1.7607412058353098,plus,False,2.882542613768733,2.9852974112971813,0.1027547975284481,True,True,1.0,True,100.0,34.600000000000364,1.0,True,[],,,
40,4-6,283,4-6/r283,perturb_wrong_k,918.8907715979456,"{""0"": {""K"": 0.0, ""B1"": 230.9948648222578, ""A1"": 971.1833983935544, ""A2"": 1700.5139398233246, ""A3"": 2437.251325647177, ""A4"": 3155.0698328969233, ""B2"": 3909.2586206021147}}",3.7343,0.082825679475164,0.8267842176883957,0.0418157823116043,"[0.19761091862321412, 0.0, 0.04967631501553931, 0.20885664481581814, 0.36570192254265044, 0.524140070031651, 0.6785096414832094, 0.8407007786241106, 0.29333333333333333, 0.36363636363636365, 0.18181818181818182, 0.2, 0.0, 0.0]",37.0,37.0,50.0,3.0,3.0,20.0,20.0,0.0,0.0,False,0,3.7343,0.0,2.9953,0.1976109186232141,1.900203678233397,plus,False,3.569467949833623,3.568085514958477,0.0013824348751456,True,True,1.0,True,100.0,231.0000000000001,1.0,True,[],,,
41,4-6,283,4-6/r283,perturb_offset_shift,1697.9778549030211,"{""0"": {""K"": 0.0, ""B1"": 278.2796481733827, ""A1"": 845.6541995194866, ""A2"": 1754.1140452082238, ""A3"": 2684.6018095151203, ""A4"": 3022.780163145533, ""B2"": 4278.253612129897}}",3.7343,0.5393036279827339,0.8267842176883957,0.0418157823116043,"[0.36515652793613357, 0.0, 0.05984508562868445, 0.18186111817623368, 0.3772288269264997, 0.5773337224763699, 0.6500602501388243, 0.9200545402429887, 0.29333333333333333, 0.36363636363636365, 0.18181818181818182, 0.2, 0.0, 0.0]",37.0,37.0,50.0,3.0,3.0,20.0,20.0,0.0,0.0,False,0,3.7343,0.0,2.9953,0.3651565279361335,1.8122717842300964,plus,False,1.6517495994076337,1.883504742584008,0.2317551431763744,True,True,1.0,True,100.00000000000004,278.29999999999995,1.0,True,[],,,
42,4-6,283,4-6/r283,perturb_ambiguous_lines,1697.9778549030211,"{""0"": {""K"": 0.0, ""B1"": 230.9948648222578, ""A1"": 971.1833983935544, ""A2"": 1700.5139398233246, ""A3"": 2437.251325647177, ""A4"": 3155.0698328969233, ""B2"": 3909.2586206021147}}",3.7343,0.8267842176883957,0.8267842176883957,0.0418157823116043,"[0.36515652793613357, 0.0, 0.04967631501553931, 0.20885664481581814, 0.36570192254265044, 0.524140070031651, 0.6785096414832094, 0.8407007786241106, 0.29333333333333333, 0.36363636363636365, 0.8706724231524896, 0.9640559943985273, 0.0, 0.0]",37.0,37.0,50.0,10.5774,10.5774,77.3042,77.3042,0.0,0.0,False,0,3.7343,0.0,2.9953,0.3651565279361335,1.900203678233397,plus,False,3.5694210663437227,3.568038654302506,0.0013824120412166,True,True,1.0,True,100.0,231.0,1.0,True,[],,,
43,4-6,283,4-6/r283,perturb_wrong_r_low,1697.9778549030211,"{""0"": {""K"": 0.0, ""B1"": 230.9948648222578, ""A1"": 971.1833983935544, ""A2"": 1700.5139398233246, ""A3"": 2437.251325647177, ""A4"": 3155.0698328969233, ""B2"": 3909.2586206021147}}",3.7343,0.8122298393885681,0.8267842176883957,0.0418157823116043,"[0.36515652793613357, 0.0, 0.04967631501553931, 0.20885664481581814, 0.36570192254265044, 0.524140070031651, 0.6785096414832094, 0.8407007786241106, 0.29333333333333333, 0.36363636363636365, 0.18181818181818182, 0.2, 0.0, 0.05]",37.0,37.0,50.0,3.0,3.0,20.0,20.0,0.0,0.0,False,0,3.7354,0.048532,2.9953,0.3651565279361335,1.900203678233397,plus,False,3.5694210663437227,3.568038654302506,0.0013824120412166,True,True,1.0,True,100.0,231.0,1.0,True,[],,,
44,4-6,283,4-6/r283,perturb_small_segment,1697.9778549030211,"{""0"": {""K"": 0.0, ""B1"": 325.50000000000006, ""A1"": 1023.0, ""A2"": 1720.5, ""A3"": 2418.0, ""A4"": 3115.5, ""B2"": 3813.0000000000005}}",3.7343,0.7275774865857272,0.8267842176883957,0.0418157823116043,"[0.36515652793613357, 0.0, 0.07, 0.22, 0.37, 0.52, 0.67, 0.8200000000000001, 0.29333333333333333, 0.36363636363636365, 0.18181818181818182, 0.2, 0.0, 0.0]",37.0,37.0,50.0,3.0,3.0,20.0,20.0,0.0,0.0,False,0,3.7343,0.0,2.9953,0.3651565279361335,1.917651908306252,plus,False,3.825499999999999,3.4366111111111106,0.3888888888888884,True,True,1.0,True,100.0,325.5,1.0,True,[],,,
45,4-6,283,4-6/r283,perturb_wrong_k,2175.3800503644047,"{""0"": {""K"": 0.0, ""B1"": 230.9948648222578, ""A1"": 971.1833983935544, ""A2"": 1700.5139398233246, ""A3"": 2437.251325647177, ""A4"": 3155.0698328969233, ""B2"": 3909.2586206021147}}",3.7343,0.2289172480904955,0.8267842176883957,0.0418157823116043,"[0.4678236667450333, 0.0, 0.04967631501553931, 0.20885664481581814, 0.36570192254265044, 0.524140070031651, 0.6785096414832094, 0.8407007786241106, 0.29333333333333333, 0.36363636363636365, 0.18181818181818182, 0.2, 0.0, 0.0]",37.0,37.0,50.0,3.0,3.0,20.0,20.0,0.0,0.0,False,0,3.7343,0.0,2.9953,0.4678236667450333,1.900203678233397,plus,False,3.319421066343724,3.318038654302506,0.001382412041218,True,True,1.0,True,100.0,231.0,1.0,True,[],,,
46,4-6,283,4-6/r283,perturb_wrong_r_high,1697.9778549030211,"{""0"": {""K"": 0.0, ""B1"": 230.9948648222578, ""A1"": 971.1833983935544, ""A2"": 1700.5139398233246, ""A3"": 2437.251325647177, ""A4"": 3155.0698328969233, ""B2"": 3909.2586206021147}}",3.7343,0.2905361500535356,0.8267842176883957,0.0418157823116043,"[0.36515652793613357, 0.0, 0.04967631501553931, 0.20885664481581814, 0.36570192254265044, 0.524140070031651, 0.6785096414832094, 0.8407007786241106, 0.29333333333333333, 0.36363636363636365, 0.18181818181818182, 0.2, 0.0, 0.95]",37.0,37.0,50.0,3.0,3.0,20.0,20.0,0.0,0.0,False,0,3.7557,0.950039,2.9953,0.3651565279361335,1.900203678233397,plus,False,3.5694210663437227,3.568038654302506,0.0013824120412166,True,True,1.0,True,100.0,231.0,1.0,True,[],,,
47,4-6,283,4-6/r283,perturb_guardrail_smoke,4557.0,"{""0"": {""K"": 0.0, ""B1"": 1790.3752967167154, ""A1"": 1874.1465449959699, ""A2"": 2429.5593426914816, ""A3"": 2250.0508856240403, ""A4"": 2674.297106902327, ""B2"": 1893.327361180568}}",3.7343,0.0837297525623356,0.8267842176883957,0.0418157823116043,"[0.98, 0.0, 0.38502694553047645, 0.40304226774106877, 0.5224858801487057, 0.48388191088689037, 0.5751176573983499, 0.407167174447434, 0.29333333333333333, 0.36363636363636365, 0.18181818181818182, 0.2, 0.0, 0.0]",37.0,37.0,50.0,3.0,3.0,20.0,20.0,0.0,0.0,False,0,3.7343,0.0,2.9953,0.98,1.5695754217971885,plus,False,-1.4659292920431857,-1.6090707946237075,0.143141502580522,True,True,1.0,True,100.0,19.200000000000045,0.0,True,[],,,
48,4-6,283,4-6/r283,bo,1429.7779403529175,"{""0"": {""K"": 0.0, ""B1"": 3636.930522714886, ""A1"": 1013.0826066880066, ""A2"": 1049.154161443243, ""A3"": 1915.1237997699452, ""A4"": 385.7589133804097, ""B2"": 3151.691605119193}}",3.7343,0.2211763071641675,0.8267842176883957,0.0418157823116043,"[0.3074791269576167, 0.07737612064753885, 0.7821355962827712, 0.21786722724473262, 0.22562455084800925, 0.41185458059568714, 0.08295890610331391, 0.6777831408858479, 0.8576073409750201, 0.33672327768000143, 0.6730038740108013, 0.13292051594093257, 0.3591195335039995, 0.15526851852553636]",79.0,79.0,47.0,8.403,8.403,14.969,14.969,8.978,8.978,False,0,3.7378,0.155114,2.9953,0.3074791269576167,1.7140966505424065,minus,True,0.8963008462486461,1.467731095524649,0.5714302492760028,True,True,1.0,True,99.99999999999996,36.0,0.0,True,[],0.5372507707969303,0.1370048323858658,0.000696103911497
49,4-6,283,4-6/r283,bo,63.96080983146319,"{""0"": {""K"": 0.0, ""B1"": 1329.8160592588529, ""A1"": 4646.7484937996605, ""A2"": 3248.444387544622, ""A3"": 4433.291835269704, ""A4"": 2827.3293219538095, ""B2"": 1359.6594622322204}}",3.7343,0.1611250292611572,0.8267842176883957,0.0418157823116043,"[0.013755012866981331, 0.45532363344475957, 0.2859819482277103, 0.9993007513547657, 0.6985901908698111, 0.9533960936063881, 0.6080278111728623, 0.29239988435101516, 0.33556896505459055, 0.9483159412443241, 0.9105846126971322, 0.6718073258370899, 0.774645694425207, 0.46820845947089396]",40.0,40.0,114.0,11.0164,11.0164,55.3855,55.3855,19.3661,19.3661,False,0,3.7449,0.470419,2.9953,0.0137550128669813,1.8810793509934285,plus,False,-0.6654090616913079,-1.6553670437536878,0.98995798206238,True,True,1.0,True,100.0,3.299999999999997,0.0,True,[],0.3023679339857906,0.2043296303005081,0.0002847156347869
50,4-6,283,4-6/r283,bo,1917.47862421776,"{""0"": {""K"": 0.0, ""B1"": 3179.51550469584, ""A1"": 899.0613385023514, ""A2"": 4148.500703782119, ""A3"": 3461.546432783331, ""A4"": 2779.1476191120446, ""B2"": 3438.934497338008}}",3.7343,0.150052159143606,0.8267842176883957,0.0418157823116043,"[0.4123609944554323, 0.279716501244632, 0.6837667752034065, 0.19334652440910782, 0.8921506889854018, 0.74441858769534, 0.5976661546477515, 0.7395558058791415, 0.3087482954181754, 0.8700774276150689, 0.41634233668417964, 0.31636588806001964, 0.29432159799001834, 0.0672810053444538]",38.0,38.0,106.0,5.5798,5.5798,28.7274,28.7274,7.358,7.358,False,0,3.7358,0.066296,2.9953,0.4123609944554323,1.8245506358176276,plus,False,-0.3993028323983644,-0.227081129243876,0.1722217031544883,True,True,1.0,True,100.0,22.600000000000023,0.0,True,[],0.3920810090164404,0.1702400437255012,0.0002396906383823
51,4-6,283,4-6/r283,bo,1685.87772312308,"{""0"": {""K"": 0.0, ""B1"": 3139.26902164333, ""A1"": 2218.39070305933, ""A2"": 3703.9498362385575, ""A3"": 3134.800048331915, ""A4"": 3199.695699957653, ""B2"": 1474.2501304583611}}",3.7343,0.158394796536614,0.8267842176883957,0.0418157823116043,"[0.36255434905872685, 0.16638772177864913, 0.6751116175577053, 0.47707326947512474, 0.7965483518792597, 0.6741505480283688, 0.6881066021414307, 0.3170430388082497, 0.2590476259589882, 0.8455853489049087, 0.4919646064377493, 0.6925611785174535, 0.7671278720180211, 0.027755678174809617]",34.0,34.0,103.0,6.4116,6.4116,56.9421,56.9421,19.1782,19.1782,False,0,3.7349,0.026327,2.9953,0.3625543490587268,1.769556958297445,plus,False,-1.5046774546782695,-2.082929311972365,0.5782518572940951,True,True,1.0,True,100.0,4.400000000000006,0.0,True,[],0.8895092230681043,0.0267333641815323,0.0529694306510208
52,4-6,283,4-6/r283,bo,1522.586413381859,"{""0"": {""K"": 0.0, ""B1"": 4197.862379725062, ""A1"": 817.4652540337686, ""A2"": 2535.8416886201794, ""A3"": 346.5059846816373, ""A4"": 3334.7455280383965, ""B2"": 3967.4410678462045}}",3.7343,0.2985030249170635,0.8267842176883957,0.0418157823116043,"[0.3274379383616901, 0.7211579610482584, 0.9027661031666799, 0.17579897936210076, 0.5453422986279955, 0.07451741606056717, 0.7171495759222358, 0.8532131328701515, 0.5075805927325988, 0.4958353294441237, 0.927553779641089, 0.3542995605699739, 0.05089003484986643, 0.0888299843731859]",53.0,53.0,65.0,11.2031,11.2031,31.5725,31.5725,1.2723,1.2723,False,0,3.7363,0.0885,2.9953,0.3274379383616901,1.7614979520392546,plus,False,1.094910206420271,1.290411984259193,0.1955017778389221,True,True,1.0,True,100.0,230.4000000000001,0.0,True,[],0.6324445581023663,0.1651984929999419,0.0085875044483554
53,4-6,283,4-6/r283,bo,1756.8717569830958,"{""0"": {""K"": 0.0, ""B1"": 2995.6358634473963, ""A1"": 3469.7445627638567, ""A2"": 1677.4890327152496, ""A3"": 1384.4364977513903, ""A4"": 3904.3911524397963, ""B2"": 2895.8971505390437}}",3.7343,0.2026566166327601,0.8267842176883957,0.0418157823116043,"[0.37782188322217114, 0.638841013684572, 0.6442227663327734, 0.7461816264008294, 0.3607503296161827, 0.2977282790863205, 0.8396540112773756, 0.6227735807610847, 0.8384087500153911, 0.9658523094656137, 0.6344824225333829, 0.21888172746235623, 0.009994403817207509, 0.01409984465831382]",78.0,78.0,116.0,7.9793,7.9793,21.4161,21.4161,0.2499,0.2499,False,0,3.7346,0.013004,2.9953,0.3778218832221711,1.8281588207333428,minus,True,-1.6870227570564729,-1.3424808110651605,0.3445419459913124,True,True,1.0,True,100.0,99.7,0.0,True,[],0.8199478938379121,0.0677226570899576,0.0194299074328242
54,4-6,283,4-6/r283,bo,1563.345980347547,"{""0"": {""K"": 0.0, ""B1"": 210.7944426771171, ""A1"": 4103.861523592416, ""A2"": 1196.8822749294884, ""A3"": 765.1794210563409, ""A4"": 1198.715567920601, ""B2"": 3915.3772844639348}}",3.7343,0.1612987316871842,0.8267842176883957,0.0418157823116043,"[0.3362034366338811, 0.47115026913507807, 0.04533213821013271, 0.8825508652886916, 0.25739403761924484, 0.1645547142056647, 0.2577882941764733, 0.8420166203148247, 0.6360471924952703, 0.9231195059355687, 0.195119046920737, 0.0137108866644986, 0.2991786407817365, 0.12120326146126248]",63.0,63.0,112.0,3.1463,3.1463,6.0283,6.0283,7.4795,7.4795,False,0,3.737,0.119587,2.9953,0.3362034366338811,1.6225893494155537,plus,False,0.6005839192362532,0.7745195559351918,0.1739356366989386,True,True,1.0,True,100.0,1.900000000000091,0.0,True,[],0.7236562718910898,0.067857151075439,0.0013438116373399
55,4-6,283,4-6/r283,bo,1674.8293629890463,"{""0"": {""K"": 0.0, ""B1"": 720.5053285041711, ""A1"": 22.38727740571035, ""A2"": 2391.9220779432253, ""A3"": 2550.937260869663, ""A4"": 4478.148040813499, ""B2"": 4070.351269208965}}",3.7343,0.0926184483622396,0.8267842176883957,0.0418157823116043,"[0.36017835763205297, 0.17225224009799966, 0.1549473824740153, 0.004814468259292548, 0.5143918447189731, 0.5485886582515405, 0.9630425894222578, 0.8753443589696699, 0.18144255922310104, 0.24039840446959504, 0.7670362768282348, 0.8522235460141548, 0.8264009605940507, 0.0034759634734534695]",29.0,29.0,36.0,9.4374,9.4374,68.9168,68.9168,20.66,20.66,False,0,3.7344,0.004123,2.9953,0.3601783576320529,1.6301118409386737,minus,True,1.2250092197390563,2.052252480099834,0.8272432603607776,True,True,1.0,True,100.0,22.40000000000009,0.0,True,[],0.7370257755693017,0.0801946758659083,0.0041082958071884
56,4-6,283,4-6/r283,bo,1649.8216333263165,"{""0"": {""K"": 0.0, ""B1"": 1984.1232899084248, ""A1"": 2950.4639747511787, ""A2"": 4517.10079141907, ""A3"": 4528.424045585305, ""A4"": 2612.636947627573, ""B2"": 3886.02113003885}}",3.7343,0.1474205371608551,0.8267842176883957,0.0418157823116043,"[0.35480035125297127, 0.8462453128304341, 0.4266931806254677, 0.6345083816669201, 0.9714195250363593, 0.9738546334592053, 0.5618574080919512, 0.8357034688255591, 0.6848429541083743, 0.8155377171731055, 0.5229590323700954, 0.6393535498392837, 0.1237994740613263, 0.38518320944347106]",66.0,66.0,100.0,6.7525,6.7525,52.9515,52.9515,3.095,3.095,False,0,3.743,0.386042,2.9953,0.3548003512529712,1.710527493011346,plus,False,-1.8480404433983968,-1.8497006924823036,0.0016602490839061,True,True,1.0,True,100.0,11.299999999999956,0.0,True,[],0.4447596372114624,0.1525254672760454,0.0002453909771443
57,4-6,283,4-6/r283,bo,47.771280600236224,"{""0"": {""K"": 0.0, ""B1"": 2835.7128428858227, ""A1"": 109.69562039746614, ""A2"": 2106.885683656094, ""A3"": 813.4458304575378, ""A4"": 2531.3077322708195, ""B2"": 3512.3614902500467}}",3.7343,0.0359783356258597,0.8267842176883957,0.0418157823116043,"[0.010273393677470155, 0.4493810522586158, 0.6098307189001769, 0.023590455999455084, 0.45309369540991273, 0.1749345871951694, 0.5443672542517891, 0.7553465570430208, 0.6362964291426427, 0.39402931072283565, 0.2753758627791444, 0.5987790170638276, 0.7907265719398939, 0.9819688253436749]",63.0,63.0,53.0,4.0291,4.0291,49.9084,49.9084,19.7682,19.7682,False,0,3.7564,0.981125,2.9953,0.0102733936774701,1.867150694473718,plus,False,2.605508905051078,2.134135142389027,0.4713737626620511,True,True,1.0,True,100.0,109.7,0.0,True,[],0.2838994653049888,0.1803318957032195,5.449287247588977e-05
58,4-6,283,4-6/r283,bo,1848.4432840122024,"{""0"": {""K"": 0.0, ""B1"": 418.8455259039063, ""A1"": 3651.1175937983985, ""A2"": 3101.631616636364, ""A3"": 966.6072297023229, ""A4"": 3405.090167823627, ""B2"": 3637.275557666812}}",3.7343,0.1270580637023475,0.8267842176883957,0.0418157823116043,"[0.3975146847338069, 0.6055709695548719, 0.09007430664600136, 0.7851865793114835, 0.6670175519648095, 0.20787252251662858, 0.7322774554459412, 0.7822097973477015, 0.6516941281639295, 0.0995867787851511, 0.05830119205405959, 0.7857316403706485, 0.4051977524636031, 0.10221578070814774]",64.0,64.0,21.0,1.6413,1.6413,63.9299,63.9299,10.1299,10.1299,False,0,3.7366,0.101823,2.9953,0.3975146847338069,1.676291223031686,minus,True,0.2663437581798253,0.5944775586155873,0.3281338004357619,True,True,1.0,True,100.0,13.899999999999975,0.0,True,[],0.5900096284410454,0.1475638083851315,0.0028860151165525
59,4-6,283,4-6/r283,bo,1497.0344593166576,"{""0"": {""K"": 0.0, ""B1"": 389.0397035629081, ""A1"": 4551.064224834893, ""A2"": 1780.6383708667613, ""A3"": 4003.6616996427115, ""A4"": 3195.486046110969, ""B2"": 2203.7847961293205}}",3.7343,0.110603682446084,0.8267842176883957,0.0418157823116043,"[0.32194289447670055, 0.03165885056628703, 0.08366445237912001, 0.978723489211805, 0.3829329829820992, 0.861002516052196, 0.687201300238918, 0.4739322142213592, 0.9690741538821361, 0.7501455531712269, 0.6394608692797973, 0.12469629808072835, 0.07822774724579562, 0.14596573718940264]",88.0,88.0,93.0,8.0341,8.0341,14.3522,14.3522,1.9557,1.9557,False,0,3.7376,0.146232,2.9953,0.3219428944767005,1.813822183379422,minus,True,1.680040473160428,2.0874383390747857,0.4073978659143575,True,True,1.0,True,100.0,98.90000000000008,0.0,True,[],0.5656584761848926,0.1452521969257609,0.0017504770815873
60,4-6,283,4-6/r283,bo,1604.9279150004568,"{""0"": {""K"": 0.0, ""B1"": 1110.556764009204, ""A1"": 1537.1554737581557, ""A2"": 1316.4344910370216, ""A3"": 2495.855584714084, ""A4"": 3276.8655925936723, ""B2"": 1006.98634130586}}",3.7343,0.2623843605094377,0.8267842176883957,0.0418157823116043,"[0.34514578817214125, 0.5490279308546073, 0.23882941161488258, 0.33057106962540983, 0.28310419162086486, 0.5367431364976525, 0.7047022779771338, 0.21655620243136775, 0.9498274194317569, 0.5190829359199656, 0.7388614684863754, 0.9720379015958286, 0.023201839514241596, 0.01640621139260645]",86.0,86.0,67.0,9.1275,9.1275,77.9028,77.9028,0.58,0.58,False,0,3.7347,0.017445,2.9953,0.3451457881721412,1.6949710903741382,plus,False,-0.7230259700265858,-0.6309910363110707,0.092034933715515,True,True,1.0,True,100.0,103.59999999999992,0.0,True,[],0.2845075612644345,0.1758825298551928,4.063358996187117e-05
61,4-6,283,4-6/r283,bo,1793.5399563079875,"{""0"": {""K"": 0.0, ""B1"": 361.5603319994089, ""A1"": 56.81439951330342, ""A2"": 1198.120290401732, ""A3"": 878.7470612808029, ""A4"": 3104.1232179470003, ""B2"": 2176.9080509396995}}",3.7343,0.1356751426905793,0.8267842176883957,0.0418157823116043,"[0.38570751748558874, 0.3553246438255643, 0.07775491010739977, 0.012218150432968478, 0.2576602775057488, 0.1889778626410329, 0.667553380203656, 0.4681522690192902, 0.7850448646290032, 0.5293181350271675, 0.6894976564764875, 0.4542634220244045, 0.5238498052163955, 0.4222121296676551]",74.0,74.0,68.0,8.5845,8.5845,39.0698,39.0698,13.0962,13.0962,False,0,3.7438,0.421569,2.9953,0.3857075174855887,1.7711743075498207,plus,False,2.1727194888770707,1.8207546403391683,0.3519648485379023,True,True,1.0,True,100.0,56.90000000000009,0.0,True,[],0.4042501170916281,0.1532218046588773,0.0001079508313538
62,4-6,283,4-6/r283,bo,1985.9189104135849,"{""0"": {""K"": 0.0, ""B1"": 0.6064552327718187, ""A1"": 2333.7965634466273, ""A2"": 1521.2173069117414, ""A3"": 2184.5602338785957, ""A4"": 3868.1277045839042, ""B2"": 338.9142972767311}}",3.7343,0.2235738620778317,0.8267842176883957,0.0418157823116043,"[0.42707933557281397, 0.7375823176883756, 0.0001304204801659825, 0.5018917340745435, 0.3271435068627401, 0.4697978997588378, 0.8318554203406245, 0.0728847951132755, 0.22060856251283634, 0.5999395883410954, 0.9226340097635283, 0.7147461364024984, 0.9744144063188578, 0.1345242713660939]",32.0,32.0,76.0,11.149,11.149,58.606,58.606,24.3604,24.3604,False,0,3.7373,0.132909,2.9953,0.4270793355728139,1.620090788096931,plus,False,2.0668601109207416,1.3968300304756722,0.6700300804450694,True,True,1.0,True,100.0,0.599999999999909,0.0,True,[],0.296584851843975,0.1701285096927912,3.453753416880631e-05
63,4-6,283,4-6/r283,bo,1681.841371595364,"{""0"": {""K"": 0.0, ""B1"": 27.695407339306183, ""A1"": 1036.6441253855085, ""A2"": 4264.49037834948, ""A3"": 2063.4389359709016, ""A4"": 189.77248071738424, ""B2"": 1986.479758033387}}",3.7343,0.1169555315629256,0.8267842176883957,0.0418157823116043,"[0.36168631647212124, 0.04578934780219124, 0.005956001578345416, 0.2229342205130126, 0.9170947050213936, 0.44375030881094657, 0.04081128617578156, 0.42719994796416927, 0.3991854803568031, 0.8102970868158859, 0.5301870572015686, 0.9918780031843935, 0.18612785010751376, 0.6409266935432368]",45.0,45.0,99.0,6.8321,6.8321,79.3909,79.3909,4.6532,4.6532,False,0,3.7487,0.639174,2.9953,0.3616863164721212,1.7478360444795895,plus,False,0.9136137315985182,0.9623549898757258,0.0487412582772075,True,True,1.0,True,100.0,27.700000000000045,0.0,True,[],0.3509742877144811,0.1581421677515208,4.675935712422229e-05
64,4-6,283,4-6/r283,bo,1731.205337430849,"{""0"": {""K"": 0.0, ""B1"": 400.3499165344711, ""A1"": 3069.598512488226, ""A2"": 73.99380398771758, ""A3"": 2606.883477092962, ""A4"": 763.43668498849, ""B2"": 1425.3829797935912}}",3.7343,0.1511983121688351,0.8267842176883957,0.0418157823116043,"[0.37230222310340844, 0.2002778399800681, 0.08609675624397228, 0.6601287123630594, 0.015912646018863996, 0.560620102600637, 0.16417993225558924, 0.3065339741491594, 0.9788543942365451, 0.12094261628798642, 0.2339620705231913, 0.14852354679652657, 0.12734791205147133, 0.042127395211900676]",88.0,88.0,23.0,3.5736,3.5736,16.1393,16.1393,3.1837,3.1837,False,0,3.7353,0.044091,2.9953,0.3723022231034084,1.7867631333243086,plus,False,2.306071092287564,1.6281703927990954,0.6779006994884682,True,True,1.0,True,100.00000000000004,74.0,0.0,True,[],0.3124812545043066,0.1630963110768736,2.860879993239068e-05
65,4-6,283,4-6/r283,bo,1733.6484538250747,"{""0"": {""K"": 0.0, ""B1"": 52.905227528158434, ""A1"": 3950.784260489892, ""A2"": 2957.2452476845706, ""A3"": 2161.3987294074145, ""A4"": 2548.8150258412197, ""B2"": 3087.510416177494}}",3.7343,0.1017501890203884,0.8267842176883957,0.0418157823116043,"[0.3728276244785107, 0.6179745413842601, 0.01137746828562547, 0.8496310237612671, 0.6359667199321657, 0.46481693105535793, 0.5481322636217677, 0.6639807346618266, 0.3224102010127712, 0.06242634881682674, 0.3668680269398109, 0.8162452605002565, 0.2546406928965783, 0.4505815813456173]",39.0,39.0,17.0,5.0355,5.0355,66.2184,66.2184,6.366,6.366,False,0,3.7445,0.452656,2.9953,0.3728276244785107,1.554158963992835,minus,True,1.7076937513107455,2.493815770039982,0.7861220187292364,True,True,1.0,True,100.0,53.0,0.0,True,[],0.3640878144196992,0.157164046483427,5.8455577332044485e-05
66,4-6,283,4-6/r283,bo,1500.3541240507814,"{""0"": {""K"": 0.0, ""B1"": 60.15834013707446, ""A1"": 1042.9584531646237, ""A2"": 112.9497409291426, ""A3"": 3622.9861220319913, ""A4"": 2860.8840663812016, ""B2"": 2795.39787128937}}",3.7343,0.1360130865193946,0.8267842176883957,0.0418157823116043,"[0.3226568008711358, 0.9652129180173524, 0.012937277448833218, 0.2242921404655105, 0.02429026686648228, 0.7791368004369874, 0.6152438852432691, 0.6011608325353484, 0.8414986315981842, 0.9443230158270175, 0.6814818081647042, 0.2547293737758708, 0.6526238841313249, 0.3234462167221861]",78.0,78.0,114.0,8.4963,8.4963,24.1047,24.1047,16.3156,16.3156,False,0,3.7416,0.323869,2.9953,0.3226568008711358,1.7127456248792012,plus,False,1.2451981998236148,1.2365797838222732,0.0086184160013416,True,True,1.0,True,100.0,52.79999999999996,0.0,True,[],0.3977191665954367,0.1383523779214211,2.826492275924224e-05
67,4-6,283,4-6/r283,bo,644.0728721440302,"{""0"": {""K"": 0.0, ""B1"": 453.99171925166183, ""A1"": 2256.728317921087, ""A2"": 999.1249732688336, ""A3"": 4265.073649330791, ""A4"": 2761.1840113794206, ""B2"": 44.25223389906805}}",3.7343,0.1683924737579439,0.8267842176883957,0.0418157823116043,"[0.13851029508473767, 0.7599923967657024, 0.0976326277960563, 0.4853179178324919, 0.21486558564921154, 0.9172201396410304, 0.5938030131998754, 0.009516609440659796, 0.4174844417756204, 0.052844753932466904, 0.40920450778951156, 0.8798755301966572, 0.010387154918275021, 0.050284734641560025]",46.0,46.0,16.0,5.5012,5.5012,70.9907,70.9907,0.2597,0.2597,False,0,3.7354,0.048532,2.9953,0.1385102950847376,1.81414765734196,plus,False,1.7300965656098932,1.8447806738945227,0.1146841082846295,True,True,1.0,True,100.0,44.19999999999993,0.0,True,[],0.2593126351303547,0.1626322806444462,7.762275208896184e-06
68,4-6,283,4-6/r283,bo,4638.80445012316,"{""0"": {""K"": 0.0, ""B1"": 1139.2913512260056, ""A1"": 4281.888835397912, ""A2"": 4569.178300088855, ""A3"": 388.82169536948527, ""A4"": 959.5929901578573, ""B2"": 0.5084149797299098}}",3.7343,0.088547891078039,0.8267842176883957,0.0418157823116043,"[0.9975923548651956, 0.3655694782659603, 0.2450088927367754, 0.9208363086877229, 0.9826189892664204, 0.0836175688966635, 0.20636408390491556, 0.00010933655478062576, 0.7947243146290623, 0.9855139377906887, 0.7457402106022731, 0.6250253521774491, 0.25999895513715454, 0.9121364789856021]",75.0,75.0,118.0,9.2031,9.2031,51.8769,51.8769,6.5,6.5,False,0,3.7548,0.91007,2.9953,0.9975923548651956,1.583244890197565,minus,True,0.8443569101979889,1.939095991699784,1.0947390815017948,True,True,1.0,True,100.0,0.5,0.0,True,[],0.2557913697700252,0.1605989578693518,5.8448678873642096e-06
69,4-6,283,4-6/r283,bo,4597.864342441465,"{""0"": {""K"": 0.0, ""B1"": 1236.1453764351206, ""A1"": 400.48690734548205, ""A2"": 2106.454492338726, ""A3"": 610.9481608346109, ""A4"": 715.3777090399228, ""B2"": 2717.3681503806547}}",3.7343,0.0890126687075478,0.8267842176883957,0.0418157823116043,"[0.988788030632573, 0.29261171226873006, 0.26583771536239154, 0.086126216633437, 0.4530009660943497, 0.13138670125475505, 0.1538446686107361, 0.5843802473936892, 0.013779702385893544, 0.9619345556275689, 0.32943627563387246, 0.17968608182709833, 0.9698536375700094, 0.6271814604917203]",16.0,16.0,116.0,4.6238,4.6238,18.4765,18.4765,24.2463,24.2463,False,0,3.7484,0.625852,2.9953,0.9887880306325731,1.751545910406909,plus,False,2.0199478536554394,1.2572714394189548,0.7626764142364846,True,True,1.0,True,100.0,104.40000000000008,0.0,True,[],0.2500642379900417,0.1593564796438545,4.454687450113594e-06
70,4-6,283,4-6/r283,bo,7.788850564153305,"{""0"": {""K"": 0.0, ""B1"": 2813.3148918870847, ""A1"": 2924.299231612213, ""A2"": 4171.812516397063, ""A3"": 1973.003637018886, ""A4"": 182.90905640502186, ""B2"": 4639.076418666692}}",3.7343,0.057292020447386,0.8267842176883957,0.0418157823116043,"[0.0016750216266996354, 0.7471830391671385, 0.6050139552445344, 0.6288815551854222, 0.8971639820208738, 0.4243018574234163, 0.03933528094731653, 0.9976508427240198, 0.2845298932077006, 0.21918341212239034, 0.8345694859966595, 0.5338225831725969, 0.24806060225791338, 0.9715827267160033]",36.0,36.0,34.0,10.1803,10.1803,45.0367,45.0367,6.2015,6.2015,False,0,3.7562,0.972243,2.9953,0.0016750216266996,1.577831573277545,plus,False,0.6797402626896856,0.7462566466431466,0.066516383953461,True,True,1.0,True,100.00000000000004,10.900000000000546,0.0,True,[],0.2447203325860989,0.1581684853438197,3.422125632836039e-06
71,4-6,283,4-6/r283,bo,1201.1586266201675,"{""0"": {""K"": 0.0, ""B1"": 1465.7227194593804, ""A1"": 3794.591805718839, ""A2"": 3507.4379932792604, ""A3"": 1029.2852099538627, ""A4"": 1351.7522975220843, ""B2"": 34.6508789706645}}",3.7343,0.1599728020745772,0.8267842176883957,0.0418157823116043,"[0.25831368314412206, 0.6046422706564952, 0.3152091869805119, 0.8160412485416858, 0.7542877404901636, 0.2213516580545941, 0.2906994188219536, 0.007451801929175161, 0.28114480423987076, 0.8806622603197297, 0.2657349934339358, 0.19151024330488853, 0.917019691290708, 0.24652939880181612]",36.0,36.0,107.0,3.9231,3.9231,19.3633,19.3633,22.9255,22.9255,False,0,3.7399,0.248373,2.9953,0.258313683144122,1.7754925349061623,minus,True,1.5374713653556358,2.190318914822248,0.6528475494666124,True,True,1.0,True,100.0,34.59999999999991,0.0,True,[],0.2437969290575754,0.1563164193610547,2.735597896350939e-06
72,4-6,283,4-6/r283,bo,197.8145084641261,"{""0"": {""K"": 0.0, ""B1"": 2693.31584438208, ""A1"": 1640.4719572059591, ""A2"": 1264.4715337098587, ""A3"": 3777.6425420062906, ""A4"": 3035.7704935323572, ""B2"": 47.89163770221535}}",3.7343,0.1150882849435655,0.8267842176883957,0.0418157823116043,"[0.042540754508414214, 0.024919923387708653, 0.5792077084692645, 0.3527896682163353, 0.27192936208814167, 0.8123962455927507, 0.652853869576851, 0.010299276925207601, 0.16897201330301015, 0.09166030255330082, 0.3836221682668792, 0.01459652016763513, 0.9285715422962223, 0.707079112393047]",28.0,28.0,20.0,5.2198,5.2198,6.0947,6.0947,23.2143,23.2143,False,0,3.7502,0.705788,2.9953,0.0425407545084142,1.899240728359466,plus,False,2.588955801416994,1.677023565101112,0.911932236315882,True,True,1.0,True,100.0,47.89999999999998,0.0,True,[],0.2420749678311159,0.1551424326967884,2.291405399708353e-06
73,4-6,283,4-6/r283,bo,222.90433273258049,"{""0"": {""K"": 0.0, ""B1"": 485.2071581456934, ""A1"": 54.64174440877036, ""A2"": 262.10856834012714, ""A3"": 2188.0934892241494, ""A4"": 3187.9940456150885, ""B2"": 2327.037925174515}}",3.7343,0.1265484768666062,0.8267842176883957,0.0418157823116043,"[0.04793641564141515, 0.9078592959662646, 0.104345625407676, 0.011750912776079647, 0.05636743405164024, 0.47055773961809666, 0.6855901173365782, 0.5004382634783903, 0.5453398214014621, 0.11750511055613733, 0.4747972815672543, 0.8697403136407024, 0.0077856917187302255, 0.6579770488687869]",56.0,56.0,23.0,6.2228,6.2228,70.2305,70.2305,0.1946,0.1946,False,0,3.7491,0.656938,2.9953,0.0479364156414151,1.655900604971624,minus,True,1.7300373673995073,2.2730153916117946,0.5429780242122872,True,True,1.0,True,100.0,54.6,0.0,True,[],0.2337944605462184,0.1540348682744661,1.6014805395394216e-06
74,4-6,283,4-6/r283,bo,3216.8970932437555,"{""0"": {""K"": 0.0, ""B1"": 3993.388127019135, ""A1"": 420.65762804562553, ""A2"": 4582.748139830963, ""A3"": 2491.754468714878, ""A4"": 1776.643107069881, ""B2"": 14.823726179342444}}",3.7343,0.0473986018610016,0.8267842176883957,0.0418157823116043,"[0.6918058265040334, 0.5036704298644089, 0.8587931455955129, 0.09046400603131732, 0.98553723437225, 0.5358611760677157, 0.38207378646664103, 0.0031878981030843967, 0.02331775842549688, 0.4045415938130631, 0.7503445170914632, 0.5969189295474762, 0.977744650738214, 0.9793379223031]",17.0,17.0,54.0,9.2538,9.2538,49.7689,49.7689,24.4436,24.4436,False,0,3.7564,0.981125,2.9953,0.6918058265040334,1.8769822038751376,plus,False,1.3811929760991737,1.5201382665699863,0.1389452904708128,True,True,1.0,True,100.0,14.799999999999727,0.0,True,[],0.2323113894569843,0.1522212386489667,1.2362949564239868e-06
75,4-6,283,4-6/r283,bo,1600.1267651728606,"{""0"": {""K"": 0.0, ""B1"": 212.62095932818278, ""A1"": 763.8522428616806, ""A2"": 324.42702029934264, ""A3"": 2162.4705629285404, ""A4"": 1940.3785071514253, ""B2"": 148.52023994185643}}",3.7343,0.1128161305264781,0.8267842176883957,0.0418157823116043,"[0.34411328283287324, 0.12445334187984192, 0.04572493748993178, 0.16426929954014635, 0.06976925167727799, 0.4650474328878581, 0.4172857004626721, 0.03193983654663579, 0.7528223333617895, 0.5079264572631786, 0.740910609373488, 0.09989453564073492, 0.03485493866983247, 0.6662342300695592]",71.0,71.0,66.0,9.15,9.15,12.4921,12.4921,0.8714,0.8714,False,0,3.7493,0.66582,2.9953,0.3441132828328732,1.693245758775854,plus,False,0.9477427201134953,0.9713974005177878,0.0236546804042926,True,True,1.0,True,100.0,64.10000000000014,0.0,True,[],0.2330328949168137,0.1507226295250623,1.0500158639474391e-06
76,4-6,283,4-6/r283,bo,3710.891672560033,"{""0"": {""K"": 0.0, ""B1"": 4454.945650895337, ""A1"": 3289.661697582908, ""A2"": 1180.093151026196, ""A3"": 1820.4581165097354, ""A4"": 2049.7743672207316, ""B2"": 2896.9293537292087}}",3.7343,0.0651184105732781,0.8267842176883957,0.0418157823116043,"[0.7980412199053833, 0.4637701002262349, 0.958052828149535, 0.7074541285124533, 0.2537834733389669, 0.3914963691418786, 0.4408116918754261, 0.6229955599417654, 0.11558708843679566, 0.1593053759107046, 0.650396972053296, 0.8501819996837736, 0.01215897360011886, 0.9211991546128983]",24.0,24.0,28.0,8.1544,8.1544,68.7636,68.7636,0.304,0.304,False,0,3.7551,0.923393,2.9953,0.7980412199053833,1.6609251250328343,plus,False,-1.054410544807629,-1.2644167589956383,0.2100062141880092,True,True,1.0,True,100.0,195.0999999999999,0.0,True,[],0.2293304711161418,0.1501934010215817,8.80352226170646e-07
77,4-6,283,4-6/r283,bo,425.2807230230473,"{""0"": {""K"": 0.0, ""B1"": 2550.556501168929, ""A1"": 399.10617582727684, ""A2"": 606.3149173190372, ""A3"": 358.293198124883, ""A4"": 139.96738411908785, ""B2"": 2515.8359049474725}}",3.7343,0.092790060029696,0.8267842176883957,0.0418157823116043,"[0.0914582200049564, 0.049274177017927356, 0.548506774444931, 0.08582928512414556, 0.13039030479979297, 0.07705230067201785, 0.030100512713782335, 0.5410399795585963, 0.23755252976656294, 0.7840050175185469, 0.05227155777405312, 0.6259899762903408, 0.9737705971330478, 0.0018492778554960454]",33.0,33.0,96.0,1.575,1.575,51.9492,51.9492,24.3443,24.3443,False,0,3.7343,0.0,2.9953,0.0914582200049564,1.7863065943197374,minus,True,0.4031826167052152,1.392863249896588,0.9896806331913728,True,True,1.0,True,100.0,34.70000000000027,0.0,True,[],0.2164220594091813,0.1493410130467005,5.333622306815391e-07
78,4-6,283,4-6/r283,bo,4584.59287504212,"{""0"": {""K"": 0.0, ""B1"": 4285.3932598579, ""A1"": 4190.921755871873, ""A2"": 4198.152020391012, ""A3"": 3571.6201749951283, ""A4"": 1817.4034163891672, ""B2"": 1512.475075987597}}",3.7343,0.1065075122681316,0.8267842176883957,0.0418157823116043,"[0.9859339516219612, 0.06160086610963755, 0.9215899483565376, 0.9012734958864244, 0.902828391481938, 0.7680903602140061, 0.39083944438476714, 0.32526345720163374, 0.6744228843749287, 0.05348261275008681, 0.6451309465016295, 0.7454663322980387, 0.998654975226853, 0.14968857217335907]",66.0,66.0,16.0,8.0964,8.0964,60.91,60.91,24.9664,24.9664,False,0,3.7377,0.150673,2.9953,0.9859339516219612,1.7803220790340386,plus,False,-1.4074031672042329,-1.3694917605956387,0.0379114066085941,True,True,1.0,True,100.0,7.199999999999818,0.0,True,[],0.2131062575370461,0.1478477498053033,3.925851844903854e-07
79,4-6,283,4-6/r283,bo,291.9277396398677,"{""0"": {""K"": 0.0, ""B1"": 3550.3264155281267, ""A1"": 2745.753665697798, ""A2"": 2093.259916544048, ""A3"": 3188.028558394329, ""A4"": 3450.019853621764, ""B2"": 787.1333353419723}}",3.7343,0.1438801603045805,0.8267842176883957,0.0418157823116043,"[0.06278015906233714, 0.9542907487830128, 0.763511057102823, 0.5904846592898491, 0.4501634229126985, 0.6855975394396406, 0.741939753467046, 0.1692759860950478, 0.538183941205627, 0.4923384819632126, 0.5492686552941405, 0.6637135053794277, 0.0718023783228059, 0.9983384557391775]",55.0,55.0,64.0,7.042,7.042,54.7785,54.7785,1.7951,1.7951,False,0,3.7568,0.998889,2.9953,0.0627801590623371,1.7645587982921636,plus,False,0.91728539991495,0.7089162757840035,0.2083691241309464,True,True,1.0,True,100.0,100.40000000000008,0.0,True,[],0.2137386862537903,0.1456895496072138,2.9502524266066665e-07
80,4-6,283,4-6/r283,bo,1810.14114679716,"{""0"": {""K"": 0.0, ""B1"": 154.1034552130318, ""A1"": 2866.32737084724, ""A2"": 4359.302336492298, ""A3"": 4549.421856361194, ""A4"": 3161.6215905247855, ""B2"": 4173.7205910602515}}",3.7343,0.1264136143376584,0.8267842176883957,0.0418157823116043,"[0.3892776659778838, 0.04877977910354525, 0.03314052800280254, 0.6164144883542452, 0.937484373439204, 0.9783702916905794, 0.6799186216182335, 0.8975743206581187, 0.5235964197697175, 0.6651083290531264, 0.8108516688168135, 0.6273270339926462, 0.10412445467533926, 0.03571049562104256]",54.0,54.0,83.0,9.9194,9.9194,52.0495,52.0495,2.6031,2.6031,False,0,3.7351,0.035209,2.9953,0.3892776659778838,1.5615387112565402,minus,True,1.0071914759452716,2.172686453223652,1.1654949772783805,True,True,1.0,True,100.0,100.5,0.0,True,[],0.522132438130217,0.0776945025666109,4.445639775207576e-07
81,4-6,283,4-6/r283,bo,1517.4193877348598,"{""0"": {""K"": 0.0, ""B1"": 372.1934517177369, ""A1"": 1494.415478427124, ""A2"": 1581.3558663018605, ""A3"": 4638.1268826909245, ""A4"": 2342.0997277688116, ""B2"": 3820.330843067695}}",3.7343,0.0956974656200208,0.8267842176883957,0.0418157823116043,"[0.3263267500505075, 0.02339740878186558, 0.08004160251994341, 0.32137967278002666, 0.34007653038749686, 0.9974466414389085, 0.5036773608104971, 0.8215765253909021, 0.1607050827578469, 0.31787643228470297, 0.39567613221618014, 0.032272850580004286, 0.06958684574474738, 0.2501449634501871]",27.0,27.0,45.0,5.3524,5.3524,7.4205,7.4205,1.7397,1.7397,False,0,3.7399,0.248373,2.9953,0.3263267500505075,1.6490691090725305,minus,True,1.2732762632296604,1.5219480468301436,0.2486717836004832,True,True,1.0,True,100.0,11.900000000000093,0.0,True,[],0.4656219716102817,0.0953400024080717,1.088729237769346e-06
82,4-6,283,4-6/r283,bo,1647.6943859672351,"{""0"": {""K"": 0.0, ""B1"": 3203.5341739693476, ""A1"": 3515.363487509974, ""A2"": 603.174308604093, ""A3"": 1243.9208233660768, ""A4"": 2692.9462101240824, ""B2"": 4286.307644684074}}",3.7343,0.1458500645136276,0.8267842176883957,0.0418157823116043,"[0.35434287870263126, 0.5865167295573522, 0.6889320804235156, 0.7559921478516074, 0.12971490507614902, 0.26750985448732834, 0.5791282172309855, 0.9217865902546396, 0.9953753025860134, 0.5203130425248098, 0.776009296782819, 0.7121840867820112, 0.09927599594548298, 0.4615349460047482]",90.0,90.0,67.0,9.5361,9.5361,58.4138,58.4138,2.4819,2.4819,False,0,3.7447,0.461537,2.9953,0.3543428787026312,1.6973970994880654,plus,False,0.6524137973696265,0.5924141116627891,0.0599996857068373,True,True,1.0,True,99.99999999999996,311.90000000000003,0.0,True,[],0.470719094235397,0.1484413602443979,0.0003303247322209
83,4-6,283,4-6/r283,bo,1981.7505954560968,"{""0"": {""K"": 0.0, ""B1"": 367.90898821818536, ""A1"": 970.8366480325246, ""A2"": 1804.620978263353, ""A3"": 4622.398451879981, ""A4"": 3122.2779578555605, ""B2"": 660.5478073720161}}",3.7343,0.1849963959640459,0.8267842176883957,0.0418157823116043,"[0.42618292375399924, 0.6885639330543818, 0.07912021252003987, 0.2087820748457042, 0.38809053295986085, 0.9940641831999958, 0.6714576253452819, 0.14205329190796046, 0.4927286569661562, 0.9901836358638965, 0.18830897129453783, 0.37846633113990147, 0.11861909886724997, 0.59847665654489]",52.0,52.0,119.0,3.0714,3.0714,33.385,33.385,2.9655,2.9655,False,0,3.7478,0.599206,2.9953,0.4261829237539992,1.707715370526696,plus,False,0.8686888779939788,0.8548579145449715,0.0138309634490072,True,True,1.0,True,100.0,27.700000000000045,0.0,True,[],0.2996923580749208,0.1458587254704066,4.069499030690798e-06
84,4-6,283,4-6/r283,bo,1771.3438906132965,"{""0"": {""K"": 0.0, ""B1"": 433.0106245652819, ""A1"": 3259.922973894321, ""A2"": 644.8471046184414, ""A3"": 1511.3393903264782, ""A4"": 1325.7473717354683, ""B2"": 3927.78965155379}}",3.7343,0.1498165739131244,0.8267842176883957,0.0418157823116043,"[0.3809341700243648, 0.531317844688869, 0.09312056442264127, 0.7010587040632948, 0.13867679669213795, 0.32501922372612435, 0.28510696166354155, 0.8446859465707075, 0.9645085730174909, 0.9490972691786601, 0.5810024167565524, 0.1447057581335598, 0.6878523405252608, 0.7579260043674896]",87.0,87.0,114.0,7.391,7.391,15.8529,15.8529,17.1963,17.1963,False,0,3.7514,0.759079,2.9953,0.3809341700243648,1.715804201260672,plus,False,0.9998441399665898,0.5728184250683434,0.4270257148982465,True,True,1.0,True,100.0,185.5999999999999,0.0,True,[],0.4166638700907102,0.148879685916651,0.0001052640573074
85,4-6,283,4-6/r283,bo,1784.4373180277505,"{""0"": {""K"": 0.0, ""B1"": 332.04105912605513, ""A1"": 3102.315621342785, ""A2"": 3467.801523663377, ""A3"": 2852.0195899267424, ""A4"": 2655.602774793766, ""B2"": 4258.433175144468}}",3.7343,0.1414126161338109,0.8267842176883957,0.0418157823116043,"[0.38374996086618285, 0.8928111335637986, 0.07140667938194734, 0.6671646497511365, 0.7457637685297585, 0.6133375462208048, 0.5710973709233905, 0.9157920806762297, 0.8667833186664513, 0.3161581772205492, 0.9016434935436984, 0.9745552247702728, 0.15547584163311845, 0.09233498446456068]",80.0,80.0,45.0,10.9181,10.9181,78.0916,78.0916,3.8869,3.8869,False,0,3.7364,0.092941,2.9953,0.3837499608661828,1.5776166494135997,minus,True,1.053863427498706,2.180091608584274,1.126228181085568,True,True,1.0,True,100.0,196.5,0.0,True,[],0.232751621203478,0.1550070213734379,1.741390870255422e-06
86,4-6,283,4-6/r283,bo,1938.962021268332,"{""0"": {""K"": 0.0, ""B1"": 403.19061138428555, ""A1"": 1024.2848596462793, ""A2"": 4433.099499170007, ""A3"": 1531.595574401181, ""A4"": 3502.021433932606, ""B2"": 3259.790136546638}}",3.7343,0.1141731678066416,0.8267842176883957,0.0418157823116043,"[0.4169810798426521, 0.05332368606694904, 0.08670765836221195, 0.22027631390242564, 0.9533547310043026, 0.32937539234434, 0.7531228890177648, 0.7010301368917502, 0.026816073809104335, 0.9282714288026668, 0.7164261034818995, 0.18755250134427082, 0.8983330374519567, 0.8370764553599616]",17.0,17.0,112.0,8.8807,8.8807,19.0664,19.0664,22.4583,22.4583,False,0,3.7532,0.839016,2.9953,0.4169810798426521,1.715896467927061,minus,True,0.9456203088759532,1.261657187987718,0.3160368791117646,True,True,1.0,True,100.0,216.9000000000001,0.0,True,[],0.2554704683044249,0.1530408294580958,2.6229427014392862e-06
87,4-6,283,4-6/r283,bo,1704.0745692889454,"{""0"": {""K"": 0.0, ""B1"": 4383.216237594753, ""A1"": 936.504981796184, ""A2"": 712.071257657014, ""A3"": 1065.153170583577, ""A4"": 4019.0549060466938, ""B2"": 4028.3219793588733}}",3.7343,0.2057839226469981,0.8267842176883957,0.0418157823116043,"[0.36646764930945064, 0.7071969349910922, 0.9426271478698394, 0.20139892081638366, 0.1531336037972073, 0.22906519797496283, 0.8643128830207943, 0.8663058020126609, 0.5138078892266983, 0.48990413923341714, 0.665431250227703, 0.9332952962681632, 0.24396885066968987, 0.044800869818123035]",54.0,54.0,64.0,8.3197,8.3197,74.9971,74.9971,6.0992,6.0992,False,0,3.7353,0.044091,2.9953,0.3664676493094506,1.5046059297956982,plus,False,0.0729927865414871,0.0354005500494001,0.0375922364920869,True,True,1.0,True,100.0,9.300000000000182,0.0,True,[],0.7967966049817576,0.0331878829096468,0.0018433394216973
88,4-6,283,4-6/r283,bo,2045.5469308244485,"{""0"": {""K"": 0.0, ""B1"": 2148.4116397020725, ""A1"": 2677.4057618112997, ""A2"": 4290.491870311033, ""A3"": 67.04237288666948, ""A4"": 210.764340799974, ""B2"": 3667.642795799889}}",3.7343,0.1816267204556241,0.8267842176883957,0.0418157823116043,"[0.4399025657686986, 0.09207200585587594, 0.4620240085380801, 0.5757861853357634, 0.922686423722803, 0.01441771459928376, 0.045325664688166456, 0.7887403861935245, 0.9361937261196979, 0.6733843986627603, 0.5202044918477374, 0.7846587922305215, 0.084872061664242, 0.08023220836755396]",85.0,85.0,84.0,6.7222,6.7222,63.8494,63.8494,2.1218,2.1218,False,0,3.7361,0.079618,2.9953,0.4399025657686986,1.6165229548257465,plus,False,1.633409891596021,1.5689229453224467,0.0644869462735742,True,True,1.0,True,100.0,67.09999999999991,0.0,True,[],0.2986316599029881,0.1507604468920699,6.670173877133004e-06
89,4-6,283,4-6/r283,bo,1981.0531117720996,"{""0"": {""K"": 0.0, ""B1"": 621.115923418606, ""A1"": 4301.637710816315, ""A2"": 229.01759836954812, ""A3"": 3133.4924486999166, ""A4"": 3728.4171026878116, ""B2"": 3985.891074112901}}",3.7343,0.0555515656420568,0.8267842176883957,0.0418157823116043,"[0.42603292726281705, 0.01804908544586692, 0.13357331686421636, 0.9250833786701752, 0.04925109642355874, 0.6738693438064337, 0.8018101296102821, 0.8571808761533121, 0.9309506183842965, 0.4665299370146201, 0.8501112014137117, 0.9477669895082383, 0.541539975738365, 0.4003725266066148]",85.0,85.0,61.0,10.3512,10.3512,76.0825,76.0825,13.5385,13.5385,False,0,3.7433,0.399365,2.9953,0.426032927262817,1.547244022539609,minus,True,1.1638745678303857,2.339831710781311,1.1759571429509252,True,True,1.0,True,100.0,229.0,0.0,True,[],0.2689746806224978,0.1493872965142309,2.533271176894082e-06
90,4-6,283,4-6/r283,bo,1833.8187133077915,"{""0"": {""K"": 0.0, ""B1"": 199.70229653302383, ""A1"": 616.6466534492379, ""A2"": 4116.796145891477, ""A3"": 4011.614146408492, ""A4"": 3135.229014471573, ""B2"": 3938.5428678132143}}",3.7343,0.2563486950942475,0.8267842176883957,0.0418157823116043,"[0.3943696157651164, 0.8751974372105549, 0.042946730437209424, 0.1326121835374705, 0.8853325044927907, 0.8627127196577402, 0.674242798811091, 0.8469984661963902, 0.040770203039468655, 0.8369411148567112, 0.5666871455478035, 0.9707477077125097, 0.6304053937960404, 0.2316469379352878]",18.0,18.0,102.0,7.2336,7.2336,77.8061,77.8061,15.7601,15.7601,False,0,3.7395,0.23061,2.9953,0.3943696157651164,1.5478307517205163,plus,False,0.9059497493656412,1.082807422965061,0.1768576735994199,True,True,1.0,True,100.0,73.0,0.0,True,[],0.240495902571958,0.1494471146822038,1.116370914349901e-06
91,4-6,283,4-6/r283,bo,1693.4499988513985,"{""0"": {""K"": 0.0, ""B1"": 91.49964554639028, ""A1"": 163.95099233818942, ""A2"": 2943.1817697624224, ""A3"": 3145.415858821307, ""A4"": 3344.191248892237, ""B2"": 4580.221593654321}}",3.7343,0.1675659429370546,0.8267842176883957,0.0418157823116043,"[0.3641827954519137, 0.619299002305676, 0.019677343128255975, 0.03525827792219127, 0.6329423160779403, 0.6764335180260875, 0.719180913740266, 0.984993891108456, 0.40057381194996433, 0.32472640420181975, 0.3376830888108807, 0.1808209167975029, 0.2510321189968505, 0.373164370873745]",45.0,45.0,46.0,4.7145,4.7145,18.5616,18.5616,6.2758,6.2758,False,0,3.7427,0.372719,2.9953,0.3641827954519137,1.1360850230174853,plus,False,0.9723522952271936,0.9735608872403108,0.001208592013117,True,True,1.0,True,100.0,69.70000000000005,1.0,True,[],0.3577641581080872,0.1262700420244268,2.20874357890837e-06
92,4-6,283,4-6/r283,bo,1766.050719037403,"{""0"": {""K"": 0.0, ""B1"": 132.28858834666093, ""A1"": 1124.8705278401956, ""A2"": 2668.288643915306, ""A3"": 2894.8269806191624, ""A4"": 3372.755979073849, ""B2"": 3332.220952300503}}",3.7343,0.0592513051980364,0.8267842176883957,0.0418157823116043,"[0.37979585355643075, 0.43827211342700056, 0.028449158784228157, 0.24190764039574097, 0.5738255148204958, 0.622543436692293, 0.7253238664674945, 0.7166066564087104, 0.005921563159183907, 0.18690549367382447, 0.19569236457672712, 0.1843084330258512, 0.48418804887753664, 0.5260431230586937]",15.0,15.0,31.0,3.1526,3.1526,18.8231,18.8231,12.1047,12.1047,False,0,3.7462,0.528151,2.9953,0.3797958535564307,1.465169906802743,minus,True,1.123275907899585,1.821118060830605,0.6978421529310197,True,True,1.0,True,99.99999999999996,40.5,0.0,True,[],0.251337974275354,0.1471671903614768,1.158471245917273e-06
93,4-6,283,4-6/r283,bo,1456.31433968804,"{""0"": {""K"": 0.0, ""B1"": 917.2496149705171, ""A1"": 59.76090065421362, ""A2"": 2706.0264174595154, ""A3"": 3039.1053604668145, ""A4"": 1376.6777920596753, ""B2"": 3465.7533264452272}}",3.7343,0.1623511409685839,0.8267842176883957,0.0418157823116043,"[0.3131858795028043, 0.00020344528484850244, 0.1972579817140897, 0.012851806592304005, 0.5819411650450571, 0.6535710452616805, 0.29605974022788717, 0.7453232960097262, 0.6784155947255711, 0.0018214465137763591, 0.3037395854751297, 0.6015487117554149, 0.2562831713264542, 0.12845190975606502]",66.0,66.0,10.0,4.3411,4.3411,50.1162,50.1162,6.4071,6.4071,False,0,3.7372,0.128468,2.9953,0.3131858795028043,1.761325856180009,plus,False,2.561458664581606,1.880930308117957,0.6805283564636497,True,True,1.0,True,100.0,59.79999999999996,0.0,True,[],0.285287321723065,0.1258106074691299,1.53461383071186e-07
94,4-6,283,4-6/r283,bo,1720.7476336481095,"{""0"": {""K"": 0.0, ""B1"": 1027.0211735293733, ""A1"": 516.0729396785381, ""A2"": 1753.0836174908327, ""A3"": 1405.7437794886253, ""A4"": 3305.6968254502067, ""B2"": 3564.636424840904}}",3.7343,0.2209716747592081,0.8267842176883957,0.0418157823116043,"[0.37005325454798055, 0.00856377137791342, 0.2208647685009405, 0.11098342788785764, 0.377007229567921, 0.3023104902126076, 0.7109025431075713, 0.7665884784604095, 0.7326155418438461, 0.696790085349451, 0.01765689850053842, 0.7369709740954731, 0.02439230766742173, 0.8274376061037882]",70.0,70.0,87.0,1.1942,1.1942,60.2728,60.2728,0.6098,0.6098,False,0,3.7529,0.825693,2.9953,0.3700532545479805,1.6744080167605624,plus,False,1.5154677318074845,0.8605599979965923,0.6549077338108922,True,True,1.0,True,100.0,259.0,0.0,True,[],0.2359114426324082,0.1281976407133532,3.5046315545090126e-08
95,4-6,283,4-6/r283,bo,1552.1128040713288,"{""0"": {""K"": 0.0, ""B1"": 2580.626061378375, ""A1"": 3327.1291449304135, ""A2"": 1526.7180622173028, ""A3"": 2410.9235223170467, ""A4"": 2623.1571508940397, ""B2"": 115.00638254285434}}",3.7343,0.1056847519176032,0.8267842176883957,0.0418157823116043,"[0.3337876998002858, 0.8258130499053185, 0.5549733465329839, 0.7155116440710567, 0.32832646499296836, 0.5184781768423756, 0.5641198173965677, 0.024732555385560073, 0.5293441366720808, 0.47207964213910525, 0.949184462873319, 0.33477734093666456, 0.08650044346942776, 0.3495820476832726]",55.0,55.0,62.0,11.441,11.441,30.1083,30.1083,2.1625,2.1625,False,0,3.7422,0.350514,2.9953,0.3337876998002858,1.684799250712281,plus,False,2.242770475740716,1.1905471454482248,1.052223330292491,True,True,1.0,True,100.0,42.60000000000037,0.0,True,[],0.2234791327768192,0.1447775797526898,3.539335284204653e-07
96,4-6,283,4-6/r283,bo,1407.1800163489042,"{""0"": {""K"": 0.0, ""B1"": 259.41708531340237, ""A1"": 876.3158346033897, ""A2"": 1150.1282590670623, ""A3"": 2426.8912396765063, ""A4"": 2181.4449924348164, ""B2"": 2563.055101631237}}",3.7343,0.1130087803993015,0.8267842176883957,0.0418157823116043,"[0.3026193583546031, 0.11708757776186984, 0.05578862049750588, 0.18845501819427735, 0.24733941055205644, 0.5219120945540874, 0.4691279553623261, 0.551194645512094, 0.45798917107868875, 0.9126266103564628, 0.3886789045231912, 0.7842759903743375, 0.4585203817824568, 0.8663399453348202]",49.0,49.0,110.0,5.2755,5.2755,63.8207,63.8207,11.463,11.463,False,0,3.7538,0.865661,2.9953,0.3026193583546031,1.4765357379717157,plus,False,2.2146636261812422,1.287298874421416,0.9273647517598262,True,True,1.0,True,100.0,136.0999999999999,0.0,True,[],0.2727644520863945,0.142999739864401,1.3066106556529503e-06
97,4-6,283,4-6/r283,bo,1961.4526905930225,"{""0"": {""K"": 0.0, ""B1"": 1737.7312682941033, ""A1"": 887.9839771541655, ""A2"": 1668.9689214423, ""A3"": 3885.529760072359, ""A4"": 732.7548916584124, ""B2"": 3760.723254871134}}",3.7343,0.0632007748052099,0.8267842176883957,0.0418157823116043,"[0.4218177829232306, 0.016902153068885428, 0.3737056490955061, 0.19096429616218613, 0.35891804762199997, 0.8355977978650234, 0.15758169713084136, 0.8087576892195987, 0.8534035011868117, 0.09114866871552074, 0.7483964481091009, 0.08625449401414398, 0.15285868432976857, 0.5512311753369692]",79.0,79.0,20.0,9.2324,9.2324,11.4691,11.4691,3.8215,3.8215,False,0,3.7467,0.550356,2.9953,0.4218177829232306,1.8139980649283085,minus,True,0.1010652197850227,1.3309099043504349,1.229844684565412,True,True,1.0,True,100.0,68.79999999999973,0.0,True,[],0.2829434940817487,0.1175415712043892,2.833090528972697e-08
98,4-6,283,4-6/r283,bo,1431.3957860024984,"{""0"": {""K"": 0.0, ""B1"": 2296.0546745084853, ""A1"": 1141.0523857800474, ""A2"": 4377.82076574275, ""A3"": 716.6484424989959, ""A4"": 936.081322523879, ""B2"": 1768.238637050392}}",3.7343,0.0523063012172232,0.8267842176883957,0.0418157823116043,"[0.3078270507532255, 0.004231010538582769, 0.4937751988190291, 0.2453876098451715, 0.941466831342527, 0.15411794462343997, 0.20130781129545783, 0.3802663735592241, 0.32714006156533004, 0.10190971845278263, 0.10850332625232306, 0.6948561738026755, 0.8132060899835843, 0.8100545555444458]",40.0,40.0,21.0,2.1935,2.1935,57.1142,57.1142,20.3302,20.3302,False,0,3.7525,0.807929,2.9953,0.3078270507532255,1.7296059072579737,minus,True,0.2698907077741282,1.3118528741741418,1.0419621664000136,True,True,1.0,True,100.0,204.9000000000001,0.0,True,[],0.2471714884494589,0.1230822201538781,1.983193905872821e-08
99,4-6,283,4-6/r283,bo,2132.02767078267,"{""0"": {""K"": 0.0, ""B1"": 2808.663432128202, ""A1"": 1159.7334725580054, ""A2"": 69.16979229101058, ""A3"": 4352.594141232337, ""A4"": 681.4337895553679, ""B2"": 3753.1779945563167}}",3.7343,0.1231880268546779,0.8267842176883957,0.0418157823116043,"[0.45850057436186453, 0.10726262917986451, 0.6040136413178929, 0.24940504786193662, 0.014875224148604427, 0.9360417508026532, 0.146544900979649, 0.8071350525927563, 0.21014647068138526, 0.8873511143898136, 0.11802525088555782, 0.7044608626058542, 0.02780449069754265, 0.7269732215530026]",31.0,31.0,108.0,2.2983,2.2983,57.8346,57.8346,0.6951,0.6951,False,0,3.7507,0.727993,2.9953,0.4585005743618645,1.8329648140684915,minus,True,1.8777998900306956,2.17451145128247,0.2967115612517745,True,True,1.0,True,100.0,69.19999999999982,0.0,True,[],0.2190684606729404,0.1415199177597307,1.887376818282705e-07
100,4-6,283,4-6/r283,bo,1748.5589439737182,"{""0"": {""K"": 0.0, ""B1"": 4308.549346008201, ""A1"": 748.2011905314523, ""A2"": 3858.7649819055146, ""A3"": 3513.3385043416547, ""A4"": 3065.093312387321, ""B2"": 3129.1185233829992}}",3.7343,0.1177810242538622,0.8267842176883957,0.0418157823116043,"[0.37603418149972434, 0.003199013192788369, 0.9265697518297207, 0.16090348183472092, 0.8298419315925838, 0.7555566676003559, 0.6591598521263056, 0.6729287147060213, 0.7496180202033774, 0.7279883259099663, 0.0426383374478263, 0.052710999028404815, 0.6002676138961902, 0.5233819484933788]",71.0,71.0,90.0,1.469,1.469,8.9533,8.9533,15.0067,15.0067,False,0,3.7461,0.52371,2.9953,0.3760341814997243,1.703099908918693,plus,False,0.2700952459088175,0.2451879221215041,0.0249073237873134,True,True,1.0,True,100.0,64.0,0.0,True,[],0.232045123418865,0.1389920322139478,1.981255682359845e-07
101,4-6,283,4-6/r283,bo,2094.4272013525238,"{""0"": {""K"": 0.0, ""B1"": 877.2202375781051, ""A1"": 1920.5399389998584, ""A2"": 2199.7038587264956, ""A3"": 1157.7234150410552, ""A4"": 443.9674757124118, ""B2"": 3328.5135927010683}}",3.7343,0.1421620281473931,0.8267842176883957,0.0418157823116043,"[0.4504144519037685, 0.24017124044042681, 0.18864951345765701, 0.41301934172039967, 0.47305459327451516, 0.2489727774281839, 0.09547687649729286, 0.7158093747744233, 0.827362751037098, 0.2152472776525014, 0.8679718262994855, 0.1918014174535293, 0.06568205966901786, 0.04062766828122666]",77.0,77.0,34.0,10.5477,10.5477,19.3851,19.3851,1.6421,1.6421,False,0,3.7352,0.03965,2.9953,0.4504144519037684,1.702109651227137,plus,False,2.088006784102663,0.993362594603985,1.0946441894986778,True,True,1.0,True,100.0,279.1000000000004,0.0,True,[],0.2184008642277072,0.1271963553615298,1.4151123834639322e-08
102,4-6,283,4-6/r283,bo,1681.6592127902252,"{""0"": {""K"": 0.0, ""B1"": 1232.8949110584952, ""A1"": 1721.0088207525469, ""A2"": 714.6855509471446, ""A3"": 4125.550381710327, ""A4"": 3004.7639120287404, ""B2"": 2342.3978338334296}}",3.7343,0.1201397052845188,0.8267842176883957,0.0418157823116043,"[0.3616471425355323, 0.6357493360228134, 0.265138690550214, 0.370109423817752, 0.1536958174079881, 0.8872151358516832, 0.6461857875330624, 0.5037414696415977, 0.3092588459154453, 0.5588660701614878, 0.1855341409120218, 0.37751455189464445, 0.028199940092843545, 0.5512856552750773]",38.0,38.0,71.0,3.0409,3.0409,33.3136,33.3136,0.705,0.705,False,0,3.7467,0.550356,2.9953,0.3616471425355323,1.8102455050923287,plus,False,0.7124610982074622,0.359807570932444,0.3526535272750181,True,True,1.0,True,100.0,488.0999999999999,0.0,True,[],0.2176000831084376,0.1217522621224431,4.099001547084611e-09
103,4-6,283,4-6/r283,bo,1649.6691580249874,"{""0"": {""K"": 0.0, ""B1"": 1321.0235736493714, ""A1"": 960.1994174560441, ""A2"": 3061.533843795624, ""A3"": 1138.0730097488206, ""A4"": 2561.322087555763, ""B2"": 635.0261870942531}}",3.7343,0.1434159105586478,0.8267842176883957,0.0418157823116043,"[0.3547675608655887, 0.25822922323894126, 0.2840910911073917, 0.2064944983776439, 0.6583943750098116, 0.24474688381695064, 0.5508219543130674, 0.13656477141811896, 0.2534089649623168, 0.749558547540284, 0.396634186414897, 0.5669924268805727, 0.23509475821369774, 0.13468827487457802]",34.0,34.0,92.0,5.363,5.363,47.5244,47.5244,5.8774,5.8774,False,0,3.7373,0.132909,2.9953,0.3547675608655887,1.8629022149050696,minus,True,0.4675091247727224,1.204843232627438,0.7373341078547158,True,True,1.0,True,100.0,177.79999999999973,0.0,True,[],0.5074211992040933,0.0841648037996344,8.800975481994359e-07
104,4-6,283,4-6/r283,bo,1892.46215233168,"{""0"": {""K"": 0.0, ""B1"": 401.5798315748122, ""A1"": 532.4301432343547, ""A2"": 21.61028591688565, ""A3"": 1046.812959439278, ""A4"": 3650.2777964806387, ""B2"": 934.8696341032041}}",3.7343,0.0992395348126836,0.8267842176883957,0.0418157823116043,"[0.4069811080283182, 0.2886394191781213, 0.08636125410211015, 0.11450110607190422, 0.00464737331545928, 0.22512106654608133, 0.7850059777377718, 0.201047233140474, 0.7872376313471475, 0.5807764352893549, 0.6320544718682289, 0.7786862381211387, 0.9297105685720102, 0.12724207958359524]",74.0,74.0,74.0,7.9526,7.9526,63.4015,63.4015,23.2428,23.2428,False,0,3.7372,0.128468,2.9953,0.4069811080283182,1.6378989896222902,plus,False,0.5812945150122071,0.5904015628225228,0.0091070478103156,True,True,1.0,True,100.0,21.59999999999991,0.0,True,[],0.21780398437352,0.1233299782512479,5.957152549305102e-09
105,4-6,283,4-6/r283,bo,2059.599178356549,"{""0"": {""K"": 0.0, ""B1"": 1061.5490754443317, ""A1"": 1021.5001355306738, ""A2"": 783.3330955394041, ""A3"": 2981.7785741180414, ""A4"": 2507.518484925213, ""B2"": 775.8759703179309}}",3.7343,0.0492078580481622,0.8267842176883957,0.0418157823116043,"[0.44292455448527934, 0.029750345656082144, 0.22829012375146918, 0.21967744850122017, 0.16845873022352775, 0.6412427041114067, 0.539251287080691, 0.16685504738020018, 0.032252141170439175, 0.35632290046603565, 0.008275382134500409, 0.5606765088738412, 0.13624601262382752, 0.5470419117662262]",17.0,17.0,49.0,1.091,1.091,47.0507,47.0507,3.4062,3.4062,False,0,3.7466,0.545915,2.9953,0.4429245544852794,1.8676189712448648,minus,True,-0.1235339195393988,0.827371157519068,0.9509050770584668,True,True,1.0,True,100.0,7.400000000000091,0.0,True,[],0.2233577045551331,0.1359010801840119,8.81867145530987e-08
106,4-6,283,4-6/r283,bo,1410.8905452470833,"{""0"": {""K"": 0.0, ""B1"": 2448.917900105516, ""A1"": 1686.9156673248135, ""A2"": 3904.5643092652263, ""A3"": 3671.8850124215046, ""A4"": 2180.2098526060818, ""B2"": 110.81358384433648}}",3.7343,0.1147107088006955,0.8267842176883957,0.0418157823116043,"[0.30341732155851253, 0.5365935826185616, 0.5266490107753797, 0.3627775628655513, 0.8396912493043497, 0.7896526908433343, 0.46886233389378107, 0.023830878246093867, 0.9928901028641146, 0.554734053552553, 0.5241176788803531, 0.39286783190593566, 0.18595737263258327, 0.24304920952040743]",89.0,89.0,71.0,6.7653,6.7653,34.4651,34.4651,4.6489,4.6489,False,0,3.7398,0.243932,2.9953,0.3034173215585125,1.9098967712325567,plus,False,2.5181109937628974,2.236061313150507,0.2820496806123902,True,True,1.0,True,100.0,110.79999999999995,0.0,True,[],0.2160022799971663,0.1351250564917209,5.893331476654144e-08
107,4-6,283,4-6/r283,bo,1601.1073592547327,"{""0"": {""K"": 0.0, ""B1"": 3387.143811689999, ""A1"": 943.055214666637, ""A2"": 3869.2353810575632, ""A3"": 12.457435567927899, ""A4"": 2846.5950754158166, ""B2"": 1897.8367409627353}}",3.7343,0.1659551033458001,0.8267842176883957,0.0418157823116043,"[0.3443241632805877, 0.02907037382774258, 0.7284180240193546, 0.20280757304658859, 0.8320936303349599, 0.0026790184017049246, 0.6121709839603907, 0.40813693354037317, 0.35017592421343535, 0.3801122302890033, 0.7566563347150441, 0.8442664694365298, 0.9654876941904006, 0.13037090453398215]",41.0,41.0,52.0,9.3232,9.3232,68.32,68.32,24.1372,24.1372,False,0,3.7372,0.128468,2.9953,0.3443241632805877,1.8791873508824128,plus,False,2.8315625601848358,2.238646137624167,0.5929164225606685,True,True,1.0,True,100.0,12.5,0.0,True,[],0.2113158623648554,0.1349460314239021,4.798692366236145e-08
108,4-6,283,4-6/r283,bo,2363.863765054456,"{""0"": {""K"": 0.0, ""B1"": 3054.5618195886914, ""A1"": 375.1307279739178, ""A2"": 1303.0593915163365, ""A3"": 996.2573945740601, ""A4"": 226.34996359931876, ""B2"": 3098.488793732622}}",3.7343,0.2343492086043457,0.8267842176883957,0.0418157823116043,"[0.5083577989364422, 0.8823975234297705, 0.65689501496531, 0.0806732748331006, 0.2802278261325455, 0.21424890205893765, 0.048677411526735215, 0.6663416760715316, 0.4785017589729028, 0.8391726155916722, 0.9373796309273099, 0.6761538520255868, 0.6035277833279451, 0.8430873340797104]",51.0,51.0,102.0,11.3112,11.3112,55.7115,55.7115,15.0882,15.0882,False,0,3.7533,0.843457,2.9953,0.5083577989364422,1.846324396354838,plus,False,1.8383847484217544,0.8889357341288847,0.94944901429287,True,True,1.0,True,100.0,44.0,0.0,True,[],0.2102251692918097,0.1341411084811048,3.980168628648507e-08
109,4-6,283,4-6/r283,bo,1366.1810059070497,"{""0"": {""K"": 0.0, ""B1"": 1660.9109894220878, ""A1"": 620.0784060612712, ""A2"": 4433.411622987875, ""A3"": 31.537597457693888, ""A4"": 2749.248891769064, ""B2"": 3152.6912710904126}}",3.7343,0.1359171466219351,0.8267842176883957,0.0418157823116043,"[0.2938023668617311, 0.7557233332009338, 0.35718515901550274, 0.13335019485188626, 0.9534218544059945, 0.006782279023159976, 0.5912363208105513, 0.6779981228151425, 0.8476510455150678, 0.3770508857619138, 0.6027818137870886, 0.45791478743873026, 0.027146000927686154, 0.08270143285881337]",79.0,79.0,51.0,7.6306,7.6306,39.3436,39.3436,0.6787,0.6787,False,0,3.7362,0.084059,2.9953,0.2938023668617311,1.6900575112168974,plus,False,2.65279938183883,2.475644069443977,0.1771553123948526,True,True,1.0,True,100.0,31.5,0.0,True,[],0.2253807833173825,0.1146841255556753,9.860217170259396e-10
110,4-6,283,4-6/r283,bo,1532.896222172943,"{""0"": {""K"": 0.0, ""B1"": 4637.085007268365, ""A1"": 1260.1572076921111, ""A2"": 663.4675637109223, ""A3"": 2337.288880761644, ""A4"": 1834.5314422809877, ""B2"": 3463.951717334255}}",3.7343,0.3151050856714803,0.8267842176883957,0.0418157823116043,"[0.3296551015425684, 0.9747509512447126, 0.9972225822082506, 0.2710015500413142, 0.14268119649697253, 0.5026427700562676, 0.39452289081311565, 0.7449358531901624, 0.6829758068991858, 0.5602613988921276, 0.6330741259230971, 0.1487625796091283, 0.0033314219188436134, 0.09403840941642916]",66.0,66.0,72.0,7.9638,7.9638,16.1572,16.1572,0.0833,0.0833,False,0,3.7364,0.092941,2.9953,0.3296551015425684,1.8020267376310348,plus,False,1.0834801313425326,-0.2120810970691596,1.2955612284116922,True,True,1.0,True,100.0,12.900000000000093,0.0,True,[],0.2408942738475451,0.1136582767651458,1.607519546228723e-09
111,4-6,283,4-6/r283,bo,1571.043358494721,"{""0"": {""K"": 0.0, ""B1"": 1262.6655837873116, ""A1"": 1084.5162507285481, ""A2"": 3083.3756771174244, ""A3"": 3656.546681709823, ""A4"": 83.78109773822544, ""B2"": 3761.766072249155}}",3.7343,0.0377518315018315,0.8267842176883957,0.0418157823116043,"[0.33785878677305825, 0.9722056227541584, 0.2715409857607122, 0.23322930123194585, 0.6630915434661128, 0.7863541250988867, 0.01801744037381192, 0.8089819510213236, 0.9717846193537422, 0.28392717762392095, 0.0774014713661677, 0.3773759332177421, 0.009837082921135498, 0.9106966489586649]",88.0,88.0,41.0,1.8514,1.8514,33.3032,33.3032,0.2459,0.2459,False,0,3.7548,0.91007,2.9953,0.3378587867730582,1.7162870223699325,minus,True,1.8204996624447567,2.4713478658510053,0.6508482034062486,True,True,1.0,True,100.0,83.79999999999995,0.0,True,[],0.2189608579117005,0.1169829457159983,1.3332745395083156e-09
112,4-6,283,4-6/r283,bo,1514.5228408102314,"{""0"": {""K"": 0.0, ""B1"": 4274.0324143739745, ""A1"": 986.6769788243089, ""A2"": 2740.660857889499, ""A3"": 2785.4311716584375, ""A4"": 3100.6005016320687, ""B2"": 4212.321352205861}}",3.7343,0.2679304276325793,0.8267842176883957,0.0418157823116043,"[0.3257038367333831, 0.9568890456053708, 0.9191467557793493, 0.21218859759662556, 0.5893894318041933, 0.5990174562706317, 0.6667958068025954, 0.9058755596141637, 0.6950746150225864, 0.3635124150843567, 0.653984576054083, 0.35287422856069917, 0.8820107162406876, 0.257016132250225]",67.0,67.0,50.0,8.1938,8.1938,31.4656,31.4656,22.0503,22.0503,False,0,3.7401,0.257255,2.9953,0.3257038367333831,1.491456379548818,plus,False,-0.7156035359835207,-0.4985639050248294,0.2170396309586912,True,True,1.0,True,100.0,44.80000000000018,0.0,True,[],0.4456251533559923,0.1081762620055514,3.964748643031117e-06
113,4-6,283,4-6/r283,bo,1431.9751701740825,"{""0"": {""K"": 0.0, ""B1"": 3966.8911903521685, ""A1"": 198.89552415751805, ""A2"": 4450.559117535379, ""A3"": 4060.4786682614786, ""A4"": 2946.39105458475, ""B2"": 4224.589245648625}}",3.7343,0.1736987339751163,0.8267842176883957,0.0418157823116043,"[0.3079516494998027, 0.25971290152485993, 0.8530948796456276, 0.042773231001616785, 0.957109487642017, 0.8732212189809632, 0.6336324848569355, 0.9085138162685216, 0.9900506868685162, 0.5163874963173245, 0.5409018546216042, 0.08738884223825605, 0.06123310327026188, 0.4869772262601365]",89.0,89.0,67.0,6.9499,6.9499,11.5542,11.5542,1.5308,1.5308,False,0,3.7453,0.488183,2.9953,0.3079516494998027,1.7350635256502138,plus,False,0.9577719489413942,0.8977453151575329,0.0600266337838613,True,True,1.0,True,100.0,93.60000000000002,0.0,True,[],0.2906739862184481,0.1058284724800007,2.3661276057086613e-09
114,4-6,283,4-6/r283,bo,1617.3919772718634,"{""0"": {""K"": 0.0, ""B1"": 2449.5032500652105, ""A1"": 4295.014182186121, ""A2"": 399.4498568245764, ""A3"": 1383.21317047877, ""A4"": 343.292562059697, ""B2"": 3748.796214675187}}",3.7343,0.1751495022892099,0.8267842176883957,0.0418157823116043,"[0.3478262316713685, 0.4162583787173213, 0.526774892487142, 0.9236589639109938, 0.08590319501603794, 0.29746519795242365, 0.0738263574321929, 0.8061927343387499, 0.9742779822421757, 0.9053267458115495, 0.7899232556164847, 0.33988206114038333, 0.7607339560119973, 0.12585518600555556]",88.0,88.0,110.0,9.6892,9.6892,30.4912,30.4912,19.0183,19.0183,False,0,3.7371,0.124027,2.9953,0.3478262316713685,1.7888609780185472,minus,True,1.2691068448652427,1.99682439666954,0.7277175518042969,True,True,1.0,True,100.0,56.09999999999991,0.0,True,[],0.4173813175507638,0.1207417688716053,7.841954135605914e-06
115,4-6,283,4-6/r283,bo,1914.5796357211773,"{""0"": {""K"": 0.0, ""B1"": 3623.8317786760917, ""A1"": 1807.342265197687, ""A2"": 4067.2357345207583, ""A3"": 920.7783783856873, ""A4"": 3836.6246862277, ""B2"": 4330.909404094972}}",3.7343,0.0941400440697297,0.8267842176883957,0.0418157823116043,"[0.41173755606907037, 0.7308742133221846, 0.77931866208088, 0.38867575595649184, 0.8746743515098405, 0.19801685556681448, 0.8250805776833763, 0.931378366472037, 0.9501408672649165, 0.8471611439379922, 0.805997960145721, 0.5519866105426352, 0.06234493855270007, 0.05519460460662062]",86.0,86.0,103.0,9.866,9.866,46.399,46.399,1.5586,1.5586,False,0,3.7356,0.057414,2.9953,0.4117375560690703,1.740834643816159,plus,False,-0.0517356302001848,-0.1306981811422201,0.0789625509420353,True,True,1.0,True,100.0,212.80000000000007,0.0,True,[],0.3029816137082442,0.1295057024370384,5.35540527585755e-07
116,4-6,283,4-6/r283,bo,1449.194954204153,"{""0"": {""K"": 0.0, ""B1"": 4318.808423596813, ""A1"": 2766.700519758758, ""A2"": 356.4700099879882, ""A3"": 1844.5378296891301, ""A4"": 2930.3828140845103, ""B2"": 3888.0230627936194}}",3.7343,0.16221601399865,0.8267842176883957,0.0418157823116043,"[0.3116548288611082, 0.6745199898733673, 0.9287760050745834, 0.594989359087905, 0.0766602172017179, 0.3966748020836839, 0.6301898524912926, 0.8361339919986278, 0.7364145315661047, 0.9026376773063078, 0.7897472917631339, 0.7697741445042193, 0.35698901425825513, 0.09775511648901691]",70.0,70.0,109.0,9.6872,9.6872,62.7331,62.7331,8.9247,8.9247,False,0,3.7365,0.097382,2.9953,0.3116548288611082,1.7709926838409686,plus,False,1.21130289763349,1.1184313501592582,0.0928715474742318,True,True,1.0,True,100.0,163.70000000000073,0.0,True,[],0.4043282239403931,0.1237632769668672,7.406047551215871e-06
117,4-6,283,4-6/r283,bo,1927.5014229895128,"{""0"": {""K"": 0.0, ""B1"": 1628.1418603889579, ""A1"": 854.557036536768, ""A2"": 4410.67404250919, ""A3"": 3395.424578755076, ""A4"": 399.9364273886675, ""B2"": 2890.170560241235}}",3.7343,0.0956181776645234,0.8267842176883957,0.0418157823116043,"[0.41451643505150815, 0.18544985710788342, 0.350138034492249, 0.18377570678210065, 0.9485320521525141, 0.7301988341408765, 0.08600783384702526, 0.621542055965857, 0.6391584437470877, 0.3610893448200879, 0.9202933697224996, 0.11731315590714031, 0.027753932978515028, 0.08165360687771428]",63.0,63.0,50.0,11.1232,11.1232,13.7985,13.7985,0.6938,0.6938,False,0,3.7361,0.079618,2.9953,0.4145164350515081,1.882950835202436,minus,True,1.393591023655136,2.300705878855055,0.9071148551999192,True,True,1.0,True,100.0,239.29999999999995,0.0,True,[],0.2583234469382314,0.1283531520463934,8.61897599609099e-08
118,4-6,283,4-6/r283,bo,1575.4826827610364,"{""0"": {""K"": 0.0, ""B1"": 730.7571876784838, ""A1"": 750.8325450434071, ""A2"": 3246.8639655829597, ""A3"": 2700.634112088733, ""A4"": 1643.3085147503018, ""B2"": 4196.3346035210925}}",3.7343,0.2640130701768356,0.8267842176883957,0.0418157823116043,"[0.33881348016366375, 0.25629324825418287, 0.15715208337171693, 0.1614693645254639, 0.6982503151791312, 0.580781529481448, 0.35339968059146276, 0.9024375491443211, 0.37238319297040223, 0.643461816628171, 0.47943410290429755, 0.6347691634662761, 0.011683586467197249, 0.38774419382913927]",43.0,43.0,81.0,6.2738,6.2738,52.6077,52.6077,0.2921,0.2921,False,0,3.743,0.386042,2.9953,0.3388134801636637,1.6033241295663714,plus,False,-0.2084940020029073,-0.7437621398936743,0.535268137890767,True,True,1.0,True,100.0,20.100000000000364,0.0,True,[],0.2343784891247201,0.1092291969777454,3.255993584901235e-10
119,4-6,283,4-6/r283,bo,1580.8549328973716,"{""0"": {""K"": 0.0, ""B1"": 4622.836178015787, ""A1"": 863.6159175584929, ""A2"": 1910.900548531257, ""A3"": 510.5767954539964, ""A4"": 4515.503689707759, ""B2"": 24.234207528943084}}",3.7343,0.1861380892696744,0.8267842176883957,0.0418157823116043,"[0.3399688027736283, 0.19443213416759242, 0.9941583178528574, 0.18572385323838558, 0.410946354522851, 0.10980146138795621, 0.9710760623027439, 0.00521165753310604, 0.5028803605053607, 0.07294623494470742, 0.029710587599862226, 0.9296575118349335, 0.7262506257958562, 0.010506784003404879]",53.0,53.0,18.0,1.3268,1.3268,74.7243,74.7243,18.1563,18.1563,False,0,3.7345,0.008564,2.9953,0.3399688027736283,1.6757052773194847,plus,False,0.7507809967388108,0.5326037073648546,0.2181772893739562,True,True,1.0,True,100.0,24.199999999999815,0.0,True,[],0.4224224342625257,0.0966518898809569,1.862020459674113e-07
0,4-1,116,4-1/r116,gt_layout_ceiling_r,1352.286140702411,"{""0"": {""K"": 0.0, ""B1"": 3972.383780108075, ""A1"": 3201.4917247982685, ""A2"": 2484.3595574925075, ""A3"": 1741.0918433765553, ""A4"": 922.2782722564426, ""B2"": 249.98678470171467}}",3.7136,0.9030603079594456,0.9030603079594456,0.0020396920405543,"[0.28698772086214164, 0.0, 0.8430356069838869, 0.6794337276736563, 0.5272409926766781, 0.36950166455359834, 0.19572968426494963, 0.053053222559786645, 0.29333333333333333, 0.36363636363636365, 0.18181818181818182, 0.2, 0.0, 0.9785506095159594]",37.0,37.0,50.0,3.0,3.0,20.0,20.0,0.0,0.0,False,0,3.7136,0.978551,2.9748,0.2869877208621416,1.944966251568021,plus,False,3.340129077915008,3.4947275679171312,0.1545984900021233,True,True,1.0,True,100.0,250.0,0.0,True,[],,,
1,4-1,116,4-1/r116,gt_layout_otsu_r,1352.286140702411,"{""0"": {""K"": 0.0, ""B1"": 3972.383780108075, ""A1"": 3201.4917247982685, ""A2"": 2484.3595574925075, ""A3"": 1741.0918433765553, ""A4"": 922.2782722564426, ""B2"": 249.98678470171467}}",3.7136,0.8568566859765132,0.9030603079594456,0.0020396920405543,"[0.28698772086214164, 0.0, 0.8430356069838869, 0.6794337276736563, 0.5272409926766781, 0.36950166455359834, 0.19572968426494963, 0.053053222559786645, 0.29333333333333333, 0.36363636363636365, 0.18181818181818182, 0.2, 0.0, 0.5377573663424124]",37.0,37.0,50.0,3.0,3.0,20.0,20.0,0.0,0.0,False,0,2.9748,0.537737,2.9748,0.2869877208621416,1.944966251568021,plus,False,3.340129077915008,3.4947275679171312,0.1545984900021233,True,True,1.0,True,100.0,250.0,0.0,True,[],,,
2,4-1,116,4-1/r116,intrinsic_r_otsu,2945.4498386411906,"{""0"": {""K"": 0.0, ""B1"": 3655.030972435352, ""A1"": 1061.1762792356687, ""A2"": 1414.3835345016942, ""A3"": 4116.183834707186, ""A4"": 24.8101151129881, ""B2"": 3869.628307419595}}",3.7136,0.1501603746954813,0.9030603079594456,0.0020396920405543,"[0.625095466604667, 0.8972138009695755, 0.7756856902451935, 0.22520718999059186, 0.30016628491122543, 0.8735534453962619, 0.005265304565574724, 0.8212284183827663, 0.7970694287520462, 0.4679349528437208, 0.3030324268193135, 0.2784256121007733, 0.2548695876541246, 0.5377573663424124]",75.0,75.0,61.0,4.3334,4.3334,25.8819,25.8819,6.3717,6.3717,False,0,2.9748,0.537737,2.9748,0.625095466604667,1.7020488428809704,plus,False,1.2755446057389153,1.2571533036302809,0.0183913021086346,True,True,1.0,True,100.0,24.90000000000009,0.0,True,[],,,
3,4-1,116,4-1/r116,random,2377.431396209876,"{""0"": {""K"": 0.0, ""B1"": 4690.7973355428585, ""A1"": 3735.0229633352046, ""A2"": 2931.7085291267585, ""A3"": 4659.980215877042, ""A4"": 1014.5345860861422, ""B2"": 754.9191035381635}}",3.7136,0.0984282873390782,0.9030603079594456,0.0020396920405543,"[0.5045482589579533, 0.5534973520744925, 0.9955002834343927, 0.7926619192137531, 0.6221792294411627, 0.9889601476818849, 0.21530869823559895, 0.16021203385784455, 0.6125396042730308, 0.04394200796138337, 0.03568027877359614, 0.5148888202713703, 0.4662060253252891, 0.9171677731928523]",61.0,61.0,15.0,1.3925,1.3925,43.6167,43.6167,11.6552,11.6552,False,0,3.6107,0.917154,2.9748,0.5045482589579533,1.858356258546,plus,False,-0.3985719234872021,-0.5569592315082392,0.1583873080210371,True,True,1.0,True,100.0,21.200000000000276,0.0,True,[],,,
4,4-1,116,4-1/r116,random,2964.9141111616414,"{""0"": {""K"": 0.0, ""B1"": 2341.267627574192, ""A1"": 1166.2903125927828, ""A2"": 55.57344835628761, ""A3"": 906.5989024587838, ""A4"": 3260.8553535952265, ""B2"": 945.2588834267214}}",3.7136,0.1940295401570811,0.9030603079594456,0.0020396920405543,"[0.6292262544910104, 0.5141176465995139, 0.49687343539350426, 0.24751492202733083, 0.01179402554250586, 0.19240214398531064, 0.6920321208818392, 0.2006067239869952, 0.3695363106022067, 0.0037342420520759534, 0.8300477298017456, 0.15446108106143985, 0.26759930456378545, 0.8803321539808286]",43.0,43.0,10.0,10.1305,10.1305,16.5846,16.5846,6.69,6.69,False,0,3.549,0.88034,2.9748,0.6292262544910104,1.873024962520021,minus,True,1.465656823854255,2.007722274241152,0.5420654503868969,True,True,1.0,True,100.0,38.69999999999982,0.0,True,[],,,
5,4-1,116,4-1/r116,random,2402.13429610001,"{""0"": {""K"": 0.0, ""B1"": 3014.3472906331835, ""A1"": 3495.2247039690706, ""A2"": 431.12729105707115, ""A3"": 2549.869686326015, ""A4"": 2392.622777447249, ""B2"": 4105.751142976854}}",3.7136,0.3017260119468371,0.9030603079594456,0.0020396920405543,"[0.5097908098684232, 0.8471502463658693, 0.6397171669425262, 0.7417709473618571, 0.09149560506304566, 0.5411438213764888, 0.50777223630035, 0.8713393766928806, 0.3612640590141576, 0.5981840672072131, 0.05925164234550362, 0.3876318011107287, 0.32303634625820665, 0.15019972907045187]",42.0,42.0,76.0,1.6518,1.6518,34.0724,34.0724,8.0759,8.0759,False,0,2.3253,0.150206,2.9748,0.5097908098684232,1.7352813753567915,plus,False,1.0909394242930328,0.9969512379188044,0.0939881863742284,True,True,1.0,True,100.0,157.2,0.0,True,[],,,
6,4-1,116,4-1/r116,random,3846.585145195485,"{""0"": {""K"": 0.0, ""B1"": 4611.860031345676, ""A1"": 2780.0408574659955, ""A2"": 2851.025068046259, ""A3"": 3006.2398886746214, ""A4"": 3187.4335488458582, ""B2"": 710.5131463213534}}",3.7136,0.1638982104627928,0.9030603079594456,0.0020396920405543,"[0.8163381038190757, 0.37944617155031246, 0.9787478844112216, 0.5899916930106103, 0.6050562538298513, 0.6379965807883322, 0.6764502438127883, 0.1507880191683687, 0.44031346718818754, 0.23956396182952333, 0.40249829810398163, 0.09670409393174562, 0.9678280510488214, 0.21500403735588003]",48.0,48.0,36.0,5.4275,5.4275,12.2528,12.2528,24.1957,24.1957,False,0,2.4339,0.215003,2.9748,0.8163381038190757,1.4704178581757068,plus,False,1.2975180847018015,0.1941865257253058,1.1033315589764956,True,True,1.0,True,100.0,71.0,0.0,True,[],,,
7,4-1,116,4-1/r116,random,3165.3574462243746,"{""0"": {""K"": 0.0, ""B1"": 4118.650947216465, ""A1"": 3120.355847050794, ""A2"": 620.1737240887365, ""A3"": 3981.9901999608933, ""A4"": 4452.5957824351435, ""B2"": 4259.2559059792075}}",3.7136,0.148204640963065,0.9030603079594456,0.0020396920405543,"[0.6717651626112849, 0.3004200814790703, 0.8740770261495044, 0.6622147383384538, 0.13161581580830573, 0.8450743208745529, 0.9449481711449795, 0.9039167881959268, 0.5697191478592772, 0.1454599537609269, 0.19246349496833237, 0.9279056847445244, 0.5523264876672638, 0.18055249844891164]",58.0,58.0,26.0,3.1171,3.1171,74.5929,74.5929,13.8082,13.8082,False,0,2.3762,0.180576,2.9748,0.6717651626112849,1.73542546273378,plus,False,0.2114872297439341,0.1841406010369823,0.0273466287069518,True,True,1.0,True,100.0,136.69999999999982,0.0,True,[],,,
8,4-1,116,4-1/r116,random,4165.676085453766,"{""0"": {""K"": 0.0, ""B1"": 2684.399421320583, ""A1"": 1773.0682838441835, ""A2"": 1936.421289524396, ""A3"": 1128.473170156853, ""A4"": 179.3259348891186, ""B2"": 4128.743023810885}}",3.7136,0.1786941922022171,0.9030603079594456,0.0020396920405543,"[0.8840568941964699, 0.6415717052224807, 0.5696942744738079, 0.3762878361299201, 0.41095528215712984, 0.23948921268184487, 0.03805728669123909, 0.876218808109271, 0.4677302168140961, 0.5476351992137353, 0.3221633097802251, 0.7513249198549279, 0.025196870801760363, 0.37218527256520395]",50.0,50.0,70.0,4.5438,4.5438,61.3494,61.3494,0.6299,0.6299,False,0,2.6973,0.372164,2.9748,0.8840568941964698,1.7244218378159588,minus,True,1.878869957566338,2.7317295459303086,0.8528595883639705,True,True,1.0,True,100.0,163.39999999999986,0.0,True,[],,,
9,4-1,116,4-1/r116,random,143.010587137934,"{""0"": {""K"": 0.0, ""B1"": 4557.202485192397, ""A1"": 3099.36855994148, ""A2"": 2017.773800987236, ""A3"": 2467.863388474183, ""A4"": 4112.676990757217, ""B2"": 1621.9206628852755}}",3.7136,0.1743864921157616,0.9030603079594456,0.0020396920405543,"[0.03035029438411163, 0.12289210220500935, 0.9671482353973677, 0.6577607300385144, 0.4282202463894813, 0.5237401079104803, 0.8728092085647744, 0.3442106669960262, 0.5902909822897147, 0.6836843733395437, 0.35541377702351207, 0.5190984864959901, 0.7652473832785226, 0.9091793139905502]",59.0,59.0,85.0,4.9096,4.9096,43.9324,43.9324,19.1312,19.1312,False,0,3.5973,0.909159,2.9748,0.0303502943841116,1.8142393329605413,plus,False,-1.850243802647387,-2.065387982744652,0.2151441800972646,True,True,1.0,True,100.0,154.80000000000018,0.0,True,[],,,
10,4-1,116,4-1/r116,random,711.8054542979546,"{""0"": {""K"": 0.0, ""B1"": 24.40281572231626, ""A1"": 3548.029996952617, ""A2"": 3819.2024244548593, ""A3"": 644.4322108686442, ""A4"": 1973.8740031029286, ""B2"": 3841.487581912655}}",3.7136,0.1925249117355645,0.9030603079594456,0.0020396920405543,"[0.1510622780768155, 0.9334193923074285, 0.005178865815432143, 0.752977503597754, 0.8105268303172452, 0.13676405154258153, 0.41890365091318515, 0.8152562779950456, 0.014271189684610608, 0.6284619478662907, 0.7930236580980341, 0.5130035828222085, 0.7258494205510871, 0.22642348269714407]",16.0,16.0,79.0,9.7233,9.7233,43.4753,43.4753,18.1462,18.1462,False,0,2.453,0.2264,2.9748,0.1510622780768155,1.5982099193957546,plus,False,1.397870374996648,1.2190847328781116,0.1787856421185365,True,True,1.0,True,100.0,22.300000000000185,0.0,True,[],,,
11,4-1,116,4-1/r116,random,935.4316493414744,"{""0"": {""K"": 0.0, ""B1"": 845.3612018963944, ""A1"": 1630.6415010979983, ""A2"": 4467.560577367759, ""A3"": 2701.5437653836016, ""A4"": 1602.4007336869972, ""B2"": 1279.4240085389963}}",3.7136,0.1469474442799982,0.9030603079594456,0.0020396920405543,"[0.19852114799267284, 0.3631269505503516, 0.17940602756714652, 0.34606143911247844, 0.9481240614108147, 0.5733327176111209, 0.34006806742083984, 0.2715246198087853, 0.9520394907075223, 0.44447820964711326, 0.9803947508805895, 0.515522669106271, 0.521166129026224, 0.8965405237160008]",86.0,86.0,59.0,11.7843,11.7843,43.6642,43.6642,13.0292,13.0292,False,0,3.5762,0.896569,2.9748,0.1985211479926728,1.812933477081816,plus,False,-0.3164661048276058,-0.2347734419453056,0.0816926628823001,True,True,1.0,True,100.0,28.299999999999727,0.0,True,[],,,
12,4-1,116,4-1/r116,perturb_guardrail_smoke,94.24,"{""0"": {""K"": 0.0, ""B1"": 1950.1670244171394, ""A1"": 2943.300471774357, ""A2"": 2836.8626399350997, ""A3"": 1808.0967561739096, ""A4"": 2502.702030187921, ""B2"": 2326.5921651759736}}",3.7136,0.2194570116899119,0.9030603079594456,0.0020396920405543,"[0.02, 0.0, 0.41387245849260174, 0.6246393191371725, 0.6020506451475169, 0.3837217224477737, 0.5311337075950596, 0.49375894846688745, 0.29333333333333333, 0.36363636363636365, 0.18181818181818182, 0.2, 0.0, 0.9785506095159594]",37.0,37.0,50.0,3.0,3.0,20.0,20.0,0.0,0.0,False,0,3.7136,0.978551,2.9748,0.02,1.7792109953987494,plus,False,-1.6659748574391673,-1.5510122534585689,0.1149626039805984,True,True,1.0,True,100.0,106.40000000000008,0.0,True,[],,,
13,4-1,116,4-1/r116,perturb_wrong_r_low,1352.286140702411,"{""0"": {""K"": 0.0, ""B1"": 3972.383780108075, ""A1"": 3201.4917247982685, ""A2"": 2484.3595574925075, ""A3"": 1741.0918433765553, ""A4"": 922.2782722564426, ""B2"": 249.98678470171467}}",3.7136,0.8568566859765132,0.9030603079594456,0.0020396920405543,"[0.28698772086214164, 0.0, 0.8430356069838869, 0.6794337276736563, 0.5272409926766781, 0.36950166455359834, 0.19572968426494963, 0.053053222559786645, 0.29333333333333333, 0.36363636363636365, 0.18181818181818182, 0.2, 0.0, 0.05]",37.0,37.0,50.0,3.0,3.0,20.0,20.0,0.0,0.0,False,0,2.1574,0.050027,2.9748,0.2869877208621416,1.944966251568021,plus,False,3.340129077915008,3.4947275679171312,0.1545984900021233,True,True,1.0,True,100.0,250.0,0.0,True,[],,,
14,4-1,116,4-1/r116,perturb_wrong_k,662.2032371444514,"{""0"": {""K"": 0.0, ""B1"": 3972.383780108075, ""A1"": 3201.4917247982685, ""A2"": 2484.3595574925075, ""A3"": 1741.0918433765553, ""A4"": 922.2782722564426, ""B2"": 249.98678470171467}}",3.7136,0.1303121287234901,0.9030603079594456,0.0020396920405543,"[0.14053549175391583, 0.0, 0.8430356069838869, 0.6794337276736563, 0.5272409926766781, 0.36950166455359834, 0.19572968426494963, 0.053053222559786645, 0.29333333333333333, 0.36363636363636365, 0.18181818181818182, 0.2, 0.0, 0.9785506095159594]",37.0,37.0,50.0,3.0,3.0,20.0,20.0,0.0,0.0,False,0,3.7136,0.978551,2.9748,0.1405354917539158,1.944966251568021,plus,False,3.3400985014128683,3.4946951663781234,0.154596664965255,True,True,1.0,True,100.0,250.0,0.0,True,[],,,
15,4-1,116,4-1/r116,perturb_ambiguous_lines,1352.286140702411,"{""0"": {""K"": 0.0, ""B1"": 3972.383780108075, ""A1"": 3201.4917247982685, ""A2"": 2484.3595574925075, ""A3"": 1741.0918433765553, ""A4"": 922.2782722564426, ""B2"": 249.98678470171467}}",3.7136,0.9030603079594456,0.9030603079594456,0.0020396920405543,"[0.28698772086214164, 0.0, 0.8430356069838869, 0.6794337276736563, 0.5272409926766781, 0.36950166455359834, 0.19572968426494963, 0.053053222559786645, 0.29333333333333333, 0.36363636363636365, 0.8876498869997137, 0.9709058720893163, 0.0, 0.9785506095159594]",37.0,37.0,50.0,10.7641,10.7641,77.8179,77.8179,0.0,0.0,False,0,3.7136,0.978551,2.9748,0.2869877208621416,1.944966251568021,plus,False,3.340129077915008,3.4947275679171312,0.1545984900021233,True,True,1.0,True,100.0,250.0,0.0,True,[],,,
16,4-1,116,4-1/r116,perturb_wrong_r_high,1352.286140702411,"{""0"": {""K"": 0.0, ""B1"": 3972.383780108075, ""A1"": 3201.4917247982685, ""A2"": 2484.3595574925075, ""A3"": 1741.0918433765553, ""A4"": 922.2782722564426, ""B2"": 249.98678470171467}}",3.7136,0.898812218196726,0.9030603079594456,0.0020396920405543,"[0.28698772086214164, 0.0, 0.8430356069838869, 0.6794337276736563, 0.5272409926766781, 0.36950166455359834, 0.19572968426494963, 0.053053222559786645, 0.29333333333333333, 0.36363636363636365, 0.18181818181818182, 0.2, 0.0, 0.95]",37.0,37.0,50.0,3.0,3.0,20.0,20.0,0.0,0.0,False,0,3.6657,0.949971,2.9748,0.2869877208621416,1.944966251568021,plus,False,3.340129077915008,3.4947275679171312,0.1545984900021233,True,True,1.0,True,100.0,250.0,0.0,True,[],,,
17,4-1,116,4-1/r116,perturb_wrong_k,2103.4797466727528,"{""0"": {""K"": 0.0, ""B1"": 3972.383780108075, ""A1"": 3201.4917247982685, ""A2"": 2484.3595574925075, ""A3"": 1741.0918433765553, ""A4"": 922.2782722564426, ""B2"": 249.98678470171467}}",3.7136,0.1162844313792495,0.9030603079594456,0.0020396920405543,"[0.4464091143193448, 0.0, 0.8430356069838869, 0.6794337276736563, 0.5272409926766781, 0.36950166455359834, 0.19572968426494963, 0.053053222559786645, 0.29333333333333333, 0.36363636363636365, 0.18181818181818182, 0.2, 0.0, 0.9785506095159594]",37.0,37.0,50.0,3.0,3.0,20.0,20.0,0.0,0.0,False,0,3.7136,0.978551,2.9748,0.4464091143193448,1.944966251568021,plus,False,3.340129077915009,3.494727567917132,0.1545984900021229,True,True,1.0,True,100.0,250.0,0.0,True,[],,,
18,4-1,116,4-1/r116,perturb_offset_shift,1352.286140702411,"{""0"": {""K"": 0.0, ""B1"": 3889.4331710064225, ""A1"": 3629.1768112572136, ""A2"": 2384.4419554992096, ""A3"": 2219.182192873952, ""A4"": 434.5470896640134, ""B2"": 170.82163588850193}}",3.7136,0.1750742279906808,0.9030603079594456,0.0020396920405543,"[0.28698772086214164, 0.0, 0.8254314879045889, 0.7701988139340437, 0.5060360686543314, 0.4709639628340305, 0.0922213687741964, 0.036252469416065775, 0.29333333333333333, 0.36363636363636365, 0.18181818181818182, 0.2, 0.0, 0.9785506095159594]",37.0,37.0,50.0,3.0,3.0,20.0,20.0,0.0,0.0,False,0,3.7136,0.978551,2.9748,0.2869877208621416,1.9347405089190468,minus,True,1.309267218103254,1.6962733734696405,0.3870061553663864,True,True,1.0,True,100.0,165.19999999999982,1.0,True,[],,,
19,4-1,116,4-1/r116,perturb_misaligned,1485.331307805351,"{""0"": {""K"": 0.0, ""B1"": 4095.1328338247936, ""A1"": 3274.785291863433, ""A2"": 2750.998844485023, ""A3"": 1646.4832476730069, ""A4"": 864.7592047215461, ""B2"": 82.00120587332528}}",3.7136,0.6229555809363541,0.9030603079594456,0.0020396920405543,"[0.31522311286191657, 0.0, 0.8690859154976217, 0.6949883896144807, 0.5838282776920677, 0.34942343965895734, 0.18352275142647412, 0.01740263282540859, 0.29333333333333333, 0.36363636363636365, 0.18181818181818182, 0.2, 0.0, 0.9785506095159594]",37.0,37.0,50.0,3.0,3.0,20.0,20.0,0.0,0.0,False,0,3.7136,0.978551,2.9748,0.3152231128619165,1.943292579210056,plus,False,2.920453364315269,2.690219385870365,0.2302339784449039,True,True,1.0,True,100.00000000000004,82.0,0.0,True,[],,,
20,4-1,116,4-1/r116,perturb_weak_hough,1352.286140702411,"{""0"": {""K"": 0.0, ""B1"": 3972.383780108075, ""A1"": 3201.4917247982685, ""A2"": 2484.3595574925075, ""A3"": 1741.0918433765553, ""A4"": 922.2782722564426, ""B2"": 249.98678470171467}}",3.7136,0.9030603079594456,0.9030603079594456,0.0020396920405543,"[0.28698772086214164, 0.0, 0.8430356069838869, 0.6794337276736563, 0.5272409926766781, 0.36950166455359834, 0.19572968426494963, 0.053053222559786645, 0.9279272229816788, 0.9926407293372774, 0.18181818181818182, 0.2, 0.0, 0.9785506095159594]",85.0,85.0,119.0,3.0,3.0,20.0,20.0,0.0,0.0,False,0,3.7136,0.978551,2.9748,0.2869877208621416,1.944966251568021,plus,False,3.340129077915008,3.4947275679171312,0.1545984900021233,True,True,1.0,True,100.0,250.0,0.0,True,[],,,
21,4-1,116,4-1/r116,perturb_small_segment,1352.286140702411,"{""0"": {""K"": 0.0, ""B1"": 329.84000000000003, ""A1"": 1036.64, ""A2"": 1743.44, ""A3"": 2450.2400000000002, ""A4"": 3157.04, ""B2"": 3863.84}}",3.7136,0.1844621260615758,0.9030603079594456,0.0020396920405543,"[0.28698772086214164, 0.0, 0.07, 0.22, 0.37, 0.52, 0.67, 0.8200000000000001, 0.29333333333333333, 0.36363636363636365, 0.18181818181818182, 0.2, 0.0, 0.9785506095159594]",37.0,37.0,50.0,3.0,3.0,20.0,20.0,0.0,0.0,False,0,3.7136,0.978551,2.9748,0.2869877208621416,1.917651908306252,plus,False,3.829799995996689,3.4408533772364804,0.3889466187602086,True,True,1.0,True,100.0,329.79999999999995,1.0,True,[],,,
22,4-1,116,4-1/r116,perturb_guardrail_smoke,94.24,"{""0"": {""K"": 0.0, ""B1"": 1950.1670244171394, ""A1"": 2943.300471774357, ""A2"": 2836.8626399350997, ""A3"": 1808.0967561739096, ""A4"": 2502.702030187921, ""B2"": 2326.5921651759736}}",3.7136,0.2194570116899119,0.9030603079594456,0.0020396920405543,"[0.02, 0.0, 0.41387245849260174, 0.6246393191371725, 0.6020506451475169, 0.3837217224477737, 0.5311337075950596, 0.49375894846688745, 0.29333333333333333, 0.36363636363636365, 0.18181818181818182, 0.2, 0.0, 0.9785506095159594]",37.0,37.0,50.0,3.0,3.0,20.0,20.0,0.0,0.0,False,0,3.7136,0.978551,2.9748,0.02,1.7792109953987494,plus,False,-1.6659748574391673,-1.5510122534585689,0.1149626039805984,True,True,1.0,True,100.0,106.40000000000008,0.0,True,[],,,
23,4-1,116,4-1/r116,perturb_wrong_r_low,1352.286140702411,"{""0"": {""K"": 0.0, ""B1"": 3972.383780108075, ""A1"": 3201.4917247982685, ""A2"": 2484.3595574925075, ""A3"": 1741.0918433765553, ""A4"": 922.2782722564426, ""B2"": 249.98678470171467}}",3.7136,0.8568566859765132,0.9030603079594456,0.0020396920405543,"[0.28698772086214164, 0.0, 0.8430356069838869, 0.6794337276736563, 0.5272409926766781, 0.36950166455359834, 0.19572968426494963, 0.053053222559786645, 0.29333333333333333, 0.36363636363636365, 0.18181818181818182, 0.2, 0.0, 0.05]",37.0,37.0,50.0,3.0,3.0,20.0,20.0,0.0,0.0,False,0,2.1574,0.050027,2.9748,0.2869877208621416,1.944966251568021,plus,False,3.340129077915008,3.4947275679171312,0.1545984900021233,True,True,1.0,True,100.0,250.0,0.0,True,[],,,
24,4-1,116,4-1/r116,bo,1328.4184366679758,"{""0"": {""K"": 0.0, ""B1"": 3311.7913418558296, ""A1"": 3033.0270856631328, ""A2"": 4479.051983841935, ""A3"": 2042.611185104785, ""A4"": 1955.896699086103, ""B2"": 3261.274758834999}}",3.7136,0.155217089967464,0.9030603079594456,0.0020396920405543,"[0.28192241864770284, 0.8017966266685387, 0.702841965589098, 0.6436814697926853, 0.950562814907032, 0.433491338095243, 0.4150884335921271, 0.6921211287850167, 0.8350553061430395, 0.33507602003379433, 0.6696570546957392, 0.2090374078641063, 0.551699973652883, 0.7691717018681329]",78.0,78.0,47.0,8.3662,8.3662,20.6778,20.6778,13.7925,13.7925,False,0,3.3627,0.769182,2.9748,0.2819224186477028,1.8252396566467064,minus,True,-1.924530146647081,-1.2409068350746413,0.6836233115724397,True,True,1.0,True,100.0,50.5,0.0,True,[],0.8452766524554229,0.1591992669086188,0.0352909750067773
25,4-1,116,4-1/r116,bo,1226.3300489786816,"{""0"": {""K"": 0.0, ""B1"": 48.29962014211584, ""A1"": 50.67999866040874, ""A2"": 4635.867378091669, ""A3"": 4357.64555011327, ""A4"": 924.1495440982592, ""B2"": 839.4869515646386}}",3.7136,0.1121143858770312,0.9030603079594456,0.0020396920405543,"[0.2602568015659341, 0.07491001860431834, 0.010250343833216435, 0.010755517542531567, 0.9838428221756512, 0.9247974427235293, 0.19612681326363735, 0.17815937002645132, 0.3635100371134753, 0.016978725273061768, 0.3464890939793772, 0.5166706186201173, 0.9606904751427516, 0.8426130326094771]",42.0,42.0,12.0,4.8114,4.8114,43.7503,43.7503,24.0173,24.0173,False,0,3.4858,0.842631,2.9748,0.2602568015659341,1.5531906487655518,plus,False,0.1334892041386243,0.1043896467705709,0.0290995573680533,True,True,1.0,True,100.0,2.400000000000091,0.0,True,[],0.8132035733087905,0.1540473187093778,0.0240054341012748
26,4-1,116,4-1/r116,bo,1250.8130595604537,"{""0"": {""K"": 0.0, ""B1"": 4208.600174168432, ""A1"": 1525.2099429126235, ""A2"": 1999.8484725874562, ""A3"": 4201.6148456362225, ""A4"": 966.0688492671507, ""B2"": 3682.2713781957823}}",3.7136,0.2643081206408549,0.9030603079594456,0.0020396920405543,"[0.2654526866639333, 0.006201066691470913, 0.8931664206639288, 0.3236863206520848, 0.4244160595474228, 0.8916839655424921, 0.2050231004386992, 0.7814667610772034, 0.19339376569315914, 0.43748169348300425, 0.1120590835421511, 0.017447750306666565, 0.9858361997943327, 0.745782565533259]",30.0,30.0,58.0,2.2326,2.2326,6.3086,6.3086,24.6459,24.6459,False,0,3.3235,0.745793,2.9748,0.2654526866639333,1.7866074713437232,plus,False,-0.5285478277482308,-0.5419054572245138,0.0133576294762829,True,True,1.0,True,100.0,7.0,0.0,True,[],0.6753403052832643,0.2008068001142353,0.0116446524041246
27,4-1,116,4-1/r116,bo,1220.9295971461156,"{""0"": {""K"": 0.0, ""B1"": 4669.630890707846, ""A1"": 3108.677911141531, ""A2"": 4447.92668793918, ""A3"": 678.491703875255, ""A4"": 4480.016023355811, ""B2"": 917.6011758618413}}",3.7136,0.2125980909218544,0.9030603079594456,0.0020396920405543,"[0.25911069548941335, 0.09490210559491097, 0.9910082535458078, 0.6597363987991364, 0.9439572767273302, 0.14399229708727823, 0.9507674073335762, 0.19473709165149433, 0.6804235746697522, 0.2504629480084477, 0.7070854594291361, 0.3763430504311943, 0.6144649064841164, 0.9275116523270072]",66.0,66.0,38.0,8.7779,8.7779,33.2257,33.2257,15.3616,15.3616,False,0,3.6281,0.927536,2.9748,0.2591106954894133,1.7986181253749156,plus,False,1.096202725018894,-0.0673219534959974,1.1635246785148914,True,True,1.0,True,100.0,32.0,0.0,True,[],0.68532204433378,0.1887122761053698,0.0104403708475167
28,4-1,116,4-1/r116,bo,1245.7329205215926,"{""0"": {""K"": 0.0, ""B1"": 2286.968100820634, ""A1"": 3134.9534218749927, ""A2"": 1650.358264195673, ""A3"": 4310.197703389207, ""A4"": 931.8127172881875, ""B2"": 1006.842768847351}}",3.7136,0.1632165192763468,0.9030603079594456,0.0020396920405543,"[0.2643745586845485, 0.6105499961585054, 0.48534976672763874, 0.6653126956440987, 0.350245811586518, 0.9147278657447384, 0.19775312336336748, 0.21367630917813052, 0.6558528493932035, 0.5285075902009873, 0.0009556792465869046, 0.8981867885132568, 0.1907033047467781, 0.6210272275896616]",64.0,64.0,68.0,1.0105,1.0105,72.364,72.364,4.7676,4.7676,False,0,3.1144,0.621031,2.9748,0.2643745586845485,1.716502986097062,minus,True,-0.3030122470772614,-0.053394311041484,0.2496179360357772,True,True,1.0,True,100.0,75.09999999999991,0.0,True,[],0.6663139584764112,0.1902310264533659,0.0087145953762223
29,4-1,116,4-1/r116,bo,1367.1207338673582,"{""0"": {""K"": 0.0, ""B1"": 1789.4511778521442, ""A1"": 4251.051330762211, ""A2"": 4245.543312586136, ""A3"": 2040.832154511389, ""A4"": 970.2315084569913, ""B2"": 327.22971344894626}}",3.7136,0.3870430540439587,0.9030603079594456,0.0020396920405543,"[0.29013597917388756, 0.09047006904251564, 0.3797646812080102, 0.9021755795335763, 0.9010066452856825, 0.4331137849132829, 0.20590651707491325, 0.06944603426335871, 0.8126412878406863, 0.9716119176348835, 0.28326828015012795, 0.9890961184648832, 0.2215882725553101, 0.4000308414151905]",76.0,76.0,117.0,4.116,4.116,79.1822,79.1822,5.5397,5.5397,False,0,2.744,0.400028,2.9748,0.2901359791738875,1.8967631241699527,plus,False,0.7978861412152636,0.5597992909148589,0.2380868503004046,True,True,1.0,True,100.0,5.5,0.0,True,[],0.740901180955643,0.1598040829694589,0.011466550104234
30,4-1,116,4-1/r116,bo,1279.430274317735,"{""0"": {""K"": 0.0, ""B1"": 494.23706071396884, ""A1"": 2258.772704336244, ""A2"": 4209.617198353506, ""A3"": 1832.582349556212, ""A4"": 947.3967081779579, ""B2"": 4635.218850132839}}",3.7136,0.2149355453010157,0.9030603079594456,0.0020396920405543,"[0.27152594955809317, 0.5335983619124217, 0.1048890196761394, 0.47936602384045923, 0.8933822577150904, 0.3889181556783132, 0.20106042193929496, 0.9837051889076485, 0.46072835630285736, 0.2404678222300447, 0.4791642665782495, 0.2535507131874323, 0.9735731535090272, 0.12004552705564864]",50.0,50.0,36.0,6.2708,6.2708,24.0163,24.0163,24.3393,24.3393,False,0,2.2748,0.120075,2.9748,0.2715259495580931,1.6803575941185764,minus,True,0.2405262860935841,0.5123607236544585,0.2718344375608743,True,True,1.0,True,100.0,76.80000000000018,0.0,True,[],0.7240668829445841,0.1350210980620988,0.0049538899220038
31,4-1,116,4-1/r116,bo,1313.586096807698,"{""0"": {""K"": 0.0, ""B1"": 1232.551175671172, ""A1"": 326.2385084549481, ""A2"": 947.4788050383967, ""A3"": 1640.117379347508, ""A4"": 1690.8136507993433, ""B2"": 1590.4056129196695}}",3.7136,0.1778222215755145,0.9030603079594456,0.0020396920405543,"[0.27877463854153184, 0.36740066379625025, 0.261577074633101, 0.06923567666700936, 0.20107784487232527, 0.34807244892773936, 0.35883141994892687, 0.3375224136077397, 0.6384928109239774, 0.5730099598880142, 0.8147607001044921, 0.2325941338792652, 0.262702047015268, 0.9940441885760614]",63.0,63.0,73.0,9.9624,9.9624,22.4446,22.4446,6.5676,6.5676,False,0,3.7396,0.994064,2.9748,0.2787746385415318,1.570249443160313,plus,False,0.6759648224788674,0.8049336828982988,0.1289688604194314,True,True,1.0,True,100.0,49.69999999999982,0.0,True,[],0.7159087514591971,0.1547410889725906,0.0074424090510583
32,4-1,116,4-1/r116,bo,1267.209938401493,"{""0"": {""K"": 0.0, ""B1"": 1622.0674238058966, ""A1"": 2431.2101279191706, ""A2"": 1690.4248104434362, ""A3"": 2013.5003693831277, ""A4"": 925.1759688365503, ""B2"": 631.0059807802444}}",3.7136,0.3752511412148801,0.9030603079594456,0.0020396920405543,"[0.2689324996607583, 0.6868710785843637, 0.344241813201591, 0.5159614023597561, 0.3587488986509839, 0.4273133211763853, 0.19634464533882645, 0.13391468182942368, 0.7422604856656041, 0.15977321773529252, 0.682387147220616, 0.16946428037776406, 0.0048428870732294405, 0.4976709765962182]",71.0,71.0,28.0,8.5063,8.5063,17.7098,17.7098,0.1211,0.1211,False,0,2.9076,0.497642,2.9748,0.2689324996607583,1.732414508787551,plus,False,0.4094225487511869,0.2747805928079154,0.1346419559432714,True,True,1.0,True,100.0,68.29999999999973,0.0,True,[],0.7945484965995846,0.1201861625373954,0.0102818465000056
33,4-1,116,4-1/r116,bo,1423.5086965162525,"{""0"": {""K"": 0.0, ""B1"": 2273.634659776769, ""A1"": 3765.3431233922993, ""A2"": 135.16928489065916, ""A3"": 1669.0053326454147, ""A4"": 973.5363664138097, ""B2"": 1658.4845992281664}}",3.7136,0.1320543059385019,0.9030603079594456,0.0020396920405543,"[0.30210286428613164, 0.9499341844624347, 0.4825200890867506, 0.7990965881562605, 0.02868618100395992, 0.35420316906736304, 0.2066078876090428, 0.3519704157954513, 0.9154198120576573, 0.17814955991263248, 0.08680262464088184, 0.3871689540769093, 0.7685655346355689, 0.39524495519379677]",84.0,84.0,30.0,1.9548,1.9548,34.0377,34.0377,19.2141,19.2141,False,0,2.736,0.395255,2.9748,0.3021028642861316,1.804116016533773,minus,True,0.9399657906898766,2.243929946497173,1.3039641558072963,True,True,1.0,True,100.0,10.5,0.0,True,[],0.5910561404916814,0.176244619093503,0.0023498293845814
34,4-1,116,4-1/r116,bo,1318.9840808315466,"{""0"": {""K"": 0.0, ""B1"": 4230.854145559183, ""A1"": 3249.270950819442, ""A2"": 90.87485397593233, ""A3"": 1300.3644883642464, ""A4"": 1078.2769467052522, ""B2"": 639.6114752503852}}",3.7136,0.3371609527300314,0.9030603079594456,0.0020396920405543,"[0.27992022088954727, 0.30230323835413886, 0.897889249906448, 0.6895736313284045, 0.019285834884535724, 0.2759686944745854, 0.22883636390179374, 0.13574097522291706, 0.0032234412619208674, 0.23704732633359116, 0.839452311571911, 0.7749325148075049, 0.16697751827668028, 0.3241805573958224]",15.0,15.0,36.0,10.234,10.234,63.1199,63.1199,4.1744,4.1744,False,0,2.6169,0.324192,2.9748,0.2799202208895472,1.8608860847696211,plus,False,1.26524199279629,1.295043534885303,0.0298015420890132,True,True,1.0,True,100.0,90.90000000000008,0.0,True,[],0.6417474882837975,0.1707207636987552,0.0040698459305501
35,4-1,116,4-1/r116,bo,1470.6997999733403,"{""0"": {""K"": 0.0, ""B1"": 3758.353590031201, ""A1"": 3718.061601832123, ""A2"": 4166.43172473355, ""A3"": 4689.2231471467185, ""A4"": 978.4295879102049, ""B2"": 2909.3089370331622}}",3.7136,0.215808118822266,0.9030603079594456,0.0020396920405543,"[0.31211795415393473, 0.711234926927888, 0.7976132406687608, 0.7890623093871229, 0.8842172590690897, 0.995166202705161, 0.20764634717958508, 0.6174254959747798, 0.8861225282146827, 0.6259486822362204, 0.9746268565826973, 0.050802695224670735, 0.008351937439355916, 0.3670077763097095]",81.0,81.0,79.0,11.7209,11.7209,8.8102,8.8102,0.2088,0.2088,False,0,2.6887,0.367033,2.9748,0.3121179541539347,1.671589096055688,plus,False,0.069250398863075,-0.1987226091428544,0.2679730080059295,True,True,1.0,True,100.0,22.799999999999955,0.0,True,[],0.4622828567707768,0.1905440690357453,0.00057445488586
36,4-1,116,4-1/r116,bo,1218.9999275445844,"{""0"": {""K"": 0.0, ""B1"": 851.338988275975, ""A1"": 3227.64182813296, ""A2"": 4370.714724183809, ""A3"": 3329.0251813052214, ""A4"": 373.5419430450371, ""B2"": 928.2466170289717}}",3.7136,0.1568090913230218,0.9030603079594456,0.0020396920405543,"[0.2587011730782225, 0.07967666726774725, 0.1806746579533054, 0.6849834100451953, 0.9275710365415554, 0.706499401805013, 0.07927460590938817, 0.19699631091446768, 0.3276225839897462, 0.9811131419629223, 0.04311421836168439, 0.9510779903805798, 0.7549175926392304, 0.32214081083721513]",40.0,40.0,118.0,1.4743,1.4743,76.3308,76.3308,18.8729,18.8729,False,0,2.6135,0.322164,2.9748,0.2587011730782225,1.7614328606163645,plus,False,1.9385948435489349,0.6907653594676472,1.2478294840812878,True,True,1.0,True,100.0,76.89999999999964,0.0,True,[],0.6085322652781149,0.1611932793787475,0.001832450468802
37,4-1,116,4-1/r116,bo,1004.768989123078,"{""0"": {""K"": 0.0, ""B1"": 1231.3783834371957, ""A1"": 3076.4148672559645, ""A2"": 439.803613824397, ""A3"": 1779.5232083847447, ""A4"": 748.5883388221424, ""B2"": 2425.658183544576}}",3.7136,0.1985207453823288,0.9030603079594456,0.0020396920405543,"[0.21323620312459213, 0.8345864216669414, 0.2613281798466035, 0.6528894030679042, 0.09333692992877696, 0.37765772673700015, 0.15886849295885874, 0.5147831459135348, 0.21674534481589613, 0.3241177193638628, 0.668778550476952, 0.3528245606108107, 0.08943636806292443, 0.7313495268862719]",31.0,31.0,46.0,8.3566,8.3566,31.4618,31.4618,2.2359,2.2359,False,0,3.2993,0.731354,2.9748,0.2132362031245921,1.881285075078048,plus,False,1.4087146835962212,1.3061129867176362,0.102601696878585,True,True,1.0,True,100.0,308.8000000000002,0.0,True,[],0.3745804984291507,0.1872955671661215,0.0001105363220191
38,4-1,116,4-1/r116,bo,1514.6328585421131,"{""0"": {""K"": 0.0, ""B1"": 1209.95658757877, ""A1"": 3864.7298000163555, ""A2"": 1036.4604992527081, ""A3"": 4211.856893314858, ""A4"": 1000.4719102087904, ""B2"": 3529.554044460914}}",3.7136,0.0955572817870372,0.9030603079594456,0.0020396920405543,"[0.3214416083493449, 0.5845657655603892, 0.25678195831467954, 0.8201888370153556, 0.2199619056139024, 0.8938575749819307, 0.21232425938217114, 0.7490564610485811, 0.6708511940435269, 0.7866295514084936, 0.1807914097209925, 0.02598008607893787, 0.8035336086889596, 0.10675242575641797]",65.0,65.0,97.0,2.9887,2.9887,6.9485,6.9485,20.0883,20.0883,False,0,2.2525,0.106769,2.9748,0.3214416083493449,1.8820088668915291,minus,True,-0.3917559262323142,0.7189420249224194,1.1106979511547337,True,True,1.0,True,100.0,36.0,0.0,True,[],0.4374039292735503,0.2078774106193332,0.000787976566171
39,4-1,116,4-1/r116,bo,1279.5704054345704,"{""0"": {""K"": 0.0, ""B1"": 1914.6761061582804, ""A1"": 3656.035911062796, ""A2"": 1223.8504599142632, ""A3"": 2455.119917193866, ""A4"": 866.7972176142117, ""B2"": 1459.1180933739029}}",3.7136,0.1840201084905472,0.9030603079594456,0.0020396920405543,"[0.2715556887594589, 0.731168337640829, 0.40634042999963504, 0.7758989624496596, 0.25973057298689795, 0.5210356360767967, 0.18395526689605513, 0.309660036794122, 0.3283514206360413, 0.6319855108883856, 0.15682943884353595, 0.4285128562280608, 0.1914008264035193, 0.29960429371691977]",40.0,40.0,80.0,2.7251,2.7251,37.1385,37.1385,4.785,4.785,False,0,2.5757,0.29961,2.9748,0.2715556887594589,1.8402145880911525,plus,False,-0.1407004934664854,-0.039264849603721,0.1014356438627643,True,True,1.0,True,100.0,235.29999999999973,0.0,True,[],0.4877290398720098,0.2023443268859157,0.0013015525537574
40,4-1,116,4-1/r116,bo,1365.7705418112414,"{""0"": {""K"": 0.0, ""B1"": 24.280336251722414, ""A1"": 1563.7078586241994, ""A2"": 1829.2559752983634, ""A3"": 1594.200930634608, ""A4"": 1034.7420389780057, ""B2"": 2402.218099467811}}",3.7136,0.1851020727785105,0.9030603079594456,0.0020396920405543,"[0.28984943586826006, 0.15969028060452406, 0.0051528727189563694, 0.3318565064991934, 0.3882122188663759, 0.3383278715268693, 0.21959720691383822, 0.5098085949634573, 0.01068704525207298, 0.1738925286586921, 0.816375577327796, 0.7959183201595769, 0.9606315488985497, 0.5544153368047097]",16.0,16.0,29.0,9.9801,9.9801,64.6939,64.6939,24.0158,24.0158,False,0,3.0028,0.554444,2.9748,0.28984943586826,1.5730249505393497,plus,False,1.8779245120094756,1.162549453541088,0.7153750584683876,True,True,1.0,True,100.0,24.299999999999955,0.0,True,[],0.5129601047917236,0.1669162982816297,0.0004581930475716
41,4-1,116,4-1/r116,bo,1269.825365030862,"{""0"": {""K"": 0.0, ""B1"": 1059.3400302529185, ""A1"": 3070.411135058422, ""A2"": 481.70078364252566, ""A3"": 1304.9088145563387, ""A4"": 909.8591748657207, ""B2"": 3310.7277534053}}",3.7136,0.1788758368234797,0.9030603079594456,0.0020396920405543,"[0.26948755624593845, 0.09382979504119116, 0.22481749368695214, 0.651615266353655, 0.10222851944875333, 0.27693311005015675, 0.19309405239085753, 0.7026162464782046, 0.16477193958754643, 0.9823303884062913, 0.7783289848226136, 0.6660373292834876, 0.058256056117095945, 0.7780719673072096]",27.0,27.0,118.0,9.5616,9.5616,54.9528,54.9528,1.4564,1.4564,False,0,3.3776,0.778072,2.9748,0.2694875562459384,1.81439965036174,plus,False,1.2517111135467396,0.4565204921532252,0.7951906213935144,True,True,1.0,True,100.0,149.5,0.0,True,[],0.7591306805494468,0.1130999278822954,0.0045164337139486
42,4-1,116,4-1/r116,bo,1223.2051254119744,"{""0"": {""K"": 0.0, ""B1"": 1261.9016892085676, ""A1"": 2555.125378665377, ""A2"": 3009.882756176591, ""A3"": 2904.471683172785, ""A4"": 901.5673690509464, ""B2"": 505.10567515543755}}",3.7136,0.1509681918589469,0.9030603079594456,0.0020396920405543,"[0.259593617447363, 0.12044292526217093, 0.2678059612072512, 0.5422592059985945, 0.6387696850968997, 0.6163989140859052, 0.19133433129264565, 0.10719560168833564, 0.13359919469960435, 0.385692800749702, 0.8842498028681874, 0.3960490312660966, 0.8010952738658424, 0.5352294970105242]",25.0,25.0,52.0,10.7267,10.7267,34.7037,34.7037,20.0274,20.0274,False,0,2.9706,0.535231,2.9748,0.259593617447363,1.750148705759158,minus,True,0.7340367166714203,1.406735047817662,0.6726983311462416,True,True,1.0,True,100.0,105.40000000000056,0.0,True,[],0.5146030405621529,0.1629616971058531,0.0003866630922571
43,4-1,116,4-1/r116,bo,1064.6233694552768,"{""0"": {""K"": 0.0, ""B1"": 4701.09816884331, ""A1"": 3178.078599919277, ""A2"": 1978.47623546415, ""A3"": 1623.1943456890099, ""A4"": 4312.3237657257, ""B2"": 4519.351444145897}}",3.7136,0.2002750277313214,0.9030603079594456,0.0020396920405543,"[0.22593874563991445, 0.004617576289044689, 0.9976863686000235, 0.6744648981152965, 0.4198803555738858, 0.3444809731937627, 0.9151790674290534, 0.9591153319494689, 0.9968555913505237, 0.2437908149700585, 0.48632697012939086, 0.8199907439121108, 0.4837071873114217, 0.4591208020393416]",90.0,90.0,37.0,6.3496,6.3496,66.4993,66.4993,12.0927,12.0927,False,0,2.843,0.459097,2.9748,0.2259387456399144,1.672829380528316,plus,False,-1.8522548759084607,-1.971572355406732,0.1193174794982709,True,True,1.0,True,100.0,10.899999999999864,0.0,True,[],0.4607489519132285,0.1668374693170489,0.0001705566191874
44,4-1,116,4-1/r116,bo,878.763248191136,"{""0"": {""K"": 0.0, ""B1"": 2064.2679849354377, ""A1"": 2618.910823113644, ""A2"": 3598.2938538794256, ""A3"": 1278.9132346687065, ""A4"": 602.0078009048946, ""B2"": 1357.4973880841235}}",3.7136,0.1149870571167059,0.9030603079594456,0.0020396920405543,"[0.18649474706942615, 0.6654165870340191, 0.4380874331357041, 0.5557960150920297, 0.7636447058317966, 0.2714162212794369, 0.12776056895265164, 0.2880936731927257, 0.9591891955890243, 0.1705046462468408, 0.04962619156228676, 0.8692118317470171, 0.3397406288638647, 0.29054673178829116]",87.0,87.0,29.0,1.5459,1.5459,70.1909,70.1909,8.4935,8.4935,False,0,2.5605,0.290541,2.9748,0.1864947470694261,1.749367714043615,plus,False,0.8750901629313279,0.6732438942263993,0.2018462687049286,True,True,1.0,True,100.0,78.60000000000036,0.0,True,[],0.3137397752077767,0.195510258461919,5.918807470024084e-05
45,4-1,116,4-1/r116,bo,1170.0053344716473,"{""0"": {""K"": 0.0, ""B1"": 1600.9594856050876, ""A1"": 3297.7731143263995, ""A2"": 615.9700422295942, ""A3"": 1159.790425992843, ""A4"": 2032.2653920145053, ""B2"": 4495.267055697221}}",3.7136,0.2268273378418486,0.9030603079594456,0.0020396920405543,"[0.24830333923422054, 0.04926991892109456, 0.3397621998313004, 0.6998669597466892, 0.1307236931726643, 0.2461354893872757, 0.4312957113782906, 0.9540040440783575, 0.7433201603943106, 0.3496554652877024, 0.05712287537194294, 0.3387524464766365, 0.3411722998740737, 0.93553101169495]",71.0,71.0,48.0,1.6284,1.6284,30.4064,30.4064,8.5293,8.5293,False,0,3.6415,0.935531,2.9748,0.2483033392342205,1.76292506686969,plus,False,0.3826250169936756,0.618407567291438,0.2357825502977623,True,True,1.0,True,100.0,216.70000000000005,0.0,True,[],0.3536695347842302,0.1935583740675788,0.0001085014942947
46,4-1,116,4-1/r116,bo,1231.0584203732044,"{""0"": {""K"": 0.0, ""B1"": 811.0553415884591, ""A1"": 1646.4263331683019, ""A2"": 4315.1221864646, ""A3"": 401.88212200829304, ""A4"": 1234.7862844157753, ""B2"": 312.239561393684}}",3.7136,0.2698520623892473,0.9030603079594456,0.0020396920405543,"[0.26126027597054424, 0.6162691971049806, 0.17212549694152357, 0.34941136102892656, 0.9157729597760187, 0.08528907512909445, 0.2620514185941798, 0.06626476260477165, 0.649101875211217, 0.5628078814150786, 0.9032198987380314, 0.008130474487720973, 0.032266339015014744, 0.5810119823086924]",64.0,64.0,72.0,10.9354,10.9354,5.6098,5.6098,0.8067,0.8067,False,0,3.0473,0.580995,2.9748,0.2612602759705442,1.6912725954173036,plus,False,0.7778208109160571,0.9437556761487856,0.1659348652327286,True,True,1.0,True,100.0,89.60000000000014,0.0,True,[],0.3628252369773046,0.1640983210120997,1.7049635293356596e-05
47,4-1,116,4-1/r116,bo,1475.502492615224,"{""0"": {""K"": 0.0, ""B1"": 157.59795117828108, ""A1"": 68.80311464666931, ""A2"": 532.2364298776081, ""A3"": 3979.3830167584506, ""A4"": 1495.6580809724448, ""B2"": 2255.0479825832113}}",3.7136,0.145372347185297,0.9030603079594456,0.0020396920405543,"[0.31313720131902034, 0.007792615005551395, 0.0334460847152549, 0.014601679678834745, 0.11295340192648728, 0.8445210137433045, 0.3174147030926241, 0.47857554808642, 0.17704768541323057, 0.7613880738972061, 0.5268194720461489, 0.14362081254917414, 0.010070010121569273, 0.47338021205355796]",28.0,28.0,94.0,6.795,6.795,15.7716,15.7716,0.2518,0.2518,False,0,2.8669,0.473358,2.9748,0.3131372013190203,1.6242573738977248,plus,False,2.604521903671266,1.572646535117821,1.031875368553445,True,True,1.0,True,100.0,68.79999999999995,0.0,True,[],0.3083767587632224,0.1642429854459943,4.594483721822435e-06
48,4-1,116,4-1/r116,bo,1416.7659893052603,"{""0"": {""K"": 0.0, ""B1"": 4004.4493976474932, ""A1"": 3734.689925365402, ""A2"": 1603.8440849804604, ""A3"": 2569.4934560124284, ""A4"": 1921.6491892377837, ""B2"": 1794.5952682031018}}",3.7136,0.1424381714977161,0.9030603079594456,0.0020396920405543,"[0.30067189925833204, 0.47366478978871374, 0.8498407040847821, 0.7925912405274622, 0.3403743813625765, 0.5453084584067123, 0.40782028634078604, 0.38085638119760223, 0.5578663314364932, 0.7915080582172542, 0.9238029857081025, 0.5064528356861692, 0.5233667919577781, 0.9987676270393344]",57.0,57.0,97.0,11.1618,11.1618,42.984,42.984,13.0842,13.0842,False,0,3.7475,0.998777,2.9748,0.300671899258332,1.869314181404022,minus,True,-1.808145050815322,-1.3412051122351536,0.4669399385801684,True,True,1.0,True,100.0,127.0,0.0,True,[],0.8091358065457399,0.1184119131706125,0.0123872271260149
49,4-1,116,4-1/r116,bo,882.8442412592495,"{""0"": {""K"": 0.0, ""B1"": 4472.016359487531, ""A1"": 3846.5212912287056, ""A2"": 4576.927196344491, ""A3"": 3806.976816428341, ""A4"": 872.8133847666097, ""B2"": 293.37714999801574}}",3.7136,0.2492559542387147,0.9030603079594456,0.0020396920405543,"[0.18736083218574906, 0.8642855190144818, 0.9490696857995609, 0.8163245524678917, 0.9713342946401721, 0.8079322615510062, 0.1852320426075148, 0.06226170415917143, 0.6899207248803886, 0.9930093319028328, 0.4291316365740465, 0.3270352275498527, 0.26691511484412256, 0.40993278066482186]",67.0,67.0,119.0,5.7204,5.7204,29.5276,29.5276,6.6729,6.6729,False,0,2.7606,0.409933,2.9748,0.187360832185749,1.8403351985683107,plus,False,0.9356729724350388,0.7311297094294548,0.2045432630055841,True,True,1.0,True,100.0,39.599999999999454,0.0,True,[],0.3088827287754607,0.1848383171709616,2.648437354520059e-05
50,4-1,116,4-1/r116,bo,1487.7124589896982,"{""0"": {""K"": 0.0, ""B1"": 1302.036908317791, ""A1"": 3087.5444665658874, ""A2"": 890.2500367089917, ""A3"": 3867.985314731294, ""A4"": 4344.442937562525, ""B2"": 4619.961346011205}}",3.7136,0.1029424225178838,0.9030603079594456,0.0020396920405543,"[0.3157284505495964, 0.8732697379335463, 0.27632362230852947, 0.6552513723611816, 0.18893252052397957, 0.8208797357239588, 0.9219955300429807, 0.9804671786950775, 0.7331481761688847, 0.08720852275413293, 0.005013247731300963, 0.07540413315775607, 0.000323337490902853, 0.4292897603613993]",70.0,70.0,20.0,1.0551,1.0551,10.6553,10.6553,0.0081,0.0081,False,0,2.793,0.429264,2.9748,0.3157284505495964,1.604583176281218,minus,True,-0.317377477281326,1.0100520770756456,1.3274295543569716,True,True,1.0,True,100.0,92.0,0.0,True,[],0.572870800431492,0.1417250297727,0.0003851499566844
51,4-1,116,4-1/r116,bo,1345.477879225753,"{""0"": {""K"": 0.0, ""B1"": 2301.223566022644, ""A1"": 3198.627040123624, ""A2"": 2700.2194406549493, ""A3"": 3157.6946108369407, ""A4"": 1721.27252096722, ""B2"": 3163.5443851285672}}",3.7136,0.2627066108124343,0.9030603079594456,0.0020396920405543,"[0.28554284363874216, 0.9586152749876807, 0.48837512012365103, 0.6788257725219915, 0.5730516639760079, 0.6701389242013881, 0.3652955265210569, 0.6713803873362834, 0.6214957739407123, 0.9554909196438052, 0.06738765222432264, 0.9789261447361497, 0.7660030630259553, 0.9354242258532552]",62.0,62.0,115.0,1.7413,1.7413,78.4195,78.4195,19.1501,19.1501,False,0,3.6413,0.935412,2.9748,0.2855428436387421,1.7563065943789706,plus,False,-2.215253714417591,-1.9798295437637543,0.2354241706538364,True,True,1.0,True,100.0,5.800000000000182,0.0,True,[],0.8799567742376517,0.0315110247903424,0.0023822691575992
52,4-1,116,4-1/r116,bo,1297.7646252525135,"{""0"": {""K"": 0.0, ""B1"": 3747.649775299656, ""A1"": 3175.1290202021496, ""A2"": 2037.991563402186, ""A3"": 1126.991628873571, ""A4"": 1007.0666271905902, ""B2"": 895.0093266496434}}",3.7136,0.1437220041707462,0.9030603079594456,0.0020396920405543,"[0.2754169408430631, 0.25916240489041487, 0.7953416331281103, 0.6738389261889112, 0.4325109429970684, 0.23917479390355922, 0.21372381731549028, 0.1899425565894829, 0.8144458294964434, 0.9298767870077264, 0.18687095464324854, 0.7206193195755971, 0.1342984344680761, 0.30928233555969076]",76.0,76.0,112.0,3.0556,3.0556,59.0464,59.0464,3.3575,3.3575,False,0,2.5919,0.309276,2.9748,0.2754169408430631,1.9414305931293705,minus,True,-0.8607925012821623,0.0433910285406733,0.9041835298228356,True,True,1.0,True,100.0,112.0,1.0,True,[],0.6174772279035119,0.1301976181632223,0.0005199155342934
53,4-1,116,4-1/r116,bo,1254.7601452551658,"{""0"": {""K"": 0.0, ""B1"": 3653.3694826319406, ""A1"": 3504.8820537176452, ""A2"": 3966.6047247491197, ""A3"": 676.497104268277, ""A4"": 1119.7778632661475, ""B2"": 146.14863549629678}}",3.7136,0.1615893747370033,0.9030603079594456,0.0020396920405543,"[0.26629035340729323, 0.6661908197245402, 0.775333082052619, 0.7438204698042541, 0.841809152111443, 0.14356899496355624, 0.23764385892745066, 0.031016263899893204, 0.006290261565540245, 0.3499372158312707, 0.9714007428759953, 0.8439084856909397, 0.7774517230622741, 0.22152131745048864]",15.0,15.0,48.0,11.6854,11.6854,68.2931,68.2931,19.4363,19.4363,False,0,2.4448,0.221507,2.9748,0.2662903534072932,1.6997932432548333,plus,False,1.1059349497677815,0.9838912446643642,0.1220437051034173,True,True,1.0,True,100.0,146.10000000000014,0.0,True,[],0.2934239808171034,0.1777857571848365,1.1022184658960015e-05
54,4-1,116,4-1/r116,bo,1601.3079625907708,"{""0"": {""K"": 0.0, ""B1"": 190.31217164870216, ""A1"": 3086.0243244544035, ""A2"": 3599.979597854108, ""A3"": 3016.2656521568124, ""A4"": 1451.639828893069, ""B2"": 1968.1500580204483}}",3.7136,0.1531401828706531,0.9030603079594456,0.0020396920405543,"[0.33983615504897513, 0.027446780158694284, 0.040388830995055636, 0.6549287615565372, 0.7640024613442504, 0.6401242895069635, 0.3080729687803627, 0.4176888917700442, 0.008938802453828498, 0.7750127934202972, 0.4237318176821485, 0.7731699564377899, 0.7901942306392357, 0.7446233645955809]",16.0,16.0,95.0,5.661,5.661,62.9877,62.9877,19.7549,19.7549,False,0,3.3215,0.7446,2.9748,0.3398361550489751,1.6363245261503427,plus,False,2.1290212353743327,2.3289849464820755,0.1999637111077428,True,True,1.0,True,100.00000000000004,69.69999999999982,0.0,True,[],0.3606047876522149,0.1517374283696123,5.021857220355807e-06
55,4-1,116,4-1/r116,bo,1356.3032641044492,"{""0"": {""K"": 0.0, ""B1"": 2494.669298950945, ""A1"": 2829.8674729533677, ""A2"": 1817.7840266001838, ""A3"": 4383.185060196625, ""A4"": 3000.677730008861, ""B2"": 3629.477063070308}}",3.7136,0.0995238427625134,0.9030603079594456,0.0020396920405543,"[0.2878402512955113, 0.012182429592384136, 0.5294289683681972, 0.6005661020698998, 0.38577759477932594, 0.9302175424865503, 0.6368161566232727, 0.7702625346074508, 0.9387026499405359, 0.3495942105831389, 0.6285251638466114, 0.18124427012818778, 0.1835706258605858, 0.0840504337248662]",85.0,85.0,48.0,7.9138,7.9138,18.5933,18.5933,4.5893,4.5893,False,0,2.2144,0.084036,2.9748,0.2878402512955113,1.7311690807275246,plus,False,-1.7192310770580463,-2.055797188742474,0.3365661116844283,True,True,1.0,True,100.0,170.80000000000018,0.0,True,[],0.2978093379898685,0.1751343267360665,9.72419587996816e-06
56,4-1,116,4-1/r116,bo,1301.2815095117203,"{""0"": {""K"": 0.0, ""B1"": 1902.7757160326428, ""A1"": 4263.3224833062095, ""A2"": 511.42919963054015, ""A3"": 3353.2439274815492, ""A4"": 734.5278711105167, ""B2"": 2787.5503792972304}}",3.7136,0.1365756121844581,0.9030603079594456,0.0020396920405543,"[0.2761633084702293, 0.06719940715316874, 0.4038148803125303, 0.9047798139444417, 0.10853760603364604, 0.7116392036251166, 0.15588452273143394, 0.5915853945876974, 0.7184309745594847, 0.6346123672889009, 0.09368571976183337, 0.4363650685759237, 0.24807661089703503, 0.5220810457363027]",69.0,69.0,80.0,2.0305,2.0305,37.7274,37.7274,6.2019,6.2019,False,0,2.9486,0.522105,2.9748,0.2761633084702293,1.9085200307153356,minus,True,1.161506899187285,1.5933196140587995,0.4318127148715147,True,True,1.0,True,100.0,223.0999999999999,0.0,True,[],0.3068684997472983,0.1495074578506591,8.375223404068716e-07
57,4-1,116,4-1/r116,bo,1717.2498188396548,"{""0"": {""K"": 0.0, ""B1"": 3999.2719829143903, ""A1"": 3846.750789719394, ""A2"": 1092.673273307499, ""A3"": 3443.9267679127865, ""A4"": 972.1112388761542, ""B2"": 4419.451056535912}}",3.7136,0.1954391498319845,0.9030603079594456,0.0020396920405543,"[0.3644418121476347, 0.003628966719719684, 0.8487419318578927, 0.8163732575805166, 0.2318916114829157, 0.730884288606279, 0.20630544118763883, 0.9379140612342769, 0.6307181909090989, 0.1698556043143702, 0.5454698700889361, 0.5668434518250698, 0.5228442179460425, 0.9374972324168653]",62.0,62.0,29.0,7.0002,7.0002,47.5133,47.5133,13.0711,13.0711,False,0,3.6448,0.9375,2.9748,0.3644418121476347,1.7956748947848504,plus,False,-0.0353981846947226,0.0356960916149952,0.0710942763097178,True,True,1.0,True,100.0,120.5,0.0,True,[],0.3283647091102102,0.1478105241246803,1.2840764644292876e-06
58,4-1,116,4-1/r116,bo,1246.343536879236,"{""0"": {""K"": 0.0, ""B1"": 1391.9805241119275, ""A1"": 4372.663993816811, ""A2"": 1506.9327328852523, ""A3"": 328.3894724745684, ""A4"": 127.01937043030298, ""B2"": 1420.3395178305313}}",3.7136,0.1258065556550367,0.9030603079594456,0.0020396920405543,"[0.26450414619678186, 0.10096272673422402, 0.2954118259999846, 0.9279847185519547, 0.3198074560452573, 0.0696921630888303, 0.02695657267196583, 0.3014302881643742, 0.4388691844264676, 0.9143524645045392, 0.7939785002273959, 0.3741374565662686, 0.07991402458121455, 0.8664599214656796]",48.0,48.0,111.0,9.7338,9.7338,33.0603,33.0603,1.9979,1.9979,False,0,3.5257,0.866438,2.9748,0.2645041461967818,1.8563296792726396,plus,False,0.901076779529718,0.8761337008406413,0.0249430786890766,True,True,1.0,True,100.0,28.39999999999964,0.0,True,[],0.2847778711294239,0.1707954123158006,4.838954147971716e-06
59,4-1,116,4-1/r116,bo,1314.282349665112,"{""0"": {""K"": 0.0, ""B1"": 3058.1234260541455, ""A1"": 3416.2294290837913, ""A2"": 1812.2347816378997, ""A3"": 1670.9439336393502, ""A4"": 3968.9979860845847, ""B2"": 14.647954772423219}}",3.7136,0.2864304440140691,0.9030603079594456,0.0020396920405543,"[0.2789224001835976, 0.9380523067243957, 0.6490075182627644, 0.7250062455610763, 0.38459991121347614, 0.354614586935346, 0.8423170598651496, 0.003108649145251108, 0.3686472726452099, 0.40348736935729246, 0.01648224534347409, 0.4714451205403829, 0.40589248734945016, 0.48778611562004737]",43.0,43.0,54.0,1.1813,1.1813,40.3584,40.3584,10.1473,10.1473,False,0,2.8911,0.487797,2.9748,0.2789224001835976,1.7431948842266296,plus,False,2.291998813895978,1.3311706488782566,0.9608281650177216,True,True,1.0,True,100.0,14.600000000000136,0.0,True,[],0.7950687936981631,0.077168341099768,0.0021161214629437
