trial_id,tunnel_id,ring_id,case_id,kind,k_y,per_ring_offsets,r_surface_min_ceiling_ref,gt_miou,best_so_far,regret_vs_ceiling,search_x,hough_threshold,hough_oblique_threshold,hough_horizontal_threshold,merge_distance_threshold,line_merge_distance,single_ring_visual_slot_snap_px,line_snap_tolerance_px,slot_inset_y,segmentation_slot_inset_y,agent_error,n_reclassified_by_r_filter,r_surface_min,r_surface_min_frac,r_surface_min_otsu_ref,k_y_frac,arc_width_entropy,order_branch,branch_is_minus,direction_score_plus,direction_score_minus,direction_margin,direction_select_enabled,det_k_count_match,det_k_confidence_avg,det_block_count_per_ring,det_y_coverage_pct,det_min_y_gap_px,det_y_order_consistency,det_ready_for_segmentation,det_guardrail_violations,bo_surrogate_mean,bo_surrogate_std,ei_value
0,1-5,271,1-5/r271,geometric_0,0.0,"{""0"": {""K"": 0.0, ""B1"": 576.0000000000001, ""A1"": 1152.0000000000002, ""A2"": 1728.0, ""A3"": 2304.0000000000005, ""B2"": 2880.0000000000005}}",2.7274,0.17467675875502,0.17467675875502,0.72042324124498,"[0.0, 0.0, 0.16666666666666669, 0.33333333333333337, 0.5, 0.6666666666666667, 0.8333333333333335, 0.29333333333333333, 0.36363636363636365, 0.18181818181818182, 0.2, 0.0, 0.49999999999999967]",37.0,37.0,50.0,3.0,3.0,20.0,20.0,0.0,0.0,False,0,2.3901,0.499933,2.4726,0.0,1.791759469228055,plus,False,0.75,0.75,0.0,True,True,1.0,False,100.0,576.0,0.0,False,"[""block_count_per_ring != 7 (missing or extra blocks)""]",,,
1,1-5,271,1-5/r271,geometric_1,0.0,"{""0"": {""K"": 0.0, ""B1"": 241.92000000000002, ""A1"": 864.0, ""A2"": 1486.08, ""A3"": 2108.16, ""B2"": 2730.2400000000002}}",2.7274,0.2324818330644346,0.2324818330644346,0.6626181669355654,"[0.0, 0.0, 0.07, 0.25, 0.43, 0.61, 0.79, 0.29333333333333333, 0.36363636363636365, 0.18181818181818182, 0.2, 0.0, 0.49999999999999967]",37.0,37.0,50.0,3.0,3.0,20.0,20.0,0.0,0.0,False,0,2.3901,0.499933,2.4726,0.0,1.748539097947062,plus,False,3.491899909179089,3.265617942456913,0.2262819667221762,True,True,1.0,False,100.0,241.9,0.0,False,"[""block_count_per_ring != 7 (missing or extra blocks)""]",,,
2,1-5,271,1-5/r271,intrinsic_r_otsu,2160.329932585729,"{""0"": {""K"": 0.0, ""B1"": 2680.7697454873887, ""A1"": 778.3160486074855, ""A2"": 1037.3746806531951, ""A3"": 3019.000707289481, ""B2"": 18.196892578626247}}",2.7274,0.3037253705977418,0.3037253705977418,0.5913746294022582,"[0.625095466604667, 0.8972138009695755, 0.7756856902451935, 0.22520718999059186, 0.30016628491122543, 0.8735534453962619, 0.005265304565574724, 0.8212284183827663, 0.7970694287520462, 0.4679349528437208, 0.3030324268193135, 0.2784256121007733, 0.6136494916977373]",77.0,77.0,98.0,6.1473,6.1473,27.7274,27.7274,6.9606,6.9606,False,0,2.4726,0.613663,2.4726,0.625095466604667,1.5458869746539976,plus,False,1.69348335549244,1.423753365951796,0.269729989540644,True,True,1.0,False,100.0,18.199999999999815,0.0,False,"[""block_count_per_ring != 7 (missing or extra blocks)""]",,,
3,1-5,271,1-5/r271,random,1538.1837131304264,"{""0"": {""K"": 0.0, ""B1"": 1912.886848769446, ""A1"": 3440.448979549261, ""A2"": 2739.4395928027307, ""A3"": 2150.251416948658, ""B2"": 3417.8462703885943}}",2.7274,0.134116407072935,0.3037253705977418,0.5913746294022582,"[0.4450763058826466, 0.5045482589579533, 0.5534973520744925, 0.9955002834343927, 0.7926619192137531, 0.6221792294411627, 0.9889601476818849, 0.21530869823559895, 0.16021203385784455, 0.6125396042730308, 0.04394200796138337, 0.03568027877359614, 0.5148888202713703]",31.0,31.0,28.0,7.7379,7.7379,8.2957,8.2957,0.892,0.892,False,0,2.4009,0.514822,2.4726,0.4450763058826465,1.5791616556368795,plus,False,-2.3084330362704657,-2.1972911222737403,0.1111419139967253,True,True,1.0,False,100.0,15.600000000000136,0.0,False,"[""block_count_per_ring != 7 (missing or extra blocks)""]",,,
4,1-5,271,1-5/r271,random,1611.2080235241992,"{""0"": {""K"": 0.0, ""B1"": 2174.6059355209322, ""A1"": 1776.79058664792, ""A2"": 1717.1945927199508, ""A3"": 855.4115705264553, ""B2"": 40.76015227490025}}",2.7274,0.2235515752555414,0.3037253705977418,0.5913746294022582,"[0.4662060253252891, 0.9171677731928523, 0.6292262544910104, 0.5141176465995139, 0.49687343539350426, 0.24751492202733083, 0.01179402554250586, 0.19240214398531064, 0.6920321208818392, 0.2006067239869952, 0.3695363106022067, 0.0037342420520759534, 0.8300477298017456]",29.0,29.0,86.0,3.2067,3.2067,32.7152,32.7152,0.0934,0.0934,False,0,2.6296,0.830093,2.4726,0.4662060253252891,1.7792959576398664,minus,True,1.931814627943528,2.279849897513741,0.3480352695702131,True,True,1.0,False,100.00000000000004,40.79999999999996,0.0,False,"[""block_count_per_ring != 7 (missing or extra blocks)""]",,,
5,1-5,271,1-5/r271,random,533.8174961483361,"{""0"": {""K"": 0.0, ""B1"": 3042.4279241577437, ""A1"": 1761.8370389052704, ""A2"": 2927.7512514404443, ""A3"": 2210.8625289533707, ""B2"": 2563.560394082578}}",2.7274,0.1165822300616689,0.3037253705977418,0.5913746294022582,"[0.15446108106143985, 0.26759930456378545, 0.8803321539808286, 0.5097908098684232, 0.8471502463658693, 0.6397171669425262, 0.7417709473618571, 0.09149560506304566, 0.5411438213764888, 0.50777223630035, 0.8713393766928806, 0.3612640590141576, 0.5981840672072131]",22.0,22.0,70.0,6.5855,6.5855,70.3505,70.3505,9.0316,9.0316,False,0,2.4614,0.598223,2.4726,0.1544610810614398,1.6109255292733478,plus,False,-2.7201526455881737,-2.689443498707172,0.0307091468810019,True,True,1.0,False,100.0,114.6,0.0,False,"[""block_count_per_ring != 7 (missing or extra blocks)""]",,,
6,1-5,271,1-5/r271,random,204.7736759460605,"{""0"": {""K"": 0.0, ""B1"": 1116.4136126683622, ""A1"": 519.0902636674816, ""A2"": 2821.2644867987256, ""A3"": 1311.3659688778798, ""B2"": 3382.552688525182}}",2.7274,0.2133232134537226,0.3037253705977418,0.5913746294022582,"[0.05925164234550362, 0.3876318011107287, 0.32303634625820665, 0.15019972907045187, 0.8163381038190757, 0.37944617155031246, 0.9787478844112216, 0.5899916930106103, 0.6050562538298513, 0.6379965807883322, 0.6764502438127883, 0.1507880191683687, 0.44031346718818754]",59.0,59.0,77.0,8.018,8.018,55.7338,55.7338,3.7697,3.7697,False,0,2.3469,0.440381,2.4726,0.0592516423455036,1.6001713874068244,plus,False,0.3589848801473625,0.4476037624639807,0.0886188823166181,True,True,1.0,False,100.0,73.5,0.0,False,"[""block_count_per_ring != 7 (missing or extra blocks)""]",,,
7,1-5,271,1-5/r271,random,827.9330520828327,"{""0"": {""K"": 0.0, ""B1"": 334.2093486281128, ""A1"": 3344.813744424727, ""A2"": 743.0539531019214, ""A3"": 2321.620401984601, ""B2"": 1038.251801591667}}",2.7274,0.1944482823768431,0.3037253705977418,0.5913746294022582,"[0.23956396182952333, 0.40249829810398163, 0.09670409393174562, 0.9678280510488214, 0.21500403735588003, 0.6717651626112849, 0.3004200814790703, 0.8740770261495044, 0.6622147383384538, 0.13161581580830573, 0.8450743208745529, 0.9449481711449795, 0.9039167881959268]",81.0,81.0,83.0,2.4478,2.4478,68.3806,68.3806,23.6237,23.6237,False,0,2.6832,0.903982,2.4726,0.2395639618295233,1.6290221587531393,plus,False,1.873953289442704,1.1811818016022744,0.6927714878404292,True,True,1.0,False,100.0,111.19999999999992,0.0,False,"[""block_count_per_ring != 7 (missing or extra blocks)""]",,,
8,1-5,271,1-5/r271,random,1968.9493750016625,"{""0"": {""K"": 0.0, ""B1"": 665.1538386105567, ""A1"": 3206.842046477076, ""A2"": 1908.8403413780636, ""A3"": 623.9894346394386, ""B2"": 3055.300626343}}",2.7274,0.2152199234063257,0.3037253705977418,0.5913746294022582,"[0.5697191478592772, 0.1454599537609269, 0.19246349496833237, 0.9279056847445244, 0.5523264876672638, 0.18055249844891164, 0.8840568941964699, 0.6415717052224807, 0.5696942744738079, 0.3762878361299201, 0.41095528215712984, 0.23948921268184487, 0.03805728669123909]",63.0,63.0,73.0,5.1392,5.1392,35.8216,35.8216,5.9872,5.9872,False,0,2.0551,0.038124,2.4726,0.5697191478592772,1.6407655329791455,minus,True,0.1148722039047457,0.8902847249625917,0.775412521057846,True,True,1.0,False,100.0,41.19999999999982,0.0,False,"[""block_count_per_ring != 7 (missing or extra blocks)""]",,,
9,1-5,271,1-5/r271,random,3028.2122008256406,"{""0"": {""K"": 0.0, ""B1"": 1892.627248482669, ""A1"": 1113.396398600458, ""A2"": 2596.5789230186306, ""A3"": 87.08038549088381, ""B2"": 1286.272301985345}}",2.7274,0.2563532920705708,0.3037253705977418,0.5913746294022582,"[0.876218808109271, 0.4677302168140961, 0.5476351992137353, 0.3221633097802251, 0.7513249198549279, 0.025196870801760363, 0.37218527256520395, 0.03035029438411163, 0.12289210220500935, 0.9671482353973677, 0.6577607300385144, 0.4282202463894813, 0.5237401079104803]",17.0,17.0,24.0,11.6386,11.6386,54.3321,54.3321,10.7055,10.7055,False,0,2.4074,0.523782,2.4726,0.876218808109271,1.7335807277825284,plus,False,2.129746325874196,2.2258230955702403,0.0960767696960442,True,True,1.0,False,100.0,87.10000000000036,0.0,False,"[""block_count_per_ring != 7 (missing or extra blocks)""]",,,
10,1-5,271,1-5/r271,random,3016.42862479986,"{""0"": {""K"": 0.0, ""B1"": 2040.0456347932538, ""A1"": 2362.8131942614627, ""A2"": 1228.3100133932578, ""A3"": 1794.0043693301418, ""B2"": 2644.694956610574}}",2.7274,0.2472363014914635,0.3037253705977418,0.5913746294022582,"[0.8728092085647744, 0.3442106669960262, 0.5902909822897147, 0.6836843733395437, 0.35541377702351207, 0.5190984864959901, 0.7652473832785226, 0.9091793139905502, 0.1510622780768155, 0.9334193923074285, 0.005178865815432143, 0.752977503597754, 0.8105268303172452]",83.0,83.0,27.0,11.2676,11.2676,5.3884,5.3884,18.8244,18.8244,False,0,2.6154,0.810517,2.4726,0.8728092085647744,1.5838372349525842,plus,False,-1.318587833320925,-1.786393105228956,0.4678052719080305,True,True,1.0,False,100.0,246.0999999999999,0.0,False,"[""block_count_per_ring != 7 (missing or extra blocks)""]",,,
11,1-5,271,1-5/r271,random,472.65656213116176,"{""0"": {""K"": 0.0, ""B1"": 2817.5256967508776, ""A1"": 49.32123155001426, ""A2"": 2171.964491825901, ""A3"": 2740.689762386806, ""B2"": 1772.9403822335526}}",2.7274,0.2821454425258204,0.3037253705977418,0.5913746294022582,"[0.13676405154258153, 0.41890365091318515, 0.8152562779950456, 0.014271189684610608, 0.6284619478662907, 0.7930236580980341, 0.5130035828222085, 0.7258494205510871, 0.22642348269714407, 0.19852114799267284, 0.3631269505503516, 0.17940602756714652, 0.34606143911247844]",69.0,69.0,35.0,3.1837,3.1837,32.2345,32.2345,4.4852,4.4852,False,0,2.2785,0.346089,2.4726,0.1367640515425815,1.655634448192509,plus,False,1.3537114023698984,1.4976668990926396,0.1439554967227412,True,True,1.0,False,100.0,49.30000000000001,0.0,False,"[""block_count_per_ring != 7 (missing or extra blocks)""]",,,
12,1-5,271,1-5/r271,perturb_wrong_r_low,2160.329932585729,"{""0"": {""K"": 0.0, ""B1"": 2680.7697454873887, ""A1"": 778.3160486074855, ""A2"": 1037.3746806531951, ""A3"": 3019.000707289481, ""B2"": 18.196892578626247}}",2.7274,0.3037253705977418,0.3037253705977418,0.5913746294022582,"[0.625095466604667, 0.0, 0.7756856902451935, 0.22520718999059186, 0.30016628491122543, 0.8735534453962619, 0.005265304565574724, 0.8212284183827663, 0.7970694287520462, 0.4679349528437208, 0.3030324268193135, 0.2784256121007733, 0.05]",77.0,77.0,98.0,6.1473,6.1473,27.7274,27.7274,6.9606,6.9606,False,0,2.0637,0.049979,2.4726,0.625095466604667,1.5458869746539976,plus,False,1.69348335549244,1.423753365951796,0.269729989540644,True,True,1.0,False,100.0,18.199999999999815,0.0,False,"[""block_count_per_ring != 7 (missing or extra blocks)""]",,,
13,1-5,271,1-5/r271,perturb_wrong_r_high,2160.329932585729,"{""0"": {""K"": 0.0, ""B1"": 2680.7697454873887, ""A1"": 778.3160486074855, ""A2"": 1037.3746806531951, ""A3"": 3019.000707289481, ""B2"": 18.196892578626247}}",2.7274,0.303738657222794,0.303738657222794,0.591361342777206,"[0.625095466604667, 0.0, 0.7756856902451935, 0.22520718999059186, 0.30016628491122543, 0.8735534453962619, 0.005265304565574724, 0.8212284183827663, 0.7970694287520462, 0.4679349528437208, 0.3030324268193135, 0.2784256121007733, 0.95]",77.0,77.0,98.0,6.1473,6.1473,27.7274,27.7274,6.9606,6.9606,False,0,2.7166,0.950025,2.4726,0.625095466604667,1.5458869746539976,plus,False,1.69348335549244,1.423753365951796,0.269729989540644,True,True,1.0,False,100.0,18.199999999999815,0.0,False,"[""block_count_per_ring != 7 (missing or extra blocks)""]",,,
14,1-5,271,1-5/r271,perturb_offset_shift,2160.329932585729,"{""0"": {""K"": 0.0, ""B1"": 2548.1158033289303, ""A1"": 588.8094292616844, ""A2"": 1412.3143158256423, ""A3"": 2972.9487134991828, ""B2"": 416.6555147490224}}",2.7274,0.2675364718277299,0.303738657222794,0.591361342777206,"[0.625095466604667, 0.0, 0.7373020264261951, 0.17037309874470033, 0.40865576268103077, 0.860228215711569, 0.1205600447769162, 0.8212284183827663, 0.7970694287520462, 0.4679349528437208, 0.3030324268193135, 0.2784256121007733, 0.6136494916977373]",77.0,77.0,98.0,6.1473,6.1473,27.7274,27.7274,6.9606,6.9606,False,0,2.4726,0.613663,2.4726,0.625095466604667,1.6823550711991344,minus,True,0.8646285411500936,1.1347240750165948,0.2700955338665012,True,True,1.0,False,100.0,172.0999999999999,0.0,False,"[""block_count_per_ring != 7 (missing or extra blocks)""]",,,
15,1-5,271,1-5/r271,perturb_misaligned,2204.927740181786,"{""0"": {""K"": 0.0, ""B1"": 2650.349827718362, ""A1"": 935.1581176654347, ""A2"": 1000.73257194258, ""A3"": 3194.327558718068, ""B2"": 0.0}}",2.7274,0.2839557549512627,0.303738657222794,0.591361342777206,"[0.6379999248211186, 0.0, 0.7668836307055446, 0.2705897331207855, 0.28956382290005206, 0.9242845945364779, 0.0, 0.8212284183827663, 0.7970694287520462, 0.4679349528437208, 0.3030324268193135, 0.2784256121007733, 0.6136494916977373]",77.0,77.0,98.0,6.1473,6.1473,27.7274,27.7274,6.9606,6.9606,False,0,2.4726,0.613663,2.4726,0.6379999248211186,1.2472095291687142,minus,True,-1.3601362302235869,-1.041122579053546,0.3190136511700407,True,True,1.0,False,100.0,0.0,0.0,False,"[""block_count_per_ring != 7 (missing or extra blocks)""]",,,
16,1-5,271,1-5/r271,perturb_ambiguous_lines,2160.329932585729,"{""0"": {""K"": 0.0, ""B1"": 2680.7697454873887, ""A1"": 778.3160486074855, ""A2"": 1037.3746806531951, ""A3"": 3019.000707289481, ""B2"": 18.196892578626247}}",2.7274,0.3037253705977418,0.303738657222794,0.591361342777206,"[0.625095466604667, 0.0, 0.7756856902451935, 0.22520718999059186, 0.30016628491122543, 0.8735534453962619, 0.005265304565574724, 0.8212284183827663, 0.7970694287520462, 0.9844810785574001, 0.9614151127322559, 0.2784256121007733, 0.6136494916977373]",77.0,77.0,98.0,11.8293,11.8293,77.1061,77.1061,6.9606,6.9606,False,0,2.4726,0.613663,2.4726,0.625095466604667,1.5458869746539976,plus,False,1.69348335549244,1.423753365951796,0.269729989540644,True,True,1.0,False,100.0,18.199999999999815,0.0,False,"[""block_count_per_ring != 7 (missing or extra blocks)""]",,,
17,1-5,271,1-5/r271,perturb_small_segment,2160.329932585729,"{""0"": {""K"": 0.0, ""B1"": 241.92000000000002, ""A1"": 864.0, ""A2"": 1486.08, ""A3"": 2108.16, ""B2"": 2730.2400000000002}}",2.7274,0.3034021347892446,0.303738657222794,0.591361342777206,"[0.625095466604667, 0.0, 0.07, 0.25, 0.43, 0.61, 0.79, 0.8212284183827663, 0.7970694287520462, 0.4679349528437208, 0.3030324268193135, 0.2784256121007733, 0.6136494916977373]",77.0,77.0,98.0,6.1473,6.1473,27.7274,27.7274,6.9606,6.9606,False,0,2.4726,0.613663,2.4726,0.625095466604667,1.748539097947062,plus,False,3.741899941207687,3.5158197361431043,0.2260802050645822,True,True,1.0,False,100.0,241.89999999999964,0.0,False,"[""block_count_per_ring != 7 (missing or extra blocks)""]",,,
18,1-5,271,1-5/r271,perturb_guardrail_smoke,69.12,"{""0"": {""K"": 0.0, ""B1"": 1748.2329652493643, ""A1"": 2195.532721179262, ""A2"": 1469.8360189420212, ""A3"": 2045.3013878813542, ""B2"": 1910.9653401585417}}",2.7274,0.1240072228663178,0.303738657222794,0.591361342777206,"[0.02, 0.0, 0.5058544459633577, 0.635281458674555, 0.4252997739994274, 0.5918117441786326, 0.552941359999578, 0.8212284183827663, 0.7970694287520462, 0.4679349528437208, 0.3030324268193135, 0.2784256121007733, 0.6136494916977373]",77.0,77.0,98.0,6.1473,6.1473,27.7274,27.7274,6.9606,6.9606,False,0,2.4726,0.613663,2.4726,0.02,1.595979459695477,plus,False,-1.586905696252558,-1.5699450648382625,0.0169606314142956,True,True,1.0,False,100.0,134.30000000000018,0.0,False,"[""block_count_per_ring != 7 (missing or extra blocks)""]",,,
19,1-5,271,1-5/r271,perturb_weak_hough,2160.329932585729,"{""0"": {""K"": 0.0, ""B1"": 2680.7697454873887, ""A1"": 778.3160486074855, ""A2"": 1037.3746806531951, ""A3"": 3019.000707289481, ""B2"": 18.196892578626247}}",2.7274,0.3037253705977418,0.303738657222794,0.591361342777206,"[0.625095466604667, 0.0, 0.7756856902451935, 0.22520718999059186, 0.30016628491122543, 0.8735534453962619, 0.005265304565574724, 0.9273284003659407, 0.9281749193539336, 0.4679349528437208, 0.3030324268193135, 0.2784256121007733, 0.6136494916977373]",85.0,85.0,112.0,6.1473,6.1473,27.7274,27.7274,6.9606,6.9606,False,0,2.4726,0.613663,2.4726,0.625095466604667,1.5458869746539976,plus,False,1.69348335549244,1.423753365951796,0.269729989540644,True,True,1.0,False,100.0,18.199999999999815,0.0,False,"[""block_count_per_ring != 7 (missing or extra blocks)""]",,,
20,1-5,271,1-5/r271,perturb_wrong_k,2768.0672730845918,"{""0"": {""K"": 0.0, ""B1"": 2680.7697454873887, ""A1"": 778.3160486074855, ""A2"": 1037.3746806531951, ""A3"": 3019.000707289481, ""B2"": 18.196892578626247}}",2.7274,0.1390035033138532,0.303738657222794,0.591361342777206,"[0.8009453915175322, 0.0, 0.7756856902451935, 0.22520718999059186, 0.30016628491122543, 0.8735534453962619, 0.005265304565574724, 0.8212284183827663, 0.7970694287520462, 0.4679349528437208, 0.3030324268193135, 0.2784256121007733, 0.6136494916977373]",77.0,77.0,98.0,6.1473,6.1473,27.7274,27.7274,6.9606,6.9606,False,0,2.4726,0.613663,2.4726,0.8009453915175322,1.5458869746539976,plus,False,1.693476558145116,1.4238117868831988,0.2696647712619171,True,True,1.0,False,100.0,18.200000000000276,0.0,False,"[""block_count_per_ring != 7 (missing or extra blocks)""]",,,
21,1-5,271,1-5/r271,perturb_wrong_k,1656.2149028206063,"{""0"": {""K"": 0.0, ""B1"": 2680.7697454873887, ""A1"": 778.3160486074855, ""A2"": 1037.3746806531951, ""A3"": 3019.000707289481, ""B2"": 18.196892578626247}}",2.7274,0.2147849897334693,0.303738657222794,0.591361342777206,"[0.4792288491957773, 0.0, 0.7756856902451935, 0.22520718999059186, 0.30016628491122543, 0.8735534453962619, 0.005265304565574724, 0.8212284183827663, 0.7970694287520462, 0.4679349528437208, 0.3030324268193135, 0.2784256121007733, 0.6136494916977373]",77.0,77.0,98.0,6.1473,6.1473,27.7274,27.7274,6.9606,6.9606,False,0,2.4726,0.613663,2.4726,0.4792288491957773,1.5458869746539976,plus,False,1.94348335549244,1.673753365951796,0.2697299895406442,True,True,1.0,False,100.0,18.200000000000045,0.0,False,"[""block_count_per_ring != 7 (missing or extra blocks)""]",,,
22,1-5,271,1-5/r271,perturb_wrong_r_low,2160.329932585729,"{""0"": {""K"": 0.0, ""B1"": 2680.7697454873887, ""A1"": 778.3160486074855, ""A2"": 1037.3746806531951, ""A3"": 3019.000707289481, ""B2"": 18.196892578626247}}",2.7274,0.3037253705977418,0.303738657222794,0.591361342777206,"[0.625095466604667, 0.0, 0.7756856902451935, 0.22520718999059186, 0.30016628491122543, 0.8735534453962619, 0.005265304565574724, 0.8212284183827663, 0.7970694287520462, 0.4679349528437208, 0.3030324268193135, 0.2784256121007733, 0.05]",77.0,77.0,98.0,6.1473,6.1473,27.7274,27.7274,6.9606,6.9606,False,0,2.0637,0.049979,2.4726,0.625095466604667,1.5458869746539976,plus,False,1.69348335549244,1.423753365951796,0.269729989540644,True,True,1.0,False,100.0,18.199999999999815,0.0,False,"[""block_count_per_ring != 7 (missing or extra blocks)""]",,,
23,1-5,271,1-5/r271,perturb_wrong_r_high,2160.329932585729,"{""0"": {""K"": 0.0, ""B1"": 2680.7697454873887, ""A1"": 778.3160486074855, ""A2"": 1037.3746806531951, ""A3"": 3019.000707289481, ""B2"": 18.196892578626247}}",2.7274,0.303738657222794,0.303738657222794,0.591361342777206,"[0.625095466604667, 0.0, 0.7756856902451935, 0.22520718999059186, 0.30016628491122543, 0.8735534453962619, 0.005265304565574724, 0.8212284183827663, 0.7970694287520462, 0.4679349528437208, 0.3030324268193135, 0.2784256121007733, 0.95]",77.0,77.0,98.0,6.1473,6.1473,27.7274,27.7274,6.9606,6.9606,False,0,2.7166,0.950025,2.4726,0.625095466604667,1.5458869746539976,plus,False,1.69348335549244,1.423753365951796,0.269729989540644,True,True,1.0,False,100.0,18.199999999999815,0.0,False,"[""block_count_per_ring != 7 (missing or extra blocks)""]",,,
24,1-5,271,1-5/r271,bo,2031.3185036640104,"{""0"": {""K"": 0.0, ""B1"": 1661.6567079511597, ""A1"": 815.2602566145334, ""A2"": 3282.130540158954, ""A3"": 278.42928483315546, ""B2"": 933.1342255474773}}",2.7274,0.1957277323817244,0.303738657222794,0.591361342777206,"[0.5877657707361141, 0.7580785210932657, 0.4808034455877198, 0.2358970649926312, 0.9496905498145121, 0.08056402917626027, 0.27000411618850617, 0.20544604991747395, 0.6094241306607625, 0.4632888499272517, 0.5720736765456282, 0.4671696715778899, 0.6113184946246066]",30.0,30.0,77.0,6.0962,6.0962,47.9055,47.9055,11.6792,11.6792,False,0,2.4709,0.611319,2.4726,0.5877657707361141,1.6372505447828467,minus,True,1.1841922994639769,1.769583552894804,0.5853912534308272,True,True,1.0,False,100.0,117.90000000000008,0.0,False,"[""block_count_per_ring != 7 (missing or extra blocks)""]",0.3035071656236238,0.0218069410769921,0.0045243322055716
25,1-5,271,1-5/r271,bo,2058.9835381295898,"{""0"": {""K"": 0.0, ""B1"": 2752.7440162442476, ""A1"": 1019.7437395291706, ""A2"": 2953.451449309584, ""A3"": 3212.976465640796, ""B2"": 3127.8770014641664}}",2.7274,0.2309130906353382,0.303738657222794,0.591361342777206,"[0.5957706996902749, 0.9799067921761876, 0.7965115787743772, 0.295064739447098, 0.8545866462122639, 0.9296806902895822, 0.9050570027384741, 0.723941744148546, 0.7406751038293561, 0.044531216399998796, 0.16621840298726964, 0.7818212741022174, 0.7973631195682079]",69.0,69.0,91.0,1.4898,1.4898,17.4664,17.4664,19.5455,19.5455,False,0,2.6059,0.797421,2.4726,0.5957706996902749,1.5304157957770252,plus,False,-0.5940790691268494,-0.5297136425563216,0.0643654265705278,True,True,1.0,False,100.0,85.09999999999991,0.0,False,"[""block_count_per_ring != 7 (missing or extra blocks)""]",0.293963046744761,0.0371728969513509,0.006992430317203
26,1-5,271,1-5/r271,bo,1967.654876568755,"{""0"": {""K"": 0.0, ""B1"": 1401.7528155887458, ""A1"": 943.1186102203588, ""A2"": 1224.56405735426, ""A3"": 1254.0902811455164, ""B2"": 15.012789449214793}}",2.7274,0.1193180757144212,0.303738657222794,0.591361342777206,"[0.5693445823404962, 0.5877100848267347, 0.40559977302915096, 0.2728931163832057, 0.35432987770667246, 0.3628733452388647, 0.004343978428592243, 0.22404963039100445, 0.8696292211897841, 0.5903125585782452, 0.058959903329451224, 0.6243628670468021, 0.37806915676688435]",32.0,32.0,106.0,7.4934,7.4934,9.422,9.422,15.6091,15.6091,False,0,2.3017,0.378071,2.4726,0.5693445823404962,1.4397992559692314,minus,True,0.6257589143762836,1.1450136939082958,0.5192547795320122,True,True,1.0,False,100.0,15.0,0.0,False,"[""block_count_per_ring != 7 (missing or extra blocks)""]",0.2827108970460066,0.0355372462320528,0.0037484110102263
27,1-5,271,1-5/r271,bo,2231.869889868532,"{""0"": {""K"": 0.0, ""B1"": 2819.6165586398824, ""A1"": 305.80314182552354, ""A2"": 4.748780616369842, ""A3"": 2622.305177702267, ""B2"": 167.6570546801132}}",2.7274,0.2790024777565926,0.303738657222794,0.591361342777206,"[0.6457956857258483, 0.5496521023876645, 0.8158612727545956, 0.08848470538932973, 0.0013740684653847923, 0.7587688592888504, 0.04851187924771794, 0.11827845632027767, 0.34561829715271264, 0.5934783088547345, 0.6797322714687501, 0.7307170321759566, 0.5156337021709122]",24.0,24.0,48.0,7.5283,7.5283,55.9799,55.9799,18.2679,18.2679,False,0,2.4015,0.515649,2.4726,0.6457956857258483,1.691357498616199,plus,False,0.9490759609723444,1.157853910894746,0.2087779499224016,True,True,1.0,False,100.0,4.699999999999818,0.0,False,"[""block_count_per_ring != 7 (missing or extra blocks)""]",0.2745325844377514,0.0463188494301543,0.0051264497602027
28,1-5,271,1-5/r271,bo,2186.320354577609,"{""0"": {""K"": 0.0, ""B1"": 3221.5386704479847, ""A1"": 1051.7259804055404, ""A2"": 1096.5065197755066, ""A3"": 61.43877377391179, ""B2"": 3435.006187345827}}",2.7274,0.1783117649264372,0.303738657222794,0.591361342777206,"[0.6326158433384286, 0.9009373306897118, 0.932158180106477, 0.3043188600710476, 0.31727619206467206, 0.017777422966988365, 0.9939254014310842, 0.7124124669251913, 0.26118636620675784, 0.866191383023795, 0.3040468713508372, 0.30137648823822805, 0.8324900121630602]",68.0,68.0,39.0,10.5281,10.5281,27.8035,27.8035,7.5344,7.5344,False,0,2.6313,0.832436,2.4726,0.6326158433384286,1.36313653687671,plus,False,0.8525948871021336,0.9366345838940604,0.0840396967919268,True,True,1.0,False,100.0,21.0,0.0,False,"[""block_count_per_ring != 7 (missing or extra blocks)""]",0.2809477359166019,0.0438598397009303,0.0057765569477737
29,1-5,271,1-5/r271,bo,2352.520971087645,"{""0"": {""K"": 0.0, ""B1"": 2793.1324128882816, ""A1"": 486.3976973956759, ""A2"": 683.8326908087151, ""A3"": 3055.9460614724117, ""B2"": 1179.3625812240791}}",2.7274,0.155197391901735,0.303738657222794,0.591361342777206,"[0.680706299504527, 0.8876583086433749, 0.8081980361366555, 0.14074007447791548, 0.19786825544233655, 0.8842436520464154, 0.3412507468819673, 0.250334724140293, 0.8528245508316387, 0.44849497244532854, 0.15654125291426635, 0.12154557279778033, 0.7330301010263757]",34.0,34.0,104.0,5.9334,5.9334,16.7406,16.7406,3.0386,3.0386,False,0,2.5592,0.733044,2.4726,0.680706299504527,1.6295765626258492,plus,False,1.4113996890002152,0.4583171226382064,0.9530825663620088,True,True,1.0,False,100.0,197.5,0.0,False,"[""block_count_per_ring != 7 (missing or extra blocks)""]",0.2511475947866309,0.0564519659170968,0.0038071699577742
30,1-5,271,1-5/r271,bo,1774.3316948570778,"{""0"": {""K"": 0.0, ""B1"": 3110.834860647976, ""A1"": 639.9652771808709, ""A2"": 1945.6912638814242, ""A3"": 2899.143656290519, ""B2"": 476.8722032144449}}",2.7274,0.3057923099952432,0.3057923099952432,0.5893076900047568,"[0.5134061617063304, 0.014286286818634197, 0.9001258277337892, 0.18517513807316865, 0.5629893703360602, 0.8388725857322104, 0.13798385509677225, 0.7203837750823455, 0.5841407933102564, 0.9179952036739226, 0.9485450081272435, 0.4142936071012734, 0.26144044974814706]",69.0,69.0,74.0,11.0979,11.0979,76.1409,76.1409,10.3573,10.3573,False,0,2.2171,0.261447,2.4726,0.5134061617063304,1.6534457994947027,plus,False,0.623108266422564,0.7700496293652328,0.1469413629426688,True,True,1.0,False,100.0,163.10000000000036,0.0,False,"[""block_count_per_ring != 7 (missing or extra blocks)""]",0.2367422165219771,0.0595816449092581,0.0027574347477409
31,1-5,271,1-5/r271,bo,1750.9438494659053,"{""0"": {""K"": 0.0, ""B1"": 2983.7797594024782, ""A1"": 262.38768817483407, ""A2"": 43.61392087501558, ""A3"": 2513.5382210730654, ""B2"": 3428.363582203891}}",2.7274,0.1474353682785891,0.3057923099952432,0.5893076900047568,"[0.5066388453315698, 0.7011177310560569, 0.86336219890118, 0.07592236347651449, 0.012619768771705897, 0.7272969389679008, 0.9920033513321443, 0.04320692513311308, 0.7485505530877415, 0.8458321260743136, 0.5237112776443681, 0.44655009713149063, 0.26714441592189797]",18.0,18.0,92.0,10.3042,10.3042,44.2783,44.2783,11.1638,11.1638,False,0,2.2212,0.267099,2.4726,0.5066388453315698,1.4812051521369765,plus,False,1.141549382249497,1.323979889171927,0.1824305069224299,True,True,1.0,False,100.0,27.600000000000136,0.0,False,"[""block_count_per_ring != 7 (missing or extra blocks)""]",0.2808489576299444,0.042850361590449,0.0050119299439968
32,1-5,271,1-5/r271,bo,2395.580367301829,"{""0"": {""K"": 0.0, ""B1"": 343.0049342766482, ""A1"": 27.081865821164016, ""A2"": 2947.633527911313, ""A3"": 1510.6490505863017, ""B2"": 811.2113378745825}}",2.7274,0.1083388355924962,0.3057923099952432,0.5893076900047568,"[0.6931656155387238, 0.15753317474206063, 0.0992491129272709, 0.00783618802695718, 0.8529032198817458, 0.4371091002853882, 0.2347255028572287, 0.5846835715287201, 0.4555973146959331, 0.9672898986168861, 0.9943127430628321, 0.30727392416644816, 0.5712580147616885]",59.0,59.0,60.0,11.6402,11.6402,79.5735,79.5735,7.6818,7.6818,False,0,2.4418,0.571204,2.4726,0.6931656155387238,1.6757289568545868,plus,False,1.9241128969107295,1.7458434964180285,0.1782694004927014,True,True,1.0,False,100.0,27.09999999999991,0.0,False,"[""block_count_per_ring != 7 (missing or extra blocks)""]",0.2304125663776261,0.0597625019377234,0.0020567288237693
33,1-5,271,1-5/r271,bo,1934.505476758084,"{""0"": {""K"": 0.0, ""B1"": 216.95654123866726, ""A1"": 906.2218547330169, ""A2"": 316.81873044277336, ""A3"": 1162.419035051672, ""B2"": 976.0981938608668}}",2.7274,0.1344434170056999,0.3057923099952432,0.5893076900047568,"[0.559752742117501, 0.031371295992138726, 0.06277677697878103, 0.2622169718556183, 0.09167208635496915, 0.3363481004200439, 0.2824358199828897, 0.5269907050830734, 0.8944118854715181, 0.5414178403158045, 0.2655807535622495, 0.01854224572234875, 0.12415928395764142]",55.0,55.0,108.0,6.9556,6.9556,24.9186,24.9186,0.4636,0.4636,False,0,2.1175,0.124145,2.4726,0.559752742117501,1.527100835043918,plus,False,0.4660409679560381,0.4290617308667213,0.0369792370893168,True,True,1.0,False,100.0,69.90000000000009,0.0,False,"[""block_count_per_ring != 7 (missing or extra blocks)""]",0.2430952878935022,0.0599816104597897,0.0032832029580672
34,1-5,271,1-5/r271,bo,2110.234143691151,"{""0"": {""K"": 0.0, ""B1"": 501.6010749305704, ""A1"": 1164.2868694267086, ""A2"": 2488.703243873888, ""A3"": 1283.94486572352, ""B2"": 2717.036252808134}}",2.7274,0.1649282083214295,0.3057923099952432,0.5893076900047568,"[0.6106001573180414, 0.8962701962790282, 0.14513919992204005, 0.3368885617554134, 0.7201108923246203, 0.37151182457277776, 0.78617947129865, 0.4849650530915255, 0.18705424685004768, 0.44095080108064333, 0.28501544743704643, 0.921693370752592, 0.19428801884452374]",51.0,51.0,31.0,5.8505,5.8505,26.3762,26.3762,23.0423,23.0423,False,0,2.1684,0.194312,2.4726,0.6106001573180414,1.6623744042747872,plus,False,0.7804091670291344,0.7085798382992281,0.0718293287299063,True,True,1.0,False,100.0,119.69999999999982,0.0,False,"[""block_count_per_ring != 7 (missing or extra blocks)""]",0.2440774284282417,0.061751629803553,0.0037481958604779
35,1-5,271,1-5/r271,bo,1.2190087197174364,"{""0"": {""K"": 0.0, ""B1"": 2142.797175155154, ""A1"": 422.25188025681274, ""A2"": 1503.3554743900484, ""A3"": 1131.3688432521474, ""B2"": 924.9830552161019}}",2.7274,0.2723065535088946,0.3057923099952432,0.5893076900047568,"[0.00035272243047379526, 0.464750809528258, 0.6200223307740608, 0.12217936350023517, 0.43499869050637974, 0.3273636699224963, 0.2676455599583628, 0.5485470241481937, 0.016838142989233584, 0.3567931881418419, 0.377982816793333, 0.3066998098632375, 0.610999666845988]",56.0,56.0,12.0,4.9247,4.9247,33.3487,33.3487,7.6675,7.6675,False,0,2.4707,0.611043,2.4726,0.0003527224304737,1.7346585365700795,minus,True,0.8903507278929204,1.9399984283494496,1.0496477004565294,True,True,1.0,False,100.0,206.39999999999984,0.0,False,"[""block_count_per_ring != 7 (missing or extra blocks)""]",0.2241499997398459,0.063208008077788,0.0020747372436027
36,1-5,271,1-5/r271,bo,1659.0049476616184,"{""0"": {""K"": 0.0, ""B1"": 1323.9058283590318, ""A1"": 755.7833594635623, ""A2"": 406.83533351171917, ""A3"": 3066.0316934563925, ""B2"": 1263.8494142885793}}",2.7274,0.1543466530494045,0.3057923099952432,0.5893076900047568,"[0.4800361538372738, 0.12783790693282848, 0.3830746031131458, 0.21868731465959557, 0.11771855715038171, 0.8871619483380765, 0.36569716848627876, 0.5940461417185768, 0.39792903243707245, 0.8288342252036183, 0.9630154963242902, 0.054666072406348354, 0.5612004208805351]",60.0,60.0,54.0,10.1172,10.1172,77.2262,77.2262,1.3667,1.3667,False,0,2.4345,0.56114,2.4726,0.4800361538372738,1.7504032504432034,minus,True,0.3751048712344298,1.4240790465546884,1.0489741753202586,True,True,1.0,False,100.0,60.0,0.0,False,"[""block_count_per_ring != 7 (missing or extra blocks)""]",0.2635572996844812,0.0557258949508688,0.005223685971903
37,1-5,271,1-5/r271,bo,1515.6962718786367,"{""0"": {""K"": 0.0, ""B1"": 1740.0900246907818, ""A1"": 1035.5958385043248, ""A2"": 2947.9150428137514, ""A3"": 148.5083386517798, ""B2"": 1188.134809766179}}",2.7274,0.0995557878233603,0.3057923099952432,0.5893076900047568,"[0.43856952311303143, 0.011222750503130818, 0.5034982710332123, 0.2996515736412977, 0.85298467674009, 0.04297116280433444, 0.34378900745549157, 0.8292394744698944, 0.08686839495870835, 0.4777959550151838, 0.9471593878946558, 0.6146306643720169, 0.910849386488368]",77.0,77.0,20.0,6.2558,6.2558,76.037,76.037,15.3658,15.3658,False,0,2.6882,0.910875,2.4726,0.4385695231130314,1.7012033267356677,minus,True,1.7671743388171597,2.3486946701396687,0.5815203313225092,True,True,1.0,False,100.0,148.5,0.0,False,"[""block_count_per_ring != 7 (missing or extra blocks)""]",0.2443856930051531,0.0613088208734073,0.0036961031724065
38,1-5,271,1-5/r271,bo,1844.5472428849205,"{""0"": {""K"": 0.0, ""B1"": 3253.7218522170438, ""A1"": 666.9228469208168, ""A2"": 1389.1399650198919, ""A3"": 1019.0859166723376, ""B2"": 170.4428308170995}}",2.7274,0.2193884770849255,0.3057923099952432,0.5893076900047568,"[0.5337231605569793, 0.9328567578162107, 0.9414704433498391, 0.19297536079884747, 0.4019502213599224, 0.29487439718528285, 0.04931794873179962, 0.7095550190095625, 0.07619759609384591, 0.5602832193495558, 0.3044876714076351, 0.19516682821011921, 0.6693502322085733]",68.0,68.0,18.0,7.1631,7.1631,27.8366,27.8366,4.8792,4.8792,False,0,2.513,0.669355,2.4726,0.5337231605569793,1.6595150765462825,plus,False,1.2276553062506783,1.0588638756754245,0.1687914305752542,True,True,1.0,False,100.0,170.5,0.0,False,"[""block_count_per_ring != 7 (missing or extra blocks)""]",0.2348890326524105,0.0632749830087515,0.003014374728429
39,1-5,271,1-5/r271,bo,1831.3534527343647,"{""0"": {""K"": 0.0, ""B1"": 2535.01996949107, ""A1"": 676.320937038213, ""A2"": 1724.0778824371048, ""A3"": 2943.211296485985, ""B2"": 532.7381508289902}}",2.7274,0.3012343949255966,0.3057923099952432,0.5893076900047568,"[0.5299055129439713, 0.04131026429686224, 0.733512722653666, 0.19569471557818663, 0.4988651280199956, 0.8516236390295094, 0.1541487704944995, 0.8633095009507842, 0.30827317217253813, 0.7987070398732176, 0.943333255198586, 0.47399365377975, 0.9769961623111167]",80.0,80.0,44.0,9.7858,9.7858,75.75,75.75,11.8498,11.8498,False,0,2.7362,0.977044,2.4726,0.5299055129439713,1.7041861444829554,minus,True,0.3243715960308857,0.6330614572450206,0.3086898612141349,True,True,1.0,False,100.0,143.5999999999999,0.0,False,"[""block_count_per_ring != 7 (missing or extra blocks)""]",0.2417340552856436,0.0606648918227015,0.0032609384594614
40,1-5,271,1-5/r271,bo,1964.507810625028,"{""0"": {""K"": 0.0, ""B1"": 1182.1033164038124, ""A1"": 631.4239549342992, ""A2"": 851.4640029788154, ""A3"": 2960.883655952755, ""B2"": 1420.5703260361997}}",2.7274,0.153937758840381,0.3057923099952432,0.5893076900047568,"[0.5684339729817789, 0.9845584790896654, 0.34204378368165866, 0.18270369066385972, 0.24637268604711093, 0.856737168967811, 0.41104465452436334, 0.41077041732888375, 0.15778376232706726, 0.8229889855456506, 0.8209165136543902, 0.3524941395334692, 0.18395911900047845]",46.0,46.0,27.0,10.0529,10.0529,66.5687,66.5687,8.8124,8.8124,False,0,2.1609,0.183973,2.4726,0.5684339729817789,1.6414134333799375,plus,False,0.7831946425488692,-0.1798488507773203,0.9630434933261895,True,True,1.0,False,100.0,220.0999999999999,0.0,False,"[""block_count_per_ring != 7 (missing or extra blocks)""]",0.3084175025431483,0.0341818720889322,0.0102653492370383
41,1-5,271,1-5/r271,bo,145.97813072795236,"{""0"": {""K"": 0.0, ""B1"": 1089.3389774645857, ""A1"": 272.57522669250966, ""A2"": 2406.6940877831903, ""A3"": 1257.7681542768962, ""B2"": 784.9865695549721}}",2.7274,0.117119757306935,0.3057923099952432,0.5893076900047568,"[0.04223904245600474, 0.09094353256098475, 0.3152022504237806, 0.07887014661241598, 0.6963813911409694, 0.3639375446403056, 0.22713731757956368, 0.9354137461609109, 0.13961386220339345, 0.30855287998589453, 0.36278701785243994, 0.1757320812634512, 0.9119140748951816]",85.0,85.0,25.0,4.3941,4.3941,32.209,32.209,4.3933,4.3933,False,0,2.689,0.911978,2.4726,0.0422390424560047,1.7521414245218851,plus,False,1.403308976911939,1.2845196220029282,0.1187893549090104,True,True,1.0,False,100.0,168.4000000000001,0.0,False,"[""block_count_per_ring != 7 (missing or extra blocks)""]",0.254897401208042,0.0554968671464428,0.0038287861004047
42,1-5,271,1-5/r271,bo,2023.745637608058,"{""0"": {""K"": 0.0, ""B1"": 2697.841689481828, ""A1"": 3172.2677700089657, ""A2"": 2241.1020246273365, ""A3"": 93.09951276587704, ""B2"": 186.93347660728006}}",2.7274,0.18903993194892,0.3057923099952432,0.5893076900047568,"[0.5855745479189983, 0.8245962219524984, 0.7806254888546956, 0.9179015538220386, 0.6484670210148543, 0.026938516425311643, 0.05408954762942131, 0.07117583328658195, 0.3121955157081293, 0.5032069819282502, 0.1617819351832971, 0.3535328101314992, 0.2186882881489175]",20.0,20.0,44.0,6.5353,6.5353,17.1336,17.1336,8.8383,8.8383,False,0,2.1861,0.218712,2.4726,0.5855745479189983,1.5031196211174764,plus,False,2.204089076068488,1.4207439435659568,0.7833451325025313,True,True,1.0,False,100.0,93.10000000000014,0.0,False,"[""block_count_per_ring != 7 (missing or extra blocks)""]",0.2786871075798017,0.048372901416308,0.0061599497259407
43,1-5,271,1-5/r271,bo,264.0873455815436,"{""0"": {""K"": 0.0, ""B1"": 1873.9958033711205, ""A1"": 256.5957609066153, ""A2"": 933.4876770234831, ""A3"": 272.8711591201185, ""B2"": 1344.3538125724997}}",2.7274,0.2947374070069023,0.3057923099952432,0.5893076900047568,"[0.0764141624946596, 0.4463750124538738, 0.5422441560680326, 0.07424645859566414, 0.2701063880276282, 0.0789557752083676, 0.38899126521195015, 0.5362573966676875, 0.20782511642105939, 0.5110122204517747, 0.3328303245578901, 0.15243604797297627, 0.9489343854146096]",55.0,55.0,33.0,6.6211,6.6211,29.9623,29.9623,3.8109,3.8109,False,0,2.7158,0.948922,2.4726,0.0764141624946596,1.7061524326466706,minus,True,1.2822366636871745,1.9987829530912469,0.7165462894040724,True,True,1.0,False,100.0,16.299999999999955,0.0,False,"[""block_count_per_ring != 7 (missing or extra blocks)""]",0.2211586768554234,0.0633254355630898,0.0018796788722775
44,1-5,271,1-5/r271,bo,556.3259888087498,"{""0"": {""K"": 0.0, ""B1"": 398.893245454771, ""A1"": 245.42532947233843, ""A2"": 2579.5104141116317, ""A3"": 1753.5096812795293, ""B2"": 2183.3054495581355}}",2.7274,0.182369612067209,0.3057923099952432,0.5893076900047568,"[0.16097395509512435, 0.3745256354076494, 0.11542049926353326, 0.071014273574172, 0.7463861151943378, 0.5073812735183824, 0.6317434749878864, 0.4907705043927718, 0.7141099629000137, 0.15137271174893874, 0.4074257968513251, 0.2123243521190702, 0.490364524107306]",52.0,52.0,89.0,2.6651,2.6651,35.5569,35.5569,5.3081,5.3081,False,0,2.3832,0.490421,2.4726,0.1609739550951243,1.5628338890733642,minus,True,1.2379415190400445,2.012940316089215,0.7749987970491707,True,True,1.0,False,100.0,153.4000000000001,0.0,False,"[""block_count_per_ring != 7 (missing or extra blocks)""]",0.2398852836844268,0.0599041837093551,0.0029234800676689
45,1-5,271,1-5/r271,bo,2095.6252542479388,"{""0"": {""K"": 0.0, ""B1"": 2443.3894746849664, ""A1"": 1036.9291383925956, ""A2"": 3172.581497682571, ""A3"": 282.26721684380016, ""B2"": 1060.7663738722288}}",2.7274,0.2580196061275518,0.3057923099952432,0.5893076900047568,"[0.6063730481041489, 0.9282945554967097, 0.7069992692954186, 0.3000373664330427, 0.9179923315053735, 0.0816745419108218, 0.3069347146621032, 0.7175061635367582, 0.34858917355009533, 0.47600638720272737, 0.31112208769512706, 0.3033202773306083, 0.19962247126338517]",69.0,69.0,48.0,6.2361,6.2361,28.3342,28.3342,7.583,7.583,False,0,2.1723,0.199688,2.4726,0.6063730481041489,1.6781214735751544,plus,False,1.7006238014296646,1.205648132805219,0.4949756686244453,True,True,1.0,False,100.0,23.800000000000185,0.0,False,"[""block_count_per_ring != 7 (missing or extra blocks)""]",0.2612343252442113,0.0515091817211282,0.0038292051632786
46,1-5,271,1-5/r271,bo,743.2320241840227,"{""0"": {""K"": 0.0, ""B1"": 1128.154269404476, ""A1"": 401.7678908721482, ""A2"": 174.32287148867397, ""A3"": 1191.8408604790802, ""B2"": 3351.3460865592206}}",2.7274,0.1902372701357448,0.3057923099952432,0.5893076900047568,"[0.21505556255324731, 0.34687751002646394, 0.3264335270267581, 0.11625228323846881, 0.0504406456853802, 0.3448613600923265, 0.9697181963423671, 0.35514399994393464, 0.8060801141399887, 0.35072072661557474, 0.31574972053078043, 0.1279347855407289, 0.5177903478304352]",42.0,42.0,99.0,4.8579,4.8579,28.6812,28.6812,3.1984,3.1984,False,0,2.4031,0.517854,2.4726,0.2150555625532473,1.5569920747187354,plus,False,1.0179100977947435,0.999353935112645,0.0185561626820986,True,True,1.0,False,100.0,63.69999999999982,0.0,False,"[""block_count_per_ring != 7 (missing or extra blocks)""]",0.2255695414933584,0.0629725945049894,0.0021476113901665
47,1-5,271,1-5/r271,bo,1654.6432615292877,"{""0"": {""K"": 0.0, ""B1"": 2154.8095635317536, ""A1"": 3452.7547118687316, ""A2"": 763.9952281199215, ""A3"": 2467.6757176052415, ""B2"": 545.3564115935424}}",2.7274,0.1760204122407989,0.3057923099952432,0.5893076900047568,"[0.4787740918776874, 0.8988075997901415, 0.6234981375959935, 0.9990609698694247, 0.2210634340624773, 0.7140265386589241, 0.1577998876138722, 0.06498923418435476, 0.6823632081187463, 0.049947416834108305, 0.293304254354413, 0.3748321586130424, 0.6613095438066366]",20.0,20.0,85.0,1.5494,1.5494,26.9978,26.9978,9.3708,9.3708,False,0,2.5072,0.66136,2.4726,0.4787740918776874,1.7153906642286878,plus,False,0.0798128269202959,0.1464240492045866,0.0666112222842906,True,True,1.0,False,100.0,3.199999999999818,0.0,False,"[""block_count_per_ring != 7 (missing or extra blocks)""]",0.2683217306659681,0.0511168972345639,0.0048695523039682
48,1-5,271,1-5/r271,bo,264.06149887969315,"{""0"": {""K"": 0.0, ""B1"": 2186.300539815018, ""A1"": 449.81219695347266, ""A2"": 928.5791402850225, ""A3"": 1452.5551817288676, ""B2"": 1263.8506347843017}}",2.7274,0.2118265624286636,0.3057923099952432,0.5893076900047568,"[0.07640668370361492, 0.4531115650266129, 0.6326101099001789, 0.13015399217403723, 0.2686860938324718, 0.42029953175025103, 0.3656975216389762, 0.8647591596116546, 0.48596479396914916, 0.476982047878009, 0.369844044503965, 0.10650557958209561, 0.7564400171602998]",80.0,80.0,63.0,6.2468,6.2468,32.7383,32.7383,2.6626,2.6626,False,0,2.5762,0.756479,2.4726,0.0764066837036149,1.6115013727562708,minus,True,0.7609719740046352,1.7966680044820256,1.0356960304773903,True,True,1.0,False,100.0,188.69999999999985,0.0,False,"[""block_count_per_ring != 7 (missing or extra blocks)""]",0.2495347075381985,0.0584973680479227,0.0037615863425064
49,1-5,271,1-5/r271,bo,421.6120627129307,"{""0"": {""K"": 0.0, ""B1"": 3238.713642254672, ""A1"": 624.7582113564226, ""A2"": 2394.4644698749894, ""A3"": 2410.561580716727, ""B2"": 2512.520613284757}}",2.7274,0.1595377091557326,0.3057923099952432,0.5893076900047568,"[0.1219942311090656, 0.40500487802262586, 0.9371277900042453, 0.18077494541563155, 0.692842728551791, 0.6975004573833122, 0.727002492269895, 0.1424275333571411, 0.8167977464931028, 0.29670544128241294, 0.33437182342905347, 0.1536381575925626, 0.01962341092463815]",26.0,26.0,100.0,4.2638,4.2638,30.0779,30.0779,3.841,3.841,False,0,2.0417,0.019652,2.4726,0.1219942311090656,1.30864749493547,plus,False,-0.0001708106164337,-0.2883453647708318,0.2881745541543981,True,True,1.0,False,100.0,16.09999999999991,0.0,False,"[""block_count_per_ring != 7 (missing or extra blocks)""]",0.2325209450002811,0.0586849958228271,0.0020636030277758
50,1-5,271,1-5/r271,bo,1918.8770065561928,"{""0"": {""K"": 0.0, ""B1"": 2996.2159553247034, ""A1"": 1091.8408844481169, ""A2"": 2057.3524068765705, ""A3"": 3060.183173911327, ""B2"": 462.18154664703246}}",2.7274,0.2920838842511225,0.3057923099952432,0.5893076900047568,"[0.5552306153229725, 0.009080239157964853, 0.8669606352212683, 0.31592618184262644, 0.5952987288416003, 0.88546966837712, 0.1337330864140719, 0.5645277154778866, 0.11002328771923453, 0.8057535353575431, 0.4780569774495209, 0.47798906066790525, 0.8845585011718398]",57.0,57.0,22.0,9.8633,9.8633,40.8543,40.8543,11.9497,11.9497,False,0,2.6691,0.884545,2.4726,0.5552306153229725,1.6548946137558995,plus,False,1.0674109018111877,0.4627191148982454,0.604691786912942,True,True,1.0,False,100.0,64.0,0.0,False,"[""block_count_per_ring != 7 (missing or extra blocks)""]",0.2789263186344283,0.0430295038593552,0.0046747989698678
51,1-5,271,1-5/r271,bo,2561.6473211300827,"{""0"": {""K"": 0.0, ""B1"": 1942.424619348338, ""A1"": 824.1192230335553, ""A2"": 946.0341127768722, ""A3"": 1304.038200242044, ""B2"": 1262.5151155478004}}",2.7274,0.2090227050267095,0.3057923099952432,0.5893076900047568,"[0.7412173961603249, 0.07835510516530442, 0.56204416069107, 0.23846042333146855, 0.27373672244701164, 0.37732586812559143, 0.3653110866747108, 0.5970856008117493, 0.7918979468991666, 0.811535365982927, 0.9606075365108487, 0.29468994992579556, 0.5229417568147663]",60.0,60.0,97.0,9.9269,9.9269,77.0456,77.0456,7.3672,7.3672,False,0,2.4068,0.522955,2.4726,0.7412173961603249,1.512484388093731,minus,True,-0.4290707452072537,0.5599318186147065,0.9890025638219602,True,True,1.0,False,100.0,41.5,0.0,False,"[""block_count_per_ring != 7 (missing or extra blocks)""]",0.2234908922825766,0.0612678790400017,0.0017690372223235
52,1-5,271,1-5/r271,bo,2034.4146788693008,"{""0"": {""K"": 0.0, ""B1"": 2417.841053307052, ""A1"": 2446.8441166488037, ""A2"": 2202.5675873718283, ""A3"": 2853.9823077648093, ""B2"": 1008.5111631533659}}",2.7274,0.2457446258373933,0.3057923099952432,0.5893076900047568,"[0.5886616547654226, 0.8021900485488248, 0.6996067862578275, 0.7079988763451399, 0.637317010234904, 0.8258050659041694, 0.29181457267169153, 0.3517430869774041, 0.2233828926387742, 0.5602024345667735, 0.9495042010803998, 0.5375998531978855, 0.3488694357671117]",41.0,41.0,35.0,7.1622,7.1622,76.2128,76.2128,13.44,13.44,False,0,2.2805,0.348846,2.4726,0.5886616547654226,1.522905723077722,plus,False,-0.2575039925067589,-1.204413404537923,0.9469094120311636,True,True,1.0,False,100.0,29.0,0.0,False,"[""block_count_per_ring != 7 (missing or extra blocks)""]",0.2782026131370381,0.0477571783222562,0.0058724259341172
53,1-5,271,1-5/r271,bo,29.662314519022743,"{""0"": {""K"": 0.0, ""B1"": 99.84596921834931, ""A1"": 425.4259978791822, ""A2"": 2113.6446292675746, ""A3"": 2128.8814928679567, ""B2"": 1644.3117923256293}}",2.7274,0.1931986562042884,0.3057923099952432,0.5893076900047568,"[0.008582845636291303, 0.36035372601683346, 0.02889061609327237, 0.12309780031226336, 0.6115869876352935, 0.6159958023344781, 0.4757846621312585, 0.3114257215582349, 0.5086411424556484, 0.6573218377848173, 0.3365641415944347, 0.25202845295373366, 0.0544792440682762]",38.0,38.0,66.0,8.2305,8.2305,30.2423,30.2423,6.3007,6.3007,False,0,2.067,0.054529,2.4726,0.0085828456362913,1.27678523269101,plus,False,1.5853235659003575,1.491521026452269,0.0938025394480885,True,True,1.0,False,100.0,15.199999999999818,0.0,False,"[""block_count_per_ring != 7 (missing or extra blocks)""]",0.2252794782450316,0.0600800238289548,0.0017346770268723
54,1-5,271,1-5/r271,bo,2218.919146621034,"{""0"": {""K"": 0.0, ""B1"": 1820.4631066273143, ""A1"": 1343.9373339700255, ""A2"": 1319.5151838531337, ""A3"": 3307.3800791562, ""B2"": 1397.5902683817355}}",2.7274,0.1955780003916939,0.3057923099952432,0.5893076900047568,"[0.642048364184327, 0.6194903086584218, 0.5267543711305887, 0.3888707563570676, 0.38180416199454104, 0.9569965506817708, 0.4043953322863818, 0.4684622092268569, 0.33927315570546224, 0.9879812286697139, 0.9341862176597077, 0.2730883181276862, 0.8388747600328836]",50.0,50.0,47.0,11.8678,11.8678,75.064,75.064,6.8272,6.8272,False,0,2.636,0.838915,2.4726,0.642048364184327,1.7510931041061395,minus,True,-1.087424966117341,-0.4917565677003188,0.5956683984170221,True,True,1.0,False,100.0,24.5,0.0,False,"[""block_count_per_ring != 7 (missing or extra blocks)""]",0.245994781328764,0.0555043119520982,0.0027640041116117
55,1-5,271,1-5/r271,bo,2262.9424996457683,"{""0"": {""K"": 0.0, ""B1"": 1293.4863173401727, ""A1"": 830.7437267729536, ""A2"": 2399.4718485665235, ""A3"": 1920.435848211097, ""B2"": 2710.006123589646}}",2.7274,0.123459550294097,0.3057923099952432,0.5893076900047568,"[0.6547866029067616, 0.8513311538053832, 0.3742726612674111, 0.24037723575606296, 0.6942916228491098, 0.5556816690425628, 0.7841452903905226, 0.5525146350653666, 0.986096676210349, 0.5108705350908882, 0.2928230030655925, 0.15339543458219773, 0.25618273520905155]",56.0,56.0,118.0,6.6196,6.6196,26.9617,26.9617,3.8349,3.8349,False,0,2.2133,0.256208,2.4726,0.6547866029067616,1.647816178704694,plus,False,-0.6372436959102581,-0.8626643603554613,0.2254206644452032,True,True,1.0,False,100.0,310.5,0.0,False,"[""block_count_per_ring != 7 (missing or extra blocks)""]",0.2424048350773557,0.0562092537485684,0.0025287088561552
56,1-5,271,1-5/r271,bo,1935.710376215557,"{""0"": {""K"": 0.0, ""B1"": 657.9578003242605, ""A1"": 1246.507981583774, ""A2"": 1202.633112213929, ""A3"": 2647.9429223506813, ""B2"": 981.8166243898388}}",2.7274,0.1816826538761798,0.3057923099952432,0.5893076900047568,"[0.5601013820068163, 0.05618588378291245, 0.19038130796419572, 0.360679392819379, 0.34798411811745633, 0.7661871881801741, 0.2840904584461339, 0.6446047782374952, 0.6666774945285798, 0.614653231983944, 0.9461741434486421, 0.5711870094010433, 0.588453007085457]",63.0,63.0,83.0,7.7612,7.7612,75.9631,75.9631,14.2797,14.2797,False,0,2.4543,0.588435,2.4726,0.5601013820068163,1.6234366197003278,plus,False,-0.4463378286980624,-0.3693488629185842,0.0769889657794781,True,True,1.0,False,100.0,43.89999999999964,0.0,False,"[""block_count_per_ring != 7 (missing or extra blocks)""]",0.2425738329147184,0.0566134512352763,0.0026144014095858
57,1-5,271,1-5/r271,bo,531.8360291009544,"{""0"": {""K"": 0.0, ""B1"": 1067.5534834990813, ""A1"": 285.7983127698379, ""A2"": 2162.942852115426, ""A3"": 2331.202230945779, ""B2"": 2966.63188592059}}",2.7274,0.1366119646678244,0.3057923099952432,0.5893076900047568,"[0.15388773990189653, 0.5518660362428677, 0.3088985774013545, 0.08269627105608734, 0.6258515197093246, 0.6745376825653295, 0.8584004299538744, 0.399823686594562, 0.27893126887599584, 0.29796844993661464, 0.3774480079355057, 0.7121087486871542, 0.09168912823263042]",45.0,45.0,41.0,4.2777,4.2777,33.3086,33.3086,17.8027,17.8027,False,0,2.094,0.091749,2.4726,0.1538877399018965,1.5072250597001733,minus,True,1.4813026486854033,2.1405705952440712,0.6592679465586679,True,True,1.0,False,100.0,168.19999999999982,0.0,False,"[""block_count_per_ring != 7 (missing or extra blocks)""]",0.223862630094788,0.0581511214704064,0.0014136812444466
58,1-5,271,1-5/r271,bo,2113.83468833283,"{""0"": {""K"": 0.0, ""B1"": 2709.145698103851, ""A1"": 50.35802626934762, ""A2"": 976.597930170984, ""A3"": 3342.0774283768656, ""B2"": 157.34612729802137}}",2.7274,0.3772668690510548,0.3772668690510548,0.5178331309489452,"[0.6116419815777865, 0.9191338961812567, 0.7838963246828272, 0.014571188156639936, 0.28258041960965974, 0.9670362929331209, 0.04552839331539971, 0.6700461855046034, 0.8579999752439221, 0.7634822585493477, 0.7936286777477144, 0.27685433121737535, 0.0019588212097738644]",65.0,65.0,104.0,9.3983,9.3983,64.5222,64.5222,6.9214,6.9214,False,0,2.0289,0.002006,2.4726,0.6116419815777865,1.5605515949081912,plus,False,1.7814468080466923,1.675777797569776,0.1056690104769162,True,True,1.0,False,100.0,50.39999999999964,0.0,False,"[""block_count_per_ring != 7 (missing or extra blocks)""]",0.2908315412507565,0.0410035067676398,0.0068183304066197
59,1-5,271,1-5/r271,bo,2218.6370749736675,"{""0"": {""K"": 0.0, ""B1"": 2850.3954142070543, ""A1"": 763.5291674911161, ""A2"": 1776.6993863319094, ""A3"": 2993.8995296631665, ""B2"": 1538.876279011796}}",2.7274,0.1521446539100769,0.3772668690510548,0.5178331309489452,"[0.6419667462308066, 0.8657309792170105, 0.8247671916108374, 0.2209285785564572, 0.5140912576191867, 0.8662903731664255, 0.44527670110295026, 0.16524449843000477, 0.38288295024843766, 0.6809591468357054, 0.7928672215302525, 0.9748121643631343, 0.8191225945210753]",27.0,27.0,52.0,8.4906,8.4906,64.465,64.465,24.3703,24.3703,False,0,2.6216,0.819064,2.4726,0.6419667462308065,1.7307009623467755,plus,False,-0.415650949537404,-0.512991539370466,0.0973405898330619,True,True,1.0,False,100.0,143.5,0.0,False,"[""block_count_per_ring != 7 (missing or extra blocks)""]",0.3446117562877702,0.0388366602707103,0.0026738117961155
0,1-1,20,1-1/r20,geometric_0,0.0,"{""0"": {""K"": 0.0, ""B1"": 576.0000000000001, ""A1"": 1152.0000000000002, ""A2"": 1728.0, ""A3"": 2304.0000000000005, ""B2"": 2880.0000000000005}}",2.7353,0.0985534664903145,0.0985534664903145,0.7842465335096854,"[0.0, 0.0, 0.16666666666666669, 0.33333333333333337, 0.5, 0.6666666666666667, 0.8333333333333335, 0.29333333333333333, 0.36363636363636365, 0.18181818181818182, 0.2, 0.0, 0.49999999999999967]",37.0,37.0,50.0,3.0,3.0,20.0,20.0,0.0,0.0,False,0,2.3947,0.499992,2.449,0.0,1.791759469228055,plus,False,1.0,1.0,0.0,True,True,1.0,False,100.0,576.0,0.0,False,"[""block_count_per_ring != 7 (missing or extra blocks)""]",,,
1,1-1,20,1-1/r20,geometric_1,0.0,"{""0"": {""K"": 0.0, ""B1"": 241.92000000000002, ""A1"": 864.0, ""A2"": 1486.08, ""A3"": 2108.16, ""B2"": 2730.2400000000002}}",2.7353,0.0985534664903145,0.0985534664903145,0.7842465335096854,"[0.0, 0.0, 0.07, 0.25, 0.43, 0.61, 0.79, 0.29333333333333333, 0.36363636363636365, 0.18181818181818182, 0.2, 0.0, 0.49999999999999967]",37.0,37.0,50.0,3.0,3.0,20.0,20.0,0.0,0.0,False,0,2.3947,0.499992,2.449,0.0,1.748539097947062,plus,False,3.7418999091790894,3.515617942456913,0.2262819667221762,True,True,1.0,False,100.0,241.9,0.0,False,"[""block_count_per_ring != 7 (missing or extra blocks)""]",,,
2,1-1,20,1-1/r20,intrinsic_r_otsu,2160.329932585729,"{""0"": {""K"": 0.0, ""B1"": 2680.7697454873887, ""A1"": 778.3160486074855, ""A2"": 1037.3746806531951, ""A3"": 3019.000707289481, ""B2"": 18.196892578626247}}",2.7353,0.1026716105059075,0.1026716105059075,0.7801283894940925,"[0.625095466604667, 0.8972138009695755, 0.7756856902451935, 0.22520718999059186, 0.30016628491122543, 0.8735534453962619, 0.005265304565574724, 0.8212284183827663, 0.7970694287520462, 0.4679349528437208, 0.3030324268193135, 0.2784256121007733, 0.5755957391308073]",77.0,77.0,98.0,6.1473,6.1473,27.7274,27.7274,6.9606,6.9606,False,0,2.449,0.575531,2.449,0.625095466604667,1.5458869746539976,plus,False,1.69348335549244,1.423753365951796,0.269729989540644,True,True,1.0,False,100.0,18.199999999999815,0.0,False,"[""block_count_per_ring != 7 (missing or extra blocks)""]",,,
3,1-1,20,1-1/r20,random,1538.1837131304264,"{""0"": {""K"": 0.0, ""B1"": 1912.886848769446, ""A1"": 3440.448979549261, ""A2"": 2739.4395928027307, ""A3"": 2150.251416948658, ""B2"": 3417.8462703885943}}",2.7353,0.2330446787456976,0.2330446787456976,0.6497553212543024,"[0.4450763058826466, 0.5045482589579533, 0.5534973520744925, 0.9955002834343927, 0.7926619192137531, 0.6221792294411627, 0.9889601476818849, 0.21530869823559895, 0.16021203385784455, 0.6125396042730308, 0.04394200796138337, 0.03568027877359614, 0.5148888202713703]",31.0,31.0,28.0,7.7379,7.7379,8.2957,8.2957,0.892,0.892,False,0,2.4054,0.514877,2.449,0.4450763058826465,1.5791616556368795,plus,False,-2.3084330362704657,-2.1972911222737403,0.1111419139967253,True,True,1.0,False,100.0,15.600000000000136,0.0,False,"[""block_count_per_ring != 7 (missing or extra blocks)""]",,,
4,1-1,20,1-1/r20,random,1611.2080235241992,"{""0"": {""K"": 0.0, ""B1"": 2174.6059355209322, ""A1"": 1776.79058664792, ""A2"": 1717.1945927199508, ""A3"": 855.4115705264553, ""B2"": 40.76015227490025}}",2.7353,0.4062023646995905,0.4062023646995905,0.4765976353004095,"[0.4662060253252891, 0.9171677731928523, 0.6292262544910104, 0.5141176465995139, 0.49687343539350426, 0.24751492202733083, 0.01179402554250586, 0.19240214398531064, 0.6920321208818392, 0.2006067239869952, 0.3695363106022067, 0.0037342420520759534, 0.8300477298017456]",29.0,29.0,86.0,3.2067,3.2067,32.7152,32.7152,0.0934,0.0934,False,0,2.632,0.83011,2.449,0.4662060253252891,1.7792959576398664,minus,True,1.931814627943528,2.279849897513741,0.3480352695702131,True,True,1.0,False,100.00000000000004,40.79999999999996,0.0,False,"[""block_count_per_ring != 7 (missing or extra blocks)""]",,,
5,1-1,20,1-1/r20,random,533.8174961483361,"{""0"": {""K"": 0.0, ""B1"": 3042.4279241577437, ""A1"": 1761.8370389052704, ""A2"": 2927.7512514404443, ""A3"": 2210.8625289533707, ""B2"": 2563.560394082578}}",2.7353,0.3207625492966912,0.4062023646995905,0.4765976353004095,"[0.15446108106143985, 0.26759930456378545, 0.8803321539808286, 0.5097908098684232, 0.8471502463658693, 0.6397171669425262, 0.7417709473618571, 0.09149560506304566, 0.5411438213764888, 0.50777223630035, 0.8713393766928806, 0.3612640590141576, 0.5981840672072131]",22.0,22.0,70.0,6.5855,6.5855,70.3505,70.3505,9.0316,9.0316,False,0,2.4653,0.598206,2.449,0.1544610810614398,1.6109255292733478,plus,False,-2.4701526455881737,-2.439443498707172,0.0307091468810019,True,True,1.0,False,100.0,114.6,0.0,False,"[""block_count_per_ring != 7 (missing or extra blocks)""]",,,
6,1-1,20,1-1/r20,random,204.7736759460605,"{""0"": {""K"": 0.0, ""B1"": 1116.4136126683622, ""A1"": 519.0902636674816, ""A2"": 2821.2644867987256, ""A3"": 1311.3659688778798, ""B2"": 3382.552688525182}}",2.7353,0.1625566951860834,0.4062023646995905,0.4765976353004095,"[0.05925164234550362, 0.3876318011107287, 0.32303634625820665, 0.15019972907045187, 0.8163381038190757, 0.37944617155031246, 0.9787478844112216, 0.5899916930106103, 0.6050562538298513, 0.6379965807883322, 0.6764502438127883, 0.1507880191683687, 0.44031346718818754]",59.0,59.0,77.0,8.018,8.018,55.7338,55.7338,3.7697,3.7697,False,0,2.3518,0.440312,2.449,0.0592516423455036,1.6001713874068244,plus,False,0.3589848801473625,0.4476037624639807,0.0886188823166181,True,True,1.0,False,100.0,73.5,0.0,False,"[""block_count_per_ring != 7 (missing or extra blocks)""]",,,
7,1-1,20,1-1/r20,random,827.9330520828327,"{""0"": {""K"": 0.0, ""B1"": 334.2093486281128, ""A1"": 3344.813744424727, ""A2"": 743.0539531019214, ""A3"": 2321.620401984601, ""B2"": 1038.251801591667}}",2.7353,0.1683406563207126,0.4062023646995905,0.4765976353004095,"[0.23956396182952333, 0.40249829810398163, 0.09670409393174562, 0.9678280510488214, 0.21500403735588003, 0.6717651626112849, 0.3004200814790703, 0.8740770261495044, 0.6622147383384538, 0.13161581580830573, 0.8450743208745529, 0.9449481711449795, 0.9039167881959268]",81.0,81.0,83.0,2.4478,2.4478,68.3806,68.3806,23.6237,23.6237,False,0,2.6851,0.903979,2.449,0.2395639618295233,1.6290221587531393,plus,False,1.873953289442704,1.1811818016022744,0.6927714878404292,True,True,1.0,False,100.0,111.19999999999992,0.0,False,"[""block_count_per_ring != 7 (missing or extra blocks)""]",,,
8,1-1,20,1-1/r20,random,1968.9493750016625,"{""0"": {""K"": 0.0, ""B1"": 665.1538386105567, ""A1"": 3206.842046477076, ""A2"": 1908.8403413780636, ""A3"": 623.9894346394386, ""B2"": 3055.300626343}}",2.7353,0.1098846796356749,0.4062023646995905,0.4765976353004095,"[0.5697191478592772, 0.1454599537609269, 0.19246349496833237, 0.9279056847445244, 0.5523264876672638, 0.18055249844891164, 0.8840568941964699, 0.6415717052224807, 0.5696942744738079, 0.3762878361299201, 0.41095528215712984, 0.23948921268184487, 0.03805728669123909]",63.0,63.0,73.0,5.1392,5.1392,35.8216,35.8216,5.9872,5.9872,False,0,2.0626,0.037993,2.449,0.5697191478592772,1.6407655329791455,minus,True,0.1148722039047457,0.8902847249625917,0.775412521057846,True,True,1.0,False,100.0,41.19999999999982,0.0,False,"[""block_count_per_ring != 7 (missing or extra blocks)""]",,,
9,1-1,20,1-1/r20,random,3028.2122008256406,"{""0"": {""K"": 0.0, ""B1"": 1892.627248482669, ""A1"": 1113.396398600458, ""A2"": 2596.5789230186306, ""A3"": 87.08038549088381, ""B2"": 1286.272301985345}}",2.7353,0.3584789178336626,0.4062023646995905,0.4765976353004095,"[0.876218808109271, 0.4677302168140961, 0.5476351992137353, 0.3221633097802251, 0.7513249198549279, 0.025196870801760363, 0.37218527256520395, 0.03035029438411163, 0.12289210220500935, 0.9671482353973677, 0.6577607300385144, 0.4282202463894813, 0.5237401079104803]",17.0,17.0,24.0,11.6386,11.6386,54.3321,54.3321,10.7055,10.7055,False,0,2.4118,0.52378,2.449,0.876218808109271,1.7335807277825284,plus,False,2.129746325874196,2.2258230955702403,0.0960767696960442,True,True,1.0,False,100.0,87.10000000000036,0.0,False,"[""block_count_per_ring != 7 (missing or extra blocks)""]",,,
10,1-1,20,1-1/r20,random,3016.42862479986,"{""0"": {""K"": 0.0, ""B1"": 2040.0456347932538, ""A1"": 2362.8131942614627, ""A2"": 1228.3100133932578, ""A3"": 1794.0043693301418, ""B2"": 2644.694956610574}}",2.7353,0.1275448287927658,0.4062023646995905,0.4765976353004095,"[0.8728092085647744, 0.3442106669960262, 0.5902909822897147, 0.6836843733395437, 0.35541377702351207, 0.5190984864959901, 0.7652473832785226, 0.9091793139905502, 0.1510622780768155, 0.9334193923074285, 0.005178865815432143, 0.752977503597754, 0.8105268303172452]",83.0,83.0,27.0,11.2676,11.2676,5.3884,5.3884,18.8244,18.8244,False,0,2.6179,0.810495,2.449,0.8728092085647744,1.5838372349525842,plus,False,-1.318587833320925,-1.786393105228956,0.4678052719080305,True,True,1.0,False,100.0,246.0999999999999,0.0,False,"[""block_count_per_ring != 7 (missing or extra blocks)""]",,,
11,1-1,20,1-1/r20,random,472.65656213116176,"{""0"": {""K"": 0.0, ""B1"": 2817.5256967508776, ""A1"": 49.32123155001426, ""A2"": 2171.964491825901, ""A3"": 2740.689762386806, ""B2"": 1772.9403822335526}}",2.7353,0.0965639137788754,0.4062023646995905,0.4765976353004095,"[0.13676405154258153, 0.41890365091318515, 0.8152562779950456, 0.014271189684610608, 0.6284619478662907, 0.7930236580980341, 0.5130035828222085, 0.7258494205510871, 0.22642348269714407, 0.19852114799267284, 0.3631269505503516, 0.17940602756714652, 0.34606143911247844]",69.0,69.0,35.0,3.1837,3.1837,32.2345,32.2345,4.4852,4.4852,False,0,2.284,0.345992,2.449,0.1367640515425815,1.655634448192509,plus,False,1.3537114023698984,1.4976668990926396,0.1439554967227412,True,True,1.0,False,100.0,49.30000000000001,0.0,False,"[""block_count_per_ring != 7 (missing or extra blocks)""]",,,
12,1-1,20,1-1/r20,perturb_wrong_r_low,1611.2080235241992,"{""0"": {""K"": 0.0, ""B1"": 2174.6059355209322, ""A1"": 1776.79058664792, ""A2"": 1717.1945927199508, ""A3"": 855.4115705264553, ""B2"": 40.76015227490025}}",2.7353,0.4015403931940736,0.4062023646995905,0.4765976353004095,"[0.4662060253252891, 0.0, 0.6292262544910104, 0.5141176465995139, 0.49687343539350426, 0.24751492202733083, 0.01179402554250586, 0.19240214398531064, 0.6920321208818392, 0.2006067239869952, 0.3695363106022067, 0.0037342420520759534, 0.05]",29.0,29.0,86.0,3.2067,3.2067,32.7152,32.7152,0.0934,0.0934,False,0,2.0712,0.049957,2.449,0.4662060253252891,1.7792959576398664,minus,True,1.931814627943528,2.279849897513741,0.3480352695702131,True,True,1.0,False,100.00000000000004,40.79999999999996,0.0,False,"[""block_count_per_ring != 7 (missing or extra blocks)""]",,,
13,1-1,20,1-1/r20,perturb_wrong_r_high,1611.2080235241992,"{""0"": {""K"": 0.0, ""B1"": 2174.6059355209322, ""A1"": 1776.79058664792, ""A2"": 1717.1945927199508, ""A3"": 855.4115705264553, ""B2"": 40.76015227490025}}",2.7353,0.4134414391618705,0.4134414391618705,0.4693585608381295,"[0.4662060253252891, 0.0, 0.6292262544910104, 0.5141176465995139, 0.49687343539350426, 0.24751492202733083, 0.01179402554250586, 0.19240214398531064, 0.6920321208818392, 0.2006067239869952, 0.3695363106022067, 0.0037342420520759534, 0.95]",29.0,29.0,86.0,3.2067,3.2067,32.7152,32.7152,0.0934,0.0934,False,0,2.7182,0.950026,2.449,0.4662060253252891,1.7792959576398664,minus,True,1.931814627943528,2.279849897513741,0.3480352695702131,True,True,1.0,False,100.00000000000004,40.79999999999996,0.0,False,"[""block_count_per_ring != 7 (missing or extra blocks)""]",,,
14,1-1,20,1-1/r20,perturb_offset_shift,1611.2080235241992,"{""0"": {""K"": 0.0, ""B1"": 2041.9519933624738, ""A1"": 1587.2839673021188, ""A2"": 2092.134227892398, ""A3"": 809.359576736157, ""B2"": 439.2187744452964}}",2.7353,0.1181408781192258,0.4134414391618705,0.4693585608381295,"[0.4662060253252891, 0.0, 0.5908425906720121, 0.4592835553536223, 0.6053629131633096, 0.23418969234263803, 0.12708876575384734, 0.19240214398531064, 0.6920321208818392, 0.2006067239869952, 0.3695363106022067, 0.0037342420520759534, 0.8300477298017456]",29.0,29.0,86.0,3.2067,3.2067,32.7152,32.7152,0.0934,0.0934,False,0,2.632,0.83011,2.449,0.4662060253252891,1.692772139701649,plus,False,0.7921258296885387,0.5302175535448563,0.2619082761436824,True,True,1.0,False,100.0,50.10000000000002,0.0,False,"[""block_count_per_ring != 7 (missing or extra blocks)""]",,,
15,1-1,20,1-1/r20,perturb_misaligned,1655.8058311202558,"{""0"": {""K"": 0.0, ""B1"": 2144.186017751905, ""A1"": 1933.6326557058692, ""A2"": 1680.5524840093356, ""A3"": 1030.7384219550422, ""B2"": 0.0}}",2.7353,0.2029416305633532,0.4134414391618705,0.4693585608381295,"[0.4791104835417407, 0.0, 0.6204241949513615, 0.5595001897297075, 0.4862709733823309, 0.2982460711675469, 0.0, 0.19240214398531064, 0.6920321208818392, 0.2006067239869952, 0.3695363106022067, 0.0037342420520759534, 0.8300477298017456]",29.0,29.0,86.0,3.2067,3.2067,32.7152,32.7152,0.0934,0.0934,False,0,2.632,0.83011,2.449,0.4791104835417407,1.597127996258466,plus,False,1.838306402059222,2.039634149602312,0.2013277475430892,True,True,1.0,False,100.0,0.0,0.0,False,"[""block_count_per_ring != 7 (missing or extra blocks)""]",,,
16,1-1,20,1-1/r20,perturb_ambiguous_lines,1611.2080235241992,"{""0"": {""K"": 0.0, ""B1"": 2174.6059355209322, ""A1"": 1776.79058664792, ""A2"": 1717.1945927199508, ""A3"": 855.4115705264553, ""B2"": 40.76015227490025}}",2.7353,0.4062023646995905,0.4134414391618705,0.4693585608381295,"[0.4662060253252891, 0.0, 0.6292262544910104, 0.5141176465995139, 0.49687343539350426, 0.24751492202733083, 0.01179402554250586, 0.19240214398531064, 0.6920321208818392, 0.9844810785574001, 0.9614151127322559, 0.0037342420520759534, 0.8300477298017456]",29.0,29.0,86.0,11.8293,11.8293,77.1061,77.1061,0.0934,0.0934,False,0,2.632,0.83011,2.449,0.4662060253252891,1.7792959576398664,minus,True,1.931814627943528,2.279849897513741,0.3480352695702131,True,True,1.0,False,100.00000000000004,40.79999999999996,0.0,False,"[""block_count_per_ring != 7 (missing or extra blocks)""]",,,
17,1-1,20,1-1/r20,perturb_small_segment,1611.2080235241992,"{""0"": {""K"": 0.0, ""B1"": 241.92000000000002, ""A1"": 864.0, ""A2"": 1486.08, ""A3"": 2108.16, ""B2"": 2730.2400000000002}}",2.7353,0.5333374422857214,0.5333374422857214,0.3494625577142786,"[0.4662060253252891, 0.0, 0.07, 0.25, 0.43, 0.61, 0.79, 0.19240214398531064, 0.6920321208818392, 0.2006067239869952, 0.3695363106022067, 0.0037342420520759534, 0.8300477298017456]",29.0,29.0,86.0,3.2067,3.2067,32.7152,32.7152,0.0934,0.0934,False,0,2.632,0.83011,2.449,0.4662060253252891,1.748539097947062,plus,False,3.74189990917909,3.5156179424569136,0.2262819667221762,True,True,1.0,False,100.00000000000004,241.89999999999984,0.0,False,"[""block_count_per_ring != 7 (missing or extra blocks)""]",,,
18,1-1,20,1-1/r20,perturb_guardrail_smoke,69.12,"{""0"": {""K"": 0.0, ""B1"": 1748.2329652493643, ""A1"": 2195.532721179262, ""A2"": 1469.8360189420212, ""A3"": 2045.3013878813542, ""B2"": 1910.9653401585417}}",2.7353,0.2393127783676373,0.5333374422857214,0.3494625577142786,"[0.02, 0.0, 0.5058544459633577, 0.635281458674555, 0.4252997739994274, 0.5918117441786326, 0.552941359999578, 0.19240214398531064, 0.6920321208818392, 0.2006067239869952, 0.3695363106022067, 0.0037342420520759534, 0.8300477298017456]",29.0,29.0,86.0,3.2067,3.2067,32.7152,32.7152,0.0934,0.0934,False,0,2.632,0.83011,2.449,0.02,1.595979459695477,plus,False,-1.586905696252558,-1.5699450648382625,0.0169606314142956,True,True,1.0,False,100.0,134.30000000000018,0.0,False,"[""block_count_per_ring != 7 (missing or extra blocks)""]",,,
19,1-1,20,1-1/r20,perturb_weak_hough,1611.2080235241992,"{""0"": {""K"": 0.0, ""B1"": 2174.6059355209322, ""A1"": 1776.79058664792, ""A2"": 1717.1945927199508, ""A3"": 855.4115705264553, ""B2"": 40.76015227490025}}",2.7353,0.4062023646995905,0.5333374422857214,0.3494625577142786,"[0.4662060253252891, 0.0, 0.6292262544910104, 0.5141176465995139, 0.49687343539350426, 0.24751492202733083, 0.01179402554250586, 0.9273284003659407, 0.9281749193539336, 0.2006067239869952, 0.3695363106022067, 0.0037342420520759534, 0.8300477298017456]",85.0,85.0,112.0,3.2067,3.2067,32.7152,32.7152,0.0934,0.0934,False,0,2.632,0.83011,2.449,0.4662060253252891,1.7792959576398664,minus,True,1.931814627943528,2.279849897513741,0.3480352695702131,True,True,1.0,False,100.00000000000004,40.79999999999996,0.0,False,"[""block_count_per_ring != 7 (missing or extra blocks)""]",,,
20,1-1,20,1-1/r20,perturb_wrong_k,2218.945364023061,"{""0"": {""K"": 0.0, ""B1"": 2174.6059355209322, ""A1"": 1776.79058664792, ""A2"": 1717.1945927199508, ""A3"": 855.4115705264553, ""B2"": 40.76015227490025}}",2.7353,0.2401539112584541,0.5333374422857214,0.3494625577142786,"[0.6420559502381542, 0.0, 0.6292262544910104, 0.5141176465995139, 0.49687343539350426, 0.24751492202733083, 0.01179402554250586, 0.19240214398531064, 0.6920321208818392, 0.2006067239869952, 0.3695363106022067, 0.0037342420520759534, 0.8300477298017456]",29.0,29.0,86.0,3.2067,3.2067,32.7152,32.7152,0.0934,0.0934,False,0,2.632,0.83011,2.449,0.6420559502381542,1.7792959576398664,minus,True,2.182014270979871,2.5299269413897614,0.3479126704098902,True,True,1.0,False,100.0,40.79999999999973,0.0,False,"[""block_count_per_ring != 7 (missing or extra blocks)""]",,,
21,1-1,20,1-1/r20,perturb_wrong_k,1107.0929937590763,"{""0"": {""K"": 0.0, ""B1"": 2174.6059355209322, ""A1"": 1776.79058664792, ""A2"": 1717.1945927199508, ""A3"": 855.4115705264553, ""B2"": 40.76015227490025}}",2.7353,0.2076896815171061,0.5333374422857214,0.3494625577142786,"[0.3203394079163994, 0.0, 0.6292262544910104, 0.5141176465995139, 0.49687343539350426, 0.24751492202733083, 0.01179402554250586, 0.19240214398531064, 0.6920321208818392, 0.2006067239869952, 0.3695363106022067, 0.0037342420520759534, 0.8300477298017456]",29.0,29.0,86.0,3.2067,3.2067,32.7152,32.7152,0.0934,0.0934,False,0,2.632,0.83011,2.449,0.3203394079163994,1.7792959576398664,minus,True,1.681814627943528,2.029849897513741,0.3480352695702131,True,True,1.0,False,100.0,40.80000000000018,0.0,False,"[""block_count_per_ring != 7 (missing or extra blocks)""]",,,
22,1-1,20,1-1/r20,perturb_wrong_r_low,1611.2080235241992,"{""0"": {""K"": 0.0, ""B1"": 2174.6059355209322, ""A1"": 1776.79058664792, ""A2"": 1717.1945927199508, ""A3"": 855.4115705264553, ""B2"": 40.76015227490025}}",2.7353,0.4015403931940736,0.5333374422857214,0.3494625577142786,"[0.4662060253252891, 0.0, 0.6292262544910104, 0.5141176465995139, 0.49687343539350426, 0.24751492202733083, 0.01179402554250586, 0.19240214398531064, 0.6920321208818392, 0.2006067239869952, 0.3695363106022067, 0.0037342420520759534, 0.05]",29.0,29.0,86.0,3.2067,3.2067,32.7152,32.7152,0.0934,0.0934,False,0,2.0712,0.049957,2.449,0.4662060253252891,1.7792959576398664,minus,True,1.931814627943528,2.279849897513741,0.3480352695702131,True,True,1.0,False,100.00000000000004,40.79999999999996,0.0,False,"[""block_count_per_ring != 7 (missing or extra blocks)""]",,,
23,1-1,20,1-1/r20,perturb_wrong_r_high,1611.2080235241992,"{""0"": {""K"": 0.0, ""B1"": 2174.6059355209322, ""A1"": 1776.79058664792, ""A2"": 1717.1945927199508, ""A3"": 855.4115705264553, ""B2"": 40.76015227490025}}",2.7353,0.4134414391618705,0.5333374422857214,0.3494625577142786,"[0.4662060253252891, 0.0, 0.6292262544910104, 0.5141176465995139, 0.49687343539350426, 0.24751492202733083, 0.01179402554250586, 0.19240214398531064, 0.6920321208818392, 0.2006067239869952, 0.3695363106022067, 0.0037342420520759534, 0.95]",29.0,29.0,86.0,3.2067,3.2067,32.7152,32.7152,0.0934,0.0934,False,0,2.7182,0.950026,2.449,0.4662060253252891,1.7792959576398664,minus,True,1.931814627943528,2.279849897513741,0.3480352695702131,True,True,1.0,False,100.00000000000004,40.79999999999996,0.0,False,"[""block_count_per_ring != 7 (missing or extra blocks)""]",,,
24,1-1,20,1-1/r20,bo,3098.826041631278,"{""0"": {""K"": 0.0, ""B1"": 2287.3039028118747, ""A1"": 603.5194418623437, ""A2"": 2662.673381302815, ""A3"": 1712.164039164384, ""B2"": 3343.236839962896}}",2.7353,0.13310974005916,0.5333374422857214,0.3494625577142786,"[0.896651053712754, 0.919998343291921, 0.6618356200265841, 0.17462946813146518, 0.7704494737566016, 0.4954178354063611, 0.9673717708225972, 0.8077354264729276, 0.7175365171834176, 0.250055522841935, 0.335956925200423, 0.09302976006437802, 0.8250374409314835]",76.0,76.0,89.0,3.7506,3.7506,30.1968,30.1968,2.3257,2.3257,False,0,2.6284,0.825102,2.449,0.896651053712754,1.6397442405628555,minus,True,-0.2638013654995317,0.0279415594296704,0.2917429249292022,True,True,1.0,False,100.0,112.70000000000029,0.0,False,"[""block_count_per_ring != 7 (missing or extra blocks)""]",0.2637961865599236,0.1425712576268454,0.001344058044561
25,1-1,20,1-1/r20,bo,1952.433849043682,"{""0"": {""K"": 0.0, ""B1"": 761.2719568951101, ""A1"": 756.2000796573842, ""A2"": 1809.0878930252663, ""A3"": 1148.321222797577, ""B2"": 1019.3110180895029}}",2.7353,0.124000598933494,0.5333374422857214,0.3494625577142786,"[0.5649403498390283, 0.03265871547149868, 0.22027545049048325, 0.218807893419382, 0.5234629320096257, 0.3322688723372619, 0.29493953069719414, 0.198635783679591, 0.7175410014514716, 0.6372500434436158, 0.4774498321392332, 0.030365700013562646, 0.9363369195585204]",30.0,30.0,89.0,8.0098,8.0098,40.8087,40.8087,0.7591,0.7591,False,0,2.7084,0.936393,2.449,0.5649403498390283,1.674161733984169,plus,False,-0.4225876833288302,-0.343722286493759,0.0788653968350712,True,True,1.0,False,100.0,5.099999999999909,0.0,False,"[""block_count_per_ring != 7 (missing or extra blocks)""]",0.2560870245138505,0.1415274875973318,0.0011095127416365
26,1-1,20,1-1/r20,bo,1796.656471731212,"{""0"": {""K"": 0.0, ""B1"": 2887.9422457363, ""A1"": 2078.5642009601183, ""A2"": 2482.807421134638, ""A3"": 2582.5243248166285, ""B2"": 2938.0521082869077}}",2.7353,0.1420059513729437,0.5333374422857214,0.3494625577142786,"[0.5198658772370405, 0.016693895765429123, 0.8356314368449942, 0.601436400740775, 0.7184049250968281, 0.7472581958381448, 0.8501308183700543, 0.07177801508557968, 0.918736213889432, 0.4810684212812777, 0.40586048595581137, 0.5189971892035135, 0.822165393555507]",20.0,20.0,111.0,6.2918,6.2918,35.4395,35.4395,12.9749,12.9749,False,0,2.6263,0.82218,2.449,0.5198658772370405,1.306195970282234,plus,False,-2.158727777581291,-2.3863948464907225,0.2276670689094313,True,True,1.0,False,100.0,50.100000000000136,0.0,False,"[""block_count_per_ring != 7 (missing or extra blocks)""]",0.2513401210846602,0.1406752704812008,0.000972902058061
27,1-1,20,1-1/r20,bo,2223.63453484116,"{""0"": {""K"": 0.0, ""B1"": 398.2528974506382, ""A1"": 1908.7601796579188, ""A2"": 279.4128316354181, ""A3"": 1179.3558754089374, ""B2"": 3211.189987318896}}",2.7353,0.1430841277999141,0.5333374422857214,0.3494625577142786,"[0.6434127704980208, 0.06536858486722452, 0.11523521338270781, 0.5523032927250923, 0.08084862026487794, 0.3412488065419379, 0.9291637694788472, 0.1440799985806136, 0.6743486541273521, 0.9659799052698596, 0.9562171265189987, 0.04033704683188166, 0.8213760904406324]",26.0,26.0,84.0,11.6258,11.6258,76.7163,76.7163,1.0084,1.0084,False,0,2.6257,0.821346,2.449,0.6434127704980208,1.5921232278249766,minus,True,1.242068195755809,1.6839436078983927,0.4418754121425836,True,True,1.0,False,100.00000000000004,118.90000000000008,0.0,False,"[""block_count_per_ring != 7 (missing or extra blocks)""]",0.2468972457032024,0.138902986103774,0.0008171995441247
28,1-1,20,1-1/r20,bo,1463.0698441011,"{""0"": {""K"": 0.0, ""B1"": 1070.9448035492633, ""A1"": 1765.04117214177, ""A2"": 2543.7079018108925, ""A3"": 336.38959239879034, ""B2"": 2675.257573758638}}",2.7353,0.2635179439252695,0.5333374422857214,0.3494625577142786,"[0.42334196877925345, 0.007166285734738764, 0.30987986213809704, 0.5107179317539844, 0.7360265919591703, 0.09733495150427962, 0.774090733147754, 0.4934040718549384, 0.8752472650030714, 0.9770455197515263, 0.3973615807177344, 0.02971068557204859, 0.984695754593264]",52.0,52.0,106.0,11.7475,11.7475,34.8021,34.8021,0.7428,0.7428,False,0,2.7431,0.984666,2.449,0.4233419687792534,1.6878173538654653,plus,False,2.0849564655189217,1.968635226540008,0.1163212389789141,True,True,1.0,False,100.0,131.5,0.0,False,"[""block_count_per_ring != 7 (missing or extra blocks)""]",0.2432256155375922,0.1371245359088741,0.0006921663590537
29,1-1,20,1-1/r20,bo,1103.604675118403,"{""0"": {""K"": 0.0, ""B1"": 366.5529612869594, ""A1"": 82.60172572657437, ""A2"": 2337.092511439842, ""A3"": 1927.1786324198763, ""B2"": 2288.2384034083634}}",2.7353,0.1086234987836986,0.5333374422857214,0.3494625577142786,"[0.31933005645787127, 0.48463632535299916, 0.10606277815016185, 0.023900962305143048, 0.6762420461342135, 0.5576327061400105, 0.6621060195047348, 0.3948039093204826, 0.1231035495169841, 0.3862886318267188, 0.7040822566267461, 0.4539744766303705, 0.5152123392015122]",45.0,45.0,24.0,5.2492,5.2492,57.8062,57.8062,11.3494,11.3494,False,0,2.4056,0.515155,2.449,0.3193300564578712,1.535021206656622,minus,True,1.0617798894919266,1.9613239956864723,0.899544106194546,True,True,1.0,False,100.0,48.89999999999964,0.0,False,"[""block_count_per_ring != 7 (missing or extra blocks)""]",0.2473615103821462,0.1339833004154535,0.000638110589509
30,1-1,20,1-1/r20,bo,2168.7556486467547,"{""0"": {""K"": 0.0, ""B1"": 3337.273087081281, ""A1"": 639.7120772399156, ""A2"": 2727.5034827396603, ""A3"": 2502.378175227462, ""B2"": 115.54824552841643}}",2.7353,0.1027400401204583,0.5333374422857214,0.3494625577142786,"[0.6275334631501026, 0.07002866514938355, 0.9656461478823152, 0.18510187420136448, 0.7892081836630961, 0.7240677590357241, 0.033434098821879754, 0.9324219751728913, 0.4330944859508299, 0.27484626954317193, 0.33645890208065177, 0.477731800732903, 0.8480502889731814]",85.0,85.0,58.0,4.0233,4.0233,30.2344,30.2344,11.9433,11.9433,False,0,2.6449,0.848056,2.449,0.6275334631501026,1.6687580468550078,plus,False,1.5239327505288514,1.2989198360885772,0.2250129144402741,True,True,1.0,False,100.0,115.5,0.0,False,"[""block_count_per_ring != 7 (missing or extra blocks)""]",0.2393814827553356,0.1299048467803348,0.0004229944955562
31,1-1,20,1-1/r20,bo,1415.3368669666888,"{""0"": {""K"": 0.0, ""B1"": 3354.6965534550086, ""A1"": 626.1368105395018, ""A2"": 2533.559976329512, ""A3"": 185.6248975809757, ""B2"": 222.21536035433752}}",2.7353,0.1985994985195605,0.5333374422857214,0.3494625577142786,"[0.40953034345100947, 0.2815277960976228, 0.9706876601432317, 0.18117384564221695, 0.7330902709286783, 0.053710907864865653, 0.06429842602845415, 0.30851382978657593, 0.35283736646553243, 0.760912761815713, 0.8702482690000093, 0.4040109327869349, 0.6301504593723402]",38.0,38.0,49.0,9.37,9.37,70.2686,70.2686,10.1003,10.1003,False,0,2.4883,0.630203,2.449,0.4095303434510095,1.4852676533494331,plus,False,1.188597614335842,1.0318903243453523,0.1567072899904895,True,True,1.0,False,100.0,36.59999999999991,0.0,False,"[""block_count_per_ring != 7 (missing or extra blocks)""]",0.2370270679640039,0.1333558134265894,0.0004926867261093
32,1-1,20,1-1/r20,bo,378.682925672994,"{""0"": {""K"": 0.0, ""B1"": 966.5287985450133, ""A1"": 2363.2714550185074, ""A2"": 2722.7791207873815, ""A3"": 2775.6765395437137, ""B2"": 2283.989761952375}}",2.7353,0.129886359653161,0.5333374422857214,0.3494625577142786,"[0.10957260580815797, 0.0048796683873373325, 0.27966689772714504, 0.6838169719382255, 0.7878411807833858, 0.8031471468587135, 0.66087666723159, 0.6817479203807767, 0.5507785036373082, 0.019158125462263254, 0.36268566937560553, 0.05991130830315328, 0.10023011146523031]",66.0,66.0,71.0,1.2107,1.2107,32.2014,32.2014,1.4978,1.4978,False,0,2.1073,0.100177,2.449,0.1095726058081579,1.4532654042980322,minus,True,-1.3512536325872726,-0.4497275879922982,0.9015260445949744,True,True,1.0,False,100.0,52.90000000000009,0.0,False,"[""block_count_per_ring != 7 (missing or extra blocks)""]",0.2338374251031608,0.1307065459790729,0.0003915216154246
33,1-1,20,1-1/r20,bo,1577.0828062227267,"{""0"": {""K"": 0.0, ""B1"": 357.1149380088614, ""A1"": 1837.4803039399078, ""A2"": 650.1672402576304, ""A3"": 1792.8978275525492, ""B2"": 2367.367186331959}}",2.7353,0.2722567680951367,0.5333374422857214,0.3494625577142786,"[0.4563318305042612, 0.2088063226775011, 0.10333186863682331, 0.5316783286863159, 0.18812709498195324, 0.5187783065834922, 0.6850020793784604, 0.7149757721409876, 0.5028809220754888, 0.20585827371876508, 0.8305910830136086, 0.3085672366400787, 0.6009451365144801]",69.0,69.0,65.0,3.2644,3.2644,67.2943,67.2943,7.7142,7.7142,False,0,2.4673,0.600989,2.449,0.4563318305042612,1.644196271632092,plus,False,1.380183197646125,0.7235511712543935,0.6566320263917315,True,True,1.0,False,100.0,44.59999999999991,0.0,False,"[""block_count_per_ring != 7 (missing or extra blocks)""]",0.2306869799092318,0.1294691074627025,0.0003367530233756
34,1-1,20,1-1/r20,bo,663.6179452149341,"{""0"": {""K"": 0.0, ""B1"": 2522.681855912749, ""A1"": 656.739791859772, ""A2"": 945.0859737972986, ""A3"": 2286.9765467335014, ""B2"": 936.7900795482501}}",2.7353,0.0807504650234216,0.5333374422857214,0.3494625577142786,"[0.19201908137006196, 0.480196969376933, 0.7299426666414205, 0.19002887495942478, 0.2734623766774591, 0.6617408989390918, 0.27106194431372976, 0.6342981806358889, 0.6784586679559781, 0.16346158573329106, 0.6097783549853583, 0.6104042338040734, 0.731075340757969]",63.0,63.0,85.0,2.7981,2.7981,50.7334,50.7334,15.2601,15.2601,False,0,2.5608,0.73106,2.449,0.1920190813700619,1.6632255951480903,minus,True,-0.6292478661712966,0.0533383943423602,0.6825862605136568,True,True,1.0,False,100.0,8.299999999999955,0.0,False,"[""block_count_per_ring != 7 (missing or extra blocks)""]",0.2319096197429898,0.1235676293578779,0.0002325069102924
35,1-1,20,1-1/r20,bo,2175.16166571268,"{""0"": {""K"": 0.0, ""B1"": 2665.9070818669993, ""A1"": 1838.3231907144739, ""A2"": 1863.5107886258286, ""A3"": 926.568910620209, ""B2"": 2420.520742361696}}",2.7353,0.1244433016201841,0.5333374422857214,0.3494625577142786,"[0.6293870560511227, 0.01356737641361927, 0.7713851510031827, 0.5319222195354381, 0.5392102976347883, 0.26810443015631047, 0.7003821592481759, 0.9528694109612826, 0.9972664782804093, 0.35895270931622325, 0.3511965014794498, 0.0022719581937452604, 0.7686557398401566]",86.0,86.0,120.0,4.9485,4.9485,31.3397,31.3397,0.0568,0.0568,False,0,2.5878,0.768621,2.449,0.6293870560511228,1.5647563664053548,minus,True,-1.072177916118101,-0.5336770490934507,0.5385008670246506,True,True,1.0,False,100.0,25.200000000000045,0.0,False,"[""block_count_per_ring != 7 (missing or extra blocks)""]",0.2275977981617409,0.1278632362683771,0.0002816674477089
36,1-1,20,1-1/r20,bo,1855.322426491237,"{""0"": {""K"": 0.0, ""B1"": 377.54528266353833, ""A1"": 550.5024192754872, ""A2"": 585.6134219679512, ""A3"": 3122.018775742138, ""B2"": 1415.627956142094}}",2.7353,0.2270741458992886,0.5333374422857214,0.3494625577142786,"[0.5368409798875107, 0.928262952848095, 0.10924342669662568, 0.1592888944662868, 0.16944832811572663, 0.9033619142772391, 0.409614570642967, 0.28496068021827814, 0.47625031584237976, 0.3457355407675017, 0.39866056414983775, 0.005422168626019963, 0.8684601691213348]",36.0,36.0,62.0,4.8031,4.8031,34.8995,34.8995,0.1356,0.1356,False,0,2.6596,0.868505,2.449,0.5368409798875107,1.3537323658721934,plus,False,1.6469158008095404,0.7292234018925522,0.9176923989169882,True,True,1.0,False,100.0,35.09999999999991,0.0,False,"[""block_count_per_ring != 7 (missing or extra blocks)""]",0.2247576493025765,0.1268010402825625,0.0002445030042907
37,1-1,20,1-1/r20,bo,2978.5281085040324,"{""0"": {""K"": 0.0, ""B1"": 3008.295481113476, ""A1"": 2212.97483809689, ""A2"": 395.285910080796, ""A3"": 2446.8742062539272, ""B2"": 3080.8313153983395}}",2.7353,0.0989820213122729,0.5333374422857214,0.3494625577142786,"[0.8618426239884354, 0.18570714454756476, 0.8704558683777419, 0.6403283675048871, 0.11437671009282291, 0.7080075828281039, 0.8914442463536862, 0.15455144724485925, 0.04531858877888395, 0.0977713936885668, 0.8180914193241171, 0.30421501598994827, 0.575252394290566]",27.0,27.0,15.0,2.0755,2.0755,66.3569,66.3569,7.6054,7.6054,False,0,2.4488,0.575253,2.449,0.8618426239884353,1.6111702298623016,plus,False,0.5925332381021701,0.4156636254106756,0.1768696126914944,True,True,1.0,False,100.0,72.59999999999991,0.0,False,"[""block_count_per_ring != 7 (missing or extra blocks)""]",0.2248160569804427,0.1246398712770675,0.0002100313113927
38,1-1,20,1-1/r20,bo,2509.591850870974,"{""0"": {""K"": 0.0, ""B1"": 147.2118788074862, ""A1"": 1433.7121352657537, ""A2"": 1452.4913929211157, ""A3"": 2201.641162184996, ""B2"": 571.2875987800578}}",2.7353,0.090890511205559,0.5333374422857214,0.3494625577142786,"[0.7261550494418328, 0.20174542334935475, 0.04259602974753651, 0.41484726136161854, 0.4202810743406006, 0.637048947391492, 0.16530312464700747, 0.9574239460968993, 0.39268354242836945, 0.7121020273522449, 0.8352933582704893, 0.3774968886942309, 0.6164594756350469]",87.0,87.0,53.0,8.8331,8.8331,67.647,67.647,9.4374,9.4374,False,0,2.4784,0.61643,2.449,0.7261550494418328,1.3681399215841528,plus,False,1.7357780103994551,1.3898437589872878,0.3459342514121672,True,True,1.0,False,100.0,18.80000000000001,0.0,False,"[""block_count_per_ring != 7 (missing or extra blocks)""]",0.2214787800490795,0.1243452671696119,0.0001888484419282
39,1-1,20,1-1/r20,bo,2026.1720809604624,"{""0"": {""K"": 0.0, ""B1"": 1238.16007939282, ""A1"": 1200.3769418568888, ""A2"": 2072.5724296320077, ""A3"": 885.6131205211615, ""B2"": 1858.5571162809595}}",2.7353,0.094236939085194,0.5333374422857214,0.3494625577142786,"[0.5862766437964301, 0.015868146389859894, 0.3582639118613484, 0.34733129104655347, 0.5997026706111134, 0.25625379644709534, 0.5377769433683331, 0.7965453337147049, 0.8426410049210218, 0.20826641775041277, 0.4089740487415102, 0.9949367451134682, 0.9073451592671999]",75.0,75.0,103.0,3.2909,3.2909,35.6731,35.6731,24.8734,24.8734,False,0,2.6875,0.907318,2.449,0.5862766437964301,1.6705768984412637,minus,True,-1.070430769149151,-0.7696125854848345,0.3008181836643165,True,True,1.0,False,100.0,37.80000000000018,0.0,False,"[""block_count_per_ring != 7 (missing or extra blocks)""]",0.218130861997014,0.1242011395777819,0.0001714519005818
40,1-1,20,1-1/r20,bo,2486.368167425808,"{""0"": {""K"": 0.0, ""B1"": 3094.9643755324564, ""A1"": 341.0088351736424, ""A2"": 142.43218438643441, ""A3"": 2013.5920815902005, ""B2"": 2044.6972133536688}}",2.7353,0.194967076477461,0.5333374422857214,0.3494625577142786,"[0.7194352336301527, 0.45784850302274605, 0.8955336734758265, 0.09867153795533634, 0.04121301631551921, 0.5826365976823497, 0.591636925160205, 0.19710516095975772, 0.45728153616581446, 0.9287868378732271, 0.6677121768332998, 0.6652908946817034, 0.49371481509686943]",30.0,30.0,60.0,11.2167,11.2167,55.0784,55.0784,16.6323,16.6323,False,0,2.3902,0.493732,2.449,0.7194352336301527,1.5048380925313096,plus,False,1.4543188764701571,1.0626333069913356,0.3916855694788215,True,True,1.0,False,100.0,31.09999999999991,0.0,False,"[""block_count_per_ring != 7 (missing or extra blocks)""]",0.2150334730583096,0.1238610956407187,0.0001541754012933
41,1-1,20,1-1/r20,bo,1479.5104259001976,"{""0"": {""K"": 0.0, ""B1"": 782.2267279515576, ""A1"": 2402.4170340385945, ""A2"": 862.2445953849135, ""A3"": 976.506949834273, ""B2"": 371.7472113305173}}",2.7353,0.2113519600879814,0.5333374422857214,0.3494625577142786,"[0.4280990815683442, 0.9304308565642988, 0.22633875230079792, 0.6951438177195007, 0.24949207042387544, 0.2825540942807503, 0.1075657440192469, 0.16731505862965423, 0.9281914119992519, 0.21294793660490585, 0.3421520537888493, 0.20652037758174946, 0.8302606129663695]",28.0,28.0,112.0,3.3424,3.3424,30.6614,30.6614,5.163,5.163,False,0,2.6321,0.830249,2.449,0.4280990815683442,1.5624296770527937,plus,False,0.975180161231245,0.7513977605429863,0.2237824006882586,True,True,1.0,False,100.0,80.10000000000036,0.0,False,"[""block_count_per_ring != 7 (missing or extra blocks)""]",0.2147557698421807,0.1220071987735989,0.0001322751740839
42,1-1,20,1-1/r20,bo,463.2023353274645,"{""0"": {""K"": 0.0, ""B1"": 3080.5004595694445, ""A1"": 191.77818893475853, ""A2"": 2644.2842312064727, ""A3"": 2298.4331846117507, ""B2"": 1544.4181580063544}}",2.7353,0.1586405826661601,0.5333374422857214,0.3494625577142786,"[0.1340284535091043, 0.9443637475257392, 0.8913485126068994, 0.055491374113066705, 0.7651285391222432, 0.6650558983251593, 0.44688025405276455, 0.8633091764160502, 0.9805413246588637, 0.2052636941390229, 0.332945784534619, 0.0002527908757584685, 0.8086822980697902]",80.0,80.0,118.0,3.2579,3.2579,29.9709,29.9709,0.0063,0.0063,False,0,2.6166,0.808686,2.449,0.1340284535091043,1.7006447125175683,plus,False,1.823557569089652,1.4939525693624764,0.3296049997271755,True,True,1.0,False,100.0,191.8,0.0,False,"[""block_count_per_ring != 7 (missing or extra blocks)""]",0.2144891403026264,0.1202332322069589,0.0001135815942834
43,1-1,20,1-1/r20,bo,998.7767547000576,"{""0"": {""K"": 0.0, ""B1"": 767.6381900160052, ""A1"": 1060.912348163891, ""A2"": 1170.9727828419186, ""A3"": 1544.7730254853952, ""B2"": 2443.116909229903}}",2.7353,0.1743743922874727,0.5333374422857214,0.3494625577142786,"[0.2889979035590444, 0.7258162880892419, 0.22211753183333482, 0.3069769525937185, 0.33882314318342555, 0.44698293561498703, 0.7069204019762451, 0.06093127033975598, 0.11336704056508395, 0.15442133205338593, 0.3737616318746786, 0.8637085667510385, 0.7760754618125129]",20.0,20.0,22.0,2.6986,2.6986,33.0321,33.0321,21.5927,21.5927,False,0,2.5932,0.776134,2.449,0.2889979035590444,1.6037634200964344,plus,False,0.3425326150994711,-0.3820358257629467,0.7245684408624178,True,True,1.0,False,100.0,110.0,0.0,False,"[""block_count_per_ring != 7 (missing or extra blocks)""]",0.3274849629151126,0.1114822408524915,0.0011211431356783
44,1-1,20,1-1/r20,bo,3249.078793030147,"{""0"": {""K"": 0.0, ""B1"": 2578.265512562946, ""A1"": 2458.4168927319033, ""A2"": 1571.8925370668935, ""A3"": 421.2717334616358, ""B2"": 1932.8067971450405}}",2.7353,0.1958332993318171,0.5333374422857214,0.3494625577142786,"[0.9401269655758527, 0.001105672460133711, 0.7460259006258524, 0.7113474805358516, 0.4548300165124113, 0.12189575620996407, 0.559261226025764, 0.38473395038721936, 0.4173276681221332, 0.28228161891190706, 0.373485291648761, 0.16630368644666615, 0.05049273375408214]",44.0,44.0,56.0,4.1051,4.1051,33.0114,33.0114,4.1576,4.1576,False,0,2.0716,0.050514,2.449,0.9401269655758528,1.7527678533836262,minus,True,1.127971678143314,1.474269127434655,0.3462974492913413,True,True,1.0,False,100.0,119.80000000000018,0.0,False,"[""block_count_per_ring != 7 (missing or extra blocks)""]",0.2181998198145743,0.1168754538967548,9.45068599369674e-05
45,1-1,20,1-1/r20,bo,1836.0779760673945,"{""0"": {""K"": 0.0, ""B1"": 115.9241638703989, ""A1"": 613.9655149897458, ""A2"": 640.4043401587243, ""A3"": 1893.1393896963318, ""B2"": 3217.643796730352}}",2.7353,0.205326526400462,0.5333374422857214,0.3494625577142786,"[0.5312725625195007, 0.23973261003935908, 0.03354287149027746, 0.17765205873545886, 0.18530218175889013, 0.5477833882223182, 0.9310311911835509, 0.20914588585501115, 0.6588496790814521, 0.2631081909915316, 0.7951332517678408, 0.3510221302600972, 0.6629987398644781]",31.0,31.0,82.0,3.8942,3.8942,64.635,64.635,8.7756,8.7756,False,0,2.5119,0.663034,2.449,0.5312725625195007,1.3501530564933484,plus,False,1.3915166082849448,1.5579259491273516,0.1664093408424067,True,True,1.0,False,100.0,26.5,0.0,False,"[""block_count_per_ring != 7 (missing or extra blocks)""]",0.2119215953531265,0.1156859929201937,7.070629823927672e-05
46,1-1,20,1-1/r20,bo,1170.9017112754807,"{""0"": {""K"": 0.0, ""B1"": 3177.9349064695666, ""A1"": 3007.221984942638, ""A2"": 1883.687685944028, ""A3"": 1362.679234446816, ""B2"": 1358.684853332175}}",2.7353,0.1535338069832121,0.5333374422857214,0.3494625577142786,"[0.3388025784940627, 0.965968380685061, 0.9195413502516107, 0.870145250272754, 0.5450485202384341, 0.39429375996725, 0.39313797839472653, 0.13125375292614994, 0.3333621378349928, 0.24190865780865523, 0.3751499367303892, 0.0113094275475486, 0.7815067107533356]",25.0,25.0,47.0,3.661,3.661,33.1362,33.1362,0.2827,0.2827,False,0,2.5971,0.781559,2.449,0.3388025784940627,1.776173284758181,plus,False,-1.814742772693262,-1.6300867995402868,0.1846559731529753,True,True,1.0,False,100.0,4.0,0.0,False,"[""block_count_per_ring != 7 (missing or extra blocks)""]",0.2117792143788578,0.1141861596829124,6.107561194191723e-05
47,1-1,20,1-1/r20,bo,729.6122061720841,"{""0"": {""K"": 0.0, ""B1"": 2881.6444330461827, ""A1"": 2138.9102987898837, ""A2"": 2098.4843752502934, ""A3"": 2987.614731510719, ""B2"": 2048.958577788087}}",2.7353,0.2139799809240526,0.5333374422857214,0.3494625577142786,"[0.2111146429896077, 0.17966882181464772, 0.8338091530804926, 0.6188976558998506, 0.6072003400608488, 0.8644718551824998, 0.5928699588507196, 0.27588230503112554, 0.280585017834143, 0.2822826597083834, 0.8583055248993393, 0.3086949068389483, 0.6102411045938849]",36.0,36.0,41.0,4.1051,4.1051,69.3729,69.3729,7.7174,7.7174,False,0,2.474,0.610309,2.449,0.2111146429896077,1.7110698776474176,plus,False,-2.7818359413780787,-2.754982443766316,0.0268534976117624,True,True,1.0,False,100.0,40.40000000000009,0.0,False,"[""block_count_per_ring != 7 (missing or extra blocks)""]",0.2105403837997295,0.1130060920739997,5.2386062080611454e-05
48,1-1,20,1-1/r20,bo,1986.1623355412,"{""0"": {""K"": 0.0, ""B1"": 593.7822112218373, ""A1"": 854.9720576909375, ""A2"": 761.6781525520202, ""A3"": 1161.1500218042459, ""B2"": 2305.7117335773332}}",2.7353,0.2840062262963002,0.5333374422857214,0.3494625577142786,"[0.5746997498672453, 0.0035911121777335575, 0.17181198241372608, 0.24738774817446108, 0.22039298395602436, 0.3359809090868767, 0.667161959947145, 0.14060018879070502, 0.6318842754316356, 0.9394954750602568, 0.39709397363637833, 0.02786678530818054, 0.7995724352809417]",26.0,26.0,80.0,11.3345,11.3345,34.782,34.782,0.6967,0.6967,False,0,2.61,0.799505,2.449,0.5746997498672453,1.446136651275761,plus,False,0.4888436711361839,-0.2739794590644197,0.7628231302006035,True,True,1.0,False,100.00000000000004,93.29999999999971,0.0,False,"[""block_count_per_ring != 7 (missing or extra blocks)""]",0.210829175999569,0.1116318020958947,4.599854003164956e-05
49,1-1,20,1-1/r20,bo,2118.7597057440585,"{""0"": {""K"": 0.0, ""B1"": 1691.5135457813922, ""A1"": 2450.3775645568553, ""A2"": 1858.7406010094755, ""A3"": 1449.3545288541436, ""B2"": 619.9934912685837}}",2.7353,0.1360616579871084,0.5333374422857214,0.3494625577142786,"[0.613067044486128, 0.00292318306168049, 0.489442576904338, 0.7090212860407568, 0.5378300350143158, 0.4193734169138147, 0.17939626483465965, 0.04824506360766623, 0.7242504012970872, 0.050976376202178764, 0.433907680254489, 0.07882449145327941, 0.8344895932572873]",19.0,19.0,90.0,1.5607,1.5607,37.5431,37.5431,1.9706,1.9706,False,0,2.6351,0.834422,2.449,0.613067044486128,1.7163346038529324,plus,False,0.7713237917290645,0.0217004227133313,0.7496233690157331,True,True,1.0,False,100.0,167.2,0.0,False,"[""block_count_per_ring != 7 (missing or extra blocks)""]",0.2124719058840379,0.1110678680287575,4.571261042511784e-05
50,1-1,20,1-1/r20,bo,1213.3814676927134,"{""0"": {""K"": 0.0, ""B1"": 2734.1297339082007, ""A1"": 2975.3261532959636, ""A2"": 1942.0435614005876, ""A3"": 2061.467887620996, ""B2"": 453.42228240851625}}",2.7353,0.1738535218321704,0.5333374422857214,0.3494625577142786,"[0.3510941746796046, 0.9148834752351116, 0.7911255017095488, 0.860916132319434, 0.5619339008682256, 0.5964895508162604, 0.13119857708579752, 0.06746453183734735, 0.5502259119471599, 0.4420658309762341, 0.8617594473011823, 0.5300552103523885, 0.8132865710478245]",20.0,20.0,71.0,5.8627,5.8627,69.632,69.632,13.2514,13.2514,False,0,2.6199,0.813277,2.449,0.3510941746796046,1.4964113959787504,plus,False,1.3994975852247111,0.4561657568604021,0.943331828364309,True,True,1.0,False,100.0,119.40000000000008,0.0,False,"[""block_count_per_ring != 7 (missing or extra blocks)""]",0.2433069482020849,0.1084426366938664,9.22458199278935e-05
51,1-1,20,1-1/r20,bo,2500.8636628017507,"{""0"": {""K"": 0.0, ""B1"": 1808.8077897035766, ""A1"": 785.7176525726838, ""A2"": 1896.4565769635064, ""A3"": 1444.4835071922519, ""B2"": 1840.8171416816162}}",2.7353,0.1643231263421642,0.5333374422857214,0.3494625577142786,"[0.7236295320606918, 0.004670102267592902, 0.5233818835947849, 0.22734885780459602, 0.5487432225010146, 0.41796397777553584, 0.5326438488662084, 0.11384905557719127, 0.6031378397336358, 0.5675823205384409, 0.016218111546587144, 0.23722454797205816, 0.8409206393134208]",24.0,24.0,76.0,7.2434,7.2434,6.2164,6.2164,5.9306,5.9306,False,0,2.6398,0.840961,2.449,0.7236295320606918,1.6574326692456296,plus,False,-0.300045818369294,-0.3152760063112124,0.0152301879419184,True,True,1.0,False,100.0,32.0,0.0,False,"[""block_count_per_ring != 7 (missing or extra blocks)""]",0.2671024897492673,0.1048219333595902,0.0001370694679286
52,1-1,20,1-1/r20,bo,2824.35791398568,"{""0"": {""K"": 0.0, ""B1"": 1875.5767755093648, ""A1"": 1517.5526606397846, ""A2"": 1469.5075787534734, ""A3"": 802.27102508749, ""B2"": 973.2814274678161}}",2.7353,0.1435811145350344,0.5333374422857214,0.3494625577142786,"[0.8172331927041897, 0.005488821159257085, 0.5427016132839597, 0.4391066726388265, 0.42520473922264856, 0.23213860679614873, 0.2816207834108264, 0.36590700897483, 0.8336263887964858, 0.3137824779081929, 0.8508079819721482, 0.23176523509813118, 0.7941449397948912]",42.0,42.0,102.0,4.4516,4.4516,68.8106,68.8106,5.7941,5.7941,False,0,2.6061,0.794079,2.449,0.8172331927041897,1.637042698590966,minus,True,-0.0522703026610022,0.6636169068264679,0.7158872094874701,True,True,1.0,False,100.0,48.0,0.0,False,"[""block_count_per_ring != 7 (missing or extra blocks)""]",0.2268066235194937,0.1076170522865951,5.05309177504528e-05
53,1-1,20,1-1/r20,bo,720.1275108440373,"{""0"": {""K"": 0.0, ""B1"": 2985.915702476133, ""A1"": 616.5489289970919, ""A2"": 2145.5170465453784, ""A3"": 3316.11928037674, ""B2"": 2564.555565984036}}",2.7353,0.1575007321810389,0.5333374422857214,0.3494625577142786,"[0.2083702288321867, 0.007628343951360028, 0.8639802379849921, 0.17839957436258447, 0.6208093305976211, 0.95952525473864, 0.7420589021944549, 0.30891230627960464, 0.9418036878015126, 0.12614960904264372, 0.8434646590141818, 0.024211727253736104, 0.9422488690242228]",38.0,38.0,114.0,2.3876,2.3876,68.2598,68.2598,0.6053,0.6053,False,0,2.7126,0.942236,2.449,0.2083702288321867,1.6849468123848623,plus,False,0.1624241123757489,0.0941588657657698,0.068265246609979,True,True,1.0,False,100.0,139.89999999999998,0.0,False,"[""block_count_per_ring != 7 (missing or extra blocks)""]",0.2411337259819816,0.1052402584476339,6.285077535851235e-05
54,1-1,20,1-1/r20,bo,1117.8288230252192,"{""0"": {""K"": 0.0, ""B1"": 3081.835579317377, ""A1"": 2984.8851868422835, ""A2"": 1450.4431804730425, ""A3"": 2519.1468235314965, ""B2"": 1623.8973769232985}}",2.7353,0.2259508109623551,0.5333374422857214,0.3494625577142786,"[0.3234458399957232, 0.9070736120986347, 0.8917348319784076, 0.8636820563779756, 0.4196884202757646, 0.7289197984755488, 0.46987771323012106, 0.6521133370685188, 0.73697589398253, 0.5072341985634744, 0.3774531604701562, 0.016018822182535364, 0.8492865368028697]",64.0,64.0,91.0,6.5796,6.5796,33.309,33.309,0.4005,0.4005,False,0,2.6458,0.849308,2.449,0.3234458399957231,1.7307246422749407,plus,False,-1.4803544928671628,-1.855360436924508,0.375005944057345,True,True,1.0,False,100.0,97.0,0.0,False,"[""block_count_per_ring != 7 (missing or extra blocks)""]",0.226181228622956,0.1054595803372887,3.9264932957279474e-05
55,1-1,20,1-1/r20,bo,2404.621221052571,"{""0"": {""K"": 0.0, ""B1"": 2772.443901478708, ""A1"": 881.735001490498, ""A2"": 907.7347972826825, ""A3"": 2568.724476650637, ""B2"": 870.3408140675247}}",2.7353,0.1057337426799338,0.5333374422857214,0.3494625577142786,"[0.6957816033138225, 0.9198446230855942, 0.8022117770482373, 0.25513165552387096, 0.26265474458410953, 0.7432651842160408, 0.25183472629268655, 0.19523508850476867, 0.769429553537305, 0.7805509145334892, 0.18624935333400927, 0.07953957259210032, 0.8071614216039833]",30.0,30.0,95.0,9.5861,9.5861,18.9687,18.9687,1.9885,1.9885,False,0,2.6155,0.807156,2.449,0.6957816033138227,1.5937423178998285,minus,True,-0.9380987553249938,-0.5499404607785875,0.3881582945464062,True,True,1.0,False,100.0,11.400000000000093,0.0,False,"[""block_count_per_ring != 7 (missing or extra blocks)""]",0.2148835834808516,0.1047764812212803,2.4672840039595065e-05
56,1-1,20,1-1/r20,bo,2472.711259585833,"{""0"": {""K"": 0.0, ""B1"": 3418.5170585073174, ""A1"": 147.87047462021633, ""A2"": 1233.284707634758, ""A3"": 1850.3465555717542, ""B2"": 2234.5160416938697}}",2.7353,0.1633936115059725,0.5333374422857214,0.3494625577142786,"[0.7154835820560861, 0.007506592090901987, 0.9891542414662376, 0.04278659566557186, 0.35685321401468695, 0.5354012024223825, 0.646561354656791, 0.8146661805566704, 0.9296044005071978, 0.9126420124068048, 0.9465776747212715, 0.045242525839699566, 0.8222433858226907]",76.0,76.0,112.0,11.0391,11.0391,75.9933,75.9933,1.1311,1.1311,False,0,2.6263,0.82218,2.449,0.7154835820560861,1.4185656502693726,plus,False,2.217202082620686,1.3328844825267263,0.8843176000939601,True,True,1.0,False,100.0,37.5,0.0,False,"[""block_count_per_ring != 7 (missing or extra blocks)""]",0.2322224073672385,0.1042960642733284,4.231872306082634e-05
57,1-1,20,1-1/r20,bo,3323.1939677305218,"{""0"": {""K"": 0.0, ""B1"": 3161.087817275238, ""A1"": 2195.4453280789135, ""A2"": 3166.2770221551036, ""A3"": 396.8873188946151, ""B2"": 2079.797001616487}}",2.7353,0.1919902353879302,0.5333374422857214,0.3494625577142786,"[0.9615723286257297, 0.45299841464762236, 0.9146666137949184, 0.63525617131913, 0.9161681198365462, 0.11484008069867335, 0.6017931138936594, 0.3153165774597594, 0.098790155119992, 0.6896814547736353, 0.711327784864722, 0.5228352284632597, 0.5177188955728941]",39.0,39.0,21.0,8.5865,8.5865,58.3496,58.3496,13.0709,13.0709,False,0,2.4074,0.517659,2.449,0.9615723286257296,1.6694557713260911,plus,False,0.1187401774129807,0.054884672642766,0.0638555047702146,True,True,1.0,False,100.0,5.199999999999818,0.0,False,"[""block_count_per_ring != 7 (missing or extra blocks)""]",0.2144370603851799,0.1037210981505042,2.13875258322742e-05
58,1-1,20,1-1/r20,bo,1118.3385213033616,"{""0"": {""K"": 0.0, ""B1"": 367.71769589787186, ""A1"": 1862.6739487816792, ""A2"": 1317.9039821930905, ""A3"": 2541.544202440352, ""B2"": 804.146097620573}}",2.7353,0.2135860126126658,0.5333374422857214,0.3494625577142786,"[0.32359332213638936, 0.003025726609137136, 0.10639979626674534, 0.5389681564761803, 0.3813379578105007, 0.7354005215394537, 0.23268116250595283, 0.7142554020656837, 0.7686187080685466, 0.8078154812087385, 0.7998909172243482, 0.1580794613487897, 0.828573221687869]",69.0,69.0,95.0,9.886,9.886,64.9918,64.9918,3.952,3.952,False,0,2.6309,0.82858,2.449,0.3235933221363893,1.6531568686006668,plus,False,2.183315129805662,2.0382725973081905,0.1450425324974715,True,True,1.0,False,100.0,367.8,0.0,False,"[""block_count_per_ring != 7 (missing or extra blocks)""]",0.2306324457868606,0.1016380947695469,2.9551629196003244e-05
59,1-1,20,1-1/r20,bo,1559.0217818631872,"{""0"": {""K"": 0.0, ""B1"": 1222.0357291346488, ""A1"": 2033.5913485895337, ""A2"": 2288.0088096137497, ""A3"": 2007.715811208321, ""B2"": 931.5495349854903}}",2.7353,0.1677003783757637,0.5333374422857214,0.3494625577142786,"[0.45110583965948703, 0.9065445677319734, 0.35359830125423863, 0.5884234226242864, 0.6620395861150896, 0.5809362879653707, 0.26954558303978304, 0.3604327586285464, 0.8262707875939646, 0.384751374304225, 0.2924935083425607, 0.012294956285113234, 0.8342190185932415]",42.0,42.0,101.0,5.2323,5.2323,26.937,26.937,0.3074,0.3074,False,0,2.635,0.834283,2.449,0.451105839659487,1.586596548827616,minus,True,-0.7780787805234899,-0.3718793126617544,0.4061994678617355,True,True,1.0,False,100.0,25.89999999999999,0.0,False,"[""block_count_per_ring != 7 (missing or extra blocks)""]",0.2238340204492098,0.1011993834359619,2.195708089593548e-05
0,1-4,206,1-4/r206,geometric_0,0.0,"{""0"": {""K"": 0.0, ""B1"": 576.0000000000001, ""A1"": 1152.0000000000002, ""A2"": 1728.0, ""A3"": 2304.0000000000005, ""B2"": 2880.0000000000005}}",2.7397,0.1897997394744278,0.1897997394744278,0.7453002605255723,"[0.0, 0.0, 0.16666666666666669, 0.33333333333333337, 0.5, 0.6666666666666667, 0.8333333333333335, 0.29333333333333333, 0.36363636363636365, 0.18181818181818182, 0.2, 0.0, 0.49999999999998396]",37.0,37.0,50.0,3.0,3.0,20.0,20.0,0.0,0.0,False,0,2.7466,0.500714,2.4101,0.0,1.791759469228055,plus,False,1.0,1.0,0.0,True,True,1.0,False,100.0,576.0,0.0,False,"[""block_count_per_ring != 7 (missing or extra blocks)""]",,,
1,1-4,206,1-4/r206,geometric_1,0.0,"{""0"": {""K"": 0.0, ""B1"": 241.92000000000002, ""A1"": 864.0, ""A2"": 1486.08, ""A3"": 2108.16, ""B2"": 2730.2400000000002}}",2.7397,0.2454344254690999,0.2454344254690999,0.6896655745309002,"[0.0, 0.0, 0.07, 0.25, 0.43, 0.61, 0.79, 0.29333333333333333, 0.36363636363636365, 0.18181818181818182, 0.2, 0.0, 0.49999999999998396]",37.0,37.0,50.0,3.0,3.0,20.0,20.0,0.0,0.0,False,0,2.7466,0.500714,2.4101,0.0,1.748539097947062,plus,False,3.7418999091790894,3.515617942456913,0.2262819667221762,True,True,1.0,False,100.0,241.9,0.0,False,"[""block_count_per_ring != 7 (missing or extra blocks)""]",,,
2,1-4,206,1-4/r206,intrinsic_r_otsu,2160.329932585729,"{""0"": {""K"": 0.0, ""B1"": 2680.7697454873887, ""A1"": 778.3160486074855, ""A2"": 1037.3746806531951, ""A3"": 3019.000707289481, ""B2"": 18.196892578626247}}",2.7397,0.1705960578563554,0.2454344254690999,0.6896655745309002,"[0.625095466604667, 0.8972138009695755, 0.7756856902451935, 0.22520718999059186, 0.30016628491122543, 0.8735534453962619, 0.005265304565574724, 0.8212284183827663, 0.7970694287520462, 0.4679349528437208, 0.3030324268193135, 0.2784256121007733, 0.0]",77.0,77.0,98.0,6.1473,6.1473,27.7274,27.7274,6.9606,6.9606,False,0,2.7397,0.00139,2.4101,0.625095466604667,1.5458869746539976,plus,False,1.69348335549244,1.423753365951796,0.269729989540644,True,True,1.0,False,100.0,18.199999999999815,0.0,False,"[""block_count_per_ring != 7 (missing or extra blocks)""]",,,
3,1-4,206,1-4/r206,random,1538.1837131304264,"{""0"": {""K"": 0.0, ""B1"": 1912.886848769446, ""A1"": 3440.448979549261, ""A2"": 2739.4395928027307, ""A3"": 2150.251416948658, ""B2"": 3417.8462703885943}}",2.7397,0.0781404490157136,0.2454344254690999,0.6896655745309002,"[0.4450763058826466, 0.5045482589579533, 0.5534973520744925, 0.9955002834343927, 0.7926619192137531, 0.6221792294411627, 0.9889601476818849, 0.21530869823559895, 0.16021203385784455, 0.6125396042730308, 0.04394200796138337, 0.03568027877359614, 0.5148888202713703]",31.0,31.0,28.0,7.7379,7.7379,8.2957,8.2957,0.892,0.892,False,0,2.7468,0.515187,2.4101,0.4450763058826465,1.5791616556368795,plus,False,-2.3084330362704657,-2.1972911222737403,0.1111419139967253,True,True,1.0,False,100.0,15.600000000000136,0.0,False,"[""block_count_per_ring != 7 (missing or extra blocks)""]",,,
4,1-4,206,1-4/r206,random,1611.2080235241992,"{""0"": {""K"": 0.0, ""B1"": 2174.6059355209322, ""A1"": 1776.79058664792, ""A2"": 1717.1945927199508, ""A3"": 855.4115705264553, ""B2"": 40.76015227490025}}",2.7397,0.0583624451624953,0.2454344254690999,0.6896655745309002,"[0.4662060253252891, 0.9171677731928523, 0.6292262544910104, 0.5141176465995139, 0.49687343539350426, 0.24751492202733083, 0.01179402554250586, 0.19240214398531064, 0.6920321208818392, 0.2006067239869952, 0.3695363106022067, 0.0037342420520759534, 0.8300477298017456]",29.0,29.0,86.0,3.2067,3.2067,32.7152,32.7152,0.0934,0.0934,False,0,2.7512,0.833596,2.4101,0.4662060253252891,1.7792959576398664,minus,True,1.931814627943528,2.279849897513741,0.3480352695702131,True,True,1.0,False,100.00000000000004,40.79999999999996,0.0,False,"[""block_count_per_ring != 7 (missing or extra blocks)""]",,,
5,1-4,206,1-4/r206,random,533.8174961483361,"{""0"": {""K"": 0.0, ""B1"": 3042.4279241577437, ""A1"": 1761.8370389052704, ""A2"": 2927.7512514404443, ""A3"": 2210.8625289533707, ""B2"": 2563.560394082578}}",2.7397,0.1007510769333717,0.2454344254690999,0.6896655745309002,"[0.15446108106143985, 0.26759930456378545, 0.8803321539808286, 0.5097908098684232, 0.8471502463658693, 0.6397171669425262, 0.7417709473618571, 0.09149560506304566, 0.5411438213764888, 0.50777223630035, 0.8713393766928806, 0.3612640590141576, 0.5981840672072131]",22.0,22.0,70.0,6.5855,6.5855,70.3505,70.3505,9.0316,9.0316,False,0,2.7479,0.594789,2.4101,0.1544610810614398,1.6109255292733478,plus,False,-2.4701526455881737,-2.439443498707172,0.0307091468810019,True,True,1.0,False,100.0,114.6,0.0,False,"[""block_count_per_ring != 7 (missing or extra blocks)""]",,,
6,1-4,206,1-4/r206,random,204.7736759460605,"{""0"": {""K"": 0.0, ""B1"": 1116.4136126683622, ""A1"": 519.0902636674816, ""A2"": 2821.2644867987256, ""A3"": 1311.3659688778798, ""B2"": 3382.552688525182}}",2.7397,0.1581267276821824,0.2454344254690999,0.6896655745309002,"[0.05925164234550362, 0.3876318011107287, 0.32303634625820665, 0.15019972907045187, 0.8163381038190757, 0.37944617155031246, 0.9787478844112216, 0.5899916930106103, 0.6050562538298513, 0.6379965807883322, 0.6764502438127883, 0.1507880191683687, 0.44031346718818754]",59.0,59.0,77.0,8.018,8.018,55.7338,55.7338,3.7697,3.7697,False,0,2.7458,0.442821,2.4101,0.0592516423455036,1.6001713874068244,plus,False,0.3589848801473625,0.4476037624639807,0.0886188823166181,True,True,1.0,False,100.0,73.5,0.0,False,"[""block_count_per_ring != 7 (missing or extra blocks)""]",,,
7,1-4,206,1-4/r206,random,827.9330520828327,"{""0"": {""K"": 0.0, ""B1"": 334.2093486281128, ""A1"": 3344.813744424727, ""A2"": 743.0539531019214, ""A3"": 2321.620401984601, ""B2"": 1038.251801591667}}",2.7397,0.0565354719299418,0.2454344254690999,0.6896655745309002,"[0.23956396182952333, 0.40249829810398163, 0.09670409393174562, 0.9678280510488214, 0.21500403735588003, 0.6717651626112849, 0.3004200814790703, 0.8740770261495044, 0.6622147383384538, 0.13161581580830573, 0.8450743208745529, 0.9449481711449795, 0.9039167881959268]",81.0,81.0,83.0,2.4478,2.4478,68.3806,68.3806,23.6237,23.6237,False,0,2.7522,0.905961,2.4101,0.2395639618295233,1.6290221587531393,plus,False,1.873953289442704,1.1811818016022744,0.6927714878404292,True,True,1.0,False,100.0,111.19999999999992,0.0,False,"[""block_count_per_ring != 7 (missing or extra blocks)""]",,,
8,1-4,206,1-4/r206,random,1968.9493750016625,"{""0"": {""K"": 0.0, ""B1"": 665.1538386105567, ""A1"": 3206.842046477076, ""A2"": 1908.8403413780636, ""A3"": 623.9894346394386, ""B2"": 3055.300626343}}",2.7397,0.1275827122515548,0.2454344254690999,0.6896655745309002,"[0.5697191478592772, 0.1454599537609269, 0.19246349496833237, 0.9279056847445244, 0.5523264876672638, 0.18055249844891164, 0.8840568941964699, 0.6415717052224807, 0.5696942744738079, 0.3762878361299201, 0.41095528215712984, 0.23948921268184487, 0.03805728669123909]",63.0,63.0,73.0,5.1392,5.1392,35.8216,35.8216,5.9872,5.9872,False,0,2.7402,0.037573,2.4101,0.5697191478592772,1.6407655329791455,minus,True,0.1148722039047457,0.8902847249625917,0.775412521057846,True,True,1.0,False,100.0,41.19999999999982,0.0,False,"[""block_count_per_ring != 7 (missing or extra blocks)""]",,,
9,1-4,206,1-4/r206,random,3028.2122008256406,"{""0"": {""K"": 0.0, ""B1"": 1892.627248482669, ""A1"": 1113.396398600458, ""A2"": 2596.5789230186306, ""A3"": 87.08038549088381, ""B2"": 1286.272301985345}}",2.7397,0.0878547991219629,0.2454344254690999,0.6896655745309002,"[0.876218808109271, 0.4677302168140961, 0.5476351992137353, 0.3221633097802251, 0.7513249198549279, 0.025196870801760363, 0.37218527256520395, 0.03035029438411163, 0.12289210220500935, 0.9671482353973677, 0.6577607300385144, 0.4282202463894813, 0.5237401079104803]",17.0,17.0,24.0,11.6386,11.6386,54.3321,54.3321,10.7055,10.7055,False,0,2.7469,0.522423,2.4101,0.876218808109271,1.7335807277825284,plus,False,2.129746325874196,2.2258230955702403,0.0960767696960442,True,True,1.0,False,100.0,87.10000000000036,0.0,False,"[""block_count_per_ring != 7 (missing or extra blocks)""]",,,
10,1-4,206,1-4/r206,random,3016.42862479986,"{""0"": {""K"": 0.0, ""B1"": 2040.0456347932538, ""A1"": 2362.8131942614627, ""A2"": 1228.3100133932578, ""A3"": 1794.0043693301418, ""B2"": 2644.694956610574}}",2.7397,0.0575780490439667,0.2454344254690999,0.6896655745309002,"[0.8728092085647744, 0.3442106669960262, 0.5902909822897147, 0.6836843733395437, 0.35541377702351207, 0.5190984864959901, 0.7652473832785226, 0.9091793139905502, 0.1510622780768155, 0.9334193923074285, 0.005178865815432143, 0.752977503597754, 0.8105268303172452]",83.0,83.0,27.0,11.2676,11.2676,5.3884,5.3884,18.8244,18.8244,False,0,2.7509,0.811886,2.4101,0.8728092085647744,1.5838372349525842,plus,False,-1.318587833320925,-1.786393105228956,0.4678052719080305,True,True,1.0,False,100.0,246.0999999999999,0.0,False,"[""block_count_per_ring != 7 (missing or extra blocks)""]",,,
11,1-4,206,1-4/r206,random,472.65656213116176,"{""0"": {""K"": 0.0, ""B1"": 2817.5256967508776, ""A1"": 49.32123155001426, ""A2"": 2171.964491825901, ""A3"": 2740.689762386806, ""B2"": 1772.9403822335526}}",2.7397,0.1074527816670622,0.2454344254690999,0.6896655745309002,"[0.13676405154258153, 0.41890365091318515, 0.8152562779950456, 0.014271189684610608, 0.6284619478662907, 0.7930236580980341, 0.5130035828222085, 0.7258494205510871, 0.22642348269714407, 0.19852114799267284, 0.3631269505503516, 0.17940602756714652, 0.34606143911247844]",69.0,69.0,35.0,3.1837,3.1837,32.2345,32.2345,4.4852,4.4852,False,0,2.7445,0.348746,2.4101,0.1367640515425815,1.655634448192509,plus,False,1.1037114023698984,1.2476668990926396,0.1439554967227412,True,True,1.0,False,100.0,49.30000000000001,0.0,False,"[""block_count_per_ring != 7 (missing or extra blocks)""]",,,
12,1-4,206,1-4/r206,random,3276.716756235776,"{""0"": {""K"": 0.0, ""B1"": 1175.2752410064224, ""A1"": 938.389086059162, ""A2"": 3290.248479885197, ""A3"": 1536.1166925404234, ""B2"": 3388.244259043317}}",2.7397,0.1519350479681407,0.2454344254690999,0.6896655745309002,"[0.9481240614108147, 0.5733327176111209, 0.34006806742083984, 0.2715246198087853, 0.9520394907075223, 0.44447820964711326, 0.9803947508805895, 0.515522669106271, 0.521166129026224, 0.8965405237160008, 0.7427674182150396, 0.5806528638528226, 0.4266495038362583]",54.0,54.0,67.0,10.8619,10.8619,60.7076,60.7076,14.5163,14.5163,False,0,2.7456,0.428348,2.4101,0.9481240614108148,1.5836419726509166,plus,False,-0.9603178794885252,-0.7963028337762139,0.1640150457123113,True,True,1.0,False,100.0,67.69999999999982,0.0,False,"[""block_count_per_ring != 7 (missing or extra blocks)""]",,,
13,1-4,206,1-4/r206,random,3035.017242149577,"{""0"": {""K"": 0.0, ""B1"": 3189.0570952382236, ""A1"": 237.48025693315344, ""A2"": 1486.0691547304195, ""A3"": 1795.4432174978806, ""B2"": 3286.442403930873}}",2.7397,0.206719291699049,0.2454344254690999,0.6896655745309002,"[0.8781878594182805, 0.4116461499068884, 0.9227595761684675, 0.06871535212186153, 0.42999686190116304, 0.519514819877859, 0.9509381955818498, 0.25099924666475815, 0.8060391472621088, 0.6764711999985934, 0.717085904281123, 0.6296221828402035, 0.97156070846158]",34.0,34.0,99.0,8.4412,8.4412,58.7814,58.7814,15.7406,15.7406,False,0,2.7531,0.97109,2.4101,0.8781878594182805,1.4178998762571424,plus,False,0.3746853469774316,0.3291374953195967,0.0455478516578349,True,True,1.0,False,100.0,97.40000000000008,0.0,False,"[""block_count_per_ring != 7 (missing or extra blocks)""]",,,
14,1-4,206,1-4/r206,random,1149.7471230343388,"{""0"": {""K"": 0.0, ""B1"": 701.263015649912, ""A1"": 175.2332150209669, ""A2"": 735.8107218347723, ""A3"": 3163.844956460227, ""B2"": 2903.6234320993944}}",2.7397,0.1047846035842894,0.2454344254690999,0.6896655745309002,"[0.33268145921132486, 0.39827555967937056, 0.2029117522135162, 0.05070405527227051, 0.2129081949753392, 0.9154643971239083, 0.8401688171583896, 0.11240574149257898, 0.6037790253168653, 0.4791964948896248, 0.5946848704882786, 0.6592750066090632, 0.3066594908888719]",23.0,23.0,76.0,6.2712,6.2712,49.6014,49.6014,16.4819,16.4819,False,0,2.7439,0.305326,2.4101,0.3326814592113248,1.555993565137454,plus,False,1.0683057101316629,0.9639182221632472,0.1043874879684156,True,True,1.0,False,100.0,34.59999999999991,0.0,False,"[""block_count_per_ring != 7 (missing or extra blocks)""]",,,
15,1-4,206,1-4/r206,random,3322.428519409196,"{""0"": {""K"": 0.0, ""B1"": 2170.716554413118, ""A1"": 2195.341691557409, ""A2"": 635.5217543374927, ""A3"": 213.80688514842905, ""B2"": 1422.2021420090014}}",2.7397,0.0742938817916763,0.2454344254690999,0.6896655745309002,"[0.9613508447364569, 0.4658400350611249, 0.6281008548649069, 0.6352261838997132, 0.18388939650969116, 0.06186541815637414, 0.4115168234979749, 0.7640300884384686, 0.8152217882917717, 0.729989249002065, 0.113204952525223, 0.9133548615310455, 0.8020365779972838]",72.0,72.0,100.0,9.0299,9.0299,13.4904,13.4904,22.8339,22.8339,False,0,2.7508,0.804649,2.4101,0.961350844736457,1.5820690096617689,plus,False,1.5099406150887953,0.914120931057472,0.5958196840313232,True,True,1.0,False,100.0,24.700000000000276,0.0,False,"[""block_count_per_ring != 7 (missing or extra blocks)""]",,,
16,1-4,206,1-4/r206,random,3033.301363140788,"{""0"": {""K"": 0.0, ""B1"": 3164.4360637081313, ""A1"": 161.23013436863408, ""A2"": 104.67821006761643, ""A3"": 69.8650215188436, ""B2"": 873.5685510036893}}",2.7397,0.2714963146413305,0.2714963146413305,0.6636036853586695,"[0.8776913666495335, 0.5233041529751773, 0.9156354351007324, 0.04665223795388718, 0.030288833931601977, 0.020215573356146876, 0.2527686779524564, 0.24856977320898288, 0.18750333435596656, 0.5670558183853956, 0.038985841033045365, 0.5903878678348518, 0.16601115304721703]",34.0,34.0,31.0,7.2376,7.2376,7.9239,7.9239,14.7597,14.7597,False,0,2.742,0.167831,2.4101,0.8776913666495335,1.618837870394788,plus,False,1.032264448964045,0.1938017892892327,0.8384626596748119,True,True,1.0,False,100.0,34.80000000000018,0.0,False,"[""block_count_per_ring != 7 (missing or extra blocks)""]",,,
17,1-4,206,1-4/r206,random,2342.731536808621,"{""0"": {""K"": 0.0, ""B1"": 1073.3306010158415, ""A1"": 3242.9074874041057, ""A2"": 1860.6978888557576, ""A3"": 2804.846063892771, ""B2"": 2274.1381380501243}}",2.7397,0.0881262928301317,0.2714963146413305,0.6636036853586695,"[0.6778737085673094, 0.02107535444389108, 0.3105701970531949, 0.9383412868646139, 0.5383963798772446, 0.8115874027467508, 0.6580260816117258, 0.6107507856135262, 0.19125268008489738, 0.574394748257806, 0.039686418459000006, 0.8016644050918733, 0.9600709170261761]",61.0,61.0,31.0,7.3183,7.3183,7.9765,7.9765,20.0416,20.0416,False,0,2.7529,0.956617,2.4101,0.6778737085673094,1.706765384548771,minus,True,-1.5300948789996456,-1.2221371421469844,0.3079577368526611,True,True,1.0,False,100.0,213.0999999999999,0.0,False,"[""block_count_per_ring != 7 (missing or extra blocks)""]",,,
18,1-4,206,1-4/r206,random,2951.455350557417,"{""0"": {""K"": 0.0, ""B1"": 1170.409248162035, ""A1"": 1099.0190518120476, ""A2"": 389.54992339423865, ""A3"": 2165.5704475979865, ""B2"": 2756.015454066048}}",2.7397,0.054546569696964,0.2714963146413305,0.6636036853586695,"[0.8540090713418452, 0.0507096459660612, 0.33866008338021847, 0.31800319786228226, 0.11271699172286997, 0.626611819328121, 0.7974581753663333, 0.3137214720022439, 0.8628092349187347, 0.7971269128461297, 0.12913794147432478, 0.7668591567381553, 0.8826207199019183]",39.0,39.0,105.0,9.7684,9.7684,14.6853,14.6853,19.1715,19.1715,False,0,2.7519,0.884252,2.4101,0.8540090713418452,1.610997676967973,minus,True,1.2640916605266626,1.6084551542606234,0.3443634937339608,True,True,1.0,False,100.0,71.39999999999998,0.0,False,"[""block_count_per_ring != 7 (missing or extra blocks)""]",,,
19,1-4,206,1-4/r206,random,681.808561338516,"{""0"": {""K"": 0.0, ""B1"": 2207.5198825723874, ""A1"": 2105.859193894425, ""A2"": 332.62506188251825, ""A3"": 2285.0776892676645, ""B2"": 2184.0355284924162}}",2.7397,0.0577315569279472,0.2714963146413305,0.6636036853586695,"[0.19728256983174652, 0.5736411794985231, 0.6387499660221029, 0.6093342574925998, 0.09624567762804348, 0.6611914610149492, 0.6319547246795186, 0.8238854890020143, 0.8035126991303283, 0.32716820793265566, 0.7220473329265539, 0.867273387572356, 0.8929477581907895]",77.0,77.0,98.0,4.5989,4.5989,59.1535,59.1535,21.6818,21.6818,False,0,2.752,0.891488,2.4101,0.1972825698317465,1.7325427239987723,plus,False,-0.0543847771623223,-0.0269955226603564,0.0273892545019659,True,True,1.0,False,100.0,23.5,0.0,False,"[""block_count_per_ring != 7 (missing or extra blocks)""]",,,
20,1-4,206,1-4/r206,random,558.1866019288294,"{""0"": {""K"": 0.0, ""B1"": 2249.190524467222, ""A1"": 741.9211986024461, ""A2"": 1948.1808070669913, ""A3"": 3265.2444550124424, ""B2"": 1310.928621416874}}",2.7397,0.2440290288694259,0.2714963146413305,0.6636036853586695,"[0.16151232694699924, 0.026702350086284632, 0.6508074434222286, 0.21467627274376333, 0.5637097242670692, 0.9448045298068409, 0.3793196242525677, 0.25277455038430674, 0.4565100499618694, 0.6572439132707336, 0.10109896785465877, 0.3805847635005427, 0.1337211888385227]",34.0,34.0,60.0,8.2297,8.2297,12.5824,12.5824,9.5146,9.5146,False,0,2.7415,0.131649,2.4101,0.1615123269469992,1.7638946300465357,minus,True,0.0181983577830668,0.4838551071570206,0.4656567493739537,True,True,1.0,False,100.0,190.80000000000007,0.0,False,"[""block_count_per_ring != 7 (missing or extra blocks)""]",,,
21,1-4,206,1-4/r206,random,2289.414141898861,"{""0"": {""K"": 0.0, ""B1"": 1302.4066685487521, ""A1"": 1284.6779807883895, ""A2"": 1864.5868533223338, ""A3"": 743.2396864292514, ""B2"": 855.0475486275602}}",2.7397,0.145034749627174,0.2714963146413305,0.6636036853586695,"[0.6624462216142538, 0.8305525322631839, 0.37685378140878245, 0.3717239527744183, 0.5395216589474345, 0.21505777963809358, 0.2474095916167709, 0.3298522832824141, 0.45742569813821743, 0.08153146030257341, 0.7527321363670056, 0.5790545744292542, 0.2996938728905012]",40.0,40.0,60.0,1.8968,1.8968,61.4549,61.4549,14.4764,14.4764,False,0,2.7438,0.29809,2.4101,0.6624462216142538,1.5193781600253418,plus,False,-0.4759962746187225,-0.3898403728668785,0.086155901751844,True,True,1.0,False,100.0,17.700000000000017,0.0,False,"[""block_count_per_ring != 7 (missing or extra blocks)""]",,,
22,1-4,206,1-4/r206,random,268.0009540450657,"{""0"": {""K"": 0.0, ""B1"": 453.0089835348043, ""A1"": 460.3621559604881, ""A2"": 451.64475350994815, ""A3"": 280.84254721686307, ""B2"": 3132.492014823288}}",2.7397,0.0831997435075344,0.2714963146413305,0.6636036853586695,"[0.07754657235100282, 0.7631809514014812, 0.1310789882913207, 0.13320664234967827, 0.13068424580727667, 0.08126231111599047, 0.906392365400257, 0.2692442996733905, 0.3064105792068602, 0.8327943100020676, 0.6199234597118014, 0.18714338654071883, 0.4348134123765889]",35.0,35.0,44.0,10.1607,10.1607,51.4943,51.4943,4.6786,4.6786,False,0,2.7457,0.435584,2.4101,0.0775465723510028,1.3354328346252025,plus,False,0.2966678631952555,0.1842035041688423,0.1124643590264131,True,True,1.0,False,100.0,1.3999999999999773,0.0,False,"[""block_count_per_ring != 7 (missing or extra blocks)""]",,,
23,1-4,206,1-4/r206,random,3054.836038079739,"{""0"": {""K"": 0.0, ""B1"": 2456.8066478472206, ""A1"": 334.5674417388336, ""A2"": 2513.6344284084075, ""A3"": 2683.492499169492, ""B2"": 2853.84999756257}}",2.7397,0.1331268667550949,0.2714963146413305,0.6636036853586695,"[0.8839224647221466, 0.3753740170194637, 0.7108815531965337, 0.09680770883646805, 0.7273247767385439, 0.7764735240652465, 0.8257667817021326, 0.6742009904352112, 0.37073279482625254, 0.06421200016610362, 0.5187762340602949, 0.7574599063822021, 0.19083820348967717]",66.0,66.0,51.0,1.7063,1.7063,43.9082,43.9082,18.9365,18.9365,False,0,2.7423,0.189541,2.4101,0.8839224647221466,1.444014977149734,plus,False,0.7368682869614015,0.479613968581891,0.2572543183795105,True,True,1.0,False,100.0,56.90000000000009,0.0,False,"[""block_count_per_ring != 7 (missing or extra blocks)""]",,,
24,1-4,206,1-4/r206,perturb_wrong_r_low,3033.301363140788,"{""0"": {""K"": 0.0, ""B1"": 3164.4360637081313, ""A1"": 161.23013436863408, ""A2"": 104.67821006761643, ""A3"": 69.8650215188436, ""B2"": 873.5685510036893}}",2.7397,0.2822395240275678,0.2822395240275678,0.6528604759724322,"[0.8776913666495335, 0.0, 0.9156354351007324, 0.04665223795388718, 0.030288833931601977, 0.020215573356146876, 0.2527686779524564, 0.24856977320898288, 0.18750333435596656, 0.5670558183853956, 0.038985841033045365, 0.5903878678348518, 0.05]",34.0,34.0,31.0,7.2376,7.2376,7.9239,7.9239,14.7597,14.7597,False,0,2.7404,0.052046,2.4101,0.8776913666495335,1.618837870394788,plus,False,1.032264448964045,0.1938017892892327,0.8384626596748119,True,True,1.0,False,100.0,34.80000000000018,0.0,False,"[""block_count_per_ring != 7 (missing or extra blocks)""]",,,
25,1-4,206,1-4/r206,perturb_weak_hough,3033.301363140788,"{""0"": {""K"": 0.0, ""B1"": 3164.4360637081313, ""A1"": 161.23013436863408, ""A2"": 104.67821006761643, ""A3"": 69.8650215188436, ""B2"": 873.5685510036893}}",2.7397,0.2714963146413305,0.2822395240275678,0.6528604759724322,"[0.8776913666495335, 0.0, 0.9156354351007324, 0.04665223795388718, 0.030288833931601977, 0.020215573356146876, 0.2527686779524564, 0.9466782434535213, 0.9581459187714966, 0.5670558183853956, 0.038985841033045365, 0.5903878678348518, 0.16601115304721703]",86.0,86.0,115.0,7.2376,7.2376,7.9239,7.9239,14.7597,14.7597,False,0,2.742,0.167831,2.4101,0.8776913666495335,1.618837870394788,plus,False,1.032264448964045,0.1938017892892327,0.8384626596748119,True,True,1.0,False,100.0,34.80000000000018,0.0,False,"[""block_count_per_ring != 7 (missing or extra blocks)""]",,,
26,1-4,206,1-4/r206,perturb_ambiguous_lines,3033.301363140788,"{""0"": {""K"": 0.0, ""B1"": 3164.4360637081313, ""A1"": 161.23013436863408, ""A2"": 104.67821006761643, ""A3"": 69.8650215188436, ""B2"": 873.5685510036893}}",2.7397,0.2714963146413305,0.2822395240275678,0.6528604759724322,"[0.8776913666495335, 0.0, 0.9156354351007324, 0.04665223795388718, 0.030288833931601977, 0.020215573356146876, 0.2527686779524564, 0.24856977320898288, 0.18750333435596656, 0.999515674754697, 0.9908769938036321, 0.5903878678348518, 0.16601115304721703]",34.0,34.0,31.0,11.9947,11.9947,79.3158,79.3158,14.7597,14.7597,False,0,2.742,0.167831,2.4101,0.8776913666495335,1.618837870394788,plus,False,1.032264448964045,0.1938017892892327,0.8384626596748119,True,True,1.0,False,100.0,34.80000000000018,0.0,False,"[""block_count_per_ring != 7 (missing or extra blocks)""]",,,
27,1-4,206,1-4/r206,perturb_wrong_r_high,3033.301363140788,"{""0"": {""K"": 0.0, ""B1"": 3164.4360637081313, ""A1"": 161.23013436863408, ""A2"": 104.67821006761643, ""A3"": 69.8650215188436, ""B2"": 873.5685510036893}}",2.7397,0.1488403547451668,0.2822395240275678,0.6528604759724322,"[0.8776913666495335, 0.0, 0.9156354351007324, 0.04665223795388718, 0.030288833931601977, 0.020215573356146876, 0.2527686779524564, 0.24856977320898288, 0.18750333435596656, 0.5670558183853956, 0.038985841033045365, 0.5903878678348518, 0.95]",34.0,34.0,31.0,7.2376,7.2376,7.9239,7.9239,14.7597,14.7597,False,0,2.7528,0.949381,2.4101,0.8776913666495335,1.618837870394788,plus,False,1.032264448964045,0.1938017892892327,0.8384626596748119,True,True,1.0,False,100.0,34.80000000000018,0.0,False,"[""block_count_per_ring != 7 (missing or extra blocks)""]",,,
28,1-4,206,1-4/r206,perturb_wrong_k,2539.474893823739,"{""0"": {""K"": 0.0, ""B1"": 3164.4360637081313, ""A1"": 161.23013436863408, ""A2"": 104.67821006761643, ""A3"": 69.8650215188436, ""B2"": 873.5685510036893}}",2.7397,0.1561826434356064,0.2822395240275678,0.6528604759724322,"[0.7348017632591837, 0.0, 0.9156354351007324, 0.04665223795388718, 0.030288833931601977, 0.020215573356146876, 0.2527686779524564, 0.24856977320898288, 0.18750333435596656, 0.5670558183853956, 0.038985841033045365, 0.5903878678348518, 0.16601115304721703]",34.0,34.0,31.0,7.2376,7.2376,7.9239,7.9239,14.7597,14.7597,False,0,2.742,0.167831,2.4101,0.7348017632591838,1.618837870394788,plus,False,1.5325002687108291,0.6940292056279398,0.8384710630828895,True,True,1.0,False,100.0,34.89999999999964,0.0,False,"[""block_count_per_ring != 7 (missing or extra blocks)""]",,,
29,1-4,206,1-4/r206,perturb_small_segment,3033.301363140788,"{""0"": {""K"": 0.0, ""B1"": 241.92000000000002, ""A1"": 864.0, ""A2"": 1486.08, ""A3"": 2108.16, ""B2"": 2730.2400000000002}}",2.7397,0.1860106566820843,0.2822395240275678,0.6528604759724322,"[0.8776913666495335, 0.0, 0.07, 0.25, 0.43, 0.61, 0.79, 0.24856977320898288, 0.18750333435596656, 0.5670558183853956, 0.038985841033045365, 0.5903878678348518, 0.16601115304721703]",34.0,34.0,31.0,7.2376,7.2376,7.9239,7.9239,14.7597,14.7597,False,0,2.742,0.167831,2.4101,0.8776913666495335,1.748539097947062,plus,False,3.491899909179089,3.2656179424569136,0.2262819667221758,True,True,1.0,False,100.0,241.89999999999964,0.0,False,"[""block_count_per_ring != 7 (missing or extra blocks)""]",,,
30,1-4,206,1-4/r206,perturb_misaligned,3222.980504101511,"{""0"": {""K"": 0.0, ""B1"": 3279.3615320386666, ""A1"": 117.6925032990476, ""A2"": 163.24874681971897, ""A3"": 0.0, ""B2"": 981.1860956449451}}",2.7397,0.153166272720739,0.2822395240275678,0.6528604759724322,"[0.9325753773441873, 0.0, 0.9488893321871142, 0.03405454377865961, 0.0472363272047798, 0.0, 0.2839080137861531, 0.24856977320898288, 0.18750333435596656, 0.5670558183853956, 0.038985841033045365, 0.5903878678348518, 0.16601115304721703]",34.0,34.0,31.0,7.2376,7.2376,7.9239,7.9239,14.7597,14.7597,False,0,2.742,0.167831,2.4101,0.9325753773441872,1.4183887899671268,plus,False,0.9004285311406233,0.027294076627794,0.8731344545128292,True,True,1.0,False,100.0,0.0,0.0,False,"[""block_count_per_ring != 7 (missing or extra blocks)""]",,,
31,1-4,206,1-4/r206,perturb_offset_shift,3033.301363140788,"{""0"": {""K"": 0.0, ""B1"": 3370.4121952381815, ""A1"": 490.17503232952794, ""A2"": 0.0, ""A3"": 0.0, ""B2"": 1122.0164965518704}}",2.7397,0.1162952412037431,0.2822395240275678,0.6528604759724322,"[0.8776913666495335, 0.0, 0.975235010196233, 0.14183305333609025, 0.0, 0.0, 0.3246575510856107, 0.24856977320898288, 0.18750333435596656, 0.5670558183853956, 0.038985841033045365, 0.5903878678348518, 0.16601115304721703]",34.0,34.0,31.0,7.2376,7.2376,7.9239,7.9239,14.7597,14.7597,False,0,2.742,0.167831,2.4101,0.8776913666495335,1.4601525525232917,plus,False,1.1184055722373474,0.1934802018655752,0.924925370371772,True,True,1.0,False,100.0,0.0,0.0,False,"[""block_count_per_ring != 7 (missing or extra blocks)""]",,,
32,1-4,206,1-4/r206,perturb_guardrail_smoke,3386.88,"{""0"": {""K"": 0.0, ""B1"": 1957.4388774964766, ""A1"": 1670.7676285256846, ""A2"": 1601.6973648903231, ""A3"": 1644.818502681155, ""B2"": 1244.1661189633403}}",2.7397,0.1223282295853277,0.2822395240275678,0.6528604759724322,"[0.98, 0.0, 0.5663885640904157, 0.4834397073280337, 0.4634540986372463, 0.47593127971098237, 0.36000177053337395, 0.24856977320898288, 0.18750333435596656, 0.5670558183853956, 0.038985841033045365, 0.5903878678348518, 0.16601115304721703]",34.0,34.0,31.0,7.2376,7.2376,7.9239,7.9239,14.7597,14.7597,False,0,2.742,0.167831,2.4101,0.98,1.6039014263181697,minus,True,-1.2724483628089776,-0.6103047092858547,0.6621436535231229,True,True,1.0,False,100.0,25.899999999999864,0.0,False,"[""block_count_per_ring != 7 (missing or extra blocks)""]",,,
33,1-4,206,1-4/r206,perturb_wrong_k,3452.510631554734,"{""0"": {""K"": 0.0, ""B1"": 3164.4360637081313, ""A1"": 161.23013436863408, ""A2"": 104.67821006761643, ""A3"": 69.8650215188436, ""B2"": 873.5685510036893}}",2.7397,0.1936993969220306,0.2822395240275678,0.6528604759724322,"[0.998990344778569, 0.0, 0.9156354351007324, 0.04665223795388718, 0.030288833931601977, 0.020215573356146876, 0.2527686779524564, 0.24856977320898288, 0.18750333435596656, 0.5670558183853956, 0.038985841033045365, 0.5903878678348518, 0.16601115304721703]",34.0,34.0,31.0,7.2376,7.2376,7.9239,7.9239,14.7597,14.7597,False,0,2.742,0.167831,2.4101,0.9989903447785689,1.618837870394788,plus,False,2.032264448964044,1.1938017892892316,0.8384626596748121,True,True,1.0,False,100.0,34.8,0.0,False,"[""block_count_per_ring != 7 (missing or extra blocks)""]",,,
34,1-4,206,1-4/r206,perturb_wrong_r_low,3033.301363140788,"{""0"": {""K"": 0.0, ""B1"": 3164.4360637081313, ""A1"": 161.23013436863408, ""A2"": 104.67821006761643, ""A3"": 69.8650215188436, ""B2"": 873.5685510036893}}",2.7397,0.2822395240275678,0.2822395240275678,0.6528604759724322,"[0.8776913666495335, 0.0, 0.9156354351007324, 0.04665223795388718, 0.030288833931601977, 0.020215573356146876, 0.2527686779524564, 0.24856977320898288, 0.18750333435596656, 0.5670558183853956, 0.038985841033045365, 0.5903878678348518, 0.05]",34.0,34.0,31.0,7.2376,7.2376,7.9239,7.9239,14.7597,14.7597,False,0,2.7404,0.052046,2.4101,0.8776913666495335,1.618837870394788,plus,False,1.032264448964045,0.1938017892892327,0.8384626596748119,True,True,1.0,False,100.0,34.80000000000018,0.0,False,"[""block_count_per_ring != 7 (missing or extra blocks)""]",,,
35,1-4,206,1-4/r206,perturb_weak_hough,3033.301363140788,"{""0"": {""K"": 0.0, ""B1"": 3164.4360637081313, ""A1"": 161.23013436863408, ""A2"": 104.67821006761643, ""A3"": 69.8650215188436, ""B2"": 873.5685510036893}}",2.7397,0.2714963146413305,0.2822395240275678,0.6528604759724322,"[0.8776913666495335, 0.0, 0.9156354351007324, 0.04665223795388718, 0.030288833931601977, 0.020215573356146876, 0.2527686779524564, 0.9466782434535213, 0.9581459187714966, 0.5670558183853956, 0.038985841033045365, 0.5903878678348518, 0.16601115304721703]",86.0,86.0,115.0,7.2376,7.2376,7.9239,7.9239,14.7597,14.7597,False,0,2.742,0.167831,2.4101,0.8776913666495335,1.618837870394788,plus,False,1.032264448964045,0.1938017892892327,0.8384626596748119,True,True,1.0,False,100.0,34.80000000000018,0.0,False,"[""block_count_per_ring != 7 (missing or extra blocks)""]",,,
36,1-4,206,1-4/r206,perturb_ambiguous_lines,3033.301363140788,"{""0"": {""K"": 0.0, ""B1"": 3164.4360637081313, ""A1"": 161.23013436863408, ""A2"": 104.67821006761643, ""A3"": 69.8650215188436, ""B2"": 873.5685510036893}}",2.7397,0.2714963146413305,0.2822395240275678,0.6528604759724322,"[0.8776913666495335, 0.0, 0.9156354351007324, 0.04665223795388718, 0.030288833931601977, 0.020215573356146876, 0.2527686779524564, 0.24856977320898288, 0.18750333435596656, 0.999515674754697, 0.9908769938036321, 0.5903878678348518, 0.16601115304721703]",34.0,34.0,31.0,11.9947,11.9947,79.3158,79.3158,14.7597,14.7597,False,0,2.742,0.167831,2.4101,0.8776913666495335,1.618837870394788,plus,False,1.032264448964045,0.1938017892892327,0.8384626596748119,True,True,1.0,False,100.0,34.80000000000018,0.0,False,"[""block_count_per_ring != 7 (missing or extra blocks)""]",,,
37,1-4,206,1-4/r206,perturb_wrong_r_high,3033.301363140788,"{""0"": {""K"": 0.0, ""B1"": 3164.4360637081313, ""A1"": 161.23013436863408, ""A2"": 104.67821006761643, ""A3"": 69.8650215188436, ""B2"": 873.5685510036893}}",2.7397,0.1488403547451668,0.2822395240275678,0.6528604759724322,"[0.8776913666495335, 0.0, 0.9156354351007324, 0.04665223795388718, 0.030288833931601977, 0.020215573356146876, 0.2527686779524564, 0.24856977320898288, 0.18750333435596656, 0.5670558183853956, 0.038985841033045365, 0.5903878678348518, 0.95]",34.0,34.0,31.0,7.2376,7.2376,7.9239,7.9239,14.7597,14.7597,False,0,2.7528,0.949381,2.4101,0.8776913666495335,1.618837870394788,plus,False,1.032264448964045,0.1938017892892327,0.8384626596748119,True,True,1.0,False,100.0,34.80000000000018,0.0,False,"[""block_count_per_ring != 7 (missing or extra blocks)""]",,,
38,1-4,206,1-4/r206,perturb_wrong_k,2539.474893823739,"{""0"": {""K"": 0.0, ""B1"": 3164.4360637081313, ""A1"": 161.23013436863408, ""A2"": 104.67821006761643, ""A3"": 69.8650215188436, ""B2"": 873.5685510036893}}",2.7397,0.1561826434356064,0.2822395240275678,0.6528604759724322,"[0.7348017632591837, 0.0, 0.9156354351007324, 0.04665223795388718, 0.030288833931601977, 0.020215573356146876, 0.2527686779524564, 0.24856977320898288, 0.18750333435596656, 0.5670558183853956, 0.038985841033045365, 0.5903878678348518, 0.16601115304721703]",34.0,34.0,31.0,7.2376,7.2376,7.9239,7.9239,14.7597,14.7597,False,0,2.742,0.167831,2.4101,0.7348017632591838,1.618837870394788,plus,False,1.5325002687108291,0.6940292056279398,0.8384710630828895,True,True,1.0,False,100.0,34.89999999999964,0.0,False,"[""block_count_per_ring != 7 (missing or extra blocks)""]",,,
39,1-4,206,1-4/r206,perturb_small_segment,3033.301363140788,"{""0"": {""K"": 0.0, ""B1"": 241.92000000000002, ""A1"": 864.0, ""A2"": 1486.08, ""A3"": 2108.16, ""B2"": 2730.2400000000002}}",2.7397,0.1860106566820843,0.2822395240275678,0.6528604759724322,"[0.8776913666495335, 0.0, 0.07, 0.25, 0.43, 0.61, 0.79, 0.24856977320898288, 0.18750333435596656, 0.5670558183853956, 0.038985841033045365, 0.5903878678348518, 0.16601115304721703]",34.0,34.0,31.0,7.2376,7.2376,7.9239,7.9239,14.7597,14.7597,False,0,2.742,0.167831,2.4101,0.8776913666495335,1.748539097947062,plus,False,3.491899909179089,3.2656179424569136,0.2262819667221758,True,True,1.0,False,100.0,241.89999999999964,0.0,False,"[""block_count_per_ring != 7 (missing or extra blocks)""]",,,
40,1-4,206,1-4/r206,perturb_misaligned,3222.980504101511,"{""0"": {""K"": 0.0, ""B1"": 3279.3615320386666, ""A1"": 117.6925032990476, ""A2"": 163.24874681971897, ""A3"": 0.0, ""B2"": 981.1860956449451}}",2.7397,0.153166272720739,0.2822395240275678,0.6528604759724322,"[0.9325753773441873, 0.0, 0.9488893321871142, 0.03405454377865961, 0.0472363272047798, 0.0, 0.2839080137861531, 0.24856977320898288, 0.18750333435596656, 0.5670558183853956, 0.038985841033045365, 0.5903878678348518, 0.16601115304721703]",34.0,34.0,31.0,7.2376,7.2376,7.9239,7.9239,14.7597,14.7597,False,0,2.742,0.167831,2.4101,0.9325753773441872,1.4183887899671268,plus,False,0.9004285311406233,0.027294076627794,0.8731344545128292,True,True,1.0,False,100.0,0.0,0.0,False,"[""block_count_per_ring != 7 (missing or extra blocks)""]",,,
41,1-4,206,1-4/r206,perturb_offset_shift,3033.301363140788,"{""0"": {""K"": 0.0, ""B1"": 3370.4121952381815, ""A1"": 490.17503232952794, ""A2"": 0.0, ""A3"": 0.0, ""B2"": 1122.0164965518704}}",2.7397,0.1162952412037431,0.2822395240275678,0.6528604759724322,"[0.8776913666495335, 0.0, 0.975235010196233, 0.14183305333609025, 0.0, 0.0, 0.3246575510856107, 0.24856977320898288, 0.18750333435596656, 0.5670558183853956, 0.038985841033045365, 0.5903878678348518, 0.16601115304721703]",34.0,34.0,31.0,7.2376,7.2376,7.9239,7.9239,14.7597,14.7597,False,0,2.742,0.167831,2.4101,0.8776913666495335,1.4601525525232917,plus,False,1.1184055722373474,0.1934802018655752,0.924925370371772,True,True,1.0,False,100.0,0.0,0.0,False,"[""block_count_per_ring != 7 (missing or extra blocks)""]",,,
42,1-4,206,1-4/r206,perturb_guardrail_smoke,3386.88,"{""0"": {""K"": 0.0, ""B1"": 1957.4388774964766, ""A1"": 1670.7676285256846, ""A2"": 1601.6973648903231, ""A3"": 1644.818502681155, ""B2"": 1244.1661189633403}}",2.7397,0.1223282295853277,0.2822395240275678,0.6528604759724322,"[0.98, 0.0, 0.5663885640904157, 0.4834397073280337, 0.4634540986372463, 0.47593127971098237, 0.36000177053337395, 0.24856977320898288, 0.18750333435596656, 0.5670558183853956, 0.038985841033045365, 0.5903878678348518, 0.16601115304721703]",34.0,34.0,31.0,7.2376,7.2376,7.9239,7.9239,14.7597,14.7597,False,0,2.742,0.167831,2.4101,0.98,1.6039014263181697,minus,True,-1.2724483628089776,-0.6103047092858547,0.6621436535231229,True,True,1.0,False,100.0,25.899999999999864,0.0,False,"[""block_count_per_ring != 7 (missing or extra blocks)""]",,,
43,1-4,206,1-4/r206,perturb_wrong_k,3452.510631554734,"{""0"": {""K"": 0.0, ""B1"": 3164.4360637081313, ""A1"": 161.23013436863408, ""A2"": 104.67821006761643, ""A3"": 69.8650215188436, ""B2"": 873.5685510036893}}",2.7397,0.1936993969220306,0.2822395240275678,0.6528604759724322,"[0.998990344778569, 0.0, 0.9156354351007324, 0.04665223795388718, 0.030288833931601977, 0.020215573356146876, 0.2527686779524564, 0.24856977320898288, 0.18750333435596656, 0.5670558183853956, 0.038985841033045365, 0.5903878678348518, 0.16601115304721703]",34.0,34.0,31.0,7.2376,7.2376,7.9239,7.9239,14.7597,14.7597,False,0,2.742,0.167831,2.4101,0.9989903447785689,1.618837870394788,plus,False,2.032264448964044,1.1938017892892316,0.8384626596748121,True,True,1.0,False,100.0,34.8,0.0,False,"[""block_count_per_ring != 7 (missing or extra blocks)""]",,,
44,1-4,206,1-4/r206,perturb_wrong_r_low,3033.301363140788,"{""0"": {""K"": 0.0, ""B1"": 3164.4360637081313, ""A1"": 161.23013436863408, ""A2"": 104.67821006761643, ""A3"": 69.8650215188436, ""B2"": 873.5685510036893}}",2.7397,0.2822395240275678,0.2822395240275678,0.6528604759724322,"[0.8776913666495335, 0.0, 0.9156354351007324, 0.04665223795388718, 0.030288833931601977, 0.020215573356146876, 0.2527686779524564, 0.24856977320898288, 0.18750333435596656, 0.5670558183853956, 0.038985841033045365, 0.5903878678348518, 0.05]",34.0,34.0,31.0,7.2376,7.2376,7.9239,7.9239,14.7597,14.7597,False,0,2.7404,0.052046,2.4101,0.8776913666495335,1.618837870394788,plus,False,1.032264448964045,0.1938017892892327,0.8384626596748119,True,True,1.0,False,100.0,34.80000000000018,0.0,False,"[""block_count_per_ring != 7 (missing or extra blocks)""]",,,
45,1-4,206,1-4/r206,perturb_weak_hough,3033.301363140788,"{""0"": {""K"": 0.0, ""B1"": 3164.4360637081313, ""A1"": 161.23013436863408, ""A2"": 104.67821006761643, ""A3"": 69.8650215188436, ""B2"": 873.5685510036893}}",2.7397,0.2714963146413305,0.2822395240275678,0.6528604759724322,"[0.8776913666495335, 0.0, 0.9156354351007324, 0.04665223795388718, 0.030288833931601977, 0.020215573356146876, 0.2527686779524564, 0.9466782434535213, 0.9581459187714966, 0.5670558183853956, 0.038985841033045365, 0.5903878678348518, 0.16601115304721703]",86.0,86.0,115.0,7.2376,7.2376,7.9239,7.9239,14.7597,14.7597,False,0,2.742,0.167831,2.4101,0.8776913666495335,1.618837870394788,plus,False,1.032264448964045,0.1938017892892327,0.8384626596748119,True,True,1.0,False,100.0,34.80000000000018,0.0,False,"[""block_count_per_ring != 7 (missing or extra blocks)""]",,,
46,1-4,206,1-4/r206,perturb_ambiguous_lines,3033.301363140788,"{""0"": {""K"": 0.0, ""B1"": 3164.4360637081313, ""A1"": 161.23013436863408, ""A2"": 104.67821006761643, ""A3"": 69.8650215188436, ""B2"": 873.5685510036893}}",2.7397,0.2714963146413305,0.2822395240275678,0.6528604759724322,"[0.8776913666495335, 0.0, 0.9156354351007324, 0.04665223795388718, 0.030288833931601977, 0.020215573356146876, 0.2527686779524564, 0.24856977320898288, 0.18750333435596656, 0.999515674754697, 0.9908769938036321, 0.5903878678348518, 0.16601115304721703]",34.0,34.0,31.0,11.9947,11.9947,79.3158,79.3158,14.7597,14.7597,False,0,2.742,0.167831,2.4101,0.8776913666495335,1.618837870394788,plus,False,1.032264448964045,0.1938017892892327,0.8384626596748119,True,True,1.0,False,100.0,34.80000000000018,0.0,False,"[""block_count_per_ring != 7 (missing or extra blocks)""]",,,
47,1-4,206,1-4/r206,perturb_wrong_r_high,3033.301363140788,"{""0"": {""K"": 0.0, ""B1"": 3164.4360637081313, ""A1"": 161.23013436863408, ""A2"": 104.67821006761643, ""A3"": 69.8650215188436, ""B2"": 873.5685510036893}}",2.7397,0.1488403547451668,0.2822395240275678,0.6528604759724322,"[0.8776913666495335, 0.0, 0.9156354351007324, 0.04665223795388718, 0.030288833931601977, 0.020215573356146876, 0.2527686779524564, 0.24856977320898288, 0.18750333435596656, 0.5670558183853956, 0.038985841033045365, 0.5903878678348518, 0.95]",34.0,34.0,31.0,7.2376,7.2376,7.9239,7.9239,14.7597,14.7597,False,0,2.7528,0.949381,2.4101,0.8776913666495335,1.618837870394788,plus,False,1.032264448964045,0.1938017892892327,0.8384626596748119,True,True,1.0,False,100.0,34.80000000000018,0.0,False,"[""block_count_per_ring != 7 (missing or extra blocks)""]",,,
48,1-4,206,1-4/r206,bo,2796.10746748863,"{""0"": {""K"": 0.0, ""B1"": 3146.378798722849, ""A1"": 1716.2994072255224, ""A2"": 1537.7714492630214, ""A3"": 1942.0628432019266, ""B2"": 2081.963307416048}}",2.7397,0.1560606643139105,0.2822395240275678,0.6528604759724322,"[0.8090588736946267, 0.10284567342137885, 0.9104105320378614, 0.4966144118129405, 0.4449570165691613, 0.5619394800931501, 0.6024199384884398, 0.8349371333280948, 0.014006612558391085, 0.04217314431661301, 0.45684509929340145, 0.8423731556725977, 0.10116681291319252]",78.0,78.0,12.0,1.4639,1.4639,39.2634,39.2634,21.0593,21.0593,False,0,2.7411,0.102702,2.4101,0.8090588736946267,1.4974047255059133,plus,False,-1.276851620438519,-1.7530428267801,0.4761912063415812,True,True,1.0,False,100.0,139.89999999999986,0.0,False,"[""block_count_per_ring != 7 (missing or extra blocks)""]",0.30014895212707,0.0405601580482674,0.0204425644333917
49,1-4,206,1-4/r206,bo,2734.414879011508,"{""0"": {""K"": 0.0, ""B1"": 3074.1937079971153, ""A1"": 2059.5548122250734, ""A2"": 2115.766290107404, ""A3"": 2581.9587156889174, ""B2"": 3223.3763416089737}}",2.7397,0.260851712159561,0.2822395240275678,0.6528604759724322,"[0.7912080089732372, 0.07289747842697991, 0.8895236423602764, 0.595935998907718, 0.6122008941282998, 0.7470945357896173, 0.932689913660004, 0.9621288320585974, 0.40102373105651024, 0.6954013177267019, 0.8813044430681639, 0.14020479207027736, 0.011935655902201248]",87.0,87.0,54.0,8.6494,8.6494,71.0978,71.0978,3.5051,3.5051,False,0,2.7398,0.008627,2.4101,0.7912080089732372,1.2836885434780003,plus,False,-2.2961312099368087,-2.337264437335752,0.041133227398943,True,True,1.0,False,100.0,56.200000000000045,0.0,False,"[""block_count_per_ring != 7 (missing or extra blocks)""]",0.3151603750781609,0.0351039672462031,0.0283484589169758
50,1-4,206,1-4/r206,bo,3033.976640905235,"{""0"": {""K"": 0.0, ""B1"": 3096.061514561741, ""A1"": 1422.629151945552, ""A2"": 286.21026805430324, ""A3"": 1480.9542675453947, ""B2"": 919.5937725211927}}",2.7397,0.1516750690354352,0.2822395240275678,0.6528604759724322,"[0.8778867595211907, 0.571165563520866, 0.8958511326856891, 0.411640379613875, 0.08281547108052756, 0.4285168598221628, 0.2660861610304377, 0.09014928977507963, 0.6977966332278384, 0.8941044889897046, 0.7067297650074426, 0.9284514125133908, 0.1313877821207029]",22.0,22.0,87.0,10.8351,10.8351,58.0047,58.0047,23.2113,23.2113,False,0,2.7415,0.131649,2.4101,0.8778867595211907,1.7488759924320645,plus,False,0.7268978323802571,0.6302835538531988,0.0966142785270582,True,True,1.0,False,100.0,58.30000000000007,0.0,False,"[""block_count_per_ring != 7 (missing or extra blocks)""]",0.2835530764895999,0.0522254492821353,0.0167792457523861
51,1-4,206,1-4/r206,bo,2119.4121593601794,"{""0"": {""K"": 0.0, ""B1"": 2890.1510662969454, ""A1"": 2150.9279596263923, ""A2"": 1220.2167745965219, ""A3"": 218.34216285889184, ""B2"": 118.38192310207556}}",2.7397,0.1513340303423591,0.2822395240275678,0.6528604759724322,"[0.6132558331482001, 0.015899732623536167, 0.8362705631646253, 0.6223749883178219, 0.3530719833901973, 0.06317770916055898, 0.034254028675369086, 0.9824075931418765, 0.12622009175677018, 0.7861747114127222, 0.2377773070898641, 0.7866495279242754, 0.0208506341433754]",89.0,89.0,24.0,9.6479,9.6479,22.8333,22.8333,19.6662,19.6662,False,0,2.74,0.0231,2.4101,0.6132558331482001,1.784085388548181,minus,True,1.7285254396473697,2.1659010357654185,0.437375596118049,True,True,1.0,False,100.0,100.0,0.0,False,"[""block_count_per_ring != 7 (missing or extra blocks)""]",0.2727731456267933,0.0474989073559848,0.010785582176532
52,1-4,206,1-4/r206,bo,2623.408375573532,"{""0"": {""K"": 0.0, ""B1"": 3220.5638092736303, ""A1"": 80.76907813397891, ""A2"": 3316.6074974804465, ""A3"": 1123.4091671711897, ""B2"": 328.26993842866045}}",2.7397,0.2055649225146572,0.2822395240275678,0.6528604759724322,"[0.7590880716358599, 0.22504422852407346, 0.9318761022203792, 0.023370682330433712, 0.9596665212617033, 0.3250605229083303, 0.0949855145916263, 0.14628676279834252, 0.23741421754801395, 0.2544915934008306, 0.4069707004509502, 0.13595789046621176, 0.06433468439829038]",26.0,26.0,36.0,3.7994,3.7994,35.5228,35.5228,3.3989,3.3989,False,0,2.7406,0.06652,2.4101,0.7590880716358599,1.6377163977308231,plus,False,1.2774467789642392,0.9522109218880332,0.3252358570762059,True,True,1.0,False,100.0,80.79999999999973,0.0,False,"[""block_count_per_ring != 7 (missing or extra blocks)""]",0.2752211811421659,0.0515478005583596,0.0131660947492685
53,1-4,206,1-4/r206,bo,3184.109460853359,"{""0"": {""K"": 0.0, ""B1"": 3039.0176648174074, ""A1"": 68.6009836059988, ""A2"": 1768.815344677626, ""A3"": 3210.023418047975, ""B2"": 2935.9909296275123}}",2.7397,0.1488081501618284,0.2822395240275678,0.6528604759724322,"[0.921327968996921, 0.27915579491227216, 0.8793453891254073, 0.019849821645254284, 0.5118099955664427, 0.9288262204999929, 0.8495344125079607, 0.6031826228073206, 0.20024515929296116, 0.2644508450811597, 0.02906660766406277, 0.1199958467401544, 0.03186368757425739]",60.0,60.0,32.0,3.909,3.909,7.18,7.18,2.9999,2.9999,False,0,2.7401,0.030337,2.4101,0.921327968996921,1.586466796108995,plus,False,0.3115226600964598,0.3479334381715315,0.0364107780750717,True,True,1.0,False,100.0,68.59999999999991,0.0,False,"[""block_count_per_ring != 7 (missing or extra blocks)""]",0.3082869456469116,0.0368363798375202,0.0240921420377152
54,1-4,206,1-4/r206,bo,3180.075268520688,"{""0"": {""K"": 0.0, ""B1"": 3323.1587545306793, ""A1"": 1500.9931708976708, ""A2"": 662.5429743688745, ""A3"": 424.3079570431075, ""B2"": 3074.4600216280664}}",2.7397,0.1188092466322966,0.2822395240275678,0.6528604759724322,"[0.920160667974736, 0.3039169884823235, 0.9615621396211457, 0.4343151536162242, 0.19170803656506785, 0.12277429312589916, 0.8896007007025656, 0.5247683909418926, 0.4678537480521051, 0.08899400414002767, 0.050717624738946476, 0.32780524974245107, 0.025078150307731195]",54.0,54.0,61.0,1.9789,1.9789,8.8038,8.8038,8.1951,8.1951,False,0,2.74,0.0231,2.4101,0.920160667974736,1.665218874243437,plus,False,0.2866813850686961,0.2088950525514202,0.0777863325172758,True,True,1.0,False,100.0,132.9000000000001,0.0,False,"[""block_count_per_ring != 7 (missing or extra blocks)""]",0.2348394503740984,0.0526134217104588,0.0036751746186921
55,1-4,206,1-4/r206,bo,2695.983966702133,"{""0"": {""K"": 0.0, ""B1"": 2724.7818390236084, ""A1"": 897.9663672779491, ""A2"": 1736.256926051826, ""A3"": 1223.9675641949636, ""B2"": 479.80729262112527}}",2.7397,0.1016839741790626,0.2822395240275678,0.6528604759724322,"[0.7800879533281634, 0.07498568964732566, 0.7884206710137756, 0.2598282312725547, 0.5023891568436997, 0.3541572813064131, 0.13883312865194597, 0.34806116578868473, 0.5820090379060371, 0.6436748095204832, 0.37774427454573956, 0.9514439708414766, 0.11016516082990979]",41.0,41.0,74.0,8.0804,8.0804,33.3308,33.3308,23.7861,23.7861,False,0,2.7412,0.109939,2.4101,0.7800879533281635,1.7215879136362624,minus,True,0.8716642426556305,1.346405562514793,0.4747413198591625,True,True,1.0,False,100.0,326.0,0.0,False,"[""block_count_per_ring != 7 (missing or extra blocks)""]",0.245869665352672,0.0524124265137733,0.0054129690259051
56,1-4,206,1-4/r206,bo,2820.4546641891125,"{""0"": {""K"": 0.0, ""B1"": 2939.969960038908, ""A1"": 1873.4798667672112, ""A2"": 2443.951502021798, ""A3"": 2285.647130309377, ""B2"": 1633.0998970387361}}",2.7397,0.1072486120977388,0.2822395240275678,0.6528604759724322,"[0.8161037801473127, 0.21112357881158383, 0.8506857523260729, 0.5420948688562532, 0.7071618929461222, 0.6613562298348893, 0.4725404794672269, 0.5192569760697956, 0.7390394664014664, 0.1256198421271797, 0.6441328693282407, 0.5482129432821213, 0.0788733166559038]",54.0,54.0,91.0,2.3818,2.3818,53.31,53.31,13.7053,13.7053,False,0,2.7408,0.080993,2.4101,0.8161037801473127,1.6967845453530854,plus,False,-2.231868772925936,-2.0426097471314155,0.1892590257945201,True,True,1.0,False,100.0,158.30000000000018,0.0,False,"[""block_count_per_ring != 7 (missing or extra blocks)""]",0.2663850266579335,0.0575793317423994,0.0123211612794001
57,1-4,206,1-4/r206,bo,1676.0698101072255,"{""0"": {""K"": 0.0, ""B1"": 3192.4393134101524, ""A1"": 3433.1358314109375, ""A2"": 1732.074781010463, ""A3"": 216.90582153237727, ""B2"": 681.3984485567273}}",2.7397,0.2262765852029154,0.2822395240275678,0.6528604759724322,"[0.48497390338750745, 0.29649553442009147, 0.9237382272598821, 0.9933842104777019, 0.5011790454312682, 0.06276210113784064, 0.19716390293886787, 0.14239775744098582, 0.13026437457113005, 0.1282806104514348, 0.8496741607692727, 0.22678414433860694, 0.11801097773097513]",26.0,26.0,24.0,2.4111,2.4111,68.7256,68.7256,5.6696,5.6696,False,0,2.7413,0.117176,2.4101,0.4849739033875074,1.5562887999491657,plus,False,1.7017977837558218,1.168783037446527,0.5330147463092951,True,True,1.0,False,100.0,22.899999999999864,0.0,False,"[""block_count_per_ring != 7 (missing or extra blocks)""]",0.2256601444677939,0.0620322969760617,0.0044861722641872
58,1-4,206,1-4/r206,bo,2770.537043813998,"{""0"": {""K"": 0.0, ""B1"": 2944.777756907774, ""A1"": 726.4912096845335, ""A2"": 2557.4003058926264, ""A3"": 222.1188588388042, ""B2"": 887.5730499624094}}",2.7397,0.2292061666827653,0.2822395240275678,0.6528604759724322,"[0.8016600242517355, 0.31283659239562567, 0.8520768972534067, 0.21021157687631176, 0.7399885144365239, 0.06427050313622806, 0.2568209056604194, 0.8646186487549069, 0.8850666087431969, 0.43832700249676204, 0.9113896073120223, 0.6316233626623685, 0.1124072784536343]",80.0,80.0,107.0,5.8216,5.8216,73.3542,73.3542,15.7906,15.7906,False,0,2.7412,0.109939,2.4101,0.8016600242517355,1.679845260884007,plus,False,1.9992332822044852,1.2296975572440283,0.7695357249604571,True,True,1.0,False,100.0,161.1,0.0,False,"[""block_count_per_ring != 7 (missing or extra blocks)""]",0.2370231946384977,0.0606566052440657,0.0059775586427802
59,1-4,206,1-4/r206,bo,3312.195147506604,"{""0"": {""K"": 0.0, ""B1"": 3008.0143395742525, ""A1"": 1431.8019290156926, ""A2"": 778.5613568575868, ""A3"": 201.76955237630148, ""B2"": 787.3718392882139}}",2.7397,0.1172934781155758,0.2822395240275678,0.6528604759724322,"[0.9583897996257534, 0.5016334213564029, 0.870374519552735, 0.41429453964574436, 0.22527817038703324, 0.05838239362740205, 0.22782749979404338, 0.7614206116006802, 0.09105041829870553, 0.25784850804521153, 0.120554369227164, 0.26911414728902283, 0.15833009619208482]",72.0,72.0,20.0,3.8363,3.8363,14.0416,14.0416,6.7279,6.7279,False,0,2.7419,0.160595,2.4101,0.9583897996257534,1.704927575777258,plus,False,0.9832606062432896,0.850398064197067,0.1328625420462226,True,True,1.0,False,100.0,8.800000000000068,0.0,False,"[""block_count_per_ring != 7 (missing or extra blocks)""]",0.2619503505070338,0.0472339218272462,0.0074458894992557
60,1-4,206,1-4/r206,bo,2804.644582538051,"{""0"": {""K"": 0.0, ""B1"": 1302.5976611739834, ""A1"": 1694.4784909415146, ""A2"": 223.92029717838247, ""A3"": 2017.4836088192583, ""B2"": 701.6434202541589}}",2.7397,0.2485745208149978,0.2822395240275678,0.6528604759724322,"[0.8115291037436491, 0.1419137549042585, 0.37690904547858317, 0.4903004892770586, 0.06479175265578196, 0.5837626182926094, 0.203021822990208, 0.5389266006611543, 0.6055241282116816, 0.001136116444857671, 0.32555506254374533, 0.5549973941499591, 0.038683492200859204]",55.0,55.0,77.0,1.0125,1.0125,29.4166,29.4166,13.8749,13.8749,False,0,2.7402,0.037573,2.4101,0.8115291037436491,1.6822982494898675,plus,False,1.5711113220392927,1.3968166457480524,0.1742946762912403,True,True,1.0,False,100.00000000000004,224.0,0.0,False,"[""block_count_per_ring != 7 (missing or extra blocks)""]",0.2710579190261205,0.0524751893010083,0.0120264534242885
61,1-4,206,1-4/r206,bo,3084.494440543016,"{""0"": {""K"": 0.0, ""B1"": 187.38702126932753, ""A1"": 2041.5553219507433, ""A2"": 94.69993643189169, ""A3"": 1789.0527869193797, ""B2"": 674.0617724175097}}",2.7397,0.1238978138871379,0.2822395240275678,0.6528604759724322,"[0.8925041783978634, 0.07959192001687654, 0.054220781617282277, 0.5907278130644512, 0.02740160197682051, 0.5176657369558391, 0.19504102211154795, 0.48284810673581213, 0.7357944339628085, 0.6915204405290494, 0.06240919180941895, 0.6444867433932651, 0.10343005128693183]",51.0,51.0,91.0,8.6067,8.6067,9.6807,9.6807,16.1122,16.1122,False,0,2.7411,0.102702,2.4101,0.8925041783978634,1.6459094847821136,plus,False,1.6067655885897367,1.1938864092732535,0.4128791793164832,True,True,1.0,False,100.0,92.70000000000029,0.0,False,"[""block_count_per_ring != 7 (missing or extra blocks)""]",0.2633568063499197,0.0477782488665533,0.0079998748364409
62,1-4,206,1-4/r206,bo,2820.804891077211,"{""0"": {""K"": 0.0, ""B1"": 3220.2059352019746, ""A1"": 663.15375580406, ""A2"": 2263.0445516690825, ""A3"": 3030.1537378162298, ""B2"": 694.9178477015831}}",2.7397,0.1669831763193151,0.2822395240275678,0.6528604759724322,"[0.8162051189459523, 0.42263576500900935, 0.9317725506950157, 0.1918847673044155, 0.6548161318486928, 0.8767805954329368, 0.20107576611735622, 0.7060595804104483, 0.7618188614683111, 0.4279375703746431, 0.20872710930154437, 0.5102804849500112, 0.147427413976019]",68.0,68.0,94.0,5.7073,5.7073,20.6545,20.6545,12.757,12.757,False,0,2.7417,0.146122,2.4101,0.8162051189459523,1.6490490892077236,plus,False,0.7210885187188756,-0.1495633926724642,0.8706519113913398,True,True,1.0,False,100.0,31.700000000000003,0.0,False,"[""block_count_per_ring != 7 (missing or extra blocks)""]",0.2492894398566975,0.058443482519767,0.0078678705252497
63,1-4,206,1-4/r206,bo,2361.38243274106,"{""0"": {""K"": 0.0, ""B1"": 3015.6978858484604, ""A1"": 2587.4078313030977, ""A2"": 2491.0909491749476, ""A3"": 3367.466626712604, ""B2"": 303.3121213370114}}",2.7397,0.1418542393038315,0.2822395240275678,0.6528604759724322,"[0.6832703798440565, 0.08800901169638142, 0.8725977678959665, 0.7486712474835352, 0.7208017792751584, 0.9743827044886008, 0.08776392399797783, 0.14632675981469156, 0.24908221214414572, 0.7725142748634625, 0.9794987828600411, 0.38150998608358744, 0.10976889097661124]",26.0,26.0,37.0,9.4977,9.4977,78.4624,78.4624,9.5377,9.5377,False,0,2.7412,0.109939,2.4101,0.6832703798440565,1.6215098001967996,plus,False,1.789185266849513,0.9451393931035276,0.8440458737459853,True,True,1.0,False,100.0,88.59999999999991,0.0,False,"[""block_count_per_ring != 7 (missing or extra blocks)""]",0.2558345132628243,0.0560539705010851,0.0087169952871983
64,1-4,206,1-4/r206,bo,1905.715940155012,"{""0"": {""K"": 0.0, ""B1"": 2864.813907464688, ""A1"": 1020.9306645575114, ""A2"": 852.2658056028578, ""A3"": 1613.640667280299, ""B2"": 1103.9903819975286}}",2.7397,0.1147520040880201,0.2822395240275678,0.6528604759724322,"[0.5514224363874455, 0.5654719662567955, 0.8289392093358472, 0.2954081784020577, 0.24660468912119726, 0.46690991530101245, 0.3194416614576182, 0.06188634424834327, 0.6055177871091241, 0.7537152342089909, 0.08355058439838847, 0.655570585915319, 0.12240987714969132]",20.0,20.0,77.0,9.2909,9.2909,11.2663,11.2663,16.3893,16.3893,False,0,2.7414,0.124412,2.4101,0.5514224363874455,1.7087969067967363,plus,False,-0.8313879707446117,-0.7623396386937633,0.0690483320508483,True,True,1.0,False,100.0,83.09999999999991,0.0,False,"[""block_count_per_ring != 7 (missing or extra blocks)""]",0.2009593878083074,0.0630195401887684,0.0020751000275937
65,1-4,206,1-4/r206,bo,3307.797698339848,"{""0"": {""K"": 0.0, ""B1"": 2321.113060676089, ""A1"": 975.936503244377, ""A2"": 2773.99945070384, ""A3"": 296.66437769536793, ""B2"": 833.280895677578}}",2.7397,0.1882455174900286,0.2822395240275678,0.6528604759724322,"[0.9571173895659282, 0.26218581720363077, 0.6716183624641461, 0.2823890345035813, 0.8026618780971759, 0.08584038706463193, 0.24111137027707696, 0.41294330898308784, 0.9110834938230693, 0.7662338480139285, 0.720092885320064, 0.5555360373088957, 0.15199053698874232]",46.0,46.0,110.0,9.4286,9.4286,59.007,59.007,13.8884,13.8884,False,0,2.7418,0.153358,2.4101,0.957117389565928,1.686708400005238,minus,True,0.9097844163655469,1.181466021915283,0.2716816055497362,True,True,1.0,False,100.0,142.60000000000002,0.0,False,"[""block_count_per_ring != 7 (missing or extra blocks)""]",0.2650151965912526,0.0472721524215892,0.0082904815922263
66,1-4,206,1-4/r206,bo,3435.3523354051545,"{""0"": {""K"": 0.0, ""B1"": 2926.0290581796003, ""A1"": 2902.9459679032843, ""A2"": 2444.9602585993775, ""A3"": 533.4633983969579, ""B2"": 1312.4156840595983}}",2.7397,0.2280360381100349,0.2822395240275678,0.6528604759724322,"[0.9940255600130655, 0.09917887623438837, 0.8466519265565973, 0.8399727916386818, 0.7074537785299125, 0.154358622221342, 0.3797499085820597, 0.7035011784387281, 0.09071611959318326, 0.00527886646827469, 0.2474001281894339, 0.5062610548703015, 0.08450103088925576]",68.0,68.0,20.0,1.0581,1.0581,23.555,23.555,12.6565,12.6565,False,0,2.7408,0.080993,2.4101,0.9940255600130656,1.7020256638029727,plus,False,0.9880770138943292,0.3836520793197072,0.6044249345746221,True,True,1.0,False,100.0,23.09999999999991,0.0,False,"[""block_count_per_ring != 7 (missing or extra blocks)""]",0.2148589057592821,0.0592228140688581,0.0026586694309559
67,1-4,206,1-4/r206,bo,2773.569703023412,"{""0"": {""K"": 0.0, ""B1"": 3210.0185688186425, ""A1"": 2396.3832139214346, ""A2"": 1645.3842673125598, ""A3"": 272.88732215054586, ""B2"": 673.8121141250175}}",2.7397,0.1131713152427123,0.2822395240275678,0.6528604759724322,"[0.802537529810015, 0.21430200556293977, 0.9288248173665054, 0.6933979206948595, 0.4760949847547916, 0.07896045201115331, 0.19496878302228515, 0.6836765240308633, 0.4051228626362444, 0.44141384422300534, 0.1987184488015976, 0.5996036159350938, 0.0591604429757715]",66.0,66.0,55.0,5.8556,5.8556,19.9039,19.9039,14.9901,14.9901,False,0,2.7405,0.059283,2.4101,0.802537529810015,1.6850839776864932,plus,False,2.297419777091245,1.430041473927666,0.8673783031635791,True,True,1.0,False,100.0,246.0,0.0,False,"[""block_count_per_ring != 7 (missing or extra blocks)""]",0.2596654627661188,0.0485287740783028,0.0072778740853736
68,1-4,206,1-4/r206,bo,2888.471575526298,"{""0"": {""K"": 0.0, ""B1"": 193.79731671153354, ""A1"": 77.10494944983874, ""A2"": 321.6646158508435, ""A3"": 336.506605949906, ""B2"": 876.5404293649171}}",2.7397,0.1622549654459468,0.2822395240275678,0.6528604759724322,"[0.8357845993999704, 0.6571102790792559, 0.05607561247440207, 0.022310459910254266, 0.09307425227165611, 0.09736880959198668, 0.2536285964597561, 0.8303468377435318, 0.5597827394709186, 0.7920685795658059, 0.6326180145702254, 0.818089997235314, 0.11899601505225865]",77.0,77.0,72.0,9.7128,9.7128,52.4464,52.4464,20.4522,20.4522,False,0,2.7413,0.117176,2.4101,0.8357845993999704,1.1501253553218873,plus,False,0.9283781941127828,0.0242286197790557,0.9041495743337268,True,True,1.0,False,100.0,14.900000000000093,0.0,False,"[""block_count_per_ring != 7 (missing or extra blocks)""]",0.245365313025331,0.0580380001154198,0.0068830542886832
69,1-4,206,1-4/r206,bo,1487.683076963413,"{""0"": {""K"": 0.0, ""B1"": 2207.647810755231, ""A1"": 270.1319456086335, ""A2"": 40.283827327468614, ""A3"": 95.6937957053301, ""B2"": 680.8465828553244}}",2.7397,0.1678654407791993,0.2822395240275678,0.6528604759724322,"[0.4304638532880246, 0.40805330772274784, 0.6387869822787128, 0.07816317870620182, 0.01165620003688328, 0.027689176998070053, 0.1970042195761934, 0.796602582405951, 0.9311856173308873, 0.8648024952183022, 0.25169798183868963, 0.43820233172436673, 0.16643824394258433]",75.0,75.0,112.0,10.5128,10.5128,23.8773,23.8773,10.9551,10.9551,False,0,2.742,0.167831,2.4101,0.4304638532880246,1.5169563171257827,plus,False,2.196495288302286,2.038320504161445,0.1581747841408409,True,True,1.0,False,100.0,40.29999999999996,0.0,False,"[""block_count_per_ring != 7 (missing or extra blocks)""]",0.2152161769282699,0.0587338935390118,0.002609897580167
70,1-4,206,1-4/r206,bo,341.35227841462034,"{""0"": {""K"": 0.0, ""B1"": 3251.764746940298, ""A1"": 866.2843040846707, ""A2"": 1308.23897355722, ""A3"": 2568.152930649758, ""B2"": 1085.6610429753273}}",2.7397,0.1996667774556238,0.2822395240275678,0.6528604759724322,"[0.09877091389311932, 0.10090649937018747, 0.9409041513137437, 0.2506609676170922, 0.37854136966354746, 0.743099806322268, 0.3141380332683239, 0.18419890472681633, 0.3246586487080986, 0.6346398001043386, 0.07461673231836186, 0.3093999322448403, 0.08017112407483296]",29.0,29.0,46.0,7.981,7.981,10.5963,10.5963,7.735,7.735,False,0,2.7408,0.080993,2.4101,0.0987709138931193,1.6418744261261935,plus,False,-0.4915094453883259,-0.5069477716398123,0.0154383262514863,True,True,1.0,False,100.0,204.3,0.0,False,"[""block_count_per_ring != 7 (missing or extra blocks)""]",0.1826489469872331,0.0622737378975527,0.0009829626059135
71,1-4,206,1-4/r206,bo,2678.529182793108,"{""0"": {""K"": 0.0, ""B1"": 1129.6295602052332, ""A1"": 58.655746336627644, ""A2"": 1106.1672926978185, ""A3"": 1111.8227389604135, ""B2"": 957.8418746528025}}",2.7397,0.1654844604089517,0.2822395240275678,0.6528604759724322,"[0.7750373792804133, 0.07534938355290943, 0.32686040515197723, 0.016972148824255684, 0.3200715546000632, 0.3217079684491937, 0.27715332021203776, 0.9409749843050883, 0.4267441043378192, 0.1657674274574119, 0.6859216879153208, 0.5896871780831906, 0.0395151422469846]",86.0,86.0,57.0,2.8234,2.8234,56.4441,56.4441,14.7422,14.7422,False,0,2.7402,0.037573,2.4101,0.7750373792804133,1.522587303679774,minus,True,0.3424252224451787,1.2122887647071132,0.8698635422619345,True,True,1.0,False,100.00000000000004,5.699999999999989,0.0,False,"[""block_count_per_ring != 7 (missing or extra blocks)""]",0.2004779693100647,0.0612487528828249,0.0018024717304697
72,1-4,206,1-4/r206,bo,1619.102485542881,"{""0"": {""K"": 0.0, ""B1"": 1008.1733080954092, ""A1"": 2599.367676979943, ""A2"": 885.081319613883, ""A3"": 1911.6033369942393, ""B2"": 3280.711026055732}}",2.7397,0.2571395514481688,0.2822395240275678,0.6528604759724322,"[0.46849030252976875, 0.48481187962151284, 0.29171681368501423, 0.7521318509779927, 0.2560999188697578, 0.5531259655654628, 0.949279810780015, 0.9139093029982912, 0.6469630771615295, 0.7687601356579173, 0.16320001495457415, 0.18014854045519102, 0.008423139075583341]",84.0,84.0,81.0,9.4564,9.4564,17.24,17.24,4.5037,4.5037,False,0,2.7398,0.008627,2.4101,0.4684903025297688,1.6633703612445396,minus,True,-1.0195501468470414,-0.2399141649779366,0.7796359818691048,True,True,1.0,False,100.0,123.10000000000036,0.0,False,"[""block_count_per_ring != 7 (missing or extra blocks)""]",0.1866982641821922,0.0610939892052733,0.0010444808001036
73,1-4,206,1-4/r206,bo,2250.0911873373298,"{""0"": {""K"": 0.0, ""B1"": 3318.382223195916, ""A1"": 215.89414609941772, ""A2"": 1333.0084875379944, ""A3"": 1360.0510185450162, ""B2"": 807.938691078398}}",2.7397,0.1145158730001078,0.2822395240275678,0.6528604759724322,"[0.6510680518915885, 0.44367057916416763, 0.9601800414340035, 0.06246937097784078, 0.3857084744033549, 0.39353328082899774, 0.23377855644629575, 0.9757137371755285, 0.5931760658069855, 0.7895972181510116, 0.0926971804397243, 0.6043761145624179, 0.14028220087593746]",88.0,88.0,75.0,9.6856,9.6856,11.9523,11.9523,15.1094,15.1094,False,0,2.7416,0.138885,2.4101,0.6510680518915885,1.440454277226595,plus,False,0.9336143272183766,0.7331852348458936,0.2004290923724829,True,True,1.0,False,100.0,27.0,0.0,False,"[""block_count_per_ring != 7 (missing or extra blocks)""]",0.1991733718244709,0.0594322063675906,0.0014962088802024
74,1-4,206,1-4/r206,bo,1676.3318942382325,"{""0"": {""K"": 0.0, ""B1"": 1294.7666805453234, ""A1"": 3045.37157881082, ""A2"": 1709.6378502320913, ""A3"": 2615.5955674645706, ""B2"": 3439.7512840706736}}",2.7397,0.1131268996960486,0.2822395240275678,0.6528604759724322,"[0.48504973791615524, 0.35380810964702203, 0.37464313673186445, 0.8811839059059087, 0.49468687796067456, 0.7568274211413688, 0.9952984039556347, 0.22642242709086302, 0.2740473563170652, 0.6517843341152431, 0.8561338188077877, 0.40104019060970275, 0.040834113161400176]",32.0,32.0,40.0,8.1696,8.1696,69.21,69.21,10.026,10.026,False,0,2.7402,0.037573,2.4101,0.4850497379161552,1.5581991614001036,minus,True,-2.591510293651691,-2.266138166819704,0.3253721268319869,True,True,1.0,False,100.0,16.200000000000045,0.0,False,"[""block_count_per_ring != 7 (missing or extra blocks)""]",0.2187400794355638,0.0571987354195029,0.0026883972332868
75,1-4,206,1-4/r206,bo,2000.4249883768523,"{""0"": {""K"": 0.0, ""B1"": 1295.239540542814, ""A1"": 774.1572668040126, ""A2"": 3210.0043972065105, ""A3"": 2688.1053212122515, ""B2"": 1675.3812306740783}}",2.7397,0.1083041145973808,0.2822395240275678,0.6528604759724322,"[0.5788266748775615, 0.14715396488321686, 0.37477995964780497, 0.22400383877430918, 0.9288207167842912, 0.7778082526655821, 0.4847746616533791, 0.8427089967249565, 0.6441212384102566, 0.9159805417473712, 0.6203541672529265, 0.8181753910382661, 0.006381593350124004]",78.0,78.0,81.0,11.0758,11.0758,51.5266,51.5266,20.4544,20.4544,False,0,2.7398,0.008627,2.4101,0.5788266748775615,1.7560393019653782,plus,False,0.1099954802249499,-0.73193001986595,0.8419255000908998,True,True,1.0,False,100.00000000000004,246.0,0.0,False,"[""block_count_per_ring != 7 (missing or extra blocks)""]",0.2274705312177178,0.0533214278661451,0.0029024416957233
76,1-4,206,1-4/r206,bo,3376.426173726108,"{""0"": {""K"": 0.0, ""B1"": 2405.0114987493066, ""A1"": 154.1422055635361, ""A2"": 2805.582401146129, ""A3"": 546.9442244030641, ""B2"": 917.6718401668325}}",2.7397,0.271242893467001,0.2822395240275678,0.6528604759724322,"[0.9769751660087118, 0.17449495545672988, 0.6958945308881096, 0.044601332628337986, 0.8118004632945975, 0.15825932419070143, 0.26553004634456956, 0.6857374728957193, 0.30789975216499044, 0.5962571774392165, 0.30094105839544394, 0.5639448897811651, 0.1570684905507982]",66.0,66.0,44.0,7.5588,7.5588,27.5706,27.5706,14.0986,14.0986,False,0,2.7419,0.160595,2.4101,0.9769751660087118,1.650733450686659,plus,False,2.317312408209069,1.471476835565432,0.8458355726436371,True,True,1.0,False,100.0,154.19999999999982,0.0,False,"[""block_count_per_ring != 7 (missing or extra blocks)""]",0.2141621913718819,0.0483627301335379,0.0010864046492796
77,1-4,206,1-4/r206,bo,117.93138824527162,"{""0"": {""K"": 0.0, ""B1"": 1964.8038595531132, ""A1"": 2353.0062215654307, ""A2"": 3174.176248017267, ""A3"": 3161.6831777484736, ""B2"": 3261.6033289380666}}",2.7397,0.138288367158395,0.2822395240275678,0.6528604759724322,"[0.03412366558022906, 0.2500332163660316, 0.5685196352873592, 0.6808467076288862, 0.9184537754679591, 0.9148388824503685, 0.9437509632343942, 0.699149762117488, 0.2453627626806696, 0.7395814455571699, 0.07622353819565364, 0.15701218206935919, 0.04646390183539839]",67.0,67.0,37.0,9.1354,9.1354,10.7168,10.7168,3.9253,3.9253,False,0,2.7403,0.04481,2.4101,0.034123665580229,1.281174287866924,plus,False,-2.7219264708250317,-2.625115225262012,0.0968112455630194,True,True,1.0,False,100.0,12.5,0.0,False,"[""block_count_per_ring != 7 (missing or extra blocks)""]",0.1913344099180859,0.0614687038503339,0.0012943926907104
78,1-4,206,1-4/r206,bo,2371.9152645972777,"{""0"": {""K"": 0.0, ""B1"": 2183.7378157248463, ""A1"": 52.12791037444133, ""A2"": 2952.3115092341864, ""A3"": 789.1000582591724, ""B2"": 660.736829421861}}",2.7397,0.2690497341603314,0.2822395240275678,0.6528604759724322,"[0.6863180742468975, 0.5375433003163701, 0.6318685809389023, 0.015083307400011958, 0.8542568024404474, 0.22832756315369573, 0.19118542517993664, 0.23239249834786768, 0.19120319945006226, 0.6328369736009857, 0.5793340384163831, 0.6629433986648106, 0.1288639037372903]",32.0,32.0,31.0,7.9612,7.9612,48.4501,48.4501,16.5736,16.5736,False,0,2.7415,0.131649,2.4101,0.6863180742468975,1.7314612209383535,minus,True,1.1654663500034383,1.649273629024345,0.4838072790209067,True,True,1.0,False,100.0,52.09999999999991,0.0,False,"[""block_count_per_ring != 7 (missing or extra blocks)""]",0.2415559146609041,0.0506634059103842,0.004217841095125
79,1-4,206,1-4/r206,bo,1847.986491524544,"{""0"": {""K"": 0.0, ""B1"": 2633.1703939994477, ""A1"": 58.06599663150578, ""A2"": 208.63044940810278, ""A3"": 510.9822119606116, ""B2"": 3335.730436977558}}",2.7397,0.2659942577012416,0.2822395240275678,0.6528604759724322,"[0.5347183135198333, 0.4404514095607579, 0.7619127297452106, 0.01680150365494959, 0.060367606888918623, 0.14785364929415845, 0.9651997792180433, 0.05780870969500873, 0.2975925741903984, 0.9764213448021641, 0.8273560849123572, 0.10978551770434719, 0.13520576385634886]",19.0,19.0,43.0,11.7406,11.7406,67.0517,67.0517,2.7446,2.7446,False,0,2.7415,0.131649,2.4101,0.5347183135198333,1.2866303171867992,minus,True,1.2292897013722208,1.5000412216310597,0.2707515202588388,True,True,1.0,False,100.0,58.09999999999991,0.0,False,"[""block_count_per_ring != 7 (missing or extra blocks)""]",0.254657550117078,0.0563259595012868,0.00850405024699
80,1-4,206,1-4/r206,bo,1431.2738505093057,"{""0"": {""K"": 0.0, ""B1"": 2442.7572029777134, ""A1"": 365.17474429150707, ""A2"": 113.90664029138577, ""A3"": 1736.4981091160057, ""B2"": 1365.4352381580784}}",2.7397,0.3794396976199277,0.3794396976199277,0.5556603023800724,"[0.41414173915199815, 0.006470170737235992, 0.7068163203060513, 0.10566398851027403, 0.032959097306535234, 0.5024589436099554, 0.39509121474481435, 0.6362756852891386, 0.2877510719815086, 0.8025076181056646, 0.7566801198166929, 0.3282660363623634, 0.028592002952115836]",63.0,63.0,42.0,9.8276,9.8276,61.751,61.751,8.2067,8.2067,False,0,2.7401,0.030337,2.4101,0.4141417391519982,1.7468702166453267,minus,True,1.7816022911741718,2.3928602882595174,0.6112579970853456,True,True,1.0,False,100.0,113.90000000000008,0.0,False,"[""block_count_per_ring != 7 (missing or extra blocks)""]",0.2314864724463141,0.057821027488411,0.0043698890847661
81,1-4,206,1-4/r206,bo,1925.1376483635277,"{""0"": {""K"": 0.0, ""B1"": 2407.9959211010914, ""A1"": 449.7262199824832, ""A2"": 1315.206894173568, ""A3"": 775.6227018823172, ""B2"": 2749.195494249532}}",2.7397,0.2747720152101651,0.3794396976199277,0.5556603023800724,"[0.5570421436237059, 0.1324261261543288, 0.6967580790223066, 0.13012911457826482, 0.38055755039744443, 0.2244278651279853, 0.7954848073638693, 0.021974572487575617, 0.14772224865154493, 0.9445950871121896, 0.5673121081411155, 0.1876245874509317, 0.04362237357948884]",17.0,17.0,26.0,11.3905,11.3905,47.5484,47.5484,4.6906,4.6906,False,0,2.7403,0.04481,2.4101,0.5570421436237059,1.681493084772996,plus,False,1.3312218408130445,0.8659646269504429,0.4652572138626014,True,True,1.0,False,100.0,325.9000000000001,0.0,False,"[""block_count_per_ring != 7 (missing or extra blocks)""]",0.2831508986267045,0.0552632070477675,0.000574863197138
82,1-4,206,1-4/r206,bo,3098.2782422313085,"{""0"": {""K"": 0.0, ""B1"": 2289.197219003586, ""A1"": 502.63016804224344, ""A2"": 2607.635032100415, ""A3"": 1378.8421927525458, ""B2"": 837.356634375717}}",2.7397,0.1897310164910199,0.3794396976199277,0.5556603023800724,"[0.8964925469419295, 0.1937620108152559, 0.6623834545727968, 0.14543696991963062, 0.7545240254920182, 0.39897054188441716, 0.24229069281704774, 0.6983874087355105, 0.17288451114444325, 0.9473072982999917, 0.8515703905591689, 0.7540640212563771, 0.08880202546680172]",67.0,67.0,29.0,11.4204,11.4204,68.8678,68.8678,18.8516,18.8516,False,0,2.7409,0.088229,2.4101,0.8964925469419295,1.7771427583359918,plus,False,1.1616369773228703,0.835271713901651,0.3263652634212195,True,True,1.0,False,100.0,318.4000000000001,0.0,False,"[""block_count_per_ring != 7 (missing or extra blocks)""]",0.2967492745082933,0.0473627204442339,0.0004508688347248
83,1-4,206,1-4/r206,bo,1448.063332709438,"{""0"": {""K"": 0.0, ""B1"": 2770.085655727265, ""A1"": 1054.2573367263442, ""A2"": 128.48148789234207, ""A3"": 1790.4423071129145, ""B2"": 1948.2767888222668}}",2.7397,0.1560492147735745,0.3794396976199277,0.5556603023800724,"[0.4189998069182401, 0.37954042644149966, 0.8015294142729354, 0.30505131271016905, 0.03717635645033046, 0.5180677971970239, 0.5637374967657022, 0.5590861283332355, 0.30366792383980346, 0.9139635092235769, 0.909517819962105, 0.04293274178214557, 0.011010640447126074]",57.0,57.0,43.0,11.0536,11.0536,73.2138,73.2138,1.0733,1.0733,False,0,2.7398,0.008627,2.4101,0.4189998069182401,1.6339417527421178,plus,False,2.392546379963483,2.247596152936964,0.144950227026519,True,True,1.0,False,100.0,128.4000000000001,0.0,False,"[""block_count_per_ring != 7 (missing or extra blocks)""]",0.293632631093316,0.0522132766409551,0.0006823289230815
84,1-4,206,1-4/r206,bo,1884.750961024809,"{""0"": {""K"": 0.0, ""B1"": 3021.0831724061923, ""A1"": 55.14096008729439, ""A2"": 2639.726260023173, ""A3"": 1699.3216362764194, ""B2"": 2796.2966642522765}}",2.7397,0.1557736515127581,0.3794396976199277,0.5556603023800724,"[0.5453561808520859, 0.7269722479728158, 0.8741560105341991, 0.015955138914147682, 0.7638096817196681, 0.491701862348501, 0.8091136181285522, 0.978470401440507, 0.3400963474150849, 0.8241409848458725, 0.44511611845686394, 0.5374521011737965, 0.06720153009364327]",88.0,88.0,47.0,10.0656,10.0656,38.3837,38.3837,13.4363,13.4363,False,0,2.7406,0.06652,2.4101,0.5453561808520859,1.6064090906528103,plus,False,1.4956366797201828,1.6224682410467757,0.1268315613265929,True,True,1.0,False,100.0,55.100000000000136,0.0,False,"[""block_count_per_ring != 7 (missing or extra blocks)""]",0.2232091202540581,0.0614324788610818,6.387791056037553e-05
85,1-4,206,1-4/r206,bo,826.6384451538888,"{""0"": {""K"": 0.0, ""B1"": 2543.0956019618184, ""A1"": 55.92694435580519, ""A2"": 1093.2811893407386, ""A3"": 3095.505966612847, ""B2"": 718.3678379491694}}",2.7397,0.2070206099558816,0.3794396976199277,0.5556603023800724,"[0.2391893649172132, 0.13522453841580195, 0.7358494218639521, 0.016182564917767706, 0.3163429367305378, 0.8956903838578839, 0.20786106422140316, 0.5128751417413935, 0.25635684915828894, 0.8606385447677691, 0.5838156034569347, 0.0748117770749307, 0.06773702207319332]",53.0,53.0,38.0,10.467,10.467,48.7862,48.7862,1.8703,1.8703,False,0,2.7406,0.06652,2.4101,0.2391893649172132,1.7011805492807124,plus,False,1.878562140090891,2.016202482420596,0.1376403423297048,True,True,1.0,False,100.0,56.0,0.0,False,"[""block_count_per_ring != 7 (missing or extra blocks)""]",0.3057737833446853,0.050267946829649,0.0010021008818536
86,1-4,206,1-4/r206,bo,3201.5068270529114,"{""0"": {""K"": 0.0, ""B1"": 2284.125391510936, ""A1"": 3.394531311927011, ""A2"": 1708.310756573243, ""A3"": 1922.0144795030008, ""B2"": 313.9437580451419}}",2.7397,0.1460213956080988,0.3794396976199277,0.5556603023800724,"[0.9263619291241063, 0.20575988870792417, 0.6609159118955255, 0.0009822139212751768, 0.494302880952906, 0.5561384489302664, 0.09084020776769153, 0.1819443121178651, 0.33970518441759734, 0.8589281004879548, 0.6374250018140438, 0.48826781230665994, 0.12021015753775732]",29.0,29.0,47.0,10.4482,10.4482,52.8069,52.8069,12.2067,12.2067,False,0,2.7413,0.117176,2.4101,0.9263619291241064,1.626118899960876,plus,False,2.1538545286798523,2.009000097705363,0.1448544309744894,True,True,1.0,False,100.0,3.400000000000091,0.0,False,"[""block_count_per_ring != 7 (missing or extra blocks)""]",0.2790244694018945,0.0506350606577136,0.0002614484083181
87,1-4,206,1-4/r206,bo,432.5082491770114,"{""0"": {""K"": 0.0, ""B1"": 2053.2536602644627, ""A1"": 37.93005988703838, ""A2"": 1304.1327394991074, ""A3"": 1852.7774563959726, ""B2"": 284.7662633634581}}",2.7397,0.1316205548208343,0.3794396976199277,0.5556603023800724,"[0.12514706284057042, 0.40137974023163236, 0.5941127489191154, 0.010975133069166199, 0.37735322323469545, 0.5361045880775384, 0.08239764564914875, 0.3877579579860875, 0.6786627886413252, 0.6190569238698624, 0.2777017580621982, 0.6623582979024788, 0.032751874265523506]",44.0,44.0,85.0,7.8096,7.8096,25.8276,25.8276,16.559,16.559,False,0,2.7401,0.030337,2.4101,0.1251470628405704,1.679725537652322,minus,True,2.2087707458753365,2.473888076804542,0.2651173309292054,True,True,1.0,False,100.0,37.89999999999998,0.0,False,"[""block_count_per_ring != 7 (missing or extra blocks)""]",0.222785188442427,0.0647963720671464,0.0001036733336167
88,1-4,206,1-4/r206,bo,3102.2320931765307,"{""0"": {""K"": 0.0, ""B1"": 2343.6773957572896, ""A1"": 467.38648822017024, ""A2"": 389.9107758047971, ""A3"": 201.36261468614708, ""B2"": 3432.0831777547555}}",2.7397,0.1245370885444403,0.3794396976199277,0.5556603023800724,"[0.8976366010348757, 0.16793111157739848, 0.6781473946056972, 0.13523914589704, 0.11282140503611027, 0.05826464545316756, 0.993079623192927, 0.6038473603180614, 0.16976329789939615, 0.20645625318081895, 0.22032904610774096, 0.033330913921054806, 0.09988685742093784]",60.0,60.0,29.0,3.271,3.271,21.5247,21.5247,0.8333,0.8333,False,0,2.7411,0.102702,2.4101,0.8976366010348757,1.5847606258618845,minus,True,0.4285480679568212,0.952933737323421,0.5243856693665998,True,True,1.0,False,100.0,23.89999999999964,0.0,False,"[""block_count_per_ring != 7 (missing or extra blocks)""]",0.2636047380560136,0.0517335817671911,0.0001276039918966
89,1-4,206,1-4/r206,bo,1332.8955399700658,"{""0"": {""K"": 0.0, ""B1"": 2991.6295904743383, ""A1"": 168.22384778617226, ""A2"": 2763.014358070618, ""A3"": 1263.6345526062473, ""B2"": 154.74982467783104}}",2.7397,0.2642987565228321,0.3794396976199277,0.5556603023800724,"[0.38567579281541253, 0.14438477348691903, 0.8656335620585469, 0.04867588188257299, 0.7994833212009891, 0.36563499786060394, 0.044777148344279816, 0.520218440782097, 0.32305108682807415, 0.8590526175718057, 0.45425457193015895, 0.29301815982932644, 0.12341668442166742]",54.0,54.0,46.0,10.4496,10.4496,39.0691,39.0691,7.3255,7.3255,False,0,2.7414,0.124412,2.4101,0.3856757928154125,1.706174439686912,minus,True,0.8753372242647228,1.1561951763696807,0.2808579521049579,True,True,1.0,False,100.0,13.5,0.0,False,"[""block_count_per_ring != 7 (missing or extra blocks)""]",0.2572171571234868,0.0605862101002144,0.0003112597043653
90,1-4,206,1-4/r206,bo,1295.9427816135951,"{""0"": {""K"": 0.0, ""B1"": 2294.25428388263, ""A1"": 38.82599292279929, ""A2"": 3123.8343803780053, ""A3"": 1816.2167298511067, ""B2"": 406.9781110857151}}",2.7397,0.2264724628541957,0.3794396976199277,0.5556603023800724,"[0.3749834437539338, 0.05828420651751065, 0.6638467256604832, 0.011234372952198868, 0.9038872628408581, 0.5255256741467322, 0.11775987010582034, 0.07213649949477818, 0.5213679953971356, 0.6544484199019638, 0.5805449796844373, 0.2995641124618419, 0.06761365275495035]",20.0,20.0,67.0,8.1989,8.1989,48.5409,48.5409,7.4891,7.4891,False,0,2.7406,0.06652,2.4101,0.3749834437539338,1.750532161927936,plus,False,2.6832674977256823,2.239729258513654,0.4435382392120282,True,True,1.0,False,100.0,38.89999999999986,0.0,False,"[""block_count_per_ring != 7 (missing or extra blocks)""]",0.3066046681757005,0.0509759638324209,0.0011167365900094
91,1-4,206,1-4/r206,bo,586.0847490920579,"{""0"": {""K"": 0.0, ""B1"": 2146.5799130667106, ""A1"": 312.53142686193576, ""A2"": 906.4957646909455, ""A3"": 1116.9859517900802, ""B2"": 440.792365143726}}",2.7397,0.092234248953334,0.3794396976199277,0.5556603023800724,"[0.1695847074919149, 0.13554346329820344, 0.6211168729938399, 0.09043154712440271, 0.26229622820918563, 0.323201953642963, 0.1275440871364948, 0.3280930103181934, 0.2850114648268468, 0.9024082102074903, 0.6214101413824764, 0.9344694740255028, 0.17585811743264512]",40.0,40.0,41.0,10.9265,10.9265,51.6058,51.6058,23.3617,23.3617,False,0,2.7421,0.175068,2.4101,0.1695847074919149,1.5713119386717047,minus,True,1.2832056450787912,1.92880140698054,0.6455957619017487,True,True,1.0,False,100.0,128.30000000000007,0.0,False,"[""block_count_per_ring != 7 (missing or extra blocks)""]",0.2410059800470485,0.0603607962950836,0.0001372138539983
92,1-4,206,1-4/r206,bo,2365.320633169154,"{""0"": {""K"": 0.0, ""B1"": 2327.4124846639506, ""A1"": 436.27272091959304, ""A2"": 1850.8692964718116, ""A3"": 174.80122902969, ""B2"": 938.0125539544823}}",2.7397,0.1197301288936627,0.3794396976199277,0.5556603023800724,"[0.6844099054308895, 0.3308433922800067, 0.6734411124606339, 0.1262363197105304, 0.5355524584698529, 0.05057905932572049, 0.27141566954701457, 0.3125842090899057, 0.14473660461446802, 0.5542712447263105, 0.36185856530620364, 0.21671986591775128, 0.015894495474665593]",38.0,38.0,26.0,7.097,7.097,32.1394,32.1394,5.418,5.418,False,0,2.7399,0.015864,2.4101,0.6844099054308894,1.7308178942300594,plus,False,2.212612626440949,2.4259081426875504,0.2132955162466014,True,True,1.0,False,100.0,174.79999999999973,0.0,False,"[""block_count_per_ring != 7 (missing or extra blocks)""]",0.2216959533282991,0.0639148997103569,8.652378787440366e-05
93,1-4,206,1-4/r206,bo,1629.262684664905,"{""0"": {""K"": 0.0, ""B1"": 2082.9697354005525, ""A1"": 108.1242710587208, ""A2"": 443.10894011502654, ""A3"": 1551.790509995558, ""B2"": 2447.743080786834}}",2.7397,0.226754811851979,0.3794396976199277,0.5556603023800724,"[0.47143017496091, 0.2311211055798742, 0.6027111502895117, 0.03128595806097245, 0.12821439239439425, 0.44901345775334434, 0.7082589932832274, 0.7103798234233886, 0.46588025145520984, 0.7842004656940753, 0.7848642528729861, 0.09003496951728085, 0.022202487399046955]",68.0,68.0,61.0,9.6262,9.6262,63.8648,63.8648,2.2509,2.2509,False,0,2.74,0.0231,2.4101,0.47143017496091,1.6774462402054409,plus,False,2.593710773104133,1.998841038246203,0.5948697348579299,True,True,1.0,False,100.0,108.10000000000014,0.0,False,"[""block_count_per_ring != 7 (missing or extra blocks)""]",0.2563625031057623,0.0573238952455147,0.0001970507130631
94,1-4,206,1-4/r206,bo,1027.6775819735103,"{""0"": {""K"": 0.0, ""B1"": 2819.4399466913783, ""A1"": 307.561912028758, ""A2"": 2583.7785051038236, ""A3"": 2381.234812494486, ""B2"": 1348.1923713910685}}",2.7397,0.3252990640378069,0.3794396976199277,0.5556603023800724,"[0.2973604114506685, 0.05426011132595876, 0.8158101697602368, 0.08899360880461749, 0.7476210952268009, 0.6890147026893767, 0.3901019593145453, 0.5275344754794276, 0.8713502810666272, 0.919283123090861, 0.9353594051579479, 0.3964892217870558, 0.1495948450255563]",55.0,55.0,106.0,11.1121,11.1121,75.152,75.152,9.9122,9.9122,False,0,2.7417,0.146122,2.4101,0.2973604114506685,1.7370452016153433,plus,False,2.0686159025933883,1.692973374818141,0.3756425277752473,True,True,1.0,False,100.0,202.5999999999999,0.0,False,"[""block_count_per_ring != 7 (missing or extra blocks)""]",0.2313051153159754,0.0582513854982044,5.885009542261582e-05
95,1-4,206,1-4/r206,bo,226.98394476717493,"{""0"": {""K"": 0.0, ""B1"": 2477.9432839920614, ""A1"": 258.72445420692526, ""A2"": 2459.4623364521694, ""A3"": 1265.3685114821596, ""B2"": 1703.6153361233025}}",2.7397,0.1149150645796008,0.3794396976199277,0.5556603023800724,"[0.06567822475902052, 0.11155049537629735, 0.7169974780069622, 0.07486239994413346, 0.7116499816123175, 0.3661367220723841, 0.49294425235049266, 0.7773296954872206, 0.20260313592247792, 0.6800222678443826, 0.5720524059228419, 0.4615351191140663, 0.10147905007103242]",73.0,73.0,32.0,8.4802,8.4802,47.9039,47.9039,11.5384,11.5384,False,0,2.7411,0.102702,2.4101,0.0656782247590205,1.6910576004178448,plus,False,1.498127133087963,1.7016257396979744,0.2034986066100113,True,True,1.0,False,100.0,18.5,0.0,False,"[""block_count_per_ring != 7 (missing or extra blocks)""]",0.2849930372361186,0.0510503134357717,0.0003829032741888
96,1-4,206,1-4/r206,bo,1986.066748744432,"{""0"": {""K"": 0.0, ""B1"": 2126.7918337179663, ""A1"": 137.3079699714392, ""A2"": 2007.2540034725446, ""A3"": 2007.570293337492, ""B2"": 2422.6300227556844}}",2.7397,0.2967911633596226,0.3794396976199277,0.5556603023800724,"[0.574672091650588, 0.11004851170762397, 0.6153911555896894, 0.0397303153852544, 0.5808026630418243, 0.5808941820999688, 0.7009924834362513, 0.9097713839121578, 0.6737578945253786, 0.8051352739288767, 0.25049682067320456, 0.405703921166931, 0.1509334056138918]",83.0,83.0,84.0,9.8565,9.8565,23.7873,23.7873,10.1426,10.1426,False,0,2.7418,0.153358,2.4101,0.574672091650588,1.498763184204414,plus,False,1.2872469816443657,0.9170318634619729,0.3702151181823929,True,True,1.0,False,100.0,0.3000000000000682,0.0,False,"[""block_count_per_ring != 7 (missing or extra blocks)""]",0.2388600060445905,0.0618846168898247,0.0001522397853327
97,1-4,206,1-4/r206,bo,1044.181741993154,"{""0"": {""K"": 0.0, ""B1"": 2402.060248811824, ""A1"": 270.2963925155705, ""A2"": 1993.4635484831445, ""A3"": 656.1045745744922, ""B2"": 1820.6927146715213}}",2.7397,0.1920602060493035,0.3794396976199277,0.5556603023800724,"[0.3021359207156117, 0.008964377296115433, 0.6950405812534213, 0.07821076172325536, 0.5768123693527617, 0.18984507366160075, 0.52682080864338, 0.5983621164309206, 0.5026145154328947, 0.988473118884345, 0.6984174928995961, 0.43332290322217526, 0.11424424030362823]",60.0,60.0,65.0,11.8732,11.8732,57.3813,57.3813,10.8331,10.8331,False,0,2.7413,0.117176,2.4101,0.3021359207156117,1.7612810122634457,minus,True,1.047549246586908,1.8149400506797768,0.7673908040928688,True,True,1.0,False,100.0,172.69999999999982,0.0,False,"[""block_count_per_ring != 7 (missing or extra blocks)""]",0.2407121067712469,0.0630040858195952,0.0001928773543079
98,1-4,206,1-4/r206,bo,1439.8060676303269,"{""0"": {""K"": 0.0, ""B1"": 2532.192222239369, ""A1"": 1288.7422058830316, ""A2"": 1512.7609024139897, ""A3"": 1943.205273886505, ""B2"": 1403.8578221158352}}",2.7397,0.229442404586692,0.3794396976199277,0.5556603023800724,"[0.41661055197636765, 0.03508264403459116, 0.7326945087498175, 0.37289994383189573, 0.43772016852256646, 0.5622700445273452, 0.40620886056592453, 0.40944388809522625, 0.37307292224762134, 0.9900511368866891, 0.0095406749328949, 0.3808010104932321, 0.056469771435981087]",46.0,46.0,51.0,11.8906,11.8906,5.7156,5.7156,9.52,9.52,False,0,2.7405,0.059283,2.4101,0.4166105519763676,1.5662435492281075,minus,True,-2.582213479847943,-1.9364186390099096,0.6457948408380332,True,True,1.0,False,100.0,108.90000000000008,0.0,False,"[""block_count_per_ring != 7 (missing or extra blocks)""]",0.2617901037774782,0.0624256510218942,0.000469662839081
99,1-4,206,1-4/r206,bo,1727.865685778947,"{""0"": {""K"": 0.0, ""B1"": 1996.6672809714396, ""A1"": 698.2568874943196, ""A2"": 5.829413955222606, ""A3"": 2397.7640878089524, ""B2"": 2145.9061355519925}}",2.7397,0.1631589649284308,0.3794396976199277,0.5556603023800724,"[0.49996113593140823, 0.2825092310158501, 0.5777393752810879, 0.20204192346479155, 0.0016867517231546891, 0.6937974791113867, 0.6209219142222201, 0.5193444299053771, 0.06568085030813364, 0.8727702593237386, 0.9996724459228287, 0.30863234636086556, 0.24430058233899687]",54.0,54.0,17.0,10.6005,10.6005,79.9754,79.9754,7.7158,7.7158,False,0,2.7431,0.247434,2.4101,0.4999611359314083,1.7569058190624536,plus,False,1.49457349751238,1.4226958368426963,0.0718776606696836,True,True,1.0,False,100.0,5.7999999999999545,0.0,False,"[""block_count_per_ring != 7 (missing or extra blocks)""]",0.2229463598919569,0.0651852056119018,0.000110320128523
100,1-4,206,1-4/r206,bo,2753.678776589421,"{""0"": {""K"": 0.0, ""B1"": 2855.963462185434, ""A1"": 893.0478927173498, ""A2"": 3334.3789318399995, ""A3"": 1346.8330160644082, ""B2"": 3292.5330028690396}}",2.7397,0.1160270880361173,0.3794396976199277,0.5556603023800724,"[0.7967820534112908, 0.14050322222020162, 0.8263783166045816, 0.2584050615501591, 0.9648087187037035, 0.38970862733345146, 0.9527005216634953, 0.882615634792311, 0.04409285819322517, 0.973714490195597, 0.8278424418341128, 0.25687631909463104, 0.14242877131409237]",81.0,81.0,15.0,11.7109,11.7109,67.0882,67.0882,6.4219,6.4219,False,0,2.7416,0.138885,2.4101,0.7967820534112908,1.6309892345537558,minus,True,-0.8503155602387857,-0.5845624223065073,0.2657531379322784,True,True,1.0,False,100.0,41.90000000000009,0.0,False,"[""block_count_per_ring != 7 (missing or extra blocks)""]",0.2810665836921482,0.0598944479255424,0.0008350033899522
101,1-4,206,1-4/r206,bo,1824.9053978068875,"{""0"": {""K"": 0.0, ""B1"": 2954.200635022877, ""A1"": 1413.9864852090748, ""A2"": 3301.6836008435785, ""A3"": 2129.582960802609, ""B2"": 1166.84170260331}}",2.7397,0.2103638030921304,0.3794396976199277,0.5556603023800724,"[0.5280397563098632, 0.3686488625825878, 0.8548034244857862, 0.40913960798873694, 0.9553482641329799, 0.6161987733803845, 0.33762780746623555, 0.3703893153703387, 0.784841428581317, 0.7826928795253055, 0.7630969535208607, 0.2505852682643378, 0.08591806318900241]",43.0,43.0,96.0,9.6096,9.6096,62.2323,62.2323,6.2646,6.2646,False,0,2.7409,0.088229,2.4101,0.5280397563098632,1.7797018830842035,plus,False,-1.940605898022208,-1.846342259814159,0.0942636382080488,True,True,1.0,False,100.0,154.30000000000018,0.0,False,"[""block_count_per_ring != 7 (missing or extra blocks)""]",0.2205967544104237,0.0642544976081104,8.608558424992574e-05
102,1-4,206,1-4/r206,bo,2843.7867732397804,"{""0"": {""K"": 0.0, ""B1"": 1829.1626062422151, ""A1"": 285.56104121678777, ""A2"": 2386.724496807265, ""A3"": 626.8318630241927, ""B2"": 1628.9532423275475}}",2.7397,0.2480236255467677,0.3794396976199277,0.5556603023800724,"[0.8228549691087327, 0.5582485776360903, 0.5292715874543447, 0.08262761609282054, 0.6906031530113614, 0.18137496036579648, 0.47134063724755426, 0.8069590248750402, 0.3557262895442066, 0.5225981455298194, 0.06869693869062432, 0.6711814480698748, 0.22272376474680167]",76.0,76.0,49.0,6.7486,6.7486,10.1523,10.1523,16.7795,16.7795,False,0,2.7428,0.225724,2.4101,0.8228549691087328,1.7692825735866586,minus,True,1.126168690566963,1.4766225516113505,0.3504538610443872,True,True,1.0,False,100.0,200.20000000000005,0.0,False,"[""block_count_per_ring != 7 (missing or extra blocks)""]",0.2238325732989657,0.0614688657673074,6.641845254823104e-05
103,1-4,206,1-4/r206,bo,1577.6707197635496,"{""0"": {""K"": 0.0, ""B1"": 1693.342803494523, ""A1"": 281.58370075521964, ""A2"": 1009.3944967046418, ""A3"": 717.7953009565853, ""B2"": 2241.5332867726925}}",2.7397,0.1894977207512871,0.3794396976199277,0.5556603023800724,"[0.4565019443760271, 0.4274901938077824, 0.48997187601114667, 0.0814767652648205, 0.2920701668705561, 0.20769539958234529, 0.6485918075152467, 0.5491638059465717, 0.21891539698979723, 0.9952859172008189, 0.6099440304825471, 0.2302491679469545, 0.0011740457354422196]",56.0,56.0,34.0,11.9481,11.9481,50.7458,50.7458,5.7562,5.7562,False,0,2.7397,0.00139,2.4101,0.4565019443760271,1.697776858221456,plus,False,2.598001335719638,1.893524215486419,0.704477120233219,True,True,1.0,False,100.0,281.5999999999999,0.0,False,"[""block_count_per_ring != 7 (missing or extra blocks)""]",0.2295828091704427,0.0607653899561656,8.063073927813648e-05
104,1-4,206,1-4/r206,bo,2016.32895276344,"{""0"": {""K"": 0.0, ""B1"": 2283.748550130958, ""A1"": 704.2835565283445, ""A2"": 673.2821121175298, ""A3"": 2508.80078174455, ""B2"": 2573.1890173696447}}",2.7397,0.3127167590380419,0.3794396976199277,0.5556603023800724,"[0.5834285164246065, 0.20144035724095133, 0.6608068721443744, 0.20378575131028487, 0.1948154259599334, 0.7259261521251591, 0.7445570073407537, 0.7711186141001218, 0.7960618565932737, 0.7502245499010243, 0.4110228829976562, 0.25087161164516847, 0.016333187072117505]",73.0,73.0,98.0,9.2525,9.2525,35.8267,35.8267,6.2718,6.2718,False,0,2.7399,0.015864,2.4101,0.5834285164246065,1.5563418503116964,plus,False,0.2502528842340071,-0.1545260233884799,0.4047789076224871,True,True,1.0,False,100.0,31.0,0.0,False,"[""block_count_per_ring != 7 (missing or extra blocks)""]",0.2601312423447821,0.0578237735216115,0.0002547540394308
105,1-4,206,1-4/r206,bo,2981.4174614308936,"{""0"": {""K"": 0.0, ""B1"": 2283.4580020408844, ""A1"": 58.97377161860544, ""A2"": 3369.041198973765, ""A3"": 225.79492984220315, ""B2"": 675.0670584607603}}",2.7397,0.1690672070021107,0.3794396976199277,0.5556603023800724,"[0.8626786636084761, 0.6676260326359856, 0.6607228015164596, 0.017064170028531667, 0.9748383098882422, 0.06533418108860045, 0.19533190348980334, 0.6700751704772716, 0.1328959146900175, 0.6922211851699748, 0.036513862213171655, 0.5539668826727921, 0.13177043836068214]",65.0,65.0,25.0,8.6144,8.6144,7.7385,7.7385,13.8492,13.8492,False,0,2.7415,0.131649,2.4101,0.8626786636084761,1.5453951175848135,plus,False,1.5082062277945223,1.2048166137519307,0.3033896140425915,True,True,1.0,False,100.0,59.0,0.0,False,"[""block_count_per_ring != 7 (missing or extra blocks)""]",0.2405871948789597,0.0564424770442716,7.334179410311995e-05
106,1-4,206,1-4/r206,bo,1790.7080707665448,"{""0"": {""K"": 0.0, ""B1"": 1417.1666461852685, ""A1"": 152.87035538248844, ""A2"": 2444.7086803495754, ""A3"": 2685.0163470206794, ""B2"": 1559.750928921712}}",2.7397,0.1160754814862849,0.3794396976199277,0.5556603023800724,"[0.5181446964023567, 0.06017194597188258, 0.41005979345638555, 0.04423332042317374, 0.7073809838974465, 0.7769144522629281, 0.45131681971114357, 0.37679681958946953, 0.46582896336104873, 0.8964258697489768, 0.5233258640769902, 0.14424510562467308, 0.13048845934905595]",43.0,43.0,61.0,10.8607,10.8607,44.2494,44.2494,3.6061,3.6061,False,0,2.7415,0.131649,2.4101,0.5181446964023567,1.6676596664978474,plus,False,1.862788597991806,1.276140986741098,0.586647611250708,True,True,1.0,False,100.0,142.5999999999999,0.0,False,"[""block_count_per_ring != 7 (missing or extra blocks)""]",0.2177987357385267,0.0625767324580213,5.761048587810721e-05
107,1-4,206,1-4/r206,bo,921.0905138016318,"{""0"": {""K"": 0.0, ""B1"": 2695.203436405923, ""A1"": 41.31763282987397, ""A2"": 1978.3287726147269, ""A3"": 1953.7714366898056, ""B2"": 913.1573033618835}}",2.7397,0.2151249845087753,0.3794396976199277,0.5556603023800724,"[0.26651924589167586, 0.025554203921396845, 0.7798621054415287, 0.011955333573458904, 0.5724330939278723, 0.5653273833014484, 0.26422375675980425, 0.6661229722594894, 0.5574785269055167, 0.8982009276578498, 0.2603226613498332, 0.30150448633599314, 0.020686102290599417]",65.0,65.0,71.0,10.8802,10.8802,24.5242,24.5242,7.5376,7.5376,False,0,2.74,0.0231,2.4101,0.2665192458916758,1.7214492720887202,plus,False,2.327224253047921,2.09031936900983,0.2369048840380907,True,True,1.0,False,100.0,24.5,0.0,False,"[""block_count_per_ring != 7 (missing or extra blocks)""]",0.3050030364279766,0.0511959942714235,0.0010583502550226
108,1-4,206,1-4/r206,bo,1330.8746803697811,"{""0"": {""K"": 0.0, ""B1"": 1927.1106608349942, ""A1"": 973.2808715973613, ""A2"": 208.64281776959155, ""A3"": 786.2821526609179, ""B2"": 640.2036273963139}}",2.7397,0.1596382818529889,0.3794396976199277,0.5556603023800724,"[0.38509105334773763, 0.13924453821852445, 0.5576130384360516, 0.2816206225686809, 0.060371185697219776, 0.22751219695049707, 0.18524410514939638, 0.35411107244909334, 0.7289727213428372, 0.8337244490277844, 0.9958408672401309, 0.27051570426788896, 0.012316603064061127]",42.0,42.0,90.0,10.171,10.171,79.6881,79.6881,6.7629,6.7629,False,0,2.7399,0.015864,2.4101,0.3850910533477376,1.70167800582714,minus,True,1.254512102183898,2.1717402755675104,0.9172281733836124,True,True,1.0,False,100.0,146.0999999999999,0.0,False,"[""block_count_per_ring != 7 (missing or extra blocks)""]",0.247583535873911,0.0598663795582144,0.0001784455347207
109,1-4,206,1-4/r206,bo,1385.016340809976,"{""0"": {""K"": 0.0, ""B1"": 3010.0900235450868, ""A1"": 152.5391089149375, ""A2"": 705.5953577975913, ""A3"": 1990.4510720574106, ""B2"": 404.2159807571313}}",2.7397,0.1442691499032449,0.3794396976199277,0.5556603023800724,"[0.4007570430584422, 0.24729797672212406, 0.8709751225535551, 0.044137473644368486, 0.20416532343680305, 0.5759407037203156, 0.11696064258018846, 0.9969742816505577, 0.3917404090041823, 0.5972059000054378, 0.8276507201820608, 0.20203757846352133, 0.03792308866898453]",90.0,90.0,53.0,7.5693,7.5693,67.0738,67.0738,5.0509,5.0509,False,0,2.7402,0.037573,2.4101,0.4007570430584422,1.6076933699582092,plus,False,1.6674687983331693,1.7822292386705625,0.1147604403373929,True,True,1.0,False,100.0,152.5999999999999,0.0,False,"[""block_count_per_ring != 7 (missing or extra blocks)""]",0.2078060040541408,0.0655269054463891,5.478760493115263e-05
110,1-4,206,1-4/r206,bo,2886.9150572381845,"{""0"": {""K"": 0.0, ""B1"": 3020.2964182068195, ""A1"": 704.1531160664358, ""A2"": 2119.7637265709573, ""A3"": 2478.0130886354505, ""B2"": 2102.590810492044}}",2.7397,0.1176567223025364,0.3794396976199277,0.5556603023800724,"[0.8353342179508636, 0.19688261475098556, 0.8739283617496584, 0.20374800812107519, 0.613357559771689, 0.7170176761097947, 0.608388544702559, 0.9607053886474213, 0.7062272904297959, 0.7832386228605881, 0.529774200038472, 0.23690780879989481, 0.044142265980513073]",87.0,87.0,88.0,9.6156,9.6156,44.7331,44.7331,5.9227,5.9227,False,0,2.7403,0.04481,2.4101,0.8353342179508636,1.6165446282613831,minus,True,-0.3010046901514656,0.03180681392589,0.3328115040773557,True,True,1.0,False,100.0,17.200000000000045,0.0,False,"[""block_count_per_ring != 7 (missing or extra blocks)""]",0.2183884399434098,0.0631195246798387,6.47665444885794e-05
111,1-4,206,1-4/r206,bo,1405.2495254387018,"{""0"": {""K"": 0.0, ""B1"": 2429.449377807013, ""A1"": 240.85278073673024, ""A2"": 246.53063093965298, ""A3"": 2621.0484553309784, ""B2"": 3345.490422745971}}",2.7397,0.1038161761727856,0.3794396976199277,0.5556603023800724,"[0.40661155249962433, 0.4634888423570678, 0.7029656764487885, 0.06969119812984093, 0.07133409460059403, 0.7584052243434544, 0.9680238491741815, 0.5409162287316421, 0.6327061998241936, 0.7356441262406553, 0.6589412467710283, 0.27776664728978573, 0.7481203319526978]",56.0,56.0,80.0,9.0921,9.0921,54.4206,54.4206,6.9442,6.9442,False,0,2.75,0.746757,2.4101,0.4066115524996243,1.3539706997975804,plus,False,0.5963974421957978,0.6326010094941198,0.0362035672983219,True,True,1.0,False,100.0,5.7000000000000455,0.0,False,"[""block_count_per_ring != 7 (missing or extra blocks)""]",0.2750149195711548,0.0572442638115584,0.0004874962497162
112,1-4,206,1-4/r206,bo,2687.416125706304,"{""0"": {""K"": 0.0, ""B1"": 2228.2049627985234, ""A1"": 34.011626003824105, ""A2"": 3128.7231509662506, ""A3"": 836.8602686814543, ""B2"": 3131.238787887697}}",2.7397,0.1734543649417856,0.3794396976199277,0.5556603023800724,"[0.7776088326696481, 0.21430776999738854, 0.6447352322912394, 0.009841326968699105, 0.9053018376638456, 0.24214706848421708, 0.9060297418656531, 0.9920695219306316, 0.6531031764463674, 0.5651588403101784, 0.16294513579446346, 0.5234601387594713, 0.3387870943472304]",89.0,89.0,82.0,7.2167,7.2167,17.2209,17.2209,13.0865,13.0865,False,0,2.7444,0.341509,2.4101,0.7776088326696481,1.635424817135533,minus,True,1.1676218418879931,1.5540312291265868,0.3864093872385934,True,True,1.0,False,100.0,2.599999999999909,0.0,False,"[""block_count_per_ring != 7 (missing or extra blocks)""]",0.1999555949463342,0.0650120217323579,3.3484881791443865e-05
113,1-4,206,1-4/r206,bo,1603.4830991281235,"{""0"": {""K"": 0.0, ""B1"": 2529.706934042269, ""A1"": 146.1631447216302, ""A2"": 200.7174906150097, ""A3"": 906.4027396049262, ""B2"": 1869.3217447240945}}",2.7397,0.2077942247900482,0.3794396976199277,0.5556603023800724,"[0.4639708041458691, 0.2833824349538997, 0.731975386007601, 0.04229257659769392, 0.058077977608509745, 0.26226931122827724, 0.5408917085428514, 0.32052300870453965, 0.7906128954322462, 0.0731556678481543, 0.9498790473839185, 0.30460245430736643, 0.030837518407839437]",39.0,39.0,97.0,1.8047,1.8047,76.2409,76.2409,7.6151,7.6151,False,0,2.7401,0.030337,2.4101,0.4639708041458691,1.5405685153342077,minus,True,2.1313026856085884,2.383753606366897,0.2524509207583087,True,True,1.0,False,100.0,54.600000000000136,0.0,False,"[""block_count_per_ring != 7 (missing or extra blocks)""]",0.3181527492902716,0.0515158575035394,0.0019574645136379
114,1-4,206,1-4/r206,bo,2003.4857081097573,"{""0"": {""K"": 0.0, ""B1"": 2682.1121065204093, ""A1"": 244.123335067994, ""A2"": 1892.1021864489646, ""A3"": 1825.1934969138945, ""B2"": 1535.9329845709324}}",2.7397,0.2648973618484039,0.3794396976199277,0.5556603023800724,"[0.579712299800277, 0.1308258119334218, 0.7760741048959517, 0.07063753908217418, 0.5474832715419458, 0.5281231183199926, 0.4444250534059411, 0.7352476237791801, 0.6410853336574036, 0.7426246260884338, 0.9510384591897131, 0.5114177333127157, 0.15264737588769228]",70.0,70.0,81.0,9.1689,9.1689,76.3279,76.3279,12.7854,12.7854,False,0,2.7418,0.153358,2.4101,0.579712299800277,1.7202225546738743,minus,True,1.3152569524270534,1.705095470930153,0.3898385185030995,True,True,1.0,False,100.0,66.90000000000003,0.0,False,"[""block_count_per_ring != 7 (missing or extra blocks)""]",0.2364288469661364,0.0592428647719071,9.160287410688496e-05
115,1-4,206,1-4/r206,bo,241.52637788448536,"{""0"": {""K"": 0.0, ""B1"": 2647.985768161454, ""A1"": 123.03638461125685, ""A2"": 3308.9835163054463, ""A3"": 2925.925307883291, ""B2"": 1655.0436283582192}}",2.7397,0.0955562625941245,0.3794396976199277,0.5556603023800724,"[0.069886104711946, 0.03585384029016003, 0.7661995856948651, 0.03560080573242386, 0.9574605081902333, 0.8466219062162301, 0.4788899387610588, 0.22794796639710824, 0.1552466870416297, 0.9296461901853662, 0.7249913935764685, 0.3337928335212549, 0.2929100620920452]",32.0,32.0,27.0,11.2261,11.2261,59.3744,59.3744,8.3448,8.3448,False,0,2.7437,0.290853,2.4101,0.069886104711946,1.727883711802015,plus,False,1.7250140812977763,1.2598069237456566,0.4652071575521197,True,True,1.0,False,100.0,123.10000000000002,0.0,False,"[""block_count_per_ring != 7 (missing or extra blocks)""]",0.1985169841309707,0.0649587963651376,3.0728387429616324e-05
116,1-4,206,1-4/r206,bo,1855.8530609168204,"{""0"": {""K"": 0.0, ""B1"": 2289.361321911513, ""A1"": 343.0724747261794, ""A2"": 1470.4307059003577, ""A3"": 1513.907358855081, ""B2"": 599.7879764612594}}",2.7397,0.2945572929786528,0.3794396976199277,0.5556603023800724,"[0.5369945199412096, 0.03736622818120172, 0.6624309380530999, 0.09926865588141764, 0.42547184777209424, 0.4380518978168637, 0.17354976170754033, 0.6530543173486394, 0.932318260428118, 0.944404229547421, 0.5245533290844986, 0.6362898684502284, 0.001141571395768315]",64.0,64.0,113.0,11.3884,11.3884,44.3415,44.3415,15.9072,15.9072,False,0,2.7397,0.00139,2.4101,0.5369945199412096,1.5781309102355654,minus,True,1.2829748661615716,1.537871353397647,0.2548964872360753,True,True,1.0,False,100.0,43.5,0.0,False,"[""block_count_per_ring != 7 (missing or extra blocks)""]",0.2138105717182758,0.0636393911714772,5.540285881103528e-05
117,1-4,206,1-4/r206,bo,2245.0897675519805,"{""0"": {""K"": 0.0, ""B1"": 2358.805851862948, ""A1"": 2730.5254983795976, ""A2"": 70.20791413907308, ""A3"": 3071.103478556391, ""B2"": 2317.299053813277}}",2.7397,0.1884638278773993,0.3794396976199277,0.5556603023800724,"[0.6496208818148091, 0.035194122916749726, 0.6825248413955289, 0.7900826094848372, 0.02031478997079661, 0.8886294787489558, 0.6705147725154158, 0.7191045768711776, 0.9045274182454541, 0.9332079069182616, 0.8818856279801366, 0.7305210091407898, 0.04338018856488379]",69.0,69.0,109.0,11.2653,11.2653,71.1414,71.1414,18.263,18.263,False,0,2.7403,0.04481,2.4101,0.6496208818148091,1.6050934899672542,plus,False,1.1255409711741335,1.2716286377764354,0.1460876666023018,True,True,1.0,False,100.0,41.5,0.0,False,"[""block_count_per_ring != 7 (missing or extra blocks)""]",0.2811506191231789,0.0596883151641118,0.0008220146707981
118,1-4,206,1-4/r206,bo,1845.3104285509344,"{""0"": {""K"": 0.0, ""B1"": 2161.747714044427, ""A1"": 689.0472816502055, ""A2"": 903.1123300635745, ""A3"": 1541.5776108172545, ""B2"": 110.36335936614358}}",2.7397,0.2705218724959957,0.3794396976199277,0.5556603023800724,"[0.5339439897427473, 0.04133080079637996, 0.6255057042952624, 0.19937710695897148, 0.26131722513413613, 0.44605833646332593, 0.031933842409185065, 0.5073391638591501, 0.27295495250009516, 0.6096762099111851, 0.7016687852539499, 0.05617003341848659, 0.04537321301249431]",53.0,53.0,40.0,7.7064,7.7064,57.6252,57.6252,1.4043,1.4043,False,0,2.7403,0.04481,2.4101,0.5339439897427473,1.5789861808706085,minus,True,1.8711621620977965,2.503333825341831,0.6321716632440344,True,True,1.0,False,100.0,110.40000000000008,0.0,False,"[""block_count_per_ring != 7 (missing or extra blocks)""]",0.2745041916756099,0.059422364938458,0.0006007276566378
119,1-4,206,1-4/r206,bo,1684.1721888267546,"{""0"": {""K"": 0.0, ""B1"": 2513.977704992622, ""A1"": 207.92553050258635, ""A2"": 53.474411448497264, ""A3"": 2674.4244082412843, ""B2"": 2667.4404585235698}}",2.7397,0.1844345812390385,0.3794396976199277,0.5556603023800724,"[0.48731834167440813, 0.5514113671725003, 0.7274241044538836, 0.060163637298202066, 0.015472919979310551, 0.7738496551624087, 0.7718288363783478, 0.7181765588183109, 0.10480181041120107, 0.4914839182403997, 0.15719734830794696, 0.1388360398813019, 0.1297883291702725]",69.0,69.0,22.0,6.4063,6.4063,16.7898,16.7898,3.4709,3.4709,False,0,2.7415,0.131649,2.4101,0.4873183416744081,1.6838562246881497,plus,False,0.8127821575542848,0.8732201668192068,0.0604380092649219,True,True,1.0,False,100.0,7.0,0.0,False,"[""block_count_per_ring != 7 (missing or extra blocks)""]",0.2619297199710798,0.0605650336556166,0.0003860139409994
0,5-5,258,5-5/r258,geometric_0,0.0,"{""0"": {""K"": 0.0, ""B1"": 664.2857142857143, ""A1"": 1328.5714285714287, ""A2"": 1992.8571428571431, ""A3"": 2657.1428571428573, ""A4"": 3321.428571428572, ""B2"": 3985.7142857142867}}",3.7349,0.1423308467460786,0.1423308467460786,0.7321691532539214,"[0.0, 0.0, 0.14285714285714288, 0.28571428571428575, 0.4285714285714286, 0.5714285714285715, 0.7142857142857144, 0.8571428571428573, 0.29333333333333333, 0.36363636363636365, 0.18181818181818182, 0.2, 0.0, 0.5]",37.0,37.0,50.0,3.0,3.0,20.0,20.0,0.0,0.0,False,0,3.6738,0.499867,3.157,0.0,1.9459101490553132,plus,False,0.7222222222273251,0.7222222222243135,3.0115909765982e-12,True,True,1.0,True,100.0,664.1999999999998,1.0,True,[],,,
1,5-5,258,5-5/r258,geometric_1,0.0,"{""0"": {""K"": 0.0, ""B1"": 325.50000000000006, ""A1"": 1023.0, ""A2"": 1720.5, ""A3"": 2418.0, ""A4"": 3115.5, ""B2"": 3813.0000000000005}}",3.7349,0.1882186783481779,0.1882186783481779,0.6862813216518221,"[0.0, 0.0, 0.07, 0.22, 0.37, 0.52, 0.67, 0.8200000000000001, 0.29333333333333333, 0.36363636363636365, 0.18181818181818182, 0.2, 0.0, 0.5]",37.0,37.0,50.0,3.0,3.0,20.0,20.0,0.0,0.0,False,0,3.6738,0.499867,3.157,0.0,1.917651908306252,plus,False,3.825499999999999,3.4366111111111106,0.3888888888888884,True,True,1.0,True,100.0,325.5,1.0,True,[],,,
2,5-5,258,5-5/r258,intrinsic_r_otsu,2906.6939197117013,"{""0"": {""K"": 0.0, ""B1"": 3606.9384596401496, ""A1"": 1047.2134334562522, ""A2"": 1395.7732248371983, ""A3"": 4062.023521092618, ""A4"": 24.48366622992247, ""B2"": 3818.712145479863}}",3.7349,0.2324341652048754,0.2324341652048754,0.6420658347951246,"[0.625095466604667, 0.8972138009695755, 0.7756856902451935, 0.22520718999059186, 0.30016628491122543, 0.8735534453962619, 0.005265304565574724, 0.8212284183827663, 0.7970694287520462, 0.4679349528437208, 0.3030324268193135, 0.2784256121007733, 0.2548695876541246, 0.0]",75.0,75.0,61.0,4.3334,4.3334,25.8819,25.8819,6.3717,6.3717,False,0,3.5949,0.0,3.157,0.625095466604667,1.7020488428809706,plus,False,1.275319856767592,1.2569161137013436,0.0184037430662482,True,True,1.0,True,100.0,24.5,0.0,True,[],,,
3,5-5,258,5-5/r258,random,2346.149404154483,"{""0"": {""K"": 0.0, ""B1"": 4629.076317969926, ""A1"": 3685.8779243439517, ""A2"": 2893.1334169014062, ""A3"": 4598.664686720765, ""A4"": 1001.1854467955351, ""B2"": 744.9859574389772}}",3.7349,0.0685339896696363,0.2324341652048754,0.6420658347951246,"[0.5045482589579533, 0.5534973520744925, 0.9955002834343927, 0.7926619192137531, 0.6221792294411627, 0.9889601476818849, 0.21530869823559895, 0.16021203385784455, 0.6125396042730308, 0.04394200796138337, 0.03568027877359614, 0.5148888202713703, 0.4662060253252891, 0.9171677731928523]",61.0,61.0,15.0,1.3925,1.3925,43.6167,43.6167,11.6552,11.6552,False,0,3.7396,0.916898,3.157,0.5045482589579533,1.858356258546,plus,False,-0.3987182945825119,-0.557121011126735,0.158402716544223,True,True,1.0,True,100.0,20.90000000000009,0.0,True,[],,,
4,5-5,258,5-5/r258,random,2925.9020833831987,"{""0"": {""K"": 0.0, ""B1"": 2310.461474579795, ""A1"": 1150.9443874270883, ""A2"": 54.842218772652245, ""A3"": 894.6699695316945, ""A4"": 3217.949362100552, ""B2"": 932.8212665395276}}",3.7349,0.1548455806150175,0.2324341652048754,0.6420658347951246,"[0.6292262544910104, 0.5141176465995139, 0.49687343539350426, 0.24751492202733083, 0.01179402554250586, 0.19240214398531064, 0.6920321208818392, 0.2006067239869952, 0.3695363106022067, 0.0037342420520759534, 0.8300477298017456, 0.15446108106143985, 0.26759930456378545, 0.8803321539808286]",43.0,43.0,10.0,10.1305,10.1305,16.5846,16.5846,6.69,6.69,False,0,3.7338,0.880138,3.157,0.6292262544910104,1.8730249625200213,minus,True,1.4651391713753994,2.00715905319381,0.5420198818184105,True,True,1.0,True,100.0,38.09999999999991,0.0,True,[],,,
5,5-5,258,5-5/r258,random,2370.527265888168,"{""0"": {""K"": 0.0, ""B1"": 2974.684826282747, ""A1"": 3449.2349052326354, ""A2"": 425.4545635431623, ""A3"": 2516.318769400673, ""A4"": 2361.1408987966274, ""B2"": 4051.728101621895}}",3.7349,0.1246326814884803,0.2324341652048754,0.6420658347951246,"[0.5097908098684232, 0.8471502463658693, 0.6397171669425262, 0.7417709473618571, 0.09149560506304566, 0.5411438213764888, 0.50777223630035, 0.8713393766928806, 0.3612640590141576, 0.5981840672072131, 0.05925164234550362, 0.3876318011107287, 0.32303634625820665, 0.15019972907045187]",42.0,42.0,76.0,1.6518,1.6518,34.0724,34.0724,8.0759,8.0759,False,0,3.6186,0.150017,3.157,0.5097908098684232,1.7352813753567913,plus,False,1.0888691935996375,0.9949212188572916,0.0939479747423458,True,True,1.0,True,100.0,155.10000000000002,0.0,True,[],,,
6,5-5,258,5-5/r258,random,3795.972182758702,"{""0"": {""K"": 0.0, ""B1"": 4551.17766251218, ""A1"": 2743.461372499338, ""A2"": 2813.5115803088083, ""A3"": 2966.6841006657446, ""A4"": 3145.4936337294657, ""B2"": 701.1642891329145}}",3.7349,0.0983848879835958,0.2324341652048754,0.6420658347951246,"[0.8163381038190757, 0.37944617155031246, 0.9787478844112216, 0.5899916930106103, 0.6050562538298513, 0.6379965807883322, 0.6764502438127883, 0.1507880191683687, 0.44031346718818754, 0.23956396182952333, 0.40249829810398163, 0.09670409393174562, 0.9678280510488214, 0.21500403735588003]",48.0,48.0,36.0,5.4275,5.4275,12.2528,12.2528,24.1957,24.1957,False,0,3.6289,0.215297,3.157,0.8163381038190757,1.4704178581757068,plus,False,1.296722533367341,0.1933697088662705,1.1033528245010704,True,True,1.0,True,100.0,70.09999999999991,0.0,True,[],,,
7,5-5,258,5-5/r258,random,3123.708006142475,"{""0"": {""K"": 0.0, ""B1"": 4064.458171595196, ""A1"": 3079.2985332738103, ""A2"": 612.0135435086216, ""A3"": 3929.595592066671, ""A4"": 4394.008995824155, ""B2"": 4203.213065111059}}",3.7349,0.0706440455981904,0.2324341652048754,0.6420658347951246,"[0.6717651626112849, 0.3004200814790703, 0.8740770261495044, 0.6622147383384538, 0.13161581580830573, 0.8450743208745529, 0.9449481711449795, 0.9039167881959268, 0.5697191478592772, 0.1454599537609269, 0.19246349496833237, 0.9279056847445244, 0.5523264876672638, 0.18055249844891164]",58.0,58.0,26.0,3.1171,3.1171,74.5929,74.5929,13.8082,13.8082,False,0,3.6234,0.180439,3.157,0.6717651626112849,1.7354254627337802,plus,False,0.4595772934494836,0.432233729012701,0.0273435644367826,True,True,1.0,True,100.0,134.89999999999964,0.0,True,[],,,
8,5-5,258,5-5/r258,random,4110.864558013585,"{""0"": {""K"": 0.0, ""B1"": 2649.078376303207, ""A1"": 1749.7384380041285, ""A2"": 1910.9420620306537, ""A3"": 1113.6248389705786, ""A4"": 176.96638311426176, ""B2"": 4074.4174577081103}}",3.7349,0.0795920168715937,0.2324341652048754,0.6420658347951246,"[0.8840568941964699, 0.6415717052224807, 0.5696942744738079, 0.3762878361299201, 0.41095528215712984, 0.23948921268184487, 0.03805728669123909, 0.876218808109271, 0.4677302168140961, 0.5476351992137353, 0.3221633097802251, 0.7513249198549279, 0.025196870801760363, 0.37218527256520395]",50.0,50.0,70.0,4.5438,4.5438,61.3494,61.3494,0.6299,0.6299,False,0,3.6537,0.372476,3.157,0.8840568941964699,1.7244218378159588,minus,True,1.8766001655914537,2.7294812044379104,0.8528810388464567,True,True,1.0,True,100.0,161.20000000000005,0.0,True,[],,,
9,5-5,258,5-5/r258,random,141.12886888611908,"{""0"": {""K"": 0.0, ""B1"": 4497.23929459776, ""A1"": 3058.587394679092, ""A2"": 1991.224145711088, ""A3"": 2435.3915017837335, ""A4"": 4058.562819826201, ""B2"": 1600.5796015315218}}",3.7349,0.1911204297667768,0.2324341652048754,0.6420658347951246,"[0.03035029438411163, 0.12289210220500935, 0.9671482353973677, 0.6577607300385144, 0.4282202463894813, 0.5237401079104803, 0.8728092085647744, 0.3442106669960262, 0.5902909822897147, 0.6836843733395437, 0.35541377702351207, 0.5190984864959901, 0.7652473832785226, 0.9091793139905502]",59.0,59.0,85.0,4.9096,4.9096,43.9324,43.9324,19.1312,19.1312,False,0,3.7384,0.909293,3.157,0.0303502943841116,1.8142393329605413,plus,False,-1.8522850456967568,-2.06748188266673,0.2151968369699726,True,True,1.0,True,100.0,152.70000000000073,0.0,True,[],,,
10,5-5,258,5-5/r258,random,702.439593057192,"{""0"": {""K"": 0.0, ""B1"": 24.081726041759467, ""A1"": 3501.345391729556, ""A2"": 3768.9497609751897, ""A3"": 635.9528396730042, ""A4"": 1947.901976746311, ""B2"": 3790.9416926769622}}",3.7349,0.1041110019606233,0.2324341652048754,0.6420658347951246,"[0.1510622780768155, 0.9334193923074285, 0.005178865815432143, 0.752977503597754, 0.8105268303172452, 0.13676405154258153, 0.41890365091318515, 0.8152562779950456, 0.014271189684610608, 0.6284619478662907, 0.7930236580980341, 0.5130035828222085, 0.7258494205510871, 0.22642348269714407]",16.0,16.0,79.0,9.7233,9.7233,43.4753,43.4753,18.1462,18.1462,False,0,3.6307,0.226705,3.157,0.1510622780768155,1.5982099193957546,plus,False,1.39748309058874,1.2187743642339612,0.1787087263547786,True,True,1.0,True,100.0,22.0,0.0,True,[],,,
11,5-5,258,5-5/r258,random,923.1233381659288,"{""0"": {""K"": 0.0, ""B1"": 834.2380281872313, ""A1"": 1609.1856918730248, ""A2"": 4408.776885560288, ""A3"": 2665.997136891712, ""A4"": 1581.3165135069053, ""B2"": 1262.5894821108516}}",3.7349,0.0705132932630259,0.2324341652048754,0.6420658347951246,"[0.19852114799267284, 0.3631269505503516, 0.17940602756714652, 0.34606143911247844, 0.9481240614108147, 0.5733327176111209, 0.34006806742083984, 0.2715246198087853, 0.9520394907075223, 0.44447820964711326, 0.9803947508805895, 0.515522669106271, 0.521166129026224, 0.8965405237160008]",86.0,86.0,59.0,11.7843,11.7843,43.6642,43.6642,13.0292,13.0292,False,0,3.7364,0.896617,3.157,0.1985211479926728,1.812933477081816,plus,False,-0.0668613344532113,0.0147273250122528,0.0815886594654642,True,True,1.0,True,100.0,27.90000000000009,0.0,True,[],,,
12,5-5,258,5-5/r258,perturb_guardrail_smoke,93.0,"{""0"": {""K"": 0.0, ""B1"": 1924.506931990598, ""A1"": 2904.5728339878524, ""A2"": 2799.535499935954, ""A3"": 1784.3060093821477, ""A4"": 2469.7717403170273, ""B2"": 2295.9791103710268}}",3.7349,0.1322341610773909,0.2324341652048754,0.6420658347951246,"[0.02, 0.0, 0.41387245849260174, 0.6246393191371725, 0.6020506451475169, 0.3837217224477737, 0.5311337075950596, 0.49375894846688745, 0.7970694287520462, 0.4679349528437208, 0.3030324268193135, 0.2784256121007733, 0.2548695876541246, 0.0]",75.0,75.0,61.0,4.3334,4.3334,25.8819,25.8819,6.3717,6.3717,False,0,3.5949,0.0,3.157,0.02,1.7792109953987494,plus,False,-1.4172915063905014,-1.3023059157099923,0.1149855906805088,True,True,1.0,True,100.0,105.09999999999992,0.0,True,[],,,
13,5-5,258,5-5/r258,perturb_wrong_r_low,2906.6939197117013,"{""0"": {""K"": 0.0, ""B1"": 3606.9384596401496, ""A1"": 1047.2134334562522, ""A2"": 1395.7732248371983, ""A3"": 4062.023521092618, ""A4"": 24.48366622992247, ""B2"": 3818.712145479863}}",3.7349,0.2324341652048754,0.2324341652048754,0.6420658347951246,"[0.625095466604667, 0.0, 0.7756856902451935, 0.22520718999059186, 0.30016628491122543, 0.8735534453962619, 0.005265304565574724, 0.8212284183827663, 0.7970694287520462, 0.4679349528437208, 0.3030324268193135, 0.2784256121007733, 0.2548695876541246, 0.05]",75.0,75.0,61.0,4.3334,4.3334,25.8819,25.8819,6.3717,6.3717,False,0,3.6028,0.049879,3.157,0.625095466604667,1.7020488428809706,plus,False,1.275319856767592,1.2569161137013436,0.0184037430662482,True,True,1.0,True,100.0,24.5,0.0,True,[],,,
14,5-5,258,5-5/r258,perturb_wrong_k,2225.6910543584518,"{""0"": {""K"": 0.0, ""B1"": 3606.9384596401496, ""A1"": 1047.2134334562522, ""A2"": 1395.7732248371983, ""A3"": 4062.023521092618, ""A4"": 24.48366622992247, ""B2"": 3818.712145479863}}",3.7349,0.09493610824044,0.2324341652048754,0.6420658347951246,"[0.47864323749644117, 0.0, 0.7756856902451935, 0.22520718999059186, 0.30016628491122543, 0.8735534453962619, 0.005265304565574724, 0.8212284183827663, 0.7970694287520462, 0.4679349528437208, 0.3030324268193135, 0.2784256121007733, 0.2548695876541246, 0.0]",75.0,75.0,61.0,4.3334,4.3334,25.8819,25.8819,6.3717,6.3717,False,0,3.5949,0.0,3.157,0.4786432374964411,1.7020488428809706,plus,False,1.275319856767592,1.2569161137013436,0.0184037430662482,True,True,1.0,True,100.0,24.5,0.0,True,[],,,
15,5-5,258,5-5/r258,perturb_ambiguous_lines,2906.6939197117013,"{""0"": {""K"": 0.0, ""B1"": 3606.9384596401496, ""A1"": 1047.2134334562522, ""A2"": 1395.7732248371983, ""A3"": 4062.023521092618, ""A4"": 24.48366622992247, ""B2"": 3818.712145479863}}",3.7349,0.2324341652048754,0.2324341652048754,0.6420658347951246,"[0.625095466604667, 0.0, 0.7756856902451935, 0.22520718999059186, 0.30016628491122543, 0.8735534453962619, 0.005265304565574724, 0.8212284183827663, 0.7970694287520462, 0.4679349528437208, 0.8876498869997137, 0.9709058720893163, 0.2548695876541246, 0.0]",75.0,75.0,61.0,10.7641,10.7641,77.8179,77.8179,6.3717,6.3717,False,0,3.5949,0.0,3.157,0.625095466604667,1.7020488428809706,plus,False,1.275319856767592,1.2569161137013436,0.0184037430662482,True,True,1.0,True,100.0,24.5,0.0,True,[],,,
16,5-5,258,5-5/r258,perturb_wrong_r_high,2906.6939197117013,"{""0"": {""K"": 0.0, ""B1"": 3606.9384596401496, ""A1"": 1047.2134334562522, ""A2"": 1395.7732248371983, ""A3"": 4062.023521092618, ""A4"": 24.48366622992247, ""B2"": 3818.712145479863}}",3.7349,0.1865317885599499,0.2324341652048754,0.6420658347951246,"[0.625095466604667, 0.0, 0.7756856902451935, 0.22520718999059186, 0.30016628491122543, 0.8735534453962619, 0.005265304565574724, 0.8212284183827663, 0.7970694287520462, 0.4679349528437208, 0.3030324268193135, 0.2784256121007733, 0.2548695876541246, 0.95]",75.0,75.0,61.0,4.3334,4.3334,25.8819,25.8819,6.3717,6.3717,False,0,3.7448,0.949855,3.157,0.625095466604667,1.7020488428809706,plus,False,1.275319856767592,1.2569161137013436,0.0184037430662482,True,True,1.0,True,100.0,24.5,0.0,True,[],,,
17,5-5,258,5-5/r258,perturb_wrong_k,3648.003399287696,"{""0"": {""K"": 0.0, ""B1"": 3606.9384596401496, ""A1"": 1047.2134334562522, ""A2"": 1395.7732248371983, ""A3"": 4062.023521092618, ""A4"": 24.48366622992247, ""B2"": 3818.712145479863}}",3.7349,0.0722859807778093,0.2324341652048754,0.6420658347951246,"[0.7845168600618702, 0.0, 0.7756856902451935, 0.22520718999059186, 0.30016628491122543, 0.8735534453962619, 0.005265304565574724, 0.8212284183827663, 0.7970694287520462, 0.4679349528437208, 0.3030324268193135, 0.2784256121007733, 0.2548695876541246, 0.0]",75.0,75.0,61.0,4.3334,4.3334,25.8819,25.8819,6.3717,6.3717,False,0,3.5949,0.0,3.157,0.7845168600618702,1.7020488428809706,plus,False,1.275319856767592,1.2569161137013432,0.0184037430662487,True,True,1.0,True,100.0,24.5,0.0,True,[],,,
18,5-5,258,5-5/r258,perturb_offset_shift,2906.6939197117013,"{""0"": {""K"": 0.0, ""B1"": 3525.079305921414, ""A1"": 1469.271084567053, ""A2"": 1297.170328133286, ""A3"": 4533.823208096627, ""A4"": 0.0, ""B2"": 3740.588643361561}}",3.7349,0.0753335468233043,0.2324341652048754,0.6420658347951246,"[0.625095466604667, 0.0, 0.7580815711658955, 0.3159722762509792, 0.2789613608888787, 0.9750157436766941, 0.0, 0.8044276652390454, 0.7970694287520462, 0.4679349528437208, 0.3030324268193135, 0.2784256121007733, 0.2548695876541246, 0.0]",75.0,75.0,61.0,4.3334,4.3334,25.8819,25.8819,6.3717,6.3717,False,0,3.5949,0.0,3.157,0.625095466604667,1.7389047715745665,plus,False,0.8411259349043709,0.5094260786258209,0.33169985627855,True,True,1.0,True,100.0,0.0,0.0,True,[],,,
19,5-5,258,5-5/r258,perturb_misaligned,3037.9884925106558,"{""0"": {""K"": 0.0, ""B1"": 3728.0723942290165, ""A1"": 1119.5426114810857, ""A2"": 1658.90410015876, ""A3"": 3968.659775332537, ""A4"": 0.0, ""B2"": 3652.9369032150053}}",3.7349,0.1430526380194538,0.2324341652048754,0.6420658347951246,"[0.653330858604442, 0.0, 0.8017359987589283, 0.2407618519314163, 0.35675356992661506, 0.8534752205016208, 0.0, 0.7855778286483882, 0.7970694287520462, 0.4679349528437208, 0.3030324268193135, 0.2784256121007733, 0.2548695876541246, 0.0]",75.0,75.0,61.0,4.3334,4.3334,25.8819,25.8819,6.3717,6.3717,False,0,3.5949,0.0,3.157,0.653330858604442,1.7443383851396983,plus,False,-1.632097878786027,-1.5283059942283626,0.1037918845576644,True,True,1.0,True,100.0,0.0,0.0,True,[],,,
20,5-5,258,5-5/r258,perturb_weak_hough,2906.6939197117013,"{""0"": {""K"": 0.0, ""B1"": 3606.9384596401496, ""A1"": 1047.2134334562522, ""A2"": 1395.7732248371983, ""A3"": 4062.023521092618, ""A4"": 24.48366622992247, ""B2"": 3818.712145479863}}",3.7349,0.2324341652048754,0.2324341652048754,0.6420658347951246,"[0.625095466604667, 0.0, 0.7756856902451935, 0.22520718999059186, 0.30016628491122543, 0.8735534453962619, 0.005265304565574724, 0.8212284183827663, 0.9279272229816788, 0.9926407293372774, 0.3030324268193135, 0.2784256121007733, 0.2548695876541246, 0.0]",85.0,85.0,119.0,4.3334,4.3334,25.8819,25.8819,6.3717,6.3717,False,0,3.5949,0.0,3.157,0.625095466604667,1.7020488428809706,plus,False,1.275319856767592,1.2569161137013436,0.0184037430662482,True,True,1.0,True,100.0,24.5,0.0,True,[],,,
21,5-5,258,5-5/r258,perturb_small_segment,2906.6939197117013,"{""0"": {""K"": 0.0, ""B1"": 325.50000000000006, ""A1"": 1023.0, ""A2"": 1720.5, ""A3"": 2418.0, ""A4"": 3115.5, ""B2"": 3813.0000000000005}}",3.7349,0.2119556153511374,0.2324341652048754,0.6420658347951246,"[0.625095466604667, 0.0, 0.07, 0.22, 0.37, 0.52, 0.67, 0.8200000000000001, 0.7970694287520462, 0.4679349528437208, 0.3030324268193135, 0.2784256121007733, 0.2548695876541246, 0.0]",75.0,75.0,61.0,4.3334,4.3334,25.8819,25.8819,6.3717,6.3717,False,0,3.5949,0.0,3.157,0.625095466604667,1.917651908306252,plus,False,3.825499999999999,3.4366111111111106,0.3888888888888884,True,True,1.0,True,100.0,325.5,1.0,True,[],,,
22,5-5,258,5-5/r258,perturb_guardrail_smoke,93.0,"{""0"": {""K"": 0.0, ""B1"": 1924.506931990598, ""A1"": 2904.5728339878524, ""A2"": 2799.535499935954, ""A3"": 1784.3060093821477, ""A4"": 2469.7717403170273, ""B2"": 2295.9791103710268}}",3.7349,0.1322341610773909,0.2324341652048754,0.6420658347951246,"[0.02, 0.0, 0.41387245849260174, 0.6246393191371725, 0.6020506451475169, 0.3837217224477737, 0.5311337075950596, 0.49375894846688745, 0.7970694287520462, 0.4679349528437208, 0.3030324268193135, 0.2784256121007733, 0.2548695876541246, 0.0]",75.0,75.0,61.0,4.3334,4.3334,25.8819,25.8819,6.3717,6.3717,False,0,3.5949,0.0,3.157,0.02,1.7792109953987494,plus,False,-1.4172915063905014,-1.3023059157099923,0.1149855906805088,True,True,1.0,True,100.0,105.09999999999992,0.0,True,[],,,
23,5-5,258,5-5/r258,perturb_wrong_r_low,2906.6939197117013,"{""0"": {""K"": 0.0, ""B1"": 3606.9384596401496, ""A1"": 1047.2134334562522, ""A2"": 1395.7732248371983, ""A3"": 4062.023521092618, ""A4"": 24.48366622992247, ""B2"": 3818.712145479863}}",3.7349,0.2324341652048754,0.2324341652048754,0.6420658347951246,"[0.625095466604667, 0.0, 0.7756856902451935, 0.22520718999059186, 0.30016628491122543, 0.8735534453962619, 0.005265304565574724, 0.8212284183827663, 0.7970694287520462, 0.4679349528437208, 0.3030324268193135, 0.2784256121007733, 0.2548695876541246, 0.05]",75.0,75.0,61.0,4.3334,4.3334,25.8819,25.8819,6.3717,6.3717,False,0,3.6028,0.049879,3.157,0.625095466604667,1.7020488428809706,plus,False,1.275319856767592,1.2569161137013436,0.0184037430662482,True,True,1.0,True,100.0,24.5,0.0,True,[],,,
24,5-5,258,5-5/r258,bo,120.47988856447417,"{""0"": {""K"": 0.0, ""B1"": 2999.637341435873, ""A1"": 3059.980827406985, ""A2"": 1103.6951306685105, ""A3"": 2916.808731058564, ""A4"": 4371.828914545184, ""B2"": 2707.3451583628603}}",3.7349,0.1567776183672183,0.2324341652048754,0.6420658347951246,"[0.025909653454725623, 0.8998205556239476, 0.6450832992335211, 0.6580603929907495, 0.23735379154161518, 0.627270694851304, 0.9401782611925127, 0.5822247652393248, 0.913250077221897, 0.6884971611189509, 0.23869339101731735, 0.3512882235388506, 0.2590360600867362, 0.298679929168746]",83.0,83.0,86.0,3.6256,3.6256,31.3466,31.3466,6.4759,6.4759,False,0,3.6421,0.298957,3.157,0.0259096534547256,1.7770593835485933,plus,False,-0.5390769161494852,-0.639861575894013,0.1007846597445278,True,True,1.0,True,100.0,60.40000000000009,0.0,True,[],0.1684301725086698,0.0471959257270814,0.0011823686746089
25,5-5,258,5-5/r258,bo,2827.86002111679,"{""0"": {""K"": 0.0, ""B1"": 26.486752532412904, ""A1"": 984.0850600613068, ""A2"": 1908.233804522482, ""A3"": 2989.9593552543115, ""A4"": 1771.0508618032134, ""B2"": 1488.9795359027642}}",3.7349,0.0904177758017647,0.2324341652048754,0.6420658347951246,"[0.6081419400251161, 0.5480740797542268, 0.00569607581342213, 0.21163119571210898, 0.4103728611876305, 0.6430020118826476, 0.38087115307595987, 0.3202106528823149, 0.3059337199416693, 0.9285590078918973, 0.016043061714199114, 0.030073502425646437, 0.25631142387846806, 0.44120224288069243]",38.0,38.0,112.0,1.1765,1.1765,7.2555,7.2555,6.4078,6.4078,False,0,3.6645,0.440925,3.157,0.6081419400251161,1.6188399010934396,minus,True,1.5075167889030956,2.010036393353782,0.5025196044506863,True,True,1.0,True,100.00000000000004,26.40000000000009,0.0,True,[],0.1538251030451002,0.0523827680191409,0.0009778230788187
26,5-5,258,5-5/r258,bo,2900.090779782095,"{""0"": {""K"": 0.0, ""B1"": 2094.9593891578656, ""A1"": 1031.4336369759899, ""A2"": 3472.070064341194, ""A3"": 1447.775465942126, ""A4"": 3667.017307010954, ""B2"": 1595.6439825108107}}",3.7349,0.1629837254117494,0.2324341652048754,0.6420658347951246,"[0.6236754365122785, 0.05091871451562335, 0.45052890089416464, 0.22181368537118062, 0.7466817342669235, 0.3113495625681991, 0.788605872475474, 0.34314924355071197, 0.037553741301013854, 0.4907866397405367, 0.1783211973413127, 0.8160994861881017, 0.398817626653971, 0.8743464630018941]",18.0,18.0,64.0,2.9615,2.9615,66.2075,66.2075,9.9704,9.9704,False,0,3.7329,0.874434,3.157,0.6236754365122785,1.930454217520332,minus,True,-0.4275011103622574,0.3975947422610312,0.8250958526232887,True,True,1.0,True,100.00000000000004,147.80000000000018,0.0,True,[],0.156826568023812,0.0500308568183361,0.0008905015871167
27,5-5,258,5-5/r258,bo,159.8965225585099,"{""0"": {""K"": 0.0, ""B1"": 752.2889000462256, ""A1"": 3126.8554463247347, ""A2"": 613.6820167103864, ""A3"": 596.0972310619827, ""A4"": 4503.293746530677, ""B2"": 3207.4578087152186}}",3.7349,0.134977488233619,0.2324341652048754,0.6420658347951246,"[0.03438634893731396, 0.09877308664813778, 0.16178255914972595, 0.6724420314676849, 0.13197462724954545, 0.1281929529165554, 0.9684502680711133, 0.6897758728419825, 0.9259976720426574, 0.737406957700425, 0.41134212185537933, 0.6466014777243744, 0.720080561189378, 0.7171469389328956]",84.0,84.0,91.0,5.5248,5.5248,53.4951,53.4951,18.002,18.002,False,0,3.7081,0.717255,3.157,0.0343863489373139,1.8222793734333675,minus,True,0.6758006833906562,1.2172290532035763,0.5414283698129203,True,True,1.0,True,100.0,17.600000000000023,0.0,True,[],0.162290174589135,0.0478637587339696,0.0009313826898585
28,5-5,258,5-5/r258,bo,2923.326888015044,"{""0"": {""K"": 0.0, ""B1"": 1150.979342472299, ""A1"": 1009.7833980237647, ""A2"": 4509.536123725163, ""A3"": 1293.660087828504, ""A4"": 3191.171042041477, ""B2"": 2699.265737980176}}",3.7349,0.2607521566107271,0.2607521566107271,0.6137478433892729,"[0.6286724490354934, 0.25716732837344713, 0.24752243924135464, 0.2171577200051107, 0.9697927147796049, 0.27820647050075353, 0.6862733423745112, 0.5804872554796077, 0.45486302961586367, 0.9574048682485948, 0.5172782117871467, 0.23366413423565147, 0.4824139717902306, 0.6397089660172351]",49.0,49.0,115.0,6.6901,6.6901,22.5248,22.5248,12.0603,12.0603,False,0,3.6959,0.639934,3.157,0.6286724490354934,1.8318771857191152,plus,False,-0.2063436221232166,-0.476680483259535,0.2703368611363184,True,True,1.0,True,100.0,140.4000000000001,0.0,True,[],0.1794776719103156,0.045095956239768,0.0016679997666179
29,5-5,258,5-5/r258,bo,2964.3219987489138,"{""0"": {""K"": 0.0, ""B1"": 1013.9522629235573, ""A1"": 983.4488986747347, ""A2"": 4554.553452460879, ""A3"": 77.57530880021793, ""A4"": 4261.333428755374, ""B2"": 3909.6132447987366}}",3.7349,0.1881700731742327,0.2607521566107271,0.6137478433892729,"[0.6374886018814868, 0.9247383744299796, 0.2180542500910876, 0.2114943868117709, 0.9794738607442751, 0.016682862107573748, 0.9164157911301881, 0.8407770418922014, 0.9101736806777206, 0.12165139091670207, 0.8442451617386169, 0.2278632376193992, 0.32760846792170517, 0.03444380076070663]",83.0,83.0,23.0,10.2867,10.2867,22.0897,22.0897,8.1902,8.1902,False,0,3.6004,0.034668,3.157,0.6374886018814868,1.6673371603049008,minus,True,1.0674917654590466,2.1585375019310487,1.091045736472002,True,True,1.0,True,100.0,30.5,0.0,True,[],0.1534216553741031,0.0520214512896208,0.0002168634497443
30,5-5,258,5-5/r258,bo,2976.025241869605,"{""0"": {""K"": 0.0, ""B1"": 3551.790880102519, ""A1"": 848.7842159814643, ""A2"": 125.72433817331569, ""A3"": 1748.1924675060002, ""A4"": 4336.5223536643925, ""B2"": 38.492967933077445}}",3.7349,0.0729204632891912,0.2607521566107271,0.6137478433892729,"[0.6400054283590548, 0.12093555746545448, 0.7638259957209719, 0.18253423999601381, 0.027037492080282943, 0.37595536935612905, 0.9325854524009447, 0.008278057620016654, 0.3110541898425889, 0.9152444115437146, 0.024800200166135822, 0.44944805138852606, 0.25404588541297457, 0.6573395191400803]",38.0,38.0,111.0,1.2728,1.2728,38.7086,38.7086,6.3511,6.3511,False,0,3.6986,0.657046,3.157,0.6400054283590548,1.7888270611694248,minus,True,1.3300756374080187,1.8358336743688284,0.5057580369608097,True,True,1.0,True,100.0,38.5,0.0,True,[],0.1885482595381076,0.0493007406055116,0.0009757447231945
31,5-5,258,5-5/r258,bo,149.58623247161205,"{""0"": {""K"": 0.0, ""B1"": 1751.7563596435298, ""A1"": 788.6108584929767, ""A2"": 464.1164384365264, ""A3"": 1342.1270167684036, ""A4"": 1452.0650497746678, ""B2"": 3646.573106620781}}",3.7349,0.1029872841967563,0.2607521566107271,0.6137478433892729,"[0.03216908225195958, 0.9663389260590217, 0.3767217977728021, 0.1695937330092423, 0.09980998676054331, 0.2886294659716997, 0.31227205371498234, 0.7842092702410282, 0.16201264759890144, 0.35678776449811356, 0.41029843270224675, 0.8881656837733378, 0.02403841723674327, 0.44302296116957274]",27.0,27.0,49.0,5.5133,5.5133,71.6124,71.6124,0.601,0.601,False,0,3.6648,0.442826,3.157,0.0321690822519595,1.667832272347053,minus,True,1.2403524803717068,1.884105083022778,0.6437526026510711,True,True,1.0,True,100.0,110.0,0.0,True,[],0.1474450451128509,0.0524185785502462,0.0001644593548039
32,5-5,258,5-5/r258,bo,2.877198517706953,"{""0"": {""K"": 0.0, ""B1"": 2827.3231248148004, ""A1"": 2202.8629825179983, ""A2"": 1531.235397848076, ""A3"": 3371.089948560439, ""A4"": 319.55376690023144, ""B2"": 3825.8312899147404}}",3.7349,0.0771725697371169,0.2607521566107271,0.6137478433892729,"[0.0006187523693993446, 0.37346839108929886, 0.6080264784547957, 0.4737339747350534, 0.3292979350210916, 0.7249655803355783, 0.06872124019359815, 0.8227594171859657, 0.1010785232392527, 0.11881812815336956, 0.9212731704926035, 0.7475035911193946, 0.039034699797330874, 0.312654985708016]",23.0,23.0,23.0,11.134,11.134,61.0628,61.0628,0.9759,0.9759,False,0,3.6443,0.3129,3.157,0.0006187523693993,1.839867153431836,plus,False,2.4613558919792,2.0348219235888068,0.4265339683903928,True,True,1.0,True,100.0,319.5,0.0,True,[],0.1460607464477022,0.0528693859495664,0.0001628778770491
33,5-5,258,5-5/r258,bo,2906.4453004235693,"{""0"": {""K"": 0.0, ""B1"": 1551.9233241886036, ""A1"": 911.006353213287, ""A2"": 2424.8008992061887, ""A3"": 3666.809860131548, ""A4"": 3672.7556718368264, ""B2"": 2727.681720611239}}",3.7349,0.3070836820359697,0.3070836820359697,0.5674163179640304,"[0.6250420000910901, 0.13905333583131585, 0.3337469514384094, 0.19591534477705097, 0.5214625589690728, 0.7885612602433436, 0.7898399294272745, 0.586598219486288, 0.5847185453782366, 0.9569669654188939, 0.7110034811776093, 0.8338492661376602, 0.22322496317560703, 0.6397961603376207]",59.0,59.0,115.0,8.821,8.821,67.5387,67.5387,5.5806,5.5806,False,0,3.6959,0.639934,3.157,0.6250420000910901,1.687538011200839,plus,False,-0.1951003682218493,-0.2732370057458967,0.0781366375240474,True,True,1.0,True,100.0,5.900000000000091,0.0,True,[],0.2153951199776397,0.0365553851147881,0.0010367997679104
34,5-5,258,5-5/r258,bo,2850.89815436774,"{""0"": {""K"": 0.0, ""B1"": 4129.587272238297, ""A1"": 956.4033833190135, ""A2"": 2775.2570126423198, ""A3"": 4321.481481533415, ""A4"": 4613.940800077447, ""B2"": 3274.685763851687}}",3.7349,0.174498996256231,0.3070836820359697,0.5674163179640304,"[0.613096377283385, 0.010497953703435092, 0.888083284352322, 0.2056781469503255, 0.5968294650843698, 0.929350856243745, 0.9922453333499887, 0.7042334976025134, 0.6567748808825857, 0.9469965548309374, 0.43699895145383527, 0.9315019207263239, 0.5655364073121921, 0.5018842254249352]",64.0,64.0,114.0,5.807,5.807,74.8626,74.8626,14.1384,14.1384,False,0,3.6741,0.501768,3.157,0.613096377283385,1.7583134853594569,plus,False,0.1113049186253573,-0.3673824609205247,0.478687379545882,True,True,1.0,True,100.0,36.09999999999991,0.0,True,[],0.2070083236387969,0.051242692507691,0.0002899284249567
35,5-5,258,5-5/r258,bo,2885.955166496645,"{""0"": {""K"": 0.0, ""B1"": 1876.303251121543, ""A1"": 635.7399778722856, ""A2"": 2814.6044656701065, ""A3"": 3063.4996871678572, ""A4"": 3892.710167426017, ""B2"": 2714.592249818617}}",3.7349,0.078009208091,0.3070836820359697,0.5674163179640304,"[0.6206355196766979, 0.026182091299463472, 0.4035060755100093, 0.1367182748112442, 0.6052912829398078, 0.6588171370253456, 0.837141971489466, 0.5837832795308854, 0.7611387980505643, 0.9912546423861528, 0.552413969292106, 0.21306294834983053, 0.5465069658037015, 0.13267904270628383]",72.0,72.0,119.0,7.0766,7.0766,20.9797,20.9797,13.6627,13.6627,False,0,3.6159,0.132905,3.157,0.6206355196766979,1.7639746857081002,minus,True,0.0413927486712858,0.8865116863531868,0.8451189376819008,True,True,1.0,True,100.0,100.09999999999992,0.0,True,[],0.1764963406304144,0.0584683108246388,0.0001569138149753
36,5-5,258,5-5/r258,bo,2900.467149734471,"{""0"": {""K"": 0.0, ""B1"": 1335.2278714327376, ""A1"": 1024.9295173792545, ""A2"": 2934.58847511695, ""A3"": 2293.657775906522, ""A4"": 85.70337713123654, ""B2"": 2414.579186109075}}",3.7349,0.1137006799206526,0.3070836820359697,0.5674163179640304,"[0.623756376286983, 0.5133800047676379, 0.2871457788027393, 0.22041494997403321, 0.6310942957240753, 0.49325973675409074, 0.01843083379166377, 0.5192643410987259, 0.9955000856625602, 0.311636552494698, 0.11567131894233118, 0.5518215671012174, 0.655265943108633, 0.03180221087471269]",90.0,90.0,44.0,2.2724,2.2724,46.3866,46.3866,16.3816,16.3816,False,0,3.5999,0.031499,3.157,0.623756376286983,1.8744802031434693,minus,True,1.6426677294604195,1.9738794270548876,0.3312116975944676,True,True,1.0,True,100.0,85.69999999999982,0.0,True,[],0.2226143696581039,0.0405689372090662,0.000136558726187
37,5-5,258,5-5/r258,bo,2992.765809602208,"{""0"": {""K"": 0.0, ""B1"": 1229.4597067458574, ""A1"": 806.3833214363839, ""A2"": 587.653654141524, ""A3"": 3622.6436513995977, ""A4"": 795.2223254369155, ""B2"": 3709.2179243974037}}",3.7349,0.0906852749181495,0.3070836820359697,0.5674163179640304,"[0.6436055504520877, 0.35239859869462553, 0.26439993693459296, 0.17341576805083525, 0.1263771299229084, 0.7790631508386232, 0.1710155538574012, 0.7976812740639578, 0.6471180269755228, 0.09591106502742774, 0.8019617623581724, 0.7665702193568541, 0.7662390580033206, 0.25018497109819915]",64.0,64.0,21.0,9.8216,9.8216,62.4928,62.4928,19.156,19.156,False,0,3.6344,0.250155,3.157,0.6436055504520877,1.822818043856088,minus,True,0.5177314164746203,1.2926255731136838,0.7748941566390635,True,True,1.0,True,100.0,11.099999999999907,0.0,True,[],0.1550748003872213,0.0571239774028971,3.84930727725398e-05
38,5-5,258,5-5/r258,bo,2869.429157050745,"{""0"": {""K"": 0.0, ""B1"": 2030.4265910963322, ""A1"": 1006.2259763324233, ""A2"": 63.137747417533205, ""A3"": 3818.427566570038, ""A4"": 3935.404438199309, ""B2"": 1508.0674836647906}}",3.7349,0.1380513584286321,0.3070836820359697,0.5674163179640304,"[0.6170815391506979, 0.7360177107897626, 0.43665087980566286, 0.21639268308224158, 0.013578010197318968, 0.8211672186172124, 0.8463235350966256, 0.3243155878849012, 0.48318257928722763, 0.959668684979552, 0.8126829705989206, 0.8702789531122584, 0.30958471128943743, 0.2743085964521216]",51.0,51.0,116.0,9.9395,9.9395,70.2709,70.2709,7.7396,7.7396,False,0,3.6382,0.274239,3.157,0.6170815391506979,1.7911585551757223,minus,True,1.6652457420485802,2.619893243250304,0.954647501201724,True,True,1.0,True,100.0,63.19999999999982,0.0,True,[],0.2331281941889155,0.0441661622948588,0.0004870871105941
39,5-5,258,5-5/r258,bo,2902.3722467830435,"{""0"": {""K"": 0.0, ""B1"": 2278.259059891926, ""A1"": 1401.3071288324957, ""A2"": 4243.056216049252, ""A3"": 3238.575510827486, ""A4"": 506.74726358295055, ""B2"": 2344.947994127067}}",3.7349,0.1593816385138098,0.3070836820359697,0.5674163179640304,"[0.6241660745769986, 0.765360883410663, 0.48994818492299486, 0.30135637179193453, 0.9124852077525273, 0.6964678517908572, 0.10897790614687108, 0.5042898912101219, 0.33047767227680513, 0.9447392639643113, 0.022361273083217004, 0.02142787157755055, 0.18062614056943593, 0.10517269631677706]",40.0,40.0,114.0,1.246,1.246,6.6071,6.6071,4.5157,4.5157,False,0,3.6115,0.105018,3.157,0.6241660745769986,1.9090196658924743,plus,False,1.396577115812033,0.3401027361483598,1.056474379663673,True,True,1.0,True,100.0,66.69999999999993,0.0,True,[],0.1463782003989296,0.0556666308086738,1.678286291006113e-05
40,5-5,258,5-5/r258,bo,3035.543602827648,"{""0"": {""K"": 0.0, ""B1"": 316.2344403566366, ""A1"": 1149.8503624754746, ""A2"": 1815.344409292027, ""A3"": 2224.90067730557, ""A4"": 1514.5273798284686, ""B2"": 4055.172176339307}}",3.7349,0.1013460447257315,0.3070836820359697,0.5674163179640304,"[0.6528050758769136, 0.7117248627507466, 0.06800740652830894, 0.2472796478441881, 0.39039664715957567, 0.47847326393668166, 0.32570481286633735, 0.8720800379224316, 0.3088221504492741, 0.9882469646950307, 0.760712685004426, 0.9750026568164715, 0.21850704823874556, 0.19116698002970978]",38.0,38.0,119.0,9.3678,9.3678,78.1252,78.1252,5.4627,5.4627,False,0,3.6251,0.191213,3.157,0.6528050758769136,1.551614184090862,plus,False,1.4917531938089417,1.68395377492238,0.1922005811134384,True,True,1.0,True,100.0,300.7999999999993,0.0,True,[],0.1544423187263911,0.0547591575069995,2.3246654414531426e-05
41,5-5,258,5-5/r258,bo,2943.834824300547,"{""0"": {""K"": 0.0, ""B1"": 2342.646689395527, ""A1"": 486.72166181618877, ""A2"": 1554.6495761940896, ""A3"": 1372.2498105845248, ""A4"": 3671.4881947436456, ""B2"": 3249.8258834703647}}",3.7349,0.1528080745627265,0.3070836820359697,0.5674163179640304,"[0.6330827579140962, 0.29532829001343464, 0.50379498696678, 0.10467132512176103, 0.33433324219227734, 0.2951074861472096, 0.7895673537083109, 0.6988872867678204, 0.7155285191700191, 0.9432853310298089, 0.07636779721752363, 0.4668576536955015, 0.15347803687406547, 0.5785150995252901]",69.0,69.0,114.0,1.84,1.84,40.0143,40.0143,3.837,3.837,False,0,3.6862,0.578456,3.157,0.6330827579140962,1.842262186135701,minus,True,1.019932558692997,1.730682955266818,0.7107503965738211,True,True,1.0,True,100.0,182.39999999999964,0.0,True,[],0.1469327366043807,0.0545423444752959,1.3574949998965837e-05
42,5-5,258,5-5/r258,bo,2901.755487641794,"{""0"": {""K"": 0.0, ""B1"": 470.07483335534715, ""A1"": 1363.4025079970884, ""A2"": 2591.2908788117848, ""A3"": 2666.405356274698, ""A4"": 3027.955740674416, ""B2"": 3964.8826844604396}}",3.7349,0.1620044323629377,0.3070836820359697,0.5674163179640304,"[0.6240334382025363, 0.2882712985275444, 0.10109136201190261, 0.29320484042948136, 0.5572668556584484, 0.5734205067257415, 0.6511732775643906, 0.8526629428947182, 0.8422928347018495, 0.13062557704902222, 0.4195495116611684, 0.7781917814141786, 0.6718918341982039, 0.256453104870881]",78.0,78.0,24.0,5.615,5.615,63.3644,63.3644,16.7973,16.7973,False,0,3.6354,0.256493,3.157,0.6240334382025363,1.7704017916835717,plus,False,1.1817716112572645,1.4160684165738058,0.2342968053165415,True,True,1.0,True,100.0,75.20000000000005,1.0,True,[],0.146008086117061,0.0538596854818091,1.0890634990109563e-05
43,5-5,258,5-5/r258,bo,6.799083563476516,"{""0"": {""K"": 0.0, ""B1"": 631.8590389717767, ""A1"": 1093.078375772827, ""A2"": 1108.4682090123495, ""A3"": 794.6791730442137, ""A4"": 2668.9084099185206, ""B2"": 3218.6895472243077}}",3.7349,0.090191796468978,0.3070836820359697,0.5674163179640304,"[0.0014621685082745195, 0.4010328269578317, 0.13588366429500576, 0.23507061844576926, 0.23838026000265577, 0.17089874689122875, 0.5739587978319399, 0.6921913004783458, 0.017713332490563616, 0.3594640063896981, 0.9938350234341805, 0.9725818018871293, 0.5771269740799905, 0.778470158003756]",16.0,16.0,50.0,11.9322,11.9322,77.9436,77.9436,14.4282,14.4282,False,0,3.7178,0.778733,3.157,0.0014621685082745,1.4760659127323883,plus,False,0.8851708189759442,-0.0360867607935262,0.9212575797694704,True,True,1.0,True,100.0,15.399999999999864,0.0,True,[],0.156347864536804,0.0512028770073148,1.1865460801826691e-05
44,5-5,258,5-5/r258,bo,2846.75493576554,"{""0"": {""K"": 0.0, ""B1"": 674.8968003964013, ""A1"": 768.5823153730884, ""A2"": 858.3440500269337, ""A3"": 2685.9177856932015, ""A4"": 2115.9724669150055, ""B2"": 2307.4820385753656}}",3.7349,0.1034319406058138,0.3070836820359697,0.5674163179640304,"[0.6122053625302236, 0.6878274974262435, 0.14513909685944115, 0.16528651943507278, 0.1845901182853621, 0.5776167281060648, 0.455047842347313, 0.49623269646782053, 0.3716159576395326, 0.9726781070991605, 0.6053372680424906, 0.7696163170364764, 0.841731267920733, 0.4285847757066603]",43.0,43.0,117.0,7.6587,7.6587,62.7212,62.7212,21.0433,21.0433,False,0,3.6626,0.428883,3.157,0.6122053625302236,1.389915257729471,plus,False,0.3940139374221584,0.2164235503943123,0.177590387027846,True,True,1.0,True,100.0,89.79999999999973,0.0,True,[],0.1470387072083611,0.0531611328499171,9.89658833153307e-06
45,5-5,258,5-5/r258,bo,2767.340413033397,"{""0"": {""K"": 0.0, ""B1"": 1545.4922286384708, ""A1"": 1340.346125187071, ""A2"": 3735.613942104309, ""A3"": 2259.1335886409634, ""A4"": 2841.7439354553085, ""B2"": 3834.9608132192225}}",3.7349,0.1695635908573561,0.3070836820359697,0.5674163179640304,"[0.5951269705448167, 0.7652519816273233, 0.33236392013730554, 0.28824647853485397, 0.8033578370116794, 0.4858351803528953, 0.611127728054905, 0.8247227555310156, 0.9734090956050033, 0.10907030168503284, 0.39881238433256916, 0.6362482888896589, 0.7055770123668531, 0.9334062870069454]",88.0,88.0,22.0,5.3869,5.3869,52.7186,52.7186,17.6394,17.6394,False,0,3.7422,0.933376,3.157,0.5951269705448167,1.734233395754818,plus,False,-1.1245749384888644,-1.2302658305051937,0.1056908920163293,True,True,1.0,True,100.0,99.29999999999995,0.0,True,[],0.1441647280670762,0.0526828742391735,7.171246006665712e-06
46,5-5,258,5-5/r258,bo,2986.012745366374,"{""0"": {""K"": 0.0, ""B1"": 2369.985794723515, ""A1"": 809.676055129943, ""A2"": 1828.1986756180415, ""A3"": 255.85157237309724, ""A4"": 971.9357237981445, ""B2"": 3884.5155491394066}}",3.7349,0.2095480799995534,0.3070836820359697,0.5674163179640304,"[0.6421532785734138, 0.9759706402803051, 0.5096743644566699, 0.17412388282364366, 0.39316100550925626, 0.05502184352109618, 0.20901843522540742, 0.8353796879869692, 0.2828972466154972, 0.9668517103334537, 0.1446783462240372, 0.3033308573290172, 0.46969662241681465, 0.2373026693655369]",36.0,36.0,116.0,2.5915,2.5915,27.7498,27.7498,11.7424,11.7424,False,0,3.6324,0.23748,3.157,0.6421532785734138,1.7982860044654505,minus,True,1.828021396871641,2.5616533787958597,0.7336319819242183,True,True,1.0,True,100.0,162.20000000000027,0.0,True,[],0.1451642205648022,0.05235582216494,7.088732133042299e-06
47,5-5,258,5-5/r258,bo,2818.094426315667,"{""0"": {""K"": 0.0, ""B1"": 354.346892070632, ""A1"": 1334.76560537858, ""A2"": 3658.9880406358106, ""A3"": 4070.3257717356237, ""A4"": 1411.4896111664084, ""B2"": 3760.9014524416734}}",3.7349,0.0708327117298473,0.3070836820359697,0.5674163179640304,"[0.6060418121108961, 0.1217725462383763, 0.07620363270336172, 0.2870463667480817, 0.7868791485238302, 0.8753388756420696, 0.30354615293901255, 0.8087960112777792, 0.5287806687556412, 0.9899048276977143, 0.3420189952758673, 0.1713410843289842, 0.5156973931311667, 0.6277527610981689]",55.0,55.0,119.0,4.7622,4.7622,17.8506,17.8506,12.8924,12.8924,False,0,3.694,0.627892,3.157,0.6060418121108961,1.7481413699050536,minus,True,0.8491666277154801,1.2367768503001226,0.3876102225846425,True,True,1.0,True,100.0,76.70000000000073,0.0,True,[],0.1591676856554788,0.0522527296679302,1.846129154473272e-05
48,5-5,258,5-5/r258,bo,3018.363282390579,"{""0"": {""K"": 0.0, ""B1"": 3243.5236569461613, ""A1"": 779.7036723741099, ""A2"": 3679.9450599634356, ""A3"": 996.4022957954171, ""A4"": 607.4712832369914, ""B2"": 3779.9534863315357}}",3.7349,0.1147442247889661,0.3070836820359697,0.5674163179640304,"[0.649110383309802, 0.71759688704007, 0.6975319692357336, 0.1676782091127118, 0.7913860344007388, 0.21428006361191765, 0.13063898564236376, 0.812893222866997, 0.9436320877940393, 0.47939614190038005, 0.11684983577491936, 0.4895304272546289, 0.1048031442801105, 0.09160266862661404]",86.0,86.0,63.0,2.2853,2.2853,41.7148,41.7148,2.6201,2.6201,False,0,3.6094,0.091709,3.157,0.649110383309802,1.866039764234084,plus,False,0.8105508107264535,0.5551285617216556,0.2554222490047979,True,True,1.0,True,100.0,100.0,0.0,True,[],0.1442870089796193,0.053265126031106,8.371394804904757e-06
49,5-5,258,5-5/r258,bo,2862.0135271028907,"{""0"": {""K"": 0.0, ""B1"": 2142.9940633848587, ""A1"": 714.0989547279069, ""A2"": 2391.632765849488, ""A3"": 2944.952543346923, ""A4"": 1739.9196655550238, ""B2"": 2741.8391686500468}}",3.7349,0.2298028659164044,0.3070836820359697,0.5674163179640304,"[0.6154867800221271, 0.43454955437157305, 0.46085893836233516, 0.15356966768342084, 0.514329627064406, 0.6333231276014888, 0.3741762721623707, 0.589642831967752, 0.8758771857784927, 0.949524107209528, 0.5440576479503091, 0.2219644753826865, 0.3556754637382158, 0.7063559986782219]",81.0,81.0,114.0,6.9846,6.9846,21.6473,21.6473,8.8919,8.8919,False,0,3.7064,0.706481,3.157,0.6154867800221271,1.815582909756241,plus,False,0.2206322237848519,0.2575874492587046,0.0369552254738526,True,True,1.0,True,100.0,203.1,0.0,True,[],0.174799214822316,0.0514984361945714,4.4368667207173495e-05
50,5-5,258,5-5/r258,bo,3006.9430599150883,"{""0"": {""K"": 0.0, ""B1"": 3685.1979881675475, ""A1"": 864.7560051920708, ""A2"": 829.7206478892051, ""A3"": 4288.686170315055, ""A4"": 3711.9951363561768, ""B2"": 78.46792553916889}}",3.7349,0.1836818029847098,0.3070836820359697,0.5674163179640304,"[0.6466544214871157, 0.09607340573413192, 0.7925156963801178, 0.18596903337463888, 0.17843454793316238, 0.9222981011430227, 0.7982785239475649, 0.01687482269659546, 0.5833834456039003, 0.964566786058924, 0.38865225553290894, 0.21302266765774436, 0.21754698427463748, 0.004787688145389213]",59.0,59.0,116.0,5.2752,5.2752,20.9767,20.9767,5.4387,5.4387,False,0,3.5957,0.00488,3.157,0.6466544214871157,1.8582421895764587,plus,False,1.2600383503041674,0.937906207395794,0.3221321429083733,True,True,1.0,True,100.0,26.800000000000185,0.0,True,[],0.1515412936527086,0.056947999499152,3.0121649297308768e-05
51,5-5,258,5-5/r258,bo,2922.979667680721,"{""0"": {""K"": 0.0, ""B1"": 398.40032445891836, ""A1"": 988.5550929236609, ""A2"": 2698.925267561255, ""A3"": 2939.9920788555155, ""A4"": 3264.818849438471, ""B2"": 4537.504661975131}}",3.7349,0.0743648590947907,0.3070836820359697,0.5674163179640304,"[0.6285977779958539, 0.41823105313211006, 0.08567748913095019, 0.21259249310186257, 0.5804140360346786, 0.6322563610441969, 0.7021115805244024, 0.9758074541882003, 0.05519022053048395, 0.4936783474377685, 0.7773806757103497, 0.8624811517865257, 0.03408390486791146, 0.5496183593617486]",19.0,19.0,64.0,9.5512,9.5512,69.6861,69.6861,0.8521,0.8521,False,0,3.6816,0.549302,3.157,0.6285977779958539,1.6243993334301294,minus,True,0.7286142555885504,1.081292714100082,0.3526784585115317,True,True,1.0,True,100.0,112.5,0.0,True,[],0.1530846359811182,0.056129254723597,2.8197422759918857e-05
52,5-5,258,5-5/r258,bo,2908.024397430405,"{""0"": {""K"": 0.0, ""B1"": 4420.880879119398, ""A1"": 669.0573043580362, ""A2"": 3628.842665056295, ""A3"": 2083.6208268407245, ""A4"": 1554.5343115103462, ""B2"": 2145.131709326901}}",3.7349,0.2054912556011511,0.3070836820359697,0.5674163179640304,"[0.6253815908452484, 0.7529877730547808, 0.950727070778365, 0.1438832912597927, 0.7803962720551172, 0.44809050039585474, 0.3343084540882465, 0.4613186471670755, 0.8618058096869228, 0.9596217812790658, 0.32228305630180054, 0.7064366679179125, 0.19710168201950207, 0.6375933783225798]",80.0,80.0,116.0,4.5451,4.5451,57.9828,57.9828,4.9275,4.9275,False,0,3.6955,0.637398,3.157,0.6253815908452484,1.7926087664087555,plus,False,1.323462497038958,0.1384130248734489,1.1850494721655092,True,True,1.0,True,100.0,61.599999999999966,0.0,True,[],0.1440451106726478,0.0566971398715757,1.8011121992023323e-05
53,5-5,258,5-5/r258,bo,2988.24669271632,"{""0"": {""K"": 0.0, ""B1"": 387.2150984704212, ""A1"": 2685.2319536684877, ""A2"": 2335.669592017284, ""A3"": 3963.60619042662, ""A4"": 3992.8715799898264, ""B2"": 3860.687593374528}}",3.7349,0.1479315525029502,0.3070836820359697,0.5674163179640304,"[0.6426336973583483, 0.5446097253707413, 0.08327206418718736, 0.5774692373480619, 0.5022945359176955, 0.8523884280487355, 0.8586820602128659, 0.8302553964246298, 0.6731732519865578, 0.9562080058816693, 0.454666164503441, 0.669382537530989, 0.5062179620234791, 0.5278464218147145]",65.0,65.0,115.0,6.0013,6.0013,55.2037,55.2037,12.6554,12.6554,False,0,3.6782,0.527753,3.157,0.6426336973583483,1.5506037567123738,minus,True,0.3935852455473704,1.5838589082925196,1.1902736627451491,True,True,1.0,True,100.0,29.199999999999815,0.0,True,[],0.1739786381364773,0.0479696424573466,1.9447324648813656e-05
54,5-5,258,5-5/r258,bo,3029.416096645503,"{""0"": {""K"": 0.0, ""B1"": 2450.960701210548, ""A1"": 1885.6779850230082, ""A2"": 2049.1882007734052, ""A3"": 979.4639125718732, ""A4"": 4382.043589477402, ""B2"": 3872.277641304286}}",3.7349,0.1049397639323075,0.3070836820359697,0.5674163179640304,"[0.6514873326119361, 0.4295417187466056, 0.5270883228409781, 0.40552214731677594, 0.4406856345749258, 0.210637400553091, 0.9423749654790111, 0.8327478798503841, 0.7173256780339696, 0.9935861653872808, 0.6149087636345707, 0.3445468997273572, 0.05913120473963762, 0.4788398250550606]",69.0,69.0,119.0,7.764,7.764,30.841,30.841,1.4783,1.4783,False,0,3.6705,0.478952,3.157,0.6514873326119361,1.7366504047301254,minus,True,-0.3049607773745527,0.5821762126099899,0.8871369899845426,True,True,1.0,True,100.0,163.5,0.0,True,[],0.1535613050164001,0.0531797900119011,1.5560157416422013e-05
55,5-5,258,5-5/r258,bo,2943.3748351052013,"{""0"": {""K"": 0.0, ""B1"": 7.952649407311546, ""A1"": 392.80712878798454, ""A2"": 1758.605347553761, ""A3"": 4247.28134547809, ""A4"": 131.17998249327943, ""B2"": 3938.6466942678503}}",3.7349,0.2168881468353864,0.3070836820359697,0.5674163179640304,"[0.632983835506495, 0.8472849413599961, 0.0017102471843680744, 0.08447465135225474, 0.37819469839865827, 0.9133938377372237, 0.0282107489232859, 0.8470207944662044, 0.4013744861683072, 0.1275260641028464, 0.7430386558235973, 0.8637072893729337, 0.8589473090858004, 0.5518416795403542]",45.0,45.0,24.0,9.1734,9.1734,69.778,69.778,21.4737,21.4737,False,0,3.682,0.551837,3.157,0.632983835506495,1.4986157220345857,plus,False,1.0237081319885106,0.9219134292683584,0.1017947027201522,True,True,1.0,True,100.0,7.900000000000091,0.0,True,[],0.1498158003200273,0.0522911274175428,9.730645291954531e-06
56,5-5,258,5-5/r258,bo,2948.902341831669,"{""0"": {""K"": 0.0, ""B1"": 3886.387768830201, ""A1"": 1400.966393073874, ""A2"": 2858.073303408427, ""A3"": 69.83110031738093, ""A4"": 4310.070552441138, ""B2"": 2724.6358327976063}}",3.7349,0.0726767547941437,0.3070836820359697,0.5674163179640304,"[0.6341725466304665, 0.9217573129259623, 0.8357823158774625, 0.3012830952847041, 0.6146394200878338, 0.015017440928469017, 0.9268968929980941, 0.5859431898489476, 0.8718393331846686, 0.9584183777377937, 0.7742816993012107, 0.8795296834890032, 0.6625491959618787, 0.9130761763355254]",80.0,80.0,115.0,9.5171,9.5171,70.9647,70.9647,16.5637,16.5637,False,0,3.739,0.913095,3.157,0.6341725466304665,1.8762914550474632,plus,False,1.416358427090252,1.6493304866066787,0.2329720595164266,True,True,1.0,True,100.0,69.79999999999973,0.0,True,[],0.2397505437398093,0.0394805515842467,0.0003741167946278
57,5-5,258,5-5/r258,bo,2616.5252298680707,"{""0"": {""K"": 0.0, ""B1"": 909.8942799168669, ""A1"": 963.611440280183, ""A2"": 3066.908128586632, ""A3"": 4523.723214921114, ""A4"": 3116.633296780877, ""B2"": 3872.6478328480653}}",3.7349,0.1689563249787932,0.3070836820359697,0.5674163179640304,"[0.5626935978210905, 0.056312558378662, 0.19567618922943375, 0.20722826672692107, 0.6595501351799208, 0.972843702133573, 0.670243719737823, 0.8328274909350678, 0.20972007213217436, 0.9992512004517734, 0.922004106723384, 0.0848901692704156, 0.8433377320312945, 0.8006023130042743]",31.0,31.0,120.0,11.142,11.142,11.3668,11.3668,21.0834,21.0834,False,0,3.7213,0.800915,3.157,0.5626935978210905,1.6626050575593123,plus,False,-0.3549964722382736,-0.7168106862011289,0.3618142139628553,True,True,1.0,True,100.0,49.79999999999996,0.0,True,[],0.1501183462406751,0.0536166905394951,1.3616883135163048e-05
58,5-5,258,5-5/r258,bo,2834.4151382844466,"{""0"": {""K"": 0.0, ""B1"": 654.4996984744736, ""A1"": 839.5496312084758, ""A2"": 339.85382042340575, ""A3"": 837.0884379568839, ""A4"": 979.1273841242756, ""B2"": 2991.82648372048}}",3.7349,0.1573274667343904,0.3070836820359697,0.5674163179640304,"[0.6095516426418165, 0.6592603275608363, 0.14075262332784377, 0.180548307786769, 0.07308684310180769, 0.1800190189154589, 0.21056502884393025, 0.6434035448861247, 0.3236136017868413, 0.9602282304985589, 0.49007399552491826, 0.797153997172499, 0.46653982603244304, 0.09608546435176135]",39.0,39.0,116.0,6.3908,6.3908,64.7865,64.7865,11.6635,11.6635,False,0,3.6101,0.096145,3.157,0.6095516426418165,1.4839092249890584,plus,False,1.2590929004156837,0.4600750725431846,0.7990178278724991,True,True,1.0,True,100.0,2.5,0.0,True,[],0.1820533978041315,0.0493839751424518,4.6774184947340994e-05
59,5-5,258,5-5/r258,bo,189.208655075088,"{""0"": {""K"": 0.0, ""B1"": 4400.067114362022, ""A1"": 3034.791714727454, ""A2"": 3431.946275494156, ""A3"": 4256.907761600133, ""A4"": 14.525687144602367, ""B2"": 1354.1274726989195}}",3.7349,0.0884894352945006,0.3070836820359697,0.5674163179640304,"[0.04069003334948129, 0.21647321936655384, 0.9462509923359187, 0.6526433795112804, 0.7380529624718615, 0.9154640347527168, 0.0031238036870112618, 0.29121020918256335, 0.5496386129367993, 0.693536857322332, 0.10680326186648836, 0.9785568934011638, 0.695046072756237, 0.8671727042534844]",56.0,56.0,86.0,2.1748,2.1748,78.3918,78.3918,17.3762,17.3762,False,0,3.7318,0.867463,3.157,0.0406900333494812,1.6421491692317316,plus,False,2.1609360096888435,1.1739419232193251,0.986994086469518,True,True,1.0,True,100.0,14.5,0.0,True,[],0.1573262290154958,0.051075035655531,1.2334165269937703e-05
0,4-6,283,4-6/r283,geometric_0,0.0,"{""0"": {""K"": 0.0, ""B1"": 664.2857142857143, ""A1"": 1328.5714285714287, ""A2"": 1992.8571428571431, ""A3"": 2657.1428571428573, ""A4"": 3321.428571428572, ""B2"": 3985.7142857142867}}",3.7343,0.0517102073794775,0.0517102073794775,0.8168897926205225,"[0.0, 0.0, 0.14285714285714288, 0.28571428571428575, 0.4285714285714286, 0.5714285714285715, 0.7142857142857144, 0.8571428571428573, 0.29333333333333333, 0.36363636363636365, 0.18181818181818182, 0.2, 0.0, 0.5]",37.0,37.0,50.0,3.0,3.0,20.0,20.0,0.0,0.0,False,0,3.7456,0.501506,2.9953,0.0,1.9459101490553132,plus,False,0.7222222222273251,0.7222222222243135,3.0115909765982e-12,True,True,1.0,True,100.0,664.1999999999998,1.0,True,[],,,
1,4-6,283,4-6/r283,geometric_1,0.0,"{""0"": {""K"": 0.0, ""B1"": 325.50000000000006, ""A1"": 1023.0, ""A2"": 1720.5, ""A3"": 2418.0, ""A4"": 3115.5, ""B2"": 3813.0000000000005}}",3.7343,0.0517102073794775,0.0517102073794775,0.8168897926205225,"[0.0, 0.0, 0.07, 0.22, 0.37, 0.52, 0.67, 0.8200000000000001, 0.29333333333333333, 0.36363636363636365, 0.18181818181818182, 0.2, 0.0, 0.5]",37.0,37.0,50.0,3.0,3.0,20.0,20.0,0.0,0.0,False,0,3.7456,0.501506,2.9953,0.0,1.917651908306252,plus,False,3.825499999999999,3.4366111111111106,0.3888888888888884,True,True,1.0,True,100.0,325.5,1.0,True,[],,,
2,4-6,283,4-6/r283,intrinsic_r_otsu,2906.6939197117013,"{""0"": {""K"": 0.0, ""B1"": 3606.9384596401496, ""A1"": 1047.2134334562522, ""A2"": 1395.7732248371983, ""A3"": 4062.023521092618, ""A4"": 24.48366622992247, ""B2"": 3818.712145479863}}",3.7343,0.1106703889432004,0.1106703889432004,0.7579296110567997,"[0.625095466604667, 0.8972138009695755, 0.7756856902451935, 0.22520718999059186, 0.30016628491122543, 0.8735534453962619, 0.005265304565574724, 0.8212284183827663, 0.7970694287520462, 0.4679349528437208, 0.3030324268193135, 0.2784256121007733, 0.2548695876541246, 0.0]",75.0,75.0,61.0,4.3334,4.3334,25.8819,25.8819,6.3717,6.3717,False,0,3.7343,0.0,2.9953,0.625095466604667,1.7020488428809706,plus,False,1.275319856767592,1.2569161137013436,0.0184037430662482,True,True,1.0,True,100.0,24.5,0.0,True,[],,,
3,4-6,283,4-6/r283,random,2346.149404154483,"{""0"": {""K"": 0.0, ""B1"": 4629.076317969926, ""A1"": 3685.8779243439517, ""A2"": 2893.1334169014062, ""A3"": 4598.664686720765, ""A4"": 1001.1854467955351, ""B2"": 744.9859574389772}}",3.7343,0.037105168700646,0.1106703889432004,0.7579296110567997,"[0.5045482589579533, 0.5534973520744925, 0.9955002834343927, 0.7926619192137531, 0.6221792294411627, 0.9889601476818849, 0.21530869823559895, 0.16021203385784455, 0.6125396042730308, 0.04394200796138337, 0.03568027877359614, 0.5148888202713703, 0.4662060253252891, 0.9171677731928523]",61.0,61.0,15.0,1.3925,1.3925,43.6167,43.6167,11.6552,11.6552,False,0,3.755,0.918952,2.9953,0.5045482589579533,1.858356258546,plus,False,-0.3987182945825119,-0.557121011126735,0.158402716544223,True,True,1.0,True,100.0,20.90000000000009,0.0,True,[],,,
4,4-6,283,4-6/r283,random,2925.9020833831987,"{""0"": {""K"": 0.0, ""B1"": 2310.461474579795, ""A1"": 1150.9443874270883, ""A2"": 54.842218772652245, ""A3"": 894.6699695316945, ""A4"": 3217.949362100552, ""B2"": 932.8212665395276}}",3.7343,0.1157960836133048,0.1157960836133048,0.7528039163866952,"[0.6292262544910104, 0.5141176465995139, 0.49687343539350426, 0.24751492202733083, 0.01179402554250586, 0.19240214398531064, 0.6920321208818392, 0.2006067239869952, 0.3695363106022067, 0.0037342420520759534, 0.8300477298017456, 0.15446108106143985, 0.26759930456378545, 0.8803321539808286]",43.0,43.0,10.0,10.1305,10.1305,16.5846,16.5846,6.69,6.69,False,0,3.7541,0.878984,2.9953,0.6292262544910104,1.8730249625200213,minus,True,1.4651391713753994,2.00715905319381,0.5420198818184105,True,True,1.0,True,100.0,38.09999999999991,0.0,True,[],,,
5,4-6,283,4-6/r283,random,2370.527265888168,"{""0"": {""K"": 0.0, ""B1"": 2974.684826282747, ""A1"": 3449.2349052326354, ""A2"": 425.4545635431623, ""A3"": 2516.318769400673, ""A4"": 2361.1408987966274, ""B2"": 4051.728101621895}}",3.7343,0.1052290198590647,0.1157960836133048,0.7528039163866952,"[0.5097908098684232, 0.8471502463658693, 0.6397171669425262, 0.7417709473618571, 0.09149560506304566, 0.5411438213764888, 0.50777223630035, 0.8713393766928806, 0.3612640590141576, 0.5981840672072131, 0.05925164234550362, 0.3876318011107287, 0.32303634625820665, 0.15019972907045187]",42.0,42.0,76.0,1.6518,1.6518,34.0724,34.0724,8.0759,8.0759,False,0,3.7377,0.150673,2.9953,0.5097908098684232,1.7352813753567913,plus,False,1.0888691935996375,0.9949212188572916,0.0939479747423458,True,True,1.0,True,100.0,155.10000000000002,0.0,True,[],,,
6,4-6,283,4-6/r283,random,3795.972182758702,"{""0"": {""K"": 0.0, ""B1"": 4551.17766251218, ""A1"": 2743.461372499338, ""A2"": 2813.5115803088083, ""A3"": 2966.6841006657446, ""A4"": 3145.4936337294657, ""B2"": 701.1642891329145}}",3.7343,0.1350062026611212,0.1350062026611212,0.7335937973388788,"[0.8163381038190757, 0.37944617155031246, 0.9787478844112216, 0.5899916930106103, 0.6050562538298513, 0.6379965807883322, 0.6764502438127883, 0.1507880191683687, 0.44031346718818754, 0.23956396182952333, 0.40249829810398163, 0.09670409393174562, 0.9678280510488214, 0.21500403735588003]",48.0,48.0,36.0,5.4275,5.4275,12.2528,12.2528,24.1957,24.1957,False,0,3.7391,0.212846,2.9953,0.8163381038190757,1.4704178581757068,plus,False,1.296722533367341,0.1933697088662705,1.1033528245010704,True,True,1.0,True,100.0,70.09999999999991,0.0,True,[],,,
7,4-6,283,4-6/r283,random,3123.708006142475,"{""0"": {""K"": 0.0, ""B1"": 4064.458171595196, ""A1"": 3079.2985332738103, ""A2"": 612.0135435086216, ""A3"": 3929.595592066671, ""A4"": 4394.008995824155, ""B2"": 4203.213065111059}}",3.7343,0.1058546703419457,0.1350062026611212,0.7335937973388788,"[0.6717651626112849, 0.3004200814790703, 0.8740770261495044, 0.6622147383384538, 0.13161581580830573, 0.8450743208745529, 0.9449481711449795, 0.9039167881959268, 0.5697191478592772, 0.1454599537609269, 0.19246349496833237, 0.9279056847445244, 0.5523264876672638, 0.18055249844891164]",58.0,58.0,26.0,3.1171,3.1171,74.5929,74.5929,13.8082,13.8082,False,0,3.7384,0.181759,2.9953,0.6717651626112849,1.7354254627337802,plus,False,0.4595772934494836,0.432233729012701,0.0273435644367826,True,True,1.0,True,100.0,134.89999999999964,0.0,True,[],,,
8,4-6,283,4-6/r283,random,4110.864558013585,"{""0"": {""K"": 0.0, ""B1"": 2649.078376303207, ""A1"": 1749.7384380041285, ""A2"": 1910.9420620306537, ""A3"": 1113.6248389705786, ""A4"": 176.96638311426176, ""B2"": 4074.4174577081103}}",3.7343,0.058223992502343,0.1350062026611212,0.7335937973388788,"[0.8840568941964699, 0.6415717052224807, 0.5696942744738079, 0.3762878361299201, 0.41095528215712984, 0.23948921268184487, 0.03805728669123909, 0.876218808109271, 0.4677302168140961, 0.5476351992137353, 0.3221633097802251, 0.7513249198549279, 0.025196870801760363, 0.37218527256520395]",50.0,50.0,70.0,4.5438,4.5438,61.3494,61.3494,0.6299,0.6299,False,0,3.7427,0.372719,2.9953,0.8840568941964699,1.7244218378159588,minus,True,1.8766001655914537,2.7294812044379104,0.8528810388464567,True,True,1.0,True,100.0,161.20000000000005,0.0,True,[],,,
9,4-6,283,4-6/r283,random,141.12886888611908,"{""0"": {""K"": 0.0, ""B1"": 4497.23929459776, ""A1"": 3058.587394679092, ""A2"": 1991.224145711088, ""A3"": 2435.3915017837335, ""A4"": 4058.562819826201, ""B2"": 1600.5796015315218}}",3.7343,0.0528052533786492,0.1350062026611212,0.7335937973388788,"[0.03035029438411163, 0.12289210220500935, 0.9671482353973677, 0.6577607300385144, 0.4282202463894813, 0.5237401079104803, 0.8728092085647744, 0.3442106669960262, 0.5902909822897147, 0.6836843733395437, 0.35541377702351207, 0.5190984864959901, 0.7652473832785226, 0.9091793139905502]",59.0,59.0,85.0,4.9096,4.9096,43.9324,43.9324,19.1312,19.1312,False,0,3.7548,0.91007,2.9953,0.0303502943841116,1.8142393329605413,plus,False,-1.8522850456967568,-2.06748188266673,0.2151968369699726,True,True,1.0,True,100.0,152.70000000000073,0.0,True,[],,,
10,4-6,283,4-6/r283,random,702.439593057192,"{""0"": {""K"": 0.0, ""B1"": 24.081726041759467, ""A1"": 3501.345391729556, ""A2"": 3768.9497609751897, ""A3"": 635.9528396730042, ""A4"": 1947.901976746311, ""B2"": 3790.9416926769622}}",3.7343,0.0640391952826916,0.1350062026611212,0.7335937973388788,"[0.1510622780768155, 0.9334193923074285, 0.005178865815432143, 0.752977503597754, 0.8105268303172452, 0.13676405154258153, 0.41890365091318515, 0.8152562779950456, 0.014271189684610608, 0.6284619478662907, 0.7930236580980341, 0.5130035828222085, 0.7258494205510871, 0.22642348269714407]",16.0,16.0,79.0,9.7233,9.7233,43.4753,43.4753,18.1462,18.1462,False,0,3.7394,0.226169,2.9953,0.1510622780768155,1.5982099193957546,plus,False,1.39748309058874,1.2187743642339612,0.1787087263547786,True,True,1.0,True,100.0,22.0,0.0,True,[],,,
11,4-6,283,4-6/r283,random,923.1233381659288,"{""0"": {""K"": 0.0, ""B1"": 834.2380281872313, ""A1"": 1609.1856918730248, ""A2"": 4408.776885560288, ""A3"": 2665.997136891712, ""A4"": 1581.3165135069053, ""B2"": 1262.5894821108516}}",3.7343,0.0767666884867967,0.1350062026611212,0.7335937973388788,"[0.19852114799267284, 0.3631269505503516, 0.17940602756714652, 0.34606143911247844, 0.9481240614108147, 0.5733327176111209, 0.34006806742083984, 0.2715246198087853, 0.9520394907075223, 0.44447820964711326, 0.9803947508805895, 0.515522669106271, 0.521166129026224, 0.8965405237160008]",86.0,86.0,59.0,11.7843,11.7843,43.6642,43.6642,13.0292,13.0292,False,0,3.7545,0.896748,2.9953,0.1985211479926728,1.812933477081816,plus,False,-0.0668613344532113,0.0147273250122528,0.0815886594654642,True,True,1.0,True,100.0,27.90000000000009,0.0,True,[],,,
12,4-6,283,4-6/r283,random,3453.8684946999338,"{""0"": {""K"": 0.0, ""B1"": 1983.9201928386012, ""A1"": 4083.5735462950042, ""A2"": 1914.154597067031, ""A3"": 4290.832029183373, ""A4"": 319.5263873666561, ""B2"": 1999.4854078404082}}",3.7343,0.1469542520443841,0.1469542520443841,0.721645747955616,"[0.7427674182150396, 0.5806528638528226, 0.4266495038362583, 0.8781878594182805, 0.4116461499068884, 0.9227595761684675, 0.06871535212186153, 0.42999686190116304, 0.519514819877859, 0.9509381955818498, 0.25099924666475815, 0.8060391472621088, 0.6764711999985934, 0.717085904281123]",54.0,54.0,115.0,3.761,3.761,65.4529,65.4529,16.9118,16.9118,False,0,3.7505,0.719111,2.9953,0.7427674182150396,1.8885443468618484,plus,False,1.517037933131731,0.4104470239936031,1.106590909138128,True,True,1.0,True,100.0,15.600000000000025,0.0,True,[],,,
13,4-6,283,4-6/r283,random,2927.7431502069467,"{""0"": {""K"": 0.0, ""B1"": 1546.9687853326607, ""A1"": 1851.981352509073, ""A2"": 943.5396477928504, ""A3"": 235.77385701605786, ""A4"": 990.0231066353273, ""B2"": 4256.909446626173}}",3.7343,0.0467170327892195,0.1469542520443841,0.721645747955616,"[0.6296221828402035, 0.97156070846158, 0.33268145921132486, 0.39827555967937056, 0.2029117522135162, 0.05070405527227051, 0.2129081949753392, 0.9154643971239083, 0.8401688171583896, 0.11240574149257898, 0.6037790253168653, 0.4791964948896248, 0.5946848704882786, 0.6592750066090632]",78.0,78.0,22.0,7.6416,7.6416,40.9397,40.9397,14.8671,14.8671,False,0,3.7492,0.661379,2.9953,0.6296221828402035,1.635822503506163,plus,False,1.0285778739694238,0.9798911227537034,0.0486867512157204,True,True,1.0,True,100.0,46.5,0.0,True,[],,,
14,4-6,283,4-6/r283,random,1425.9666326332542,"{""0"": {""K"": 0.0, ""B1"": 2166.1561630342308, ""A1"": 2920.668975121817, ""A2"": 2953.801755133666, ""A3"": 855.0856937700639, ""A4"": 287.67419442713975, ""B2"": 1913.5532292655835}}",3.7343,0.0395530296847236,0.1469542520443841,0.721645747955616,"[0.3066594908888719, 0.9613508447364569, 0.4658400350611249, 0.6281008548649069, 0.6352261838997132, 0.18388939650969116, 0.06186541815637414, 0.4115168234979749, 0.7640300884384686, 0.8152217882917717, 0.729989249002065, 0.113204952525223, 0.9133548615310455, 0.8020365779972838]",72.0,72.0,100.0,9.0299,9.0299,13.4904,13.4904,22.8339,22.8339,False,0,3.7524,0.803488,2.9953,0.3066594908888719,1.7016821941429168,minus,True,0.742048451632441,1.130530803255927,0.3884823516234859,True,True,1.0,True,100.0,33.19999999999982,0.0,True,[],,,
15,4-6,283,4-6/r283,random,4081.264854920331,"{""0"": {""K"": 0.0, ""B1"": 4257.7047732184055, ""A1"": 216.93290648557536, ""A2"": 140.8430777819492, ""A3"": 94.00241610608298, ""A4"": 1175.3743524789222, ""B2"": 1155.8494454217705}}",3.7343,0.0589209713862401,0.1469542520443841,0.721645747955616,"[0.8776913666495335, 0.5233041529751773, 0.9156354351007324, 0.04665223795388718, 0.030288833931601977, 0.020215573356146876, 0.2527686779524564, 0.24856977320898288, 0.18750333435596656, 0.5670558183853956, 0.038985841033045365, 0.5903878678348518, 0.16601115304721703, 0.6778737085673094]",29.0,29.0,72.0,1.4288,1.4288,49.2791,49.2791,4.1503,4.1503,False,0,3.7496,0.679143,2.9953,0.8776913666495335,1.7957132949951884,plus,False,0.8658011630568975,1.0131808235901714,0.1473796605332739,True,True,1.0,True,100.0,19.5,0.0,True,[],,,
16,4-6,283,4-6/r283,random,98.00039816409353,"{""0"": {""K"": 0.0, ""B1"": 4363.286983920455, ""A1"": 2503.5431664291877, ""A2"": 3773.881422772391, ""A3"": 3059.8212794945252, ""A4"": 2839.991153102897, ""B2"": 889.3249623947728}}",3.7343,0.203559034767146,0.203559034767146,0.6650409652328539,"[0.02107535444389108, 0.3105701970531949, 0.9383412868646139, 0.5383963798772446, 0.8115874027467508, 0.6580260816117258, 0.6107507856135262, 0.19125268008489738, 0.574394748257806, 0.039686418459000006, 0.8016644050918733, 0.9600709170261761, 0.8540090713418452, 0.0507096459660612]",58.0,58.0,14.0,9.8183,9.8183,77.0053,77.0053,21.3502,21.3502,False,0,3.7354,0.048532,2.9953,0.021075354443891,1.8885009093896168,plus,False,1.0382107999430292,-0.1699032370512524,1.2081140369942818,True,True,1.0,True,100.0,219.80000000000015,0.0,True,[],,,
17,4-6,283,4-6/r283,random,1574.769387718016,"{""0"": {""K"": 0.0, ""B1"": 524.1340115113454, ""A1"": 2913.744959875763, ""A2"": 3708.18051545345, ""A3"": 1458.804844810434, ""A4"": 4012.0629423721166, ""B2"": 3706.640144734503}}",3.7343,0.1091887386956459,0.203559034767146,0.6650409652328539,"[0.33866008338021847, 0.31800319786228226, 0.11271699172286997, 0.626611819328121, 0.7974581753663333, 0.3137214720022439, 0.8628092349187347, 0.7971269128461297, 0.12913794147432478, 0.7668591567381553, 0.8826207199019183, 0.19728256983174652, 0.5736411794985231, 0.6387499660221029]",25.0,25.0,94.0,10.7088,10.7088,19.7962,19.7962,14.341,14.341,False,0,3.7487,0.639174,2.9953,0.3386600833802184,1.7478262868042485,minus,True,-0.0217924939104854,0.8608178226074625,0.882610316517948,True,True,1.0,True,100.0,1.5,0.0,True,[],,,
18,4-6,283,4-6/r283,random,2833.404297340589,"{""0"": {""K"": 0.0, ""B1"": 3074.5402937195136, ""A1"": 2938.5894697597614, ""A2"": 3831.0675238593667, ""A3"": 3736.3340509560267, ""A4"": 1521.3321668868489, ""B2"": 3357.5200981084754}}",3.7343,0.155094580377594,0.203559034767146,0.6650409652328539,"[0.6093342574925998, 0.09624567762804348, 0.6611914610149492, 0.6319547246795186, 0.8238854890020143, 0.8035126991303283, 0.32716820793265566, 0.7220473329265539, 0.867273387572356, 0.8929477581907895, 0.16151232694699924, 0.026702350086284632, 0.6508074434222286, 0.21467627274376333]",80.0,80.0,108.0,2.7766,2.7766,7.0027,7.0027,16.2702,16.2702,False,0,3.7391,0.212846,2.9953,0.6093342574925998,1.8115084845968752,plus,False,-1.2964438013817658,-1.3669188010042717,0.0704749996225058,True,True,1.0,True,100.0,94.79999999999995,0.0,True,[],,,
19,4-6,283,4-6/r283,random,2621.250217841872,"{""0"": {""K"": 0.0, ""B1"": 1763.8362527744398, ""A1"": 1175.4016592870264, ""A2"": 2122.7717323226925, ""A3"": 3056.1841967089113, ""A4"": 470.1102005241633, ""B2"": 1769.7191502775236}}",3.7343,0.0493296230710852,0.203559034767146,0.6650409652328539,"[0.5637097242670692, 0.9448045298068409, 0.3793196242525677, 0.25277455038430674, 0.4565100499618694, 0.6572439132707336, 0.10109896785465877, 0.3805847635005427, 0.1337211888385227, 0.6624462216142538, 0.8305525322631839, 0.37685378140878245, 0.3717239527744183, 0.5395216589474345]",25.0,25.0,83.0,10.1361,10.1361,33.264,33.264,9.2931,9.2931,False,0,3.7465,0.541474,2.9953,0.5637097242670692,1.8138939100443463,plus,False,0.4373219271766823,0.1324382251008861,0.3048837020757961,True,True,1.0,True,100.0,5.899999999999636,0.0,True,[],,,
20,4-6,283,4-6/r283,random,1000.0186753171351,"{""0"": {""K"": 0.0, ""B1"": 1533.8131172632256, ""A1"": 2127.029496342711, ""A2"": 379.12129040696635, ""A3"": 3500.204434106576, ""A4"": 2692.6037710960322, ""B2"": 1393.5765089408305}}",3.7343,0.0911937330600799,0.203559034767146,0.6650409652328539,"[0.21505777963809358, 0.2474095916167709, 0.3298522832824141, 0.45742569813821743, 0.08153146030257341, 0.7527321363670056, 0.5790545744292542, 0.2996938728905012, 0.07754657235100282, 0.7631809514014812, 0.1310789882913207, 0.13320664234967827, 0.13068424580727667, 0.08126231111599047]",21.0,21.0,94.0,2.4419,2.4419,14.9905,14.9905,3.2671,3.2671,False,0,3.7361,0.079618,2.9953,0.2150577796380935,1.844683229962505,minus,True,0.935113089622986,1.5002156601389305,0.5651025705159443,True,True,1.0,True,100.0,140.20000000000027,0.0,True,[],,,
21,4-6,283,4-6/r283,random,4214.724499111195,"{""0"": {""K"": 0.0, ""B1"": 1424.8091933119, ""A1"": 3872.4935415096143, ""A2"": 2882.6440876598767, ""A3"": 870.2167474143425, ""A4"": 2021.8823675511383, ""B2"": 4110.2394609579815}}",3.7343,0.0401412119544298,0.203559034767146,0.6650409652328539,"[0.906392365400257, 0.2692442996733905, 0.3064105792068602, 0.8327943100020676, 0.6199234597118014, 0.18714338654071883, 0.4348134123765889, 0.8839224647221466, 0.3753740170194637, 0.7108815531965337, 0.09680770883646805, 0.7273247767385439, 0.7764735240652465, 0.8257667817021326]",43.0,43.0,88.0,2.0649,2.0649,59.5494,59.5494,19.4118,19.4118,False,0,3.7529,0.825693,2.9953,0.9063923654002568,1.8204106720250324,plus,False,-0.4114036799189016,-0.3134888457945511,0.0979148341243505,True,True,1.0,True,100.0,237.80000000000015,0.0,True,[],,,
22,4-6,283,4-6/r283,random,3135.034605523732,"{""0"": {""K"": 0.0, ""B1"": 298.58580077238184, ""A1"": 2412.3094883803715, ""A2"": 3522.18856467724, ""A3"": 887.3976462269989, ""A4"": 1238.0031037501876, ""B2"": 2492.9581970640807}}",3.7343,0.2183688993664355,0.2183688993664355,0.6502311006335645,"[0.6742009904352112, 0.37073279482625254, 0.06421200016610362, 0.5187762340602949, 0.7574599063822021, 0.19083820348967717, 0.2662372266129436, 0.5361200423793722, 0.7483315628979192, 0.8965867307591795, 0.12574151753416918, 0.18427021286649659, 0.7995369713881428, 0.6445216230234747]",71.0,71.0,109.0,2.3832,2.3832,18.8203,18.8203,19.9884,19.9884,False,0,3.7488,0.643615,2.9953,0.6742009904352112,1.7649971554709298,plus,False,1.909518863613289,1.4728184493425605,0.4367004142707285,True,True,1.0,True,100.0,80.70000000000005,0.0,True,[],,,
23,4-6,283,4-6/r283,random,3352.523481916395,"{""0"": {""K"": 0.0, ""B1"": 4367.186807912597, ""A1"": 3920.066560813376, ""A2"": 3613.588512097296, ""A3"": 1836.8393507099315, ""A4"": 2981.7153643356405, ""B2"": 857.672237376592}}",3.7343,0.1060210020316441,0.2183688993664355,0.6502311006335645,"[0.7209727918099774, 0.9967711650313137, 0.9391799586908811, 0.8430250668415862, 0.777115809053182, 0.3950192152064369, 0.6412291106098151, 0.1844456424465789, 0.7594944652808059, 0.7576906645183887, 0.721295213634719, 0.444799024426779, 0.3781803287908211, 0.41977093236994134]",72.0,72.0,93.0,8.9342,8.9342,38.3599,38.3599,9.4545,9.4545,False,0,3.7438,0.421569,2.9953,0.7209727918099774,1.8803033325549456,plus,False,0.5214772807396474,-0.3845653877172321,0.9060426684568796,True,True,1.0,True,100.0,282.8000000000002,0.0,True,[],,,
24,4-6,283,4-6/r283,perturb_small_segment,3135.034605523732,"{""0"": {""K"": 0.0, ""B1"": 325.50000000000006, ""A1"": 1023.0, ""A2"": 1720.5, ""A3"": 2418.0, ""A4"": 3115.5, ""B2"": 3813.0000000000005}}",3.7343,0.0435263044415696,0.2183688993664355,0.6502311006335645,"[0.6742009904352112, 0.0, 0.07, 0.22, 0.37, 0.52, 0.67, 0.8200000000000001, 0.7483315628979192, 0.8965867307591795, 0.12574151753416918, 0.18427021286649659, 0.7995369713881428, 0.6445216230234747]",71.0,71.0,109.0,2.3832,2.3832,18.8203,18.8203,19.9884,19.9884,False,0,3.7488,0.643615,2.9953,0.6742009904352112,1.917651908306252,plus,False,3.825499999999999,3.4366111111111106,0.3888888888888884,True,True,1.0,True,100.0,325.5,1.0,True,[],,,
25,4-6,283,4-6/r283,perturb_wrong_k,3612.436800985116,"{""0"": {""K"": 0.0, ""B1"": 298.58580077238184, ""A1"": 2412.3094883803715, ""A2"": 3522.18856467724, ""A3"": 887.3976462269989, ""A4"": 1238.0031037501876, ""B2"": 2492.9581970640807}}",3.7343,0.1203154255164865,0.2183688993664355,0.6502311006335645,"[0.776868129244111, 0.0, 0.06421200016610362, 0.5187762340602949, 0.7574599063822021, 0.19083820348967717, 0.2662372266129436, 0.5361200423793722, 0.7483315628979192, 0.8965867307591795, 0.12574151753416918, 0.18427021286649659, 0.7995369713881428, 0.6445216230234747]",71.0,71.0,109.0,2.3832,2.3832,18.8203,18.8203,19.9884,19.9884,False,0,3.7488,0.643615,2.9953,0.776868129244111,1.7649971554709298,plus,False,1.9095188636132885,1.4728184493425602,0.4367004142707282,True,True,1.0,True,99.99999999999996,80.70000000000005,0.0,True,[],,,
26,4-6,283,4-6/r283,perturb_wrong_r_high,3135.034605523732,"{""0"": {""K"": 0.0, ""B1"": 298.58580077238184, ""A1"": 2412.3094883803715, ""A2"": 3522.18856467724, ""A3"": 887.3976462269989, ""A4"": 1238.0031037501876, ""B2"": 2492.9581970640807}}",3.7343,0.1473822292547571,0.2183688993664355,0.6502311006335645,"[0.6742009904352112, 0.0, 0.06421200016610362, 0.5187762340602949, 0.7574599063822021, 0.19083820348967717, 0.2662372266129436, 0.5361200423793722, 0.7483315628979192, 0.8965867307591795, 0.12574151753416918, 0.18427021286649659, 0.7995369713881428, 0.95]",71.0,71.0,109.0,2.3832,2.3832,18.8203,18.8203,19.9884,19.9884,False,0,3.7557,0.950039,2.9953,0.6742009904352112,1.7649971554709298,plus,False,1.909518863613289,1.4728184493425605,0.4367004142707285,True,True,1.0,True,100.0,80.70000000000005,0.0,True,[],,,
27,4-6,283,4-6/r283,perturb_guardrail_smoke,4557.0,"{""0"": {""K"": 0.0, ""B1"": 1790.3752967167154, ""A1"": 1874.1465449959699, ""A2"": 2429.5593426914816, ""A3"": 2250.0508856240403, ""A4"": 2674.297106902327, ""B2"": 1893.327361180568}}",3.7343,0.0453876860394932,0.2183688993664355,0.6502311006335645,"[0.98, 0.0, 0.38502694553047645, 0.40304226774106877, 0.5224858801487057, 0.48388191088689037, 0.5751176573983499, 0.407167174447434, 0.7483315628979192, 0.8965867307591795, 0.12574151753416918, 0.18427021286649659, 0.7995369713881428, 0.6445216230234747]",71.0,71.0,109.0,2.3832,2.3832,18.8203,18.8203,19.9884,19.9884,False,0,3.7488,0.643615,2.9953,0.98,1.5695754217971885,plus,False,-1.7159292920431857,-1.859070794623708,0.143141502580522,True,True,1.0,True,100.0,19.200000000000045,0.0,True,[],,,
28,4-6,283,4-6/r283,perturb_weak_hough,3135.034605523732,"{""0"": {""K"": 0.0, ""B1"": 298.58580077238184, ""A1"": 2412.3094883803715, ""A2"": 3522.18856467724, ""A3"": 887.3976462269989, ""A4"": 1238.0031037501876, ""B2"": 2492.9581970640807}}",3.7343,0.2183688993664355,0.2183688993664355,0.6502311006335645,"[0.6742009904352112, 0.0, 0.06421200016610362, 0.5187762340602949, 0.7574599063822021, 0.19083820348967717, 0.2662372266129436, 0.5361200423793722, 0.987919501945808, 0.9081148445965966, 0.12574151753416918, 0.18427021286649659, 0.7995369713881428, 0.6445216230234747]",89.0,89.0,110.0,2.3832,2.3832,18.8203,18.8203,19.9884,19.9884,False,0,3.7488,0.643615,2.9953,0.6742009904352112,1.7649971554709298,plus,False,1.909518863613289,1.4728184493425605,0.4367004142707285,True,True,1.0,True,100.0,80.70000000000005,0.0,True,[],,,
29,4-6,283,4-6/r283,perturb_misaligned,3501.7885564326957,"{""0"": {""K"": 0.0, ""B1"": 102.16318778161393, ""A1"": 2530.9825156226684, ""A2"": 3703.719022044662, ""A3"": 1122.0767915349682, ""A4"": 1027.849932917074, ""B2"": 2265.1881286026787}}",3.7343,0.0434758771929824,0.2183688993664355,0.6502311006335645,"[0.7530728078349882, 0.0, 0.02197057801755138, 0.5442973151876707, 0.7964987144182069, 0.24130683688924048, 0.2210429963262525, 0.4871372319575653, 0.7483315628979192, 0.8965867307591795, 0.12574151753416918, 0.18427021286649659, 0.7995369713881428, 0.6445216230234747]",71.0,71.0,109.0,2.3832,2.3832,18.8203,18.8203,19.9884,19.9884,False,0,3.7488,0.643615,2.9953,0.7530728078349882,1.7138383168684117,minus,True,1.336443509748897,1.9313277538129592,0.5948842440640623,True,True,1.0,True,100.0,94.29999999999929,0.0,True,[],,,
30,4-6,283,4-6/r283,perturb_wrong_k,2355.947522218657,"{""0"": {""K"": 0.0, ""B1"": 298.58580077238184, ""A1"": 2412.3094883803715, ""A2"": 3522.18856467724, ""A3"": 887.3976462269989, ""A4"": 1238.0031037501876, ""B2"": 2492.9581970640807}}",3.7343,0.069329958531027,0.2183688993664355,0.6502311006335645,"[0.5066553811222918, 0.0, 0.06421200016610362, 0.5187762340602949, 0.7574599063822021, 0.19083820348967717, 0.2662372266129436, 0.5361200423793722, 0.7483315628979192, 0.8965867307591795, 0.12574151753416918, 0.18427021286649659, 0.7995369713881428, 0.6445216230234747]",71.0,71.0,109.0,2.3832,2.3832,18.8203,18.8203,19.9884,19.9884,False,0,3.7488,0.643615,2.9953,0.5066553811222918,1.7649971554709298,plus,False,1.9093886264863809,1.4726981492854878,0.436690477200893,True,True,1.0,True,100.0,80.60000000000001,0.0,True,[],,,
31,4-6,283,4-6/r283,perturb_offset_shift,3135.034605523732,"{""0"": {""K"": 0.0, ""B1"": 345.8705841235067, ""A1"": 2286.7802895063037, ""A2"": 3575.788670062139, ""A3"": 1134.7481300949419, ""A4"": 1105.7134339987974, ""B2"": 2861.9531885918636}}",3.7343,0.1007550533190909,0.2183688993664355,0.6502311006335645,"[0.6742009904352112, 0.0, 0.07438077077924876, 0.49178070742071045, 0.7689868107660514, 0.2440318559343961, 0.23778783526855857, 0.6154738039982502, 0.7483315628979192, 0.8965867307591795, 0.12574151753416918, 0.18427021286649659, 0.7995369713881428, 0.6445216230234747]",71.0,71.0,109.0,2.3832,2.3832,18.8203,18.8203,19.9884,19.9884,False,0,3.7488,0.643615,2.9953,0.6742009904352112,1.7681801617740298,plus,False,1.285372423020343,1.3368875300527678,0.0515151070324249,True,True,1.0,True,100.0,29.100000000000364,0.0,True,[],,,
32,4-6,283,4-6/r283,perturb_ambiguous_lines,3135.034605523732,"{""0"": {""K"": 0.0, ""B1"": 298.58580077238184, ""A1"": 2412.3094883803715, ""A2"": 3522.18856467724, ""A3"": 887.3976462269989, ""A4"": 1238.0031037501876, ""B2"": 2492.9581970640807}}",3.7343,0.2183688993664355,0.2183688993664355,0.6502311006335645,"[0.6742009904352112, 0.0, 0.06421200016610362, 0.5187762340602949, 0.7574599063822021, 0.19083820348967717, 0.2662372266129436, 0.5361200423793722, 0.7483315628979192, 0.8965867307591795, 0.8706724231524896, 0.9640559943985273, 0.7995369713881428, 0.6445216230234747]",71.0,71.0,109.0,10.5774,10.5774,77.3042,77.3042,19.9884,19.9884,False,0,3.7488,0.643615,2.9953,0.6742009904352112,1.7649971554709298,plus,False,1.909518863613289,1.4728184493425605,0.4367004142707285,True,True,1.0,True,100.0,80.70000000000005,0.0,True,[],,,
33,4-6,283,4-6/r283,perturb_wrong_r_low,3135.034605523732,"{""0"": {""K"": 0.0, ""B1"": 298.58580077238184, ""A1"": 2412.3094883803715, ""A2"": 3522.18856467724, ""A3"": 887.3976462269989, ""A4"": 1238.0031037501876, ""B2"": 2492.9581970640807}}",3.7343,0.2835124523534377,0.2835124523534377,0.5850875476465623,"[0.6742009904352112, 0.0, 0.06421200016610362, 0.5187762340602949, 0.7574599063822021, 0.19083820348967717, 0.2662372266129436, 0.5361200423793722, 0.7483315628979192, 0.8965867307591795, 0.12574151753416918, 0.18427021286649659, 0.7995369713881428, 0.05]",71.0,71.0,109.0,2.3832,2.3832,18.8203,18.8203,19.9884,19.9884,False,0,3.7354,0.048532,2.9953,0.6742009904352112,1.7649971554709298,plus,False,1.909518863613289,1.4728184493425605,0.4367004142707285,True,True,1.0,True,100.0,80.70000000000005,0.0,True,[],,,
34,4-6,283,4-6/r283,perturb_small_segment,3135.034605523732,"{""0"": {""K"": 0.0, ""B1"": 325.50000000000006, ""A1"": 1023.0, ""A2"": 1720.5, ""A3"": 2418.0, ""A4"": 3115.5, ""B2"": 3813.0000000000005}}",3.7343,0.0435263044415696,0.2835124523534377,0.5850875476465623,"[0.6742009904352112, 0.0, 0.07, 0.22, 0.37, 0.52, 0.67, 0.8200000000000001, 0.7483315628979192, 0.8965867307591795, 0.12574151753416918, 0.18427021286649659, 0.7995369713881428, 0.6445216230234747]",71.0,71.0,109.0,2.3832,2.3832,18.8203,18.8203,19.9884,19.9884,False,0,3.7488,0.643615,2.9953,0.6742009904352112,1.917651908306252,plus,False,3.825499999999999,3.4366111111111106,0.3888888888888884,True,True,1.0,True,100.0,325.5,1.0,True,[],,,
35,4-6,283,4-6/r283,perturb_wrong_k,3612.436800985116,"{""0"": {""K"": 0.0, ""B1"": 298.58580077238184, ""A1"": 2412.3094883803715, ""A2"": 3522.18856467724, ""A3"": 887.3976462269989, ""A4"": 1238.0031037501876, ""B2"": 2492.9581970640807}}",3.7343,0.1203154255164865,0.2835124523534377,0.5850875476465623,"[0.776868129244111, 0.0, 0.06421200016610362, 0.5187762340602949, 0.7574599063822021, 0.19083820348967717, 0.2662372266129436, 0.5361200423793722, 0.7483315628979192, 0.8965867307591795, 0.12574151753416918, 0.18427021286649659, 0.7995369713881428, 0.6445216230234747]",71.0,71.0,109.0,2.3832,2.3832,18.8203,18.8203,19.9884,19.9884,False,0,3.7488,0.643615,2.9953,0.776868129244111,1.7649971554709298,plus,False,1.9095188636132885,1.4728184493425602,0.4367004142707282,True,True,1.0,True,99.99999999999996,80.70000000000005,0.0,True,[],,,
36,4-6,283,4-6/r283,perturb_wrong_r_high,3135.034605523732,"{""0"": {""K"": 0.0, ""B1"": 298.58580077238184, ""A1"": 2412.3094883803715, ""A2"": 3522.18856467724, ""A3"": 887.3976462269989, ""A4"": 1238.0031037501876, ""B2"": 2492.9581970640807}}",3.7343,0.1473822292547571,0.2835124523534377,0.5850875476465623,"[0.6742009904352112, 0.0, 0.06421200016610362, 0.5187762340602949, 0.7574599063822021, 0.19083820348967717, 0.2662372266129436, 0.5361200423793722, 0.7483315628979192, 0.8965867307591795, 0.12574151753416918, 0.18427021286649659, 0.7995369713881428, 0.95]",71.0,71.0,109.0,2.3832,2.3832,18.8203,18.8203,19.9884,19.9884,False,0,3.7557,0.950039,2.9953,0.6742009904352112,1.7649971554709298,plus,False,1.909518863613289,1.4728184493425605,0.4367004142707285,True,True,1.0,True,100.0,80.70000000000005,0.0,True,[],,,
37,4-6,283,4-6/r283,perturb_guardrail_smoke,4557.0,"{""0"": {""K"": 0.0, ""B1"": 1790.3752967167154, ""A1"": 1874.1465449959699, ""A2"": 2429.5593426914816, ""A3"": 2250.0508856240403, ""A4"": 2674.297106902327, ""B2"": 1893.327361180568}}",3.7343,0.0453876860394932,0.2835124523534377,0.5850875476465623,"[0.98, 0.0, 0.38502694553047645, 0.40304226774106877, 0.5224858801487057, 0.48388191088689037, 0.5751176573983499, 0.407167174447434, 0.7483315628979192, 0.8965867307591795, 0.12574151753416918, 0.18427021286649659, 0.7995369713881428, 0.6445216230234747]",71.0,71.0,109.0,2.3832,2.3832,18.8203,18.8203,19.9884,19.9884,False,0,3.7488,0.643615,2.9953,0.98,1.5695754217971885,plus,False,-1.7159292920431857,-1.859070794623708,0.143141502580522,True,True,1.0,True,100.0,19.200000000000045,0.0,True,[],,,
38,4-6,283,4-6/r283,perturb_weak_hough,3135.034605523732,"{""0"": {""K"": 0.0, ""B1"": 298.58580077238184, ""A1"": 2412.3094883803715, ""A2"": 3522.18856467724, ""A3"": 887.3976462269989, ""A4"": 1238.0031037501876, ""B2"": 2492.9581970640807}}",3.7343,0.2183688993664355,0.2835124523534377,0.5850875476465623,"[0.6742009904352112, 0.0, 0.06421200016610362, 0.5187762340602949, 0.7574599063822021, 0.19083820348967717, 0.2662372266129436, 0.5361200423793722, 0.987919501945808, 0.9081148445965966, 0.12574151753416918, 0.18427021286649659, 0.7995369713881428, 0.6445216230234747]",89.0,89.0,110.0,2.3832,2.3832,18.8203,18.8203,19.9884,19.9884,False,0,3.7488,0.643615,2.9953,0.6742009904352112,1.7649971554709298,plus,False,1.909518863613289,1.4728184493425605,0.4367004142707285,True,True,1.0,True,100.0,80.70000000000005,0.0,True,[],,,
39,4-6,283,4-6/r283,perturb_misaligned,3501.7885564326957,"{""0"": {""K"": 0.0, ""B1"": 102.16318778161393, ""A1"": 2530.9825156226684, ""A2"": 3703.719022044662, ""A3"": 1122.0767915349682, ""A4"": 1027.849932917074, ""B2"": 2265.1881286026787}}",3.7343,0.0434758771929824,0.2835124523534377,0.5850875476465623,"[0.7530728078349882, 0.0, 0.02197057801755138, 0.5442973151876707, 0.7964987144182069, 0.24130683688924048, 0.2210429963262525, 0.4871372319575653, 0.7483315628979192, 0.8965867307591795, 0.12574151753416918, 0.18427021286649659, 0.7995369713881428, 0.6445216230234747]",71.0,71.0,109.0,2.3832,2.3832,18.8203,18.8203,19.9884,19.9884,False,0,3.7488,0.643615,2.9953,0.7530728078349882,1.7138383168684117,minus,True,1.336443509748897,1.9313277538129592,0.5948842440640623,True,True,1.0,True,100.0,94.29999999999929,0.0,True,[],,,
40,4-6,283,4-6/r283,perturb_wrong_k,2355.947522218657,"{""0"": {""K"": 0.0, ""B1"": 298.58580077238184, ""A1"": 2412.3094883803715, ""A2"": 3522.18856467724, ""A3"": 887.3976462269989, ""A4"": 1238.0031037501876, ""B2"": 2492.9581970640807}}",3.7343,0.069329958531027,0.2835124523534377,0.5850875476465623,"[0.5066553811222918, 0.0, 0.06421200016610362, 0.5187762340602949, 0.7574599063822021, 0.19083820348967717, 0.2662372266129436, 0.5361200423793722, 0.7483315628979192, 0.8965867307591795, 0.12574151753416918, 0.18427021286649659, 0.7995369713881428, 0.6445216230234747]",71.0,71.0,109.0,2.3832,2.3832,18.8203,18.8203,19.9884,19.9884,False,0,3.7488,0.643615,2.9953,0.5066553811222918,1.7649971554709298,plus,False,1.9093886264863809,1.4726981492854878,0.436690477200893,True,True,1.0,True,100.0,80.60000000000001,0.0,True,[],,,
41,4-6,283,4-6/r283,perturb_offset_shift,3135.034605523732,"{""0"": {""K"": 0.0, ""B1"": 345.8705841235067, ""A1"": 2286.7802895063037, ""A2"": 3575.788670062139, ""A3"": 1134.7481300949419, ""A4"": 1105.7134339987974, ""B2"": 2861.9531885918636}}",3.7343,0.1007550533190909,0.2835124523534377,0.5850875476465623,"[0.6742009904352112, 0.0, 0.07438077077924876, 0.49178070742071045, 0.7689868107660514, 0.2440318559343961, 0.23778783526855857, 0.6154738039982502, 0.7483315628979192, 0.8965867307591795, 0.12574151753416918, 0.18427021286649659, 0.7995369713881428, 0.6445216230234747]",71.0,71.0,109.0,2.3832,2.3832,18.8203,18.8203,19.9884,19.9884,False,0,3.7488,0.643615,2.9953,0.6742009904352112,1.7681801617740298,plus,False,1.285372423020343,1.3368875300527678,0.0515151070324249,True,True,1.0,True,100.0,29.100000000000364,0.0,True,[],,,
42,4-6,283,4-6/r283,perturb_ambiguous_lines,3135.034605523732,"{""0"": {""K"": 0.0, ""B1"": 298.58580077238184, ""A1"": 2412.3094883803715, ""A2"": 3522.18856467724, ""A3"": 887.3976462269989, ""A4"": 1238.0031037501876, ""B2"": 2492.9581970640807}}",3.7343,0.2183688993664355,0.2835124523534377,0.5850875476465623,"[0.6742009904352112, 0.0, 0.06421200016610362, 0.5187762340602949, 0.7574599063822021, 0.19083820348967717, 0.2662372266129436, 0.5361200423793722, 0.7483315628979192, 0.8965867307591795, 0.8706724231524896, 0.9640559943985273, 0.7995369713881428, 0.6445216230234747]",71.0,71.0,109.0,10.5774,10.5774,77.3042,77.3042,19.9884,19.9884,False,0,3.7488,0.643615,2.9953,0.6742009904352112,1.7649971554709298,plus,False,1.909518863613289,1.4728184493425605,0.4367004142707285,True,True,1.0,True,100.0,80.70000000000005,0.0,True,[],,,
43,4-6,283,4-6/r283,perturb_wrong_r_low,3135.034605523732,"{""0"": {""K"": 0.0, ""B1"": 298.58580077238184, ""A1"": 2412.3094883803715, ""A2"": 3522.18856467724, ""A3"": 887.3976462269989, ""A4"": 1238.0031037501876, ""B2"": 2492.9581970640807}}",3.7343,0.2835124523534377,0.2835124523534377,0.5850875476465623,"[0.6742009904352112, 0.0, 0.06421200016610362, 0.5187762340602949, 0.7574599063822021, 0.19083820348967717, 0.2662372266129436, 0.5361200423793722, 0.7483315628979192, 0.8965867307591795, 0.12574151753416918, 0.18427021286649659, 0.7995369713881428, 0.05]",71.0,71.0,109.0,2.3832,2.3832,18.8203,18.8203,19.9884,19.9884,False,0,3.7354,0.048532,2.9953,0.6742009904352112,1.7649971554709298,plus,False,1.909518863613289,1.4728184493425605,0.4367004142707285,True,True,1.0,True,100.0,80.70000000000005,0.0,True,[],,,
44,4-6,283,4-6/r283,perturb_small_segment,3135.034605523732,"{""0"": {""K"": 0.0, ""B1"": 325.50000000000006, ""A1"": 1023.0, ""A2"": 1720.5, ""A3"": 2418.0, ""A4"": 3115.5, ""B2"": 3813.0000000000005}}",3.7343,0.0435263044415696,0.2835124523534377,0.5850875476465623,"[0.6742009904352112, 0.0, 0.07, 0.22, 0.37, 0.52, 0.67, 0.8200000000000001, 0.7483315628979192, 0.8965867307591795, 0.12574151753416918, 0.18427021286649659, 0.7995369713881428, 0.6445216230234747]",71.0,71.0,109.0,2.3832,2.3832,18.8203,18.8203,19.9884,19.9884,False,0,3.7488,0.643615,2.9953,0.6742009904352112,1.917651908306252,plus,False,3.825499999999999,3.4366111111111106,0.3888888888888884,True,True,1.0,True,100.0,325.5,1.0,True,[],,,
45,4-6,283,4-6/r283,perturb_wrong_k,3612.436800985116,"{""0"": {""K"": 0.0, ""B1"": 298.58580077238184, ""A1"": 2412.3094883803715, ""A2"": 3522.18856467724, ""A3"": 887.3976462269989, ""A4"": 1238.0031037501876, ""B2"": 2492.9581970640807}}",3.7343,0.1203154255164865,0.2835124523534377,0.5850875476465623,"[0.776868129244111, 0.0, 0.06421200016610362, 0.5187762340602949, 0.7574599063822021, 0.19083820348967717, 0.2662372266129436, 0.5361200423793722, 0.7483315628979192, 0.8965867307591795, 0.12574151753416918, 0.18427021286649659, 0.7995369713881428, 0.6445216230234747]",71.0,71.0,109.0,2.3832,2.3832,18.8203,18.8203,19.9884,19.9884,False,0,3.7488,0.643615,2.9953,0.776868129244111,1.7649971554709298,plus,False,1.9095188636132885,1.4728184493425602,0.4367004142707282,True,True,1.0,True,99.99999999999996,80.70000000000005,0.0,True,[],,,
46,4-6,283,4-6/r283,perturb_wrong_r_high,3135.034605523732,"{""0"": {""K"": 0.0, ""B1"": 298.58580077238184, ""A1"": 2412.3094883803715, ""A2"": 3522.18856467724, ""A3"": 887.3976462269989, ""A4"": 1238.0031037501876, ""B2"": 2492.9581970640807}}",3.7343,0.1473822292547571,0.2835124523534377,0.5850875476465623,"[0.6742009904352112, 0.0, 0.06421200016610362, 0.5187762340602949, 0.7574599063822021, 0.19083820348967717, 0.2662372266129436, 0.5361200423793722, 0.7483315628979192, 0.8965867307591795, 0.12574151753416918, 0.18427021286649659, 0.7995369713881428, 0.95]",71.0,71.0,109.0,2.3832,2.3832,18.8203,18.8203,19.9884,19.9884,False,0,3.7557,0.950039,2.9953,0.6742009904352112,1.7649971554709298,plus,False,1.909518863613289,1.4728184493425605,0.4367004142707285,True,True,1.0,True,100.0,80.70000000000005,0.0,True,[],,,
47,4-6,283,4-6/r283,perturb_guardrail_smoke,4557.0,"{""0"": {""K"": 0.0, ""B1"": 1790.3752967167154, ""A1"": 1874.1465449959699, ""A2"": 2429.5593426914816, ""A3"": 2250.0508856240403, ""A4"": 2674.297106902327, ""B2"": 1893.327361180568}}",3.7343,0.0453876860394932,0.2835124523534377,0.5850875476465623,"[0.98, 0.0, 0.38502694553047645, 0.40304226774106877, 0.5224858801487057, 0.48388191088689037, 0.5751176573983499, 0.407167174447434, 0.7483315628979192, 0.8965867307591795, 0.12574151753416918, 0.18427021286649659, 0.7995369713881428, 0.6445216230234747]",71.0,71.0,109.0,2.3832,2.3832,18.8203,18.8203,19.9884,19.9884,False,0,3.7488,0.643615,2.9953,0.98,1.5695754217971885,plus,False,-1.7159292920431857,-1.859070794623708,0.143141502580522,True,True,1.0,True,100.0,19.200000000000045,0.0,True,[],,,
48,4-6,283,4-6/r283,bo,2825.0822584475623,"{""0"": {""K"": 0.0, ""B1"": 4126.449604053814, ""A1"": 2995.363000104896, ""A2"": 2512.7531348071743, ""A3"": 4150.562536267088, ""A4"": 1590.4124148727622, ""B2"": 3151.84965033577}}",3.7343,0.1125194219656916,0.2835124523534377,0.5850875476465623,"[0.6075445717091532, 0.15324720096229838, 0.8874085170008204, 0.6441640860440636, 0.540377018238102, 0.8925940938208792, 0.34202417524145423, 0.6778171291044667, 0.7458862333219475, 0.8371128555899143, 0.3483681655009694, 0.4175644650915066, 0.5072611114372494, 0.6161804385782951]",71.0,71.0,102.0,4.832,4.832,36.3173,36.3173,12.6815,12.6815,False,0,3.7482,0.61697,2.9953,0.6075445717091532,1.8546598847320197,plus,False,-1.4897859767223818,-2.266220531595536,0.7764345548731544,True,True,1.0,True,100.0,24.09999999999991,0.0,True,[],0.1139983360333968,0.0539669367240134,6.21171874470023e-06
49,4-6,283,4-6/r283,bo,171.87206294364958,"{""0"": {""K"": 0.0, ""B1"": 4205.0603534379525, ""A1"": 2490.9048495610878, ""A2"": 2527.797926045883, ""A3"": 2743.2336641461343, ""A4"": 2708.214795128935, ""B2"": 4101.032875487618}}",3.7343,0.0433688380569936,0.2835124523534377,0.5850875476465623,"[0.03696173396637625, 0.5429064378538732, 0.9043140545027856, 0.5356784622712016, 0.5436124572141684, 0.5899427234722869, 0.5824117838986956, 0.8819425538683049, 0.20069046546823532, 0.23642089738440075, 0.5613655350668247, 0.7112977853142379, 0.21315183070083066, 0.7793313075520151]",30.0,30.0,36.0,7.175,7.175,58.3473,58.3473,5.3288,5.3288,False,0,3.7519,0.781284,2.9953,0.0369617339663762,1.4928915092156647,plus,False,-2.036796167726053,-1.875326646006217,0.1614695217198358,True,True,1.0,True,100.0,35.0,0.0,True,[],0.1164563555745522,0.0535129948993379,6.590051864624645e-06
50,4-6,283,4-6/r283,bo,3033.9469681559667,"{""0"": {""K"": 0.0, ""B1"": 2764.6527537407196, ""A1"": 2443.497325731185, ""A2"": 253.5947520652097, ""A3"": 646.974369047598, ""A4"": 1451.6516966703364, ""B2"": 2716.6766230410353}}",3.7343,0.1782533860253823,0.2835124523534377,0.5850875476465623,"[0.6524617135819283, 0.5889752267304204, 0.5945489792990795, 0.5254832958561688, 0.0545365058204752, 0.13913427291346192, 0.31218316057426587, 0.5842315318367818, 0.6805878887102662, 0.795474376212257, 0.46942822232753756, 0.5935566976859314, 0.948115277481343, 0.20866070801658965]",66.0,66.0,98.0,6.1637,6.1637,49.5168,49.5168,23.7029,23.7029,False,0,3.739,0.208405,2.9953,0.6524617135819283,1.746655356248003,minus,True,0.6323925117019473,1.915353272684977,1.2829607609830296,True,True,1.0,True,100.0,48.0,0.0,True,[],0.116666744369716,0.0535762295400469,6.797295468782887e-06
51,4-6,283,4-6/r283,bo,3077.6323261889875,"{""0"": {""K"": 0.0, ""B1"": 76.61094410159438, ""A1"": 2483.7496396215324, ""A2"": 2131.359665597916, ""A3"": 2419.7525634713056, ""A4"": 1378.4797379960414, ""B2"": 2520.9733792281077}}",3.7343,0.1461296323490444,0.2835124523534377,0.5850875476465623,"[0.6618564142341908, 0.04843184694946889, 0.016475471849805245, 0.5341397074454909, 0.4583569173328851, 0.5203768953701733, 0.29644725548301964, 0.5421448127372275, 0.6836193986942263, 0.667929860601168, 0.2250268062903641, 0.03127745741252519, 0.7044232215649116, 0.028077480065798688]",66.0,66.0,83.0,3.4753,3.4753,7.3458,7.3458,17.6106,17.6106,False,0,3.7349,0.026327,2.9953,0.6618564142341908,1.6162977004547043,plus,False,2.217129198269062,1.7588421995278276,0.4582869987412343,True,True,1.0,True,100.0,37.200000000000045,0.0,True,[],0.1472306899420314,0.0460390629238015,9.274310036992544e-06
52,4-6,283,4-6/r283,bo,3158.570535914904,"{""0"": {""K"": 0.0, ""B1"": 3063.997717363243, ""A1"": 653.4642127618281, ""A2"": 607.3913169486613, ""A3"": 1039.8952748289933, ""A4"": 4057.6319522016997, ""B2"": 2587.2307657059937}}",3.7343,0.1470261914074375,0.2835124523534377,0.5850875476465623,"[0.6792624808419148, 0.4806514656773714, 0.6589242402931705, 0.14052993822835014, 0.13062178859110996, 0.22363339243634262, 0.8726090219788601, 0.5563937130550524, 0.8880212939258965, 0.5886473158850581, 0.6674921049446487, 0.24779264194285955, 0.10963738406893964, 0.30562125422952235]",82.0,82.0,75.0,8.3424,8.3424,23.5844,23.5844,2.7409,2.7409,False,0,3.7412,0.306105,2.9953,0.6792624808419148,1.82594060230254,minus,True,0.5132242577794524,0.9864927186245256,0.4732684608450733,True,True,1.0,True,100.0,46.0,0.0,True,[],0.2448697393820336,0.0259116812297662,0.0003038110582101
53,4-6,283,4-6/r283,bo,3262.770984769192,"{""0"": {""K"": 0.0, ""B1"": 721.636883514349, ""A1"": 2378.5904185105414, ""A2"": 2378.794634435607, ""A3"": 4026.4673223107266, ""A4"": 1701.4164345664763, ""B2"": 2258.658291137248}}",3.7343,0.0584445824278174,0.2835124523534377,0.5850875476465623,"[0.7016711795202563, 0.42329216269834713, 0.15519072763749442, 0.5115248211850627, 0.5115687385883025, 0.8659069510345648, 0.3658960074336508, 0.48573296583596726, 0.6977965989211917, 0.5666407462375871, 0.6809779892406906, 0.4980424096369158, 0.48876538366867694, 0.3432903219392299]",67.0,67.0,72.0,8.4908,8.4908,42.3532,42.3532,12.2191,12.2191,False,0,3.742,0.341633,2.9953,0.7016711795202563,1.677007121045181,minus,True,-0.3079272470902969,0.380440874170734,0.6883681212610309,True,True,1.0,True,100.0,0.2000000000000454,0.0,True,[],0.1587308494693159,0.0499579702425503,5.3325615252426814e-05
54,4-6,283,4-6/r283,bo,3133.5485191044604,"{""0"": {""K"": 0.0, ""B1"": 1496.1987987213392, ""A1"": 2389.1060932284295, ""A2"": 3455.346543373262, ""A3"": 4059.482535444015, ""A4"": 1063.1177885094467, ""B2"": 3355.3764652010145}}",3.7343,0.0744029148187183,0.2835124523534377,0.5850875476465623,"[0.6738814019579484, 0.7002837520825071, 0.3217631825207181, 0.5137862566082644, 0.7430852781447875, 0.8730069968696806, 0.22862748139988098, 0.7215863366023687, 0.5035931929097391, 0.8490216405564276, 0.859035296370184, 0.5021590981430432, 0.1568292353838251, 0.2095429515422388]",53.0,53.0,103.0,10.4494,10.4494,42.6619,42.6619,3.9207,3.9207,False,0,3.739,0.208405,2.9953,0.6738814019579484,1.8716058928879853,minus,True,-1.5269169636355944,-0.4909305060576582,1.0359864575779365,True,True,1.0,True,100.0,100.0,0.0,True,[],0.1552916245779014,0.050469262601346,4.710959122296418e-05
55,4-6,283,4-6/r283,bo,3279.8108092128887,"{""0"": {""K"": 0.0, ""B1"": 989.5412786378092, ""A1"": 2040.9993714928755, ""A2"": 979.4366826637146, ""A3"": 729.9109149165098, ""A4"": 1281.6348241621452, ""B2"": 3436.047366165547}}",3.7343,0.147926351629103,0.2835124523534377,0.5850875476465623,"[0.7053356578952449, 0.3059845657188067, 0.21280457605114178, 0.43892459601997325, 0.21063154465886336, 0.15697008922935696, 0.27562039229293445, 0.7389349174549563, 0.9807298417941267, 0.18691760219384057, 0.9913598534279005, 0.8161152408474506, 0.37860052600571326, 0.10204095836845639]",89.0,89.0,31.0,11.905,11.905,66.2086,66.2086,9.465,9.465,False,0,3.7366,0.101823,2.9953,0.7053356578952449,1.724483160954145,plus,False,0.581319785170285,-0.2088736598781027,0.7901934450483877,True,True,1.0,True,100.0,10.199999999999818,0.0,True,[],0.2203115916149263,0.0370767755790441,0.0003371539723125
56,4-6,283,4-6/r283,bo,3177.2176093295197,"{""0"": {""K"": 0.0, ""B1"": 3833.1175007775955, ""A1"": 3622.8720024656877, ""A2"": 1433.1120852647666, ""A3"": 1122.1088589451488, ""A4"": 525.5157818316305, ""B2"": 2602.6314943048374}}",3.7343,0.1909078845302777,0.2835124523534377,0.5850875476465623,"[0.6832726041568858, 0.43549877795073855, 0.8243263442532464, 0.7791122585947715, 0.308196147368767, 0.24131373310648363, 0.11301414663045817, 0.559705697699965, 0.422300890106022, 0.7523818702783756, 0.3958426191250839, 0.9717929828857798, 0.8482056441740315, 0.0205528766890678]",47.0,47.0,93.0,5.3543,5.3543,77.8845,77.8845,21.2051,21.2051,False,0,3.7348,0.021886,2.9953,0.6832726041568858,1.8985767961086288,plus,False,1.3597652465601295,1.1077763039136088,0.2519889426465207,True,True,1.0,True,100.0,210.20000000000027,0.0,True,[],0.2262208972335354,0.0351485800321939,0.0003741606074324
57,4-6,283,4-6/r283,bo,2936.0620508874704,"{""0"": {""K"": 0.0, ""B1"": 2098.6531736653087, ""A1"": 4089.3354941787834, ""A2"": 3973.6432772455855, ""A3"": 943.6914207889756, ""A4"": 2133.8806019085896, ""B2"": 2270.3629083175633}}",3.7343,0.2381026171033627,0.2835124523534377,0.5850875476465623,"[0.6314111937392409, 0.055151810093571285, 0.45132326315382987, 0.8794269879954373, 0.8545469413431367, 0.20294439156752164, 0.4588990541738902, 0.4882500878102287, 0.22903125501584098, 0.5909402028416624, 0.5935956144069793, 0.37012826769297436, 0.23988558393978143, 0.06777727053433191]",32.0,32.0,75.0,7.5296,7.5296,32.7596,32.7596,5.9971,5.9971,False,0,3.7358,0.066296,2.9953,0.6314111937392409,1.7350717752019065,plus,False,0.4907918287764988,-0.6760561356478705,1.1668479644243694,True,True,1.0,True,100.0,35.19999999999999,0.0,True,[],0.1418990730241933,0.0501669107401482,1.7723029327954757e-05
58,4-6,283,4-6/r283,bo,2833.8402847789853,"{""0"": {""K"": 0.0, ""B1"": 1551.3075929470313, ""A1"": 471.39954689753915, ""A2"": 4357.960939766602, ""A3"": 1928.5845226820186, ""A4"": 1274.6375752835047, ""B2"": 1223.0144310293522}}",3.7343,0.0613702207168907,0.2835124523534377,0.5850875476465623,"[0.6094280182320398, 0.7322355159749228, 0.33361453611764114, 0.10137624664463207, 0.9371959010250757, 0.4147493597165631, 0.2741156075878505, 0.26301385613534456, 0.9075256621595094, 0.23662331231854583, 0.1998355028670411, 0.6007232155794686, 0.9277777049767798, 0.32702792887676224]",83.0,83.0,36.0,3.1982,3.1982,50.0542,50.0542,23.1944,23.1944,False,0,3.7417,0.32831,2.9953,0.6094280182320398,1.8970746796166416,plus,False,0.4978715964733797,0.6758482342111879,0.1779766377378082,True,True,1.0,True,100.0,51.59999999999991,0.0,True,[],0.1835809781825256,0.0472050234713987,0.0001588040589842
59,4-6,283,4-6/r283,bo,2916.073360100664,"{""0"": {""K"": 0.0, ""B1"": 156.71946101959873, ""A1"": 2545.442629039652, ""A2"": 3178.0856041911284, ""A3"": 860.5254434130545, ""A4"": 1684.2792134712306, ""B2"": 4550.727350448988}}",3.7343,0.1197502001195199,0.2835124523534377,0.5850875476465623,"[0.6271125505592826, 0.39509046897884814, 0.0337031098966879, 0.5474070169977746, 0.6834592697185222, 0.18505923514259237, 0.36221058354220015, 0.9786510431073091, 0.486417413117444, 0.5144594703531451, 0.7543344600486004, 0.1493892267808572, 0.9935867745714204, 0.259760903373645]",51.0,51.0,67.0,9.2977,9.2977,16.2042,16.2042,24.8397,24.8397,False,0,3.7402,0.261696,2.9953,0.6271125505592826,1.5735802499699765,minus,True,1.3951976911940212,2.005310144673319,0.6101124534792977,True,True,1.0,True,100.0,99.29999999999971,0.0,True,[],0.2610823101909856,0.0271606113160156,0.0015425809275195
60,4-6,283,4-6/r283,bo,2836.072160776608,"{""0"": {""K"": 0.0, ""B1"": 4241.058046690256, ""A1"": 4075.802015699286, ""A2"": 2900.8191197828087, ""A3"": 2414.2469723115946, ""A4"": 2099.3037717694597, ""B2"": 2638.8274049025526}}",3.7343,0.1408252243475979,0.2835124523534377,0.5850875476465623,"[0.609907991564862, 0.1871667365860451, 0.9120554939118829, 0.8765165625159755, 0.6238320687704965, 0.5191928972713107, 0.451463176724615, 0.5674897644951726, 0.03146893214299051, 0.9853462984413839, 0.33398232193272703, 0.12079431813574926, 0.2568231096625605, 0.17481825693066044]",17.0,17.0,118.0,4.6738,4.6738,14.0596,14.0596,6.4206,6.4206,False,0,3.7382,0.172878,2.9953,0.609907991564862,1.8320968779798383,plus,False,-2.1743220133068477,-2.0843100499081952,0.090011963398652,True,True,1.0,True,100.0,165.19999999999982,0.0,True,[],0.2005278380421785,0.0399306307852918,0.000134393531178
61,4-6,283,4-6/r283,bo,3262.558666325199,"{""0"": {""K"": 0.0, ""B1"": 2588.1202465508663, ""A1"": 3950.7068450335387, ""A2"": 592.355780161446, ""A3"": 786.2500050125993, ""A4"": 1903.2668840967815, ""B2"": 1778.9265580365343}}",3.7343,0.1267478364842436,0.2835124523534377,0.5850875476465623,"[0.7016255196398277, 0.9624292247981457, 0.5565849992582508, 0.8496143752760298, 0.1273883398196658, 0.1690860225833547, 0.40930470625737236, 0.38256485119065253, 0.9889036066052763, 0.9775160868221334, 0.03057515339794059, 0.4249265301410131, 0.3811463544560809, 0.1232314463190064]",89.0,89.0,118.0,1.3363,1.3363,36.8695,36.8695,9.5287,9.5287,False,0,3.7371,0.124027,2.9953,0.7016255196398277,1.712214814449018,minus,True,0.2683327313826797,1.534896272917244,1.2665635415345642,True,True,1.0,True,100.0,124.29999999999995,0.0,True,[],0.2249216899320632,0.0366619793837286,0.0004369526865724
62,4-6,283,4-6/r283,bo,3226.488674858668,"{""0"": {""K"": 0.0, ""B1"": 4384.294927407803, ""A1"": 1330.4632213513596, ""A2"": 3668.060921412734, ""A3"": 574.2910592198854, ""A4"": 4129.099757894834, ""B2"": 2770.4550552535434}}",3.7343,0.1394641134082739,0.2835124523534377,0.5850875476465623,"[0.6938685322276705, 0.11067359093447227, 0.942859124173721, 0.2861211228712601, 0.7888303056801579, 0.12350345359567427, 0.8879784425580287, 0.5957967860760308, 0.7186683127540411, 0.1744916598989834, 0.2531362029515727, 0.9008638451965615, 0.9075879788704407, 0.09035532476738473]",69.0,69.0,29.0,3.7845,3.7845,72.5648,72.5648,22.6897,22.6897,False,0,3.7363,0.0885,2.9953,0.6938685322276705,1.8739531577519144,plus,False,1.2564539845367724,0.5871991198242796,0.6692548647124927,True,True,1.0,True,100.0,255.20000000000027,0.0,True,[],0.170107628824304,0.0462715789233581,5.462285266183154e-05
63,4-6,283,4-6/r283,bo,2983.93131926256,"{""0"": {""K"": 0.0, ""B1"": 4508.9893515699405, ""A1"": 3287.703726000393, ""A2"": 2114.6018892607854, ""A3"": 910.0822208405644, ""A4"": 1472.4098397652212, ""B2"": 1738.0311299535117}}",3.7343,0.1388123344741113,0.2835124523534377,0.5850875476465623,"[0.6417056600564645, 0.016602010888048024, 0.9696751293698798, 0.7070330593549232, 0.45475309446468504, 0.19571660663237944, 0.3166472773688648, 0.3737701354738735, 0.17074272604325358, 0.35378815260429086, 0.7225344332340659, 0.94081922400024, 0.15621408193965447, 0.011283314285705948]",28.0,28.0,49.0,8.9479,8.9479,75.5614,75.5614,3.9054,3.9054,False,0,3.7346,0.013004,2.9953,0.6417056600564645,1.7378275530742004,plus,False,-0.3068367365560687,-0.5434717467603709,0.2366350102043022,True,True,1.0,True,100.0,141.0,0.0,True,[],0.1991788164108452,0.0370437840828805,6.42109752049207e-05
64,4-6,283,4-6/r283,bo,3013.495742738656,"{""0"": {""K"": 0.0, ""B1"": 4494.531931571736, ""A1"": 3325.450598996487, ""A2"": 3129.450319690095, ""A3"": 97.58026900597947, ""A4"": 1900.9794462272625, ""B2"": 2349.954930013586}}",3.7343,0.1809642795533315,0.2835124523534377,0.5850875476465623,"[0.6480636005889582, 0.005420278368241882, 0.9665660067896206, 0.7151506664508573, 0.6730000687505581, 0.020985004087307413, 0.4088127841348952, 0.505366651615825, 0.6019714525524489, 0.5546100266880176, 0.8750919567547807, 0.9879149623660393, 0.44922315732992535, 0.434999063206295]",60.0,60.0,71.0,10.626,10.626,79.0936,79.0936,11.2306,11.2306,False,0,3.7441,0.434892,2.9953,0.6480636005889582,1.7861611864847209,plus,False,1.728805765718383,1.2948331838379057,0.4339725818804776,True,True,1.0,True,100.0,97.59999999999992,0.0,True,[],0.2127223530327868,0.0410464648510332,0.0003792931198451
65,4-6,283,4-6/r283,bo,2882.881996718376,"{""0"": {""K"": 0.0, ""B1"": 2473.0392107702614, ""A1"": 248.20518179572954, ""A2"": 2243.8552817575505, ""A3"": 673.1232203906859, ""A4"": 1739.817449213938, ""B2"": 2357.0360045534185}}",3.7343,0.1806800453148993,0.2835124523534377,0.5850875476465623,"[0.6199746229501883, 0.9191726072212347, 0.5318363894129594, 0.053377458450694526, 0.482549522958613, 0.1447576818044486, 0.3741542901535351, 0.5068894633448212, 0.035994702991460126, 0.7482372678484933, 0.15193054999248246, 0.0298011144243453, 0.45535594806093915, 0.03656084597695797]",18.0,18.0,92.0,2.6712,2.6712,7.2351,7.2351,11.3839,11.3839,False,0,3.7351,0.035209,2.9953,0.6199746229501883,1.853854255604162,minus,True,0.9463896406043272,2.169858337366457,1.2234686967621298,True,True,1.0,True,100.0,113.2,0.0,True,[],0.2192009513063968,0.0287715444107918,4.448171633017559e-05
66,4-6,283,4-6/r283,bo,3214.7064131885486,"{""0"": {""K"": 0.0, ""B1"": 4075.4365744159054, ""A1"": 1552.2306803547117, ""A2"": 4245.4552442509, ""A3"": 974.3095871041564, ""A4"": 3967.9473428814995, ""B2"": 2370.080357053246}}",3.7343,0.1875523246457344,0.2835124523534377,0.5850875476465623,"[0.6913347125136664, 0.07245545001603337, 0.8764379729926678, 0.33381304953864765, 0.9130011277958926, 0.20952894346325945, 0.8533220092218279, 0.5096947004415583, 0.11357740069985955, 0.8426940020008289, 0.9051496682975276, 0.12518518575514315, 0.6363691151504068, 0.267686415725057]",24.0,24.0,103.0,10.9566,10.9566,14.3889,14.3889,15.9092,15.9092,False,0,3.7403,0.266137,2.9953,0.6913347125136664,1.9011608232094672,plus,False,0.698108355697993,-0.5133215118257236,1.2114298675237167,True,True,1.0,True,100.0,107.40000000000008,0.0,True,[],0.2248890266794428,0.0339616037429697,0.0002728122411336
67,4-6,283,4-6/r283,bo,3032.8774885021903,"{""0"": {""K"": 0.0, ""B1"": 124.82691205922139, ""A1"": 3073.9148932494, ""A2"": 4585.854355235693, ""A3"": 829.7484714421273, ""A4"": 1231.312792085817, ""B2"": 2317.154077876745}}",3.7343,0.2106682814638204,0.2835124523534377,0.5850875476465623,"[0.6522317179574603, 0.52914679325337, 0.026844497217036856, 0.6610569662901935, 0.9862052376850954, 0.1784405314929306, 0.2647984499109284, 0.4983127049197301, 0.6785955680488136, 0.6818411142855582, 0.5934981657944215, 0.11043060167184438, 0.8932045831033223, 0.025221423741671134]",66.0,66.0,85.0,7.5285,7.5285,13.2823,13.2823,22.3301,22.3301,False,0,3.7349,0.026327,2.9953,0.6522317179574603,1.6758624611446085,plus,False,1.86097368011102,1.817017916163984,0.043955763947036,True,True,1.0,True,100.0,64.20000000000027,0.0,True,[],0.2465918353483529,0.0281941079231358,0.0005623249198829
68,4-6,283,4-6/r283,bo,3081.002615332596,"{""0"": {""K"": 0.0, ""B1"": 1212.8098449084532, ""A1"": 4251.15593975141, ""A2"": 1159.0578176918636, ""A3"": 1059.0514176308689, ""A4"": 389.64971731659796, ""B2"": 2442.6975708801087}}",3.7343,0.1939256358996819,0.2835124523534377,0.5850875476465623,"[0.6625812075984078, 0.2565204858318373, 0.26081932148568887, 0.9142270838175076, 0.24925974574018572, 0.2277529930388965, 0.08379563813260171, 0.5253113055656148, 0.8308290250799063, 0.6532352174928796, 0.9389165796155332, 0.5967991599331215, 0.8658813958923621, 0.3687395709900735]",77.0,77.0,82.0,11.3281,11.3281,49.7599,49.7599,21.647,21.647,False,0,3.7426,0.368278,2.9953,0.6625812075984078,1.852276571601298,plus,False,1.8442863988583689,1.4463348771603108,0.397951521698058,True,True,1.0,True,100.0,53.69999999999982,0.0,True,[],0.2365513104170733,0.0348137355397891,0.000742615873872
69,4-6,283,4-6/r283,bo,2905.236954986094,"{""0"": {""K"": 0.0, ""B1"": 1046.7233478535334, ""A1"": 3143.5673914654244, ""A2"": 3592.153499396434, ""A3"": 1060.741668486337, ""A4"": 3055.496935475973, ""B2"": 2440.3876818976737}}",3.7343,0.1471389593691569,0.2835124523534377,0.5850875476465623,"[0.6247821408572245, 0.3896805224224169, 0.225101795237319, 0.6760359981646074, 0.772506128902459, 0.22811648784652405, 0.6570961151561232, 0.5248145552468115, 0.318768231191662, 0.922840448572534, 0.5744494584973828, 0.12549385378588773, 0.46444577658213637, 0.11778876678079031]",39.0,39.0,112.0,7.3189,7.3189,14.412,14.412,11.6111,11.6111,False,0,3.737,0.119587,2.9953,0.6247821408572245,1.8047183167048784,plus,False,-0.6443108803520969,-1.1549482841551475,0.5106374038030506,True,True,1.0,True,100.0,14.0,0.0,True,[],0.2248142749813307,0.0327090922437222,0.0002114104211264
70,4-6,283,4-6/r283,bo,3266.0962943857976,"{""0"": {""K"": 0.0, ""B1"": 1153.4956164531322, ""A1"": 4514.104877623406, ""A2"": 1045.1450253756523, ""A3"": 396.8013241296684, ""A4"": 1399.9742886789356, ""B2"": 2351.2686671274246}}",3.7343,0.2569494852345642,0.2835124523534377,0.5850875476465623,"[0.7023862998679135, 0.18261029037033638, 0.24806357343078111, 0.9707752424996571, 0.22476237104852737, 0.08533361809240181, 0.30106973950084637, 0.5056491757263278, 0.5052567385421542, 0.5285661934191231, 0.8622413183731835, 0.9875509169088127, 0.4344501735306997, 0.17313536106507244]",53.0,53.0,68.0,10.4847,10.4847,79.0663,79.0663,10.8613,10.8613,False,0,3.7382,0.172878,2.9953,0.7023862998679135,1.7858107407128383,plus,False,1.9518075789040648,0.787886402265005,1.1639211766390605,True,True,1.0,True,100.0,108.40000000000056,0.0,True,[],0.1856187804512166,0.043435834248632,9.147179483036872e-05
71,4-6,283,4-6/r283,bo,3241.6756796235354,"{""0"": {""K"": 0.0, ""B1"": 3943.0904498196865, ""A1"": 125.98303216345748, ""A2"": 4011.7704485850377, ""A3"": 1602.81575660269, ""A4"": 1329.5013359809786, ""B2"": 2299.6721420577132}}",3.7343,0.1479671360575079,0.2835124523534377,0.5850875476465623,"[0.6971345547577495, 0.9527894746300388, 0.847976440821438, 0.02709312519644247, 0.8627463330290404, 0.3446915605597183, 0.285914265802361, 0.49455314882961576, 0.583799431232529, 0.3860290463888528, 0.15919645237829794, 0.9815709394142208, 0.5964987542405845, 0.030213797838309242]",59.0,59.0,52.0,2.7512,2.7512,78.6178,78.6178,14.9125,14.9125,False,0,3.735,0.030768,2.9953,0.6971345547577495,1.805928855547552,plus,False,2.3907145600398367,1.2022786751561108,1.188435884883726,True,True,1.0,True,100.0,68.59999999999991,0.0,True,[],0.1895918516716734,0.0435267970300285,0.000122946131004
72,4-6,283,4-6/r283,bo,3101.405615420312,"{""0"": {""K"": 0.0, ""B1"": 1689.8647585696383, ""A1"": 609.2272291173603, ""A2"": 2187.6258588479195, ""A3"": 434.314279409909, ""A4"": 828.3792765312832, ""B2"": 2459.5086649351474}}",3.7343,0.1089379746384024,0.2835124523534377,0.5850875476465623,"[0.6669689495527553, 0.8810785576403682, 0.36341177603648134, 0.13101660841233553, 0.4704571739457891, 0.09340092030320624, 0.1781460809744695, 0.5289265946097091, 0.12433244181882042, 0.8256974841257939, 0.27035643123393416, 0.12016394304523326, 0.1649440468655443, 0.460906119348674]",24.0,24.0,101.0,3.9739,3.9739,14.0123,14.0123,4.1236,4.1236,False,0,3.7447,0.461537,2.9953,0.6669689495527553,1.8198423570317497,plus,False,2.000217189607076,0.9516138000918108,1.048603389515265,True,True,1.0,True,100.0,174.9000000000001,0.0,True,[],0.2196850216464129,0.031059132973536,9.05391450398516e-05
73,4-6,283,4-6/r283,bo,3455.398943739257,"{""0"": {""K"": 0.0, ""B1"": 781.8912631396751, ""A1"": 1052.405118345641, ""A2"": 287.14885468130484, ""A3"": 426.84216490246627, ""A4"": 2309.518949883234, ""B2"": 2461.189928051371}}",3.7343,0.1293866606791527,0.2835124523534377,0.5850875476465623,"[0.7430965470407005, 0.44897148134435716, 0.16814865873971507, 0.22632368136465397, 0.06175244186694728, 0.09179401395751963, 0.49667074191037297, 0.5292881565701874, 0.5572683888768105, 0.5358596510912466, 0.17413474820930075, 0.6090817561328401, 0.834114251365501, 0.06036099332918354]",57.0,57.0,69.0,2.9155,2.9155,50.6811,50.6811,20.8529,20.8529,False,0,3.7357,0.061855,2.9953,0.7430965470407005,1.4697425159992823,plus,False,2.0788745651293845,0.9878095497721268,1.0910650153572576,True,True,1.0,True,100.0,139.69999999999982,0.0,True,[],0.1767042268558432,0.0480127177082612,0.0001182481277271
74,4-6,283,4-6/r283,bo,2982.034233911705,"{""0"": {""K"": 0.0, ""B1"": 2726.363698279215, ""A1"": 4647.5042746693825, ""A2"": 1367.425274095388, ""A3"": 1867.2166949994498, ""A4"": 2012.7181009445383, ""B2"": 2163.998966854066}}",3.7343,0.1246120858079498,0.2835124523534377,0.5850875476465623,"[0.6412976847121947, 0.758167524564946, 0.5863147738234871, 0.999463284875136, 0.294069951418363, 0.40155197741923654, 0.4328426023536641, 0.46537612190410027, 0.9466177985438103, 0.05443171654312129, 0.3418161964455636, 0.15278859168490888, 0.03740810416519935, 0.4899150149366994]",86.0,86.0,16.0,4.76,4.76,16.4591,16.4591,0.9352,0.9352,False,0,3.7453,0.488183,2.9953,0.6412976847121947,1.6094638130579364,minus,True,-0.7139634723673218,0.1220028499964553,0.8359663223637772,True,True,1.0,True,100.0,2.5,0.0,True,[],0.1612298402766835,0.0488837933212419,5.0803784367118654e-05
75,4-6,283,4-6/r283,bo,3218.009764251908,"{""0"": {""K"": 0.0, ""B1"": 2098.425952466104, ""A1"": 2009.357991870407, ""A2"": 734.8804343748301, ""A3"": 736.2737789254155, ""A4"": 1866.9979457680456, ""B2"": 2311.063345287755}}",3.7343,0.1592754138784354,0.2835124523534377,0.5850875476465623,"[0.6920451105918081, 0.282678225216782, 0.4512743983798073, 0.43211999825170044, 0.1580388030913613, 0.15833844708073452, 0.40150493457377323, 0.49700286995435594, 0.190886364339507, 0.006305518595692838, 0.21702575212012098, 0.11330096686366442, 0.89213547977742, 0.2947874361149454]",29.0,29.0,11.0,3.3873,3.3873,13.4976,13.4976,22.3034,22.3034,False,0,3.7409,0.292782,2.9953,0.6920451105918081,1.6075358462231568,plus,False,1.027985758290542,-0.0829380518760374,1.1109238101665797,True,True,1.0,True,100.0,1.400000000000091,0.0,True,[],0.2135471362153354,0.038910170543987,0.0002846533873068
76,4-6,283,4-6/r283,bo,3146.368352882801,"{""0"": {""K"": 0.0, ""B1"": 443.1213701928411, ""A1"": 987.863891571323, ""A2"": 355.73230379160844, ""A3"": 798.9322742564916, ""A4"": 90.80534607435737, ""B2"": 2313.370039306586}}",3.7343,0.1097299258063659,0.2835124523534377,0.5850875476465623,"[0.676638355458667, 0.17739786385794432, 0.09529491832104109, 0.2124438476497469, 0.07650157070787278, 0.171813392313224, 0.019528031413840297, 0.497498933184212, 0.646210695235445, 0.6220632974502546, 0.5741195243032686, 0.4798869438464274, 0.46338979761216315, 0.13078695410865515]",63.0,63.0,78.0,7.3153,7.3153,40.9915,40.9915,11.5847,11.5847,False,0,3.7373,0.132909,2.9953,0.676638355458667,1.6533475792074903,plus,False,1.9904683955149396,0.9677137826044792,1.02275461291046,True,True,1.0,True,100.0,87.40000000000009,0.0,True,[],0.2074555318387171,0.0409738436274366,0.0002648200387978
77,4-6,283,4-6/r283,bo,3099.2088982459445,"{""0"": {""K"": 0.0, ""B1"": 1951.9560523381829, ""A1"": 998.9998593773065, ""A2"": 319.3944448517752, ""A3"": 3554.4503267993186, ""A4"": 1231.0320757493457, ""B2"": 2410.554557343168}}",3.7343,0.2526420011112406,0.2835124523534377,0.5850875476465623,"[0.6664965372571924, 0.7919853001696066, 0.4197754951264909, 0.2148386794359799, 0.06868697738747853, 0.764397919741789, 0.2647380808063109, 0.5183988295361652, 0.5022818748985421, 0.8956959913265805, 0.5209487125637299, 0.7927861662535451, 0.10723304726026228, 0.1898890118692832]",53.0,53.0,109.0,6.7304,6.7304,64.459,64.459,2.6808,2.6808,False,0,3.7386,0.190641,2.9953,0.6664965372571924,1.8813817316254224,plus,False,2.457177329706489,1.6122863288725742,0.8448910008339148,True,True,1.0,True,100.0,232.0,0.0,True,[],0.2342108832886013,0.0367748488972929,0.000829732438838
78,4-6,283,4-6/r283,bo,3127.9464257461204,"{""0"": {""K"": 0.0, ""B1"": 2345.1178110771475, ""A1"": 4574.941655490505, ""A2"": 2274.306550429757, ""A3"": 1602.3491591912866, ""A4"": 1269.252395014024, ""B2"": 3274.4356280332113}}",3.7343,0.0912559517254354,0.2835124523534377,0.5850875476465623,"[0.6726766506980905, 0.37473465784892246, 0.5043264109843328, 0.9838584205355924, 0.4890981828881198, 0.3445912170303842, 0.27295750430409116, 0.7041797049533788, 0.06753235877226493, 0.8320693211528549, 0.030340678628809736, 0.37685763769580416, 0.12475793479067843, 0.09979974598141794]",20.0,20.0,102.0,1.3337,1.3337,33.2643,33.2643,3.1189,3.1189,False,0,3.7366,0.101823,2.9953,0.6726766506980905,1.8783312339448404,plus,False,-0.2507997821883244,-0.5629070429064634,0.312107260718139,True,True,1.0,True,100.0,70.80000000000007,0.0,True,[],0.2311601732372192,0.0367992196194026,0.0006822290891643
79,4-6,283,4-6/r283,bo,3153.5780218597943,"{""0"": {""K"": 0.0, ""B1"": 2983.9428863168782, ""A1"": 3061.7322739423153, ""A2"": 3239.470754568315, ""A3"": 665.6041953183499, ""A4"": 1155.2561491296879, ""B2"": 2566.806491828072}}",3.7343,0.2343465512043955,0.2835124523534377,0.5850875476465623,"[0.6781888219053321, 0.06934413858045707, 0.6417081475950276, 0.6584370481596377, 0.6966603773265193, 0.14314068716523654, 0.248442182608535, 0.5520013960920584, 0.5423378702374384, 0.3719789142660601, 0.9098059793102902, 0.27378877363469245, 0.6020602909252196, 0.1679954142432306]",56.0,56.0,51.0,11.0079,11.0079,25.5342,25.5342,15.0515,15.0515,False,0,3.7381,0.168437,2.9953,0.6781888219053321,1.5914241364407449,plus,False,0.3752882360748795,0.1011962859379883,0.2740919501368911,True,True,1.0,True,100.0,77.79999999999995,0.0,True,[],0.2458015054161633,0.0304413579191332,0.0007638909675102
80,4-6,283,4-6/r283,bo,2859.1368874250275,"{""0"": {""K"": 0.0, ""B1"": 3060.179492458786, ""A1"": 2013.4039123344558, ""A2"": 2265.790450638423, ""A3"": 593.1068162166698, ""A4"": 2257.2905476388114, ""B2"": 2236.1334154944298}}",3.7343,0.1856513297661864,0.2835124523534377,0.5850875476465623,"[0.6148681478333392, 0.4630003814837972, 0.6581031166578035, 0.4329900886740765, 0.48726676357815546, 0.12754985294982146, 0.48543882744920674, 0.4808889065579419, 0.11111186720995303, 0.7896169251759121, 0.7694430610747482, 0.5752468731307511, 0.40512724687634905, 0.09894709591471718]",23.0,23.0,97.0,9.4639,9.4639,48.1435,48.1435,10.1282,10.1282,False,0,3.7365,0.097382,2.9953,0.6148681478333392,1.793597696058697,minus,True,-0.3018989684947766,0.7721391701988713,1.074038138693648,True,True,1.0,True,100.0,8.5,0.0,True,[],0.1625837010565605,0.0528725031654236,0.0001140066339189
81,4-6,283,4-6/r283,bo,3228.1903730494923,"{""0"": {""K"": 0.0, ""B1"": 4476.622475057431, ""A1"": 2070.74590586228, ""A2"": 369.80940411007833, ""A3"": 4425.680237701724, ""A4"": 1267.1385980748573, ""B2"": 2391.332426223287}}",3.7343,0.2221559515671743,0.2835124523534377,0.5850875476465623,"[0.6942344888278478, 0.4212936579224327, 0.962714510765039, 0.4453217001854365, 0.07952890410969427, 0.9517591909035965, 0.2725029243171736, 0.514265037897481, 0.640513417285268, 0.554730186600315, 0.9852156120913838, 0.26666395338077675, 0.22107141907453465, 0.10724849594353436]",63.0,63.0,71.0,11.8374,11.8374,24.9998,24.9998,5.5268,5.5268,False,0,3.7367,0.106264,2.9953,0.6942344888278478,1.850031331732815,plus,False,1.9489754889873383,0.7418645171443078,1.2071109718430306,True,True,1.0,True,100.0,50.90000000000009,0.0,True,[],0.2347390297931875,0.0335478981519943,0.0005400143113559
82,4-6,283,4-6/r283,bo,3141.738565572363,"{""0"": {""K"": 0.0, ""B1"": 2247.947665731904, ""A1"": 4461.908556179475, ""A2"": 4232.79517492187, ""A3"": 4615.898449018973, ""A4"": 1412.4206745055844, ""B2"": 2424.7584051489157}}",3.7343,0.2135150997930319,0.2835124523534377,0.5850875476465623,"[0.6756427022736264, 0.541077841376762, 0.4834296055337428, 0.9595502271353711, 0.9102785322412624, 0.9926663331223599, 0.30374638161410417, 0.5214534204621324, 0.46389909032069987, 0.9413799069549039, 0.2352684930225737, 0.9863997439834773, 0.4123570174719814, 0.0761981259887724]",50.0,50.0,114.0,3.588,3.588,78.98,78.98,10.3089,10.3089,False,0,3.736,0.075177,2.9953,0.6756427022736264,1.7673663840753209,plus,False,0.0014613235889852,-1.0188744547464692,1.0203357783354543,True,True,1.0,True,100.0,34.09999999999991,0.0,True,[],0.2251664954703901,0.046580191148764,0.001470235874504
83,4-6,283,4-6/r283,bo,3156.168721229651,"{""0"": {""K"": 0.0, ""B1"": 3238.2609063735163, ""A1"": 2637.813052005577, ""A2"": 199.69711912982777, ""A3"": 882.4188343639097, ""A4"": 1156.7939673544843, ""B2"": 2400.276917216434}}",3.7343,0.0716194938825585,0.2835124523534377,0.5850875476465623,"[0.6787459615547636, 0.11943693104130504, 0.6964001949190357, 0.5672716240872209, 0.04294561701716726, 0.18976749126105585, 0.24877289620526544, 0.5161885843476202, 0.7963925057190703, 0.7515948538122417, 0.17762392975554708, 0.01531300651471279, 0.8134608898802015, 0.27006674386654483]",75.0,75.0,93.0,2.9539,2.9539,6.1485,6.1485,20.3365,20.3365,False,0,3.7404,0.270578,2.9953,0.6787459615547636,1.7247732993437408,minus,True,1.4286282601279086,2.482429696766707,1.0538014366387989,True,True,1.0,True,100.0,199.70000000000027,0.0,True,[],0.2229709518957454,0.0335021888319852,0.0002133865484604
84,4-6,283,4-6/r283,bo,3175.5162664975505,"{""0"": {""K"": 0.0, ""B1"": 2893.371678517898, ""A1"": 2391.437057132708, ""A2"": 2279.245686130752, ""A3"": 3224.3643273323823, ""A4"": 4298.153823147717, ""B2"": 2272.730216670816}}",3.7343,0.0531597222222222,0.2835124523534377,0.5850875476465623,"[0.6829067239779678, 0.44823270957154426, 0.6222304684984727, 0.5142875391683244, 0.49016036260876383, 0.6934116832972865, 0.9243341555156381, 0.4887591863808206, 0.4652002202567297, 0.6682444878861677, 0.15648141314189434, 0.7890464990975794, 0.07107965698559005, 0.46628261265640636]",50.0,50.0,84.0,2.7213,2.7213,64.1785,64.1785,1.777,1.777,False,0,3.7448,0.465978,2.9953,0.6829067239779678,1.8235601719222887,plus,False,-2.261035286812585,-2.079539650123842,0.181495636688743,True,True,1.0,True,100.0,6.599999999999909,0.0,True,[],0.2278125892505116,0.0415561001987352,0.0010099725397168
85,4-6,283,4-6/r283,bo,3258.249338442097,"{""0"": {""K"": 0.0, ""B1"": 2480.478288566226, ""A1"": 1993.5005958860106, ""A2"": 1336.4599857257792, ""A3"": 1308.7096741343255, ""A4"": 3727.100967905939, ""B2"": 2366.698582479359}}",3.7343,0.2992743865009365,0.2992743865009365,0.5693256134990635,"[0.700698782460666, 0.23144824781987172, 0.533436191089511, 0.428709805566884, 0.28741074961844715, 0.2814429406740485, 0.801527089872245, 0.5089674370923353, 0.667384029032952, 0.6895110848168942, 0.5395486306427228, 0.968270137791202, 0.0027927114935230035, 0.06989992709390946]",65.0,65.0,86.0,6.935,6.935,77.6203,77.6203,0.0698,0.0698,False,0,3.7359,0.070736,2.9953,0.700698782460666,1.910462609806212,minus,True,-1.4012725735455065,-0.4382273591841064,0.9630452143614,True,True,1.0,True,100.0,27.699999999999815,0.0,True,[],0.231678848976111,0.0374795973934779,0.0007738491488231
86,4-6,283,4-6/r283,bo,3433.886104032543,"{""0"": {""K"": 0.0, ""B1"": 2697.16349372348, ""A1"": 1928.9995807916264, ""A2"": 320.2004897337827, ""A3"": 3399.422550221401, ""A4"": 3697.150414524078, ""B2"": 2918.694232082013}}",3.7343,0.1015166464312358,0.2992743865009365,0.5693256134990635,"[0.7384701298994716, 0.23787642025288147, 0.5800351599405333, 0.41483861952508094, 0.0688603203728565, 0.7310586129508388, 0.7950861106503393, 0.6276761789423684, 0.9790205657849926, 0.2861403548143995, 0.05690797029161887, 0.6105284740733632, 0.5952960056771114, 0.4788309113403796]",88.0,88.0,41.0,1.626,1.626,50.7896,50.7896,14.8824,14.8824,False,0,3.7451,0.479301,2.9953,0.7384701298994716,1.814716006557317,plus,False,1.125781253205028,0.8948495623616841,0.2309316908433438,True,True,1.0,True,100.0,221.5999999999999,0.0,True,[],0.1868581598893179,0.0597836310283518,0.0004463414171263
87,4-6,283,4-6/r283,bo,3317.8604039279817,"{""0"": {""K"": 0.0, ""B1"": 645.0641864386545, ""A1"": 2094.5849140806595, ""A2"": 2025.7700639875175, ""A3"": 1069.9002742583377, ""A4"": 3736.8802540105607, ""B2"": 2470.102474241217}}",3.7343,0.1248216891310722,0.2992743865009365,0.5693256134990635,"[0.7135183664361251, 0.014355195648229402, 0.13872348095454934, 0.45044836861949666, 0.43564947612634786, 0.23008608048566404, 0.8036301621528088, 0.5312048331701542, 0.49981842066380877, 0.8282202622063393, 0.8002656681034538, 0.6702081305072288, 0.35046068300081923, 0.4507371643432987]",52.0,52.0,101.0,9.8029,9.8029,55.2656,55.2656,8.7615,8.7615,False,0,3.7445,0.452656,2.9953,0.7135183664361251,1.821363399286278,plus,False,1.2731101477687714,0.3663352615483466,0.9067748862204248,True,True,1.0,True,100.0,68.79999999999995,0.0,True,[],0.216548554521991,0.0523608772133696,0.0008040120701876
88,4-6,283,4-6/r283,bo,3193.928729246584,"{""0"": {""K"": 0.0, ""B1"": 1730.735754050428, ""A1"": 1967.3734851679096, ""A2"": 4002.4060515700457, ""A3"": 454.9488908630578, ""A4"": 3620.6454322050486, ""B2"": 2392.2188753400706}}",3.7343,0.1484497593900789,0.2992743865009365,0.5693256134990635,"[0.6868663933863621, 0.5821515922694879, 0.3722012374301996, 0.42309107207912033, 0.860732484208612, 0.09783847115334576, 0.7786334262806556, 0.5144556721161442, 0.8525114406072056, 0.20966367845047207, 0.5265153310218834, 0.8828327519861943, 0.15890460729114253, 0.6074167785814176]",79.0,79.0,33.0,6.7917,6.7917,71.2125,71.2125,3.9726,3.9726,False,0,3.748,0.608088,2.9953,0.6868663933863621,1.7854776877987342,plus,False,1.9159791249008693,0.8736408668966426,1.0423382580042269,True,True,1.0,True,100.0,236.6,0.0,True,[],0.2058963058236577,0.0551364977722357,0.00065031681009
89,4-6,283,4-6/r283,bo,3318.042032336174,"{""0"": {""K"": 0.0, ""B1"": 2490.977380791024, ""A1"": 965.7300967667834, ""A2"": 3234.1895821438434, ""A3"": 1757.8116444376737, ""A4"": 1297.8089025433949, ""B2"": 1823.4868905665248}}",3.7343,0.0824237779644654,0.2992743865009365,0.5693256134990635,"[0.7135574263088547, 0.31061879917751367, 0.5356940603851665, 0.2076838917778029, 0.6955246413212567, 0.37802400955648896, 0.27909868871900967, 0.39214771840140317, 0.7296605799001847, 0.924262974278046, 0.9265681431781517, 0.8218347175195412, 0.948614979523223, 0.24878845542755512]",70.0,70.0,112.0,11.1922,11.1922,66.6376,66.6376,23.7154,23.7154,False,0,3.7399,0.248373,2.9953,0.7135574263088547,1.8501121015197275,plus,False,-0.2332541060506675,-0.1577402975089427,0.0755138085417247,True,True,1.0,True,100.0,65.60000000000002,0.0,True,[],0.1391657402178999,0.0621227854875628,5.8073261580754735e-05
90,4-6,283,4-6/r283,bo,3259.1778965507783,"{""0"": {""K"": 0.0, ""B1"": 4384.242588375587, ""A1"": 4083.3874309287658, ""A2"": 1057.2471872190085, ""A3"": 80.85360416281966, ""A4"": 2119.5740982332877, ""B2"": 2387.0542304432015}}",3.7343,0.2338475058810399,0.2992743865009365,0.5693256134990635,"[0.7008984723765115, 0.6577276951332494, 0.942847868467868, 0.8781478346083367, 0.2273649864987115, 0.01738787186297197, 0.45582238671683606, 0.5133449957942369, 0.1295226617314703, 0.749082605111486, 0.13787790070767703, 0.47463305978971504, 0.6268435307510712, 0.021976474200223084]",25.0,25.0,92.0,2.5167,2.5167,40.5975,40.5975,15.6711,15.6711,False,0,3.7348,0.021886,2.9953,0.7008984723765115,1.7732709264860562,plus,False,2.5052355913589563,1.441473416532268,1.0637621748266883,True,True,1.0,True,100.0,80.80000000000018,0.0,True,[],0.1487682818853644,0.0608661479109286,7.914300128273894e-05
91,4-6,283,4-6/r283,bo,3198.966489734305,"{""0"": {""K"": 0.0, ""B1"": 4163.48925447885, ""A1"": 4520.778173029138, ""A2"": 974.4273436250844, ""A3"": 4273.012962653927, ""A4"": 2484.4889071893235, ""B2"": 2560.092786556431}}",3.7343,0.1372796330181083,0.2992743865009365,0.5693256134990635,"[0.6879497827385601, 0.24235879357242196, 0.8953740332212581, 0.9722103597912124, 0.20955426744625472, 0.9189275188503069, 0.5342986897181341, 0.5505575885067593, 0.2915041090379976, 0.726086295925348, 0.4928707541657792, 0.16784777181909227, 0.3388995914461399, 0.43480859695157015]",37.0,37.0,90.0,6.4216,6.4216,17.5886,17.5886,8.4725,8.4725,False,0,3.7441,0.434892,2.9953,0.6879497827385601,1.6340294424601778,plus,False,0.6478898650685194,-0.3151124355442483,0.9630023006127676,True,True,1.0,True,100.0,75.59999999999991,0.0,True,[],0.1983486766715135,0.0495484088126453,0.0002167415873822
92,4-6,283,4-6/r283,bo,3324.5497982907564,"{""0"": {""K"": 0.0, ""B1"": 4399.604516544757, ""A1"": 3801.340185171531, ""A2"": 1040.2510271271387, ""A3"": 2857.6888624186845, ""A4"": 3726.0337194825806, ""B2"": 2226.6190734654724}}",3.7343,0.2063083184268264,0.2992743865009365,0.5693256134990635,"[0.7149569458689798, 0.8905894588458229, 0.9461515089343563, 0.8174925129401143, 0.22370989830691157, 0.6145567446061687, 0.8012975740822754, 0.47884281149795105, 0.8257619414150317, 0.9907545970539027, 0.7381089833154842, 0.281046884419195, 0.09562512695265013, 0.2631941271427064]",77.0,77.0,119.0,9.1192,9.1192,26.0785,26.0785,2.3906,2.3906,False,0,3.7402,0.261696,2.9953,0.7149569458689798,1.8418570722451728,plus,False,-0.8054026727125803,-1.2209069822546452,0.4155043095420649,True,True,1.0,True,100.0,75.30000000000018,0.0,True,[],0.2128051324122419,0.0478478770953605,0.0003889988130172
93,4-6,283,4-6/r283,bo,3035.968124818456,"{""0"": {""K"": 0.0, ""B1"": 3449.545650607404, ""A1"": 4117.676533008164, ""A2"": 2142.2803607691203, ""A3"": 222.72065118076043, ""A4"": 2374.359244378254, ""B2"": 2541.0167497342904}}",3.7343,0.2364628493170144,0.2992743865009365,0.5693256134990635,"[0.6528963709287001, 0.3754119503776665, 0.7418377743241729, 0.8855218350555192, 0.4607054539288431, 0.047896914232421595, 0.5106148912641406, 0.5464552149966216, 0.7465075957264097, 0.37946294444957984, 0.7682110830501562, 0.8223874509407422, 0.3092075713070458, 0.6407806507011844]",71.0,71.0,52.0,9.4503,9.4503,66.6791,66.6791,7.7302,7.7302,False,0,3.7487,0.639174,2.9953,0.6528963709287001,1.753787276128425,plus,False,1.6832954338517665,1.5114051293614987,0.1718903044902675,True,True,1.0,True,100.0,166.70000000000005,0.0,True,[],0.1411426487412588,0.0619471016164489,6.270190053397071e-05
94,4-6,283,4-6/r283,bo,3331.5706013678755,"{""0"": {""K"": 0.0, ""B1"": 237.06916242837642, ""A1"": 4099.575309881308, ""A2"": 1795.2683945557226, ""A3"": 4531.774503049782, ""A4"": 2227.3029616858043, ""B2"": 2186.890485409195}}",3.7343,0.0810622986144807,0.2992743865009365,0.5693256134990635,"[0.7164667959930915, 0.8708434901604745, 0.05098261557599493, 0.8816290988992062, 0.38607922463563926, 0.9745751619461896, 0.4789898842335063, 0.470299029120257, 0.057425976948833446, 0.17772641241329523, 0.29676908103500044, 0.939700820830525, 0.3467434816828068, 0.07386235540229735]",19.0,19.0,30.0,4.2645,4.2645,75.4776,75.4776,8.6686,8.6686,False,0,3.736,0.075177,2.9953,0.7164667959930915,1.7996725017276536,minus,True,0.8489899277279365,1.7575037124037942,0.9085137846758576,True,True,1.0,True,100.0,40.39999999999998,0.0,True,[],0.2011660808675883,0.0522019842695461,0.0003657266962382
95,4-6,283,4-6/r283,bo,3068.827189537265,"{""0"": {""K"": 0.0, ""B1"": 1910.6830714844061, ""A1"": 2360.42669379515, ""A2"": 3537.2023983570557, ""A3"": 3197.581077156343, ""A4"": 684.3382005254725, ""B2"": 2514.869916917796}}",3.7343,0.175974594715597,0.2992743865009365,0.5693256134990635,"[0.659962836459627, 0.6510830442691278, 0.41089958526546366, 0.507618643826914, 0.7606886878187217, 0.6876518445497511, 0.14716950548934893, 0.5408322401973755, 0.2747430525824798, 0.9550527864201617, 0.6434430748754365, 0.30693666795116736, 0.5681384955677701, 0.03498455278967705]",36.0,36.0,115.0,8.0779,8.0779,28.0203,28.0203,14.2035,14.2035,False,0,3.7351,0.035209,2.9953,0.659962836459627,1.7956541776003483,plus,False,0.6149306064190164,0.353958783970403,0.2609718224486134,True,True,1.0,True,100.0,154.4000000000001,0.0,True,[],0.1988517054672273,0.0498159398042339,0.0002321851608792
96,4-6,283,4-6/r283,bo,3168.846067803157,"{""0"": {""K"": 0.0, ""B1"": 4508.794242146868, ""A1"": 621.1646465405324, ""A2"": 2045.0331444678498, ""A3"": 2904.07676084397, ""A4"": 4446.05140842617, ""B2"": 2535.772800170944}}",3.7343,0.1039555045004734,0.2992743865009365,0.5693256134990635,"[0.6814722726458402, 0.510071858796033, 0.9696331703541651, 0.1335837949549532, 0.4397920740791075, 0.6245326367406387, 0.9561400878335851, 0.5453274839077299, 0.8358734654047546, 0.35115057370821157, 0.3032647667794778, 0.846360454959131, 0.5412167164984141, 0.5348806295853923]",78.0,78.0,49.0,4.3359,4.3359,68.477,68.477,13.5304,13.5304,False,0,3.7464,0.537033,2.9953,0.6814722726458402,1.7775517819443962,plus,False,0.4278039194257999,0.2586348910878424,0.1691690283379575,True,True,1.0,True,100.0,62.69999999999982,0.0,True,[],0.2147917866661354,0.0453044218295294,0.000304985955094
97,4-6,283,4-6/r283,bo,2479.062612296829,"{""0"": {""K"": 0.0, ""B1"": 1090.905415867081, ""A1"": 4161.710380199704, ""A2"": 106.4553558867062, ""A3"": 4351.068095538858, ""A4"": 2342.5031532830603, ""B2"": 2519.3121076166854}}",3.7343,0.1522259780261736,0.2992743865009365,0.5693256134990635,"[0.5331317445799632, 0.6464496962694262, 0.23460331524023248, 0.8949914796128395, 0.022893624921872302, 0.9357135689330878, 0.5037641189856044, 0.5417875500250936, 0.91287642127422, 0.44781929706150714, 0.8433806325812292, 0.3797379699956951, 0.5322386640732893, 0.9130155541876787]",83.0,83.0,59.0,10.2772,10.2772,33.4803,33.4803,13.306,13.306,False,0,3.7549,0.914511,2.9953,0.5331317445799632,1.6864875266675137,plus,False,2.1079759981886625,1.830373087873597,0.2776029103150654,True,True,1.0,True,100.0,106.40000000000008,0.0,True,[],0.1436975127213029,0.0623491538910166,7.635127262387595e-05
98,4-6,283,4-6/r283,bo,3495.6029191997336,"{""0"": {""K"": 0.0, ""B1"": 4402.384986679032, ""A1"": 4581.6184942068785, ""A2"": 631.410642120788, ""A3"": 2798.4040082900437, ""A4"": 1363.2056291691993, ""B2"": 2224.337821976807}}",3.7343,0.2281710376370676,0.2992743865009365,0.5693256134990635,"[0.7517425632687599, 0.5366672150881344, 0.9467494595008672, 0.9852942998294363, 0.13578723486468558, 0.6018073136107621, 0.293162500896602, 0.47835221977995845, 0.27070490557696214, 0.8156648811757415, 0.5409104526769546, 0.46176697634856145, 0.4103312356487103, 0.4367942989675523]",35.0,35.0,100.0,6.95,6.95,39.6325,39.6325,10.2583,10.2583,False,0,3.7441,0.434892,2.9953,0.7517425632687599,1.6736398913527468,plus,False,0.5662223692741432,0.2209284142749661,0.345293954999177,True,True,1.0,True,100.0,68.40000000000009,0.0,True,[],0.158635395120308,0.0605265270660229,0.0001255764852332
99,4-6,283,4-6/r283,bo,3202.3406448178357,"{""0"": {""K"": 0.0, ""B1"": 1733.3933089533625, ""A1"": 4401.355655564361, ""A2"": 862.0066672506837, ""A3"": 1152.462798022297, ""A4"": 1359.4182864566903, ""B2"": 2338.2374389712622}}",3.7343,0.1965341584140334,0.2992743865009365,0.5693256134990635,"[0.6886754074877065, 0.4932868866955359, 0.37277275461362636, 0.9465280979708303, 0.18537777790337284, 0.2478414619402789, 0.29234801859283666, 0.5028467610690887, 0.3315199425328663, 0.8485969028190471, 0.1556182655228845, 0.12397043968567256, 0.1867314382441938, 0.07651929155897585]",40.0,40.0,103.0,2.7118,2.7118,14.2978,14.2978,4.6683,4.6683,False,0,3.736,0.075177,2.9953,0.6886754074877065,1.701046227074987,plus,False,1.2902497948407432,0.3144373987126448,0.9758123961280984,True,True,1.0,True,100.0,207.0,0.0,True,[],0.2490910917703021,0.0482774140195773,0.0024595246717051
100,4-6,283,4-6/r283,bo,2796.469296263978,"{""0"": {""K"": 0.0, ""B1"": 1017.4295581444067, ""A1"": 2495.89887913861, ""A2"": 3972.802397429105, ""A3"": 1878.3269751710402, ""A4"": 2400.75966548516, ""B2"": 2462.072834358111}}",3.7343,0.0791295735623126,0.2992743865009365,0.5693256134990635,"[0.6013912465083824, 0.3668298942644077, 0.21880205551492615, 0.5367524471265828, 0.8543661069740011, 0.4039412849830194, 0.5162924011796043, 0.5294780288942174, 0.9313888097650884, 0.6343903697097204, 0.33054515209334645, 0.641367051572271, 0.006821606516666856, 0.2811382674647477]",85.0,85.0,80.0,4.636,4.636,53.1025,53.1025,0.1705,0.1705,False,0,3.7406,0.27946,2.9953,0.6013912465083824,1.7168950582247615,minus,True,-0.806392898763909,-0.1013003800866563,0.7050925186772525,True,True,1.0,True,100.0,33.89999999999998,0.0,True,[],0.1679096469194544,0.0571989048865688,0.0001251900878922
101,4-6,283,4-6/r283,bo,3307.98342782053,"{""0"": {""K"": 0.0, ""B1"": 2143.0857534804845, ""A1"": 3160.472674922407, ""A2"": 2990.4818980330715, ""A3"": 3678.918379305649, ""A4"": 2539.654634334856, ""B2"": 2448.1532997186996}}",3.7343,0.0813810061874196,0.2992743865009365,0.5693256134990635,"[0.7113942855528022, 0.5104219753024408, 0.46087865666246974, 0.679671542994066, 0.6431143866737788, 0.7911652428614299, 0.5461622869537325, 0.5264845805846666, 0.9807345761161959, 0.7972848527949301, 0.5265123019698792, 0.7275523959578957, 0.2987530676626955, 0.18130924879521526]",89.0,89.0,98.0,6.7916,6.7916,59.5664,59.5664,7.4688,7.4688,False,0,3.7384,0.181759,2.9953,0.7113942855528022,1.7847523896526414,plus,False,-2.202027728929002,-2.069968426439357,0.1320593024896448,True,True,1.0,True,100.0,91.5,0.0,True,[],0.2244445458940037,0.0491561387408812,0.0008441156534622
102,4-6,283,4-6/r283,bo,3442.4686344119486,"{""0"": {""K"": 0.0, ""B1"": 3244.352401248821, ""A1"": 3014.48770742622, ""A2"": 1335.2884932715558, ""A3"": 2126.4698809382876, ""A4"": 446.3484663391263, ""B2"": 2150.9977719791627}}",3.7343,0.0395454545454545,0.2992743865009365,0.5693256134990635,"[0.7403158353574083, 0.0389051291086705, 0.6977101938169508, 0.6482769263282193, 0.2871588157573238, 0.4573053507394167, 0.09598891749228522, 0.46258016601702423, 0.3716321558356581, 0.4729196971780928, 0.4691949590602458, 0.2789702412196897, 0.3540183282942929, 0.8354474028345924]",43.0,43.0,62.0,6.1611,6.1611,25.9228,25.9228,8.8505,8.8505,False,0,3.7531,0.834575,2.9953,0.7403158353574083,1.8550126968955745,minus,True,1.2635878742507274,1.7769438464662912,0.5133559722155638,True,True,1.0,True,100.0,24.600000000000023,0.0,True,[],0.1831399852098706,0.0528749620027413,0.000150244197032
103,4-6,283,4-6/r283,bo,3294.7257782161755,"{""0"": {""K"": 0.0, ""B1"": 1703.387271676489, ""A1"": 1936.4701912384228, ""A2"": 943.3516528713249, ""A3"": 257.1214253208401, ""A4"": 3800.616899410496, ""B2"": 2410.2965638653322}}",3.7343,0.1395029975622462,0.2992743865009365,0.5693256134990635,"[0.7085431781110055, 0.9170361281398076, 0.366319843371288, 0.4164452024168651, 0.2028713231981344, 0.05529493017652476, 0.8173369676151604, 0.5183433470678134, 0.05760466994028346, 0.9273369396714973, 0.44963030998705944, 0.5050196887797483, 0.4001604362110789, 0.3317662407645856]",19.0,19.0,112.0,5.9459,5.9459,42.8765,42.8765,10.004,10.004,False,0,3.7418,0.332751,2.9953,0.7085431781110055,1.7990289205916752,plus,False,2.7314934155890587,1.4551460483751235,1.276347367213935,True,True,1.0,True,100.0,233.1,0.0,True,[],0.1840440001262499,0.0590965814200055,0.000362578732675
104,4-6,283,4-6/r283,bo,3205.143994526059,"{""0"": {""K"": 0.0, ""B1"": 909.7739816747415, ""A1"": 499.05380987985825, ""A2"": 1610.220770167285, ""A3"": 556.2919489609747, ""A4"": 49.69604097693854, ""B2"": 2435.7651577597085}}",3.7343,0.1042253456947848,0.2992743865009365,0.5693256134990635,"[0.6892782783927008, 0.07052188938429049, 0.19565031863972937, 0.10732339997416307, 0.3462840365951151, 0.11963267719590853, 0.010687320640201836, 0.5238204640343459, 0.7761813470963008, 0.6530184082350465, 0.971945594831672, 0.5026923589981916, 0.7181974185918559, 0.22488137097611272]",73.0,73.0,82.0,11.6914,11.6914,42.7019,42.7019,17.9549,17.9549,False,0,3.7394,0.226169,2.9953,0.6892782783927008,1.821991508891156,plus,False,2.4404173330897234,1.5429103463196765,0.8975069867700471,True,True,1.0,True,100.0,49.70000000000027,0.0,True,[],0.2145728965556975,0.0424225690097205,0.0001890146277515
105,4-6,283,4-6/r283,bo,3289.673311604861,"{""0"": {""K"": 0.0, ""B1"": 3264.0019066787095, ""A1"": 3797.9818387607797, ""A2"": 1324.017895493038, ""A3"": 2131.1745730145726, ""A4"": 4465.971422941771, ""B2"": 2224.570627914057}}",3.7343,0.2771681832310692,0.2992743865009365,0.5693256134990635,"[0.707456626151583, 0.10725844968036435, 0.7019358939093999, 0.8167702879055441, 0.2847350312888254, 0.4583171124762522, 0.9604239619229616, 0.4784022855729154, 0.5407539560581086, 0.18286451898704603, 0.4324962079867004, 0.04038616070812129, 0.1901845867590395, 0.06581253418649613]",56.0,56.0,30.0,5.7575,5.7575,8.029,8.029,4.7546,4.7546,False,0,3.7358,0.066296,2.9953,0.707456626151583,1.8260849778844104,plus,False,-0.7887212261792216,-1.2935263278154283,0.5048051016362067,True,True,1.0,True,100.0,93.40000000000008,0.0,True,[],0.2240563958140901,0.0401177227590981,0.0002426596256705
106,4-6,283,4-6/r283,bo,2985.417511598764,"{""0"": {""K"": 0.0, ""B1"": 3259.2237113906376, ""A1"": 2280.1425217243636, ""A2"": 2377.044298159275, ""A3"": 2147.448652315094, ""A4"": 1233.7481492057857, ""B2"": 2562.9967176523487}}",3.7343,0.0912765725534339,0.2992743865009365,0.5693256134990635,"[0.6420252713115621, 0.3194529827157413, 0.7009083250302447, 0.49035323047835777, 0.5111923221847904, 0.4618169144763643, 0.26532218262490015, 0.5511820898177094, 0.1624140335009473, 0.7006309922832679, 0.019363665512608264, 0.005143393602898838, 0.520551418088339, 0.11606626337861958]",27.0,27.0,87.0,1.213,1.213,5.3858,5.3858,13.0138,13.0138,False,0,3.7369,0.115146,2.9953,0.6420252713115621,1.7507575768341956,minus,True,-0.6174902309141308,-0.0501504020000724,0.5673398289140583,True,True,1.0,True,100.0,96.89999999999998,0.0,True,[],0.2553872651872,0.0422863202946561,0.0020326601500704
107,4-6,283,4-6/r283,bo,3089.472114440316,"{""0"": {""K"": 0.0, ""B1"": 4552.260890450625, ""A1"": 1328.5622543158504, ""A2"": 4473.814816233073, ""A3"": 1928.64695961371, ""A4"": 4251.350270681657, ""B2"": 2450.179355247571}}",3.7343,0.1226846081822172,0.2992743865009365,0.5693256134990635,"[0.6644026052559818, 0.029053222700341608, 0.9789808366560484, 0.2857123127560969, 0.9621107131684028, 0.41476278701370106, 0.9142688754154101, 0.5269202914510905, 0.46861651317213326, 0.6360375718475516, 0.022533921189697992, 0.06314686096135858, 0.6008113652787797, 0.06043056738457331]",50.0,50.0,80.0,1.2479,1.2479,9.736,9.736,15.0203,15.0203,False,0,3.7357,0.061855,2.9953,0.6644026052559818,1.888174760551571,plus,False,0.1548330737758427,-0.9823587128614316,1.1371917866372745,True,True,1.0,True,100.0,78.39999999999964,0.0,True,[],0.2264353072588324,0.0402027178902946,0.0002898036760036
108,4-6,283,4-6/r283,bo,3468.267974349136,"{""0"": {""K"": 0.0, ""B1"": 2679.4774544267525, ""A1"": 4394.082564790501, ""A2"": 80.53530087188852, ""A3"": 2981.4762744553036, ""A4"": 1416.4170207327945, ""B2"": 2465.1665981676347}}",3.7343,0.2094060960371069,0.2992743865009365,0.5693256134990635,"[0.7458640805051905, 0.2904649179503732, 0.5762317106294091, 0.9449639924280648, 0.01731941954234162, 0.6411776934312481, 0.3046058109102784, 0.5301433544446527, 0.5904098486913858, 0.19217668290536283, 0.4067414740099432, 0.8206737472575495, 0.6974657554820526, 0.6165773091246027]",59.0,59.0,31.0,5.4742,5.4742,66.5505,66.5505,17.4366,17.4366,False,0,3.7482,0.61697,2.9953,0.7458640805051905,1.8095811173210696,plus,False,1.425753682496291,1.4927308623387947,0.0669771798425036,True,True,1.0,True,100.0,80.5,0.0,True,[],0.1566685049715404,0.0604808804951653,0.0001127756556495
109,4-6,283,4-6/r283,bo,3831.753413913457,"{""0"": {""K"": 0.0, ""B1"": 2748.4442829792515, ""A1"": 1018.6476859954889, ""A2"": 1285.8547800159818, ""A3"": 2977.5950845170846, ""A4"": 1234.9594130821233, ""B2"": 2354.3166148765013}}",3.7343,0.0952423119792947,0.2992743865009365,0.5693256134990635,"[0.8240329922394531, 0.6429504801708649, 0.5910632866622046, 0.21906401849365353, 0.2765279096808563, 0.6403430289284053, 0.2655826694800265, 0.5063046483605379, 0.1035530104047987, 0.3543156326113568, 0.15633279295168223, 0.30153544866879345, 0.40630320713493706, 0.6256504569436248]",23.0,23.0,49.0,2.7197,2.7197,27.6152,27.6152,10.1576,10.1576,False,0,3.7484,0.625852,2.9953,0.8240329922394531,1.805236177417186,plus,False,-0.3452288342329698,-0.4669229578291071,0.1216941235961373,True,True,1.0,True,100.0,50.900000000000034,0.0,True,[],0.1424343554355506,0.0629643729710588,7.858449483200841e-05
110,4-6,283,4-6/r283,bo,3488.466521870016,"{""0"": {""K"": 0.0, ""B1"": 183.50175978349228, ""A1"": 3830.2739455734168, ""A2"": 645.7941992424302, ""A3"": 2680.615597011671, ""A4"": 3704.110816976591, ""B2"": 1915.8362270029693}}",3.7343,0.2374942698511336,0.2992743865009365,0.5693256134990635,"[0.7502078541655949, 0.40857042466563964, 0.039462744039460707, 0.8237148270050358, 0.13888047295536132, 0.5764764724756282, 0.7965829713928153, 0.4120077907533267, 0.7246702307988833, 0.09750997658179583, 0.9284933245686142, 0.6630193481919843, 0.27486844203311145, 0.2889565940418134]",69.0,69.0,21.0,11.2134,11.2134,54.7265,54.7265,6.8717,6.8717,False,0,3.7408,0.288342,2.9953,0.7502078541655949,1.761238924449535,plus,False,2.055321375106704,1.742623206517103,0.3126981685896006,True,True,1.0,True,100.0,126.09999999999992,0.0,True,[],0.1533820445090147,0.0602653276301637,9.201107692750324e-05
111,4-6,283,4-6/r283,bo,3865.461144226176,"{""0"": {""K"": 0.0, ""B1"": 504.79956651461333, ""A1"": 4474.608409399475, ""A2"": 1079.101992393458, ""A3"": 2128.030411590024, ""A4"": 1401.3712575790937, ""B2"": 2348.5854082797746}}",3.7343,0.0963163133293841,0.2992743865009365,0.5693256134990635,"[0.831281966500253, 0.16097575359599336, 0.10855904656228244, 0.9622813783654784, 0.23206494460074367, 0.4576409487290374, 0.3013701629202352, 0.5050721308128547, 0.060605607918669646, 0.01500796112056213, 0.6554752848300924, 0.10911586127347339, 0.6586972532301804, 0.4255430229768772]",20.0,20.0,12.0,8.2102,8.2102,13.1837,13.1837,16.4674,16.4674,False,0,3.7439,0.42601,2.9953,0.831281966500253,1.725614908306675,plus,False,1.9096509298805124,0.8947068745285337,1.0149440553519788,True,True,1.0,True,100.0,175.4000000000001,0.0,True,[],0.16686565345962,0.0615967039622994,0.0002177687641937
112,4-6,283,4-6/r283,bo,2931.608603301065,"{""0"": {""K"": 0.0, ""B1"": 307.3872932531777, ""A1"": 2373.2708322495137, ""A2"": 1996.6417938512639, ""A3"": 3397.023430300813, ""A4"": 1216.6564128974599, ""B2"": 2906.5714935327587}}",3.7343,0.1111064397046759,0.2992743865009365,0.5693256134990635,"[0.6304534630754979, 0.38856531105370573, 0.0661047942479952, 0.5103808241396803, 0.42938533201102447, 0.7305426731829705, 0.2616465404080559, 0.6250691383941417, 0.6261427302603665, 0.2110588374869644, 0.9717907465959378, 0.4697048776161131, 0.382911136405929, 0.15416221087001314]",62.0,62.0,33.0,11.6897,11.6897,40.2279,40.2279,9.5728,9.5728,False,0,3.7378,0.155114,2.9953,0.6304534630754979,1.7822171078707314,minus,True,1.8280628177230336,2.3777547940440678,0.5496919763210337,True,True,1.0,True,100.0,307.4000000000001,0.0,True,[],0.1524655341511747,0.060880182613216,9.626754207416488e-05
113,4-6,283,4-6/r283,bo,2962.8960579208124,"{""0"": {""K"": 0.0, ""B1"": 2246.901378220368, ""A1"": 723.6731894971903, ""A2"": 4443.743771521387, ""A3"": 2410.5622452555763, ""A4"": 2343.846925319992, ""B2"": 2328.9711906509606}}",3.7343,0.0797265708939774,0.2992743865009365,0.5693256134990635,"[0.6371819479399596, 0.488698141776964, 0.4832045974667458, 0.15562864290262157, 0.9556438218325565, 0.5184004828506615, 0.5040531022193531, 0.5008540194948302, 0.43917141217318545, 0.22957611637564812, 0.24240694388057338, 0.5953854009341539, 0.2666602862044427, 0.20191403257395557]",48.0,48.0,35.0,3.6665,3.6665,49.6539,49.6539,6.6665,6.6665,False,0,3.7389,0.203964,2.9953,0.6371819479399596,1.9063606131643265,plus,False,0.0752969459348034,0.111907521325596,0.0366105753907926,True,True,1.0,True,100.0,14.800000000000068,0.0,True,[],0.2042724089931857,0.0508456640329367,0.0003619704186954
114,4-6,283,4-6/r283,bo,3225.4469042755168,"{""0"": {""K"": 0.0, ""B1"": 3704.247995214648, ""A1"": 3701.1525073657363, ""A2"": 2403.6110383709934, ""A3"": 3204.1237577579077, ""A4"": 4484.102315787567, ""B2"": 2552.997406105373}}",3.7343,0.1332233624933795,0.2992743865009365,0.5693256134990635,"[0.6936444955431219, 0.4594005372492569, 0.7966124720891716, 0.7959467757775777, 0.516905599649676, 0.6890588726361092, 0.9643230786639929, 0.5490317002377146, 0.5155397283807898, 0.4443305846171879, 0.7727229108756091, 0.24097804675939727, 0.5338332298053128, 0.8689535812068544]",54.0,54.0,59.0,9.5,9.5,23.0734,23.0734,13.3458,13.3458,False,0,3.7539,0.870102,2.9953,0.6936444955431219,1.8234376686583424,plus,False,-2.2534308442480246,-2.184133151756304,0.0692976924917205,True,True,1.0,True,100.0,3.099999999999909,0.0,True,[],0.1507544763636792,0.0625831466057494,0.0001131999943116
115,4-6,283,4-6/r283,bo,2907.0173940863424,"{""0"": {""K"": 0.0, ""B1"": 1378.9014401093957, ""A1"": 881.5997550656456, ""A2"": 2584.4217418062603, ""A3"": 303.87965788663644, ""A4"": 1235.4962370214837, ""B2"": 2593.138291493938}}",3.7343,0.1158424853457843,0.2992743865009365,0.5693256134990635,"[0.6251650309863102, 0.3230103171771076, 0.2965379441095475, 0.18959134517540766, 0.5557896218938194, 0.06535046406164224, 0.2656981154884911, 0.5576641487083738, 0.5424215726262112, 0.20110788444077754, 0.6193184703919693, 0.8045264467273451, 0.12171515595906512, 0.2722787316665656]",56.0,56.0,32.0,7.8125,7.8125,65.3395,65.3395,3.0429,3.0429,False,0,3.7404,0.270578,2.9953,0.6251650309863102,1.837030060954385,plus,False,1.9373373188717784,1.420621077285306,0.5167162415864723,True,True,1.0,True,100.0,8.800000000000068,0.0,True,[],0.1463844494443538,0.0621897639252058,8.56148003559687e-05
116,4-6,283,4-6/r283,bo,3213.410703403951,"{""0"": {""K"": 0.0, ""B1"": 1607.2095963738893, ""A1"": 3909.2902859738974, ""A2"": 2004.7613567393437, ""A3"": 4286.0966027294935, ""A4"": 4396.408234146645, ""B2"": 2217.637704818878}}",3.7343,0.1469513936231187,0.2992743865009365,0.5693256134990635,"[0.6910560652481615, 0.6244693528290408, 0.34563647233847083, 0.8407075883814833, 0.4311314745676008, 0.9217412048880632, 0.9454641363756224, 0.47691133436965116, 0.5222954756045646, 0.6250418154297323, 0.3822280992955077, 0.8137309474790265, 0.6440275808743512, 0.20266204996218895]",54.0,54.0,79.0,5.2045,5.2045,66.0298,66.0298,16.1007,16.1007,False,0,3.7389,0.203964,2.9953,0.6910560652481615,1.8117448333580524,plus,False,-0.3533909439472377,-1.1920543483761723,0.8386634044289346,True,True,1.0,True,100.0,110.30000000000018,0.0,True,[],0.1459410402089964,0.0620856165644158,8.236848216309686e-05
117,4-6,283,4-6/r283,bo,3555.636078275796,"{""0"": {""K"": 0.0, ""B1"": 4354.436544963786, ""A1"": 4111.597030066836, ""A2"": 4524.69848714642, ""A3"": 2210.6865334931003, ""A4"": 2066.3109342559364, ""B2"": 2528.9834853156694}}",3.7343,0.1491764477168717,0.2992743865009365,0.5693256134990635,"[0.7646529200593108, 0.4876265927338952, 0.9364379666588788, 0.8842144150681368, 0.9730534380960043, 0.4754164588157205, 0.444367942850739, 0.5438674161969181, 0.11751243316203641, 0.025708386725514343, 0.11645906837499587, 0.667919453697801, 0.35206065946983045, 0.058321833190041805]",24.0,24.0,13.0,2.281,2.281,55.094,55.094,8.8015,8.8015,False,0,3.7356,0.057414,2.9953,0.7646529200593108,1.7091611360374284,plus,False,-0.9150939512071252,-1.6864950869901445,0.771401135783019,True,True,1.0,True,100.0,125.29999999999971,0.0,True,[],0.1537701018111386,0.0599315146055105,8.922469673469365e-05
118,4-6,283,4-6/r283,bo,3526.115686694179,"{""0"": {""K"": 0.0, ""B1"": 1089.581761277077, ""A1"": 3780.0580158409907, ""A2"": 2827.9335774102738, ""A3"": 1104.8258978429228, ""A4"": 4495.1767907267, ""B2"": 1829.9664959687416}}",3.7343,0.2330164861700726,0.2992743865009365,0.5693256134990635,"[0.7583044487514364, 0.6009446833820216, 0.23431865833915633, 0.8129157023313959, 0.6081577585828546, 0.2375969672780479, 0.966704686177785, 0.39354118192876164, 0.9753152588372204, 0.5369201415491328, 0.15871609532358433, 0.5842462319711602, 0.4322044081752713, 0.5119787972501797]",88.0,88.0,69.0,2.7459,2.7459,48.8185,48.8185,10.8051,10.8051,False,0,3.7458,0.510388,2.9953,0.7583044487514364,1.8930976363898293,plus,False,-0.5737751499864336,-1.603634026704733,1.0298588767182997,True,True,1.0,True,100.0,15.199999999999818,0.0,True,[],0.154620994294465,0.0610373193771422,0.0001101272094852
119,4-6,283,4-6/r283,bo,3036.83240944781,"{""0"": {""K"": 0.0, ""B1"": 2013.095610964097, ""A1"": 4132.976639046817, ""A2"": 2245.2209264293556, ""A3"": 3292.7045482557846, ""A4"": 2428.492197991201, ""B2"": 2770.891799829765}}",3.7343,0.1543914514545845,0.2992743865009365,0.5693256134990635,"[0.6530822385909268, 0.7743536090852904, 0.43292378730410686, 0.8888121804401756, 0.4828432099848077, 0.708108505001244, 0.5222563866647744, 0.5958907096408097, 0.17105078556856435, 0.4570886455312996, 0.08177053175317683, 0.6665994229184297, 0.7532535584032188, 0.7631014212169811]",28.0,28.0,60.0,1.8995,1.8995,54.995,54.995,18.8313,18.8313,False,0,3.7515,0.76352,2.9953,0.6530822385909268,1.7957187333737674,plus,False,-1.9163327865378776,-2.117659211669603,0.201326425131725,True,True,1.0,True,100.0,183.19999999999996,0.0,True,[],0.1660142125721706,0.0589719501425765,0.0001468222438578
0,4-1,116,4-1/r116,geometric_0,0.0,"{""0"": {""K"": 0.0, ""B1"": 673.1428571428572, ""A1"": 1346.2857142857144, ""A2"": 2019.4285714285716, ""A3"": 2692.571428571429, ""A4"": 3365.7142857142862, ""B2"": 4038.8571428571436}}",3.7136,0.0915456727280267,0.0915456727280267,0.8135543272719733,"[0.0, 0.0, 0.14285714285714288, 0.28571428571428575, 0.4285714285714286, 0.5714285714285715, 0.7142857142857144, 0.8571428571428573, 0.29333333333333333, 0.36363636363636365, 0.18181818181818182, 0.2, 0.0, 0.5]",37.0,37.0,50.0,3.0,3.0,20.0,20.0,0.0,0.0,False,0,2.9116,0.500028,2.9748,0.0,1.9459101490553137,minus,True,1.589255650987261,2.4142135623720167,0.8249579113847556,True,True,1.0,True,100.0,673.0999999999999,0.0,True,[],,,
1,4-1,116,4-1/r116,geometric_1,0.0,"{""0"": {""K"": 0.0, ""B1"": 329.84000000000003, ""A1"": 1036.64, ""A2"": 1743.44, ""A3"": 2450.2400000000002, ""A4"": 3157.04, ""B2"": 3863.84}}",3.7136,0.1337352951059658,0.1337352951059658,0.7713647048940342,"[0.0, 0.0, 0.07, 0.22, 0.37, 0.52, 0.67, 0.8200000000000001, 0.29333333333333333, 0.36363636363636365, 0.18181818181818182, 0.2, 0.0, 0.5]",37.0,37.0,50.0,3.0,3.0,20.0,20.0,0.0,0.0,False,0,2.9116,0.500028,2.9748,0.0,1.917651908306252,plus,False,3.8297999959966886,3.44085337723648,0.3889466187602086,True,True,1.0,True,100.0,329.8,1.0,True,[],,,
2,4-1,116,4-1/r116,intrinsic_r_otsu,2945.4498386411906,"{""0"": {""K"": 0.0, ""B1"": 3655.030972435352, ""A1"": 1061.1762792356687, ""A2"": 1414.3835345016942, ""A3"": 4116.183834707186, ""A4"": 24.8101151129881, ""B2"": 3869.628307419595}}",3.7136,0.1501603746954813,0.1501603746954813,0.7549396253045187,"[0.625095466604667, 0.8972138009695755, 0.7756856902451935, 0.22520718999059186, 0.30016628491122543, 0.8735534453962619, 0.005265304565574724, 0.8212284183827663, 0.7970694287520462, 0.4679349528437208, 0.3030324268193135, 0.2784256121007733, 0.2548695876541246, 0.5377573663424124]",75.0,75.0,61.0,4.3334,4.3334,25.8819,25.8819,6.3717,6.3717,False,0,2.9748,0.537737,2.9748,0.625095466604667,1.7020488428809704,plus,False,1.2755446057389153,1.2571533036302809,0.0183913021086346,True,True,1.0,True,100.0,24.90000000000009,0.0,True,[],,,
3,4-1,116,4-1/r116,random,2377.431396209876,"{""0"": {""K"": 0.0, ""B1"": 4690.7973355428585, ""A1"": 3735.0229633352046, ""A2"": 2931.7085291267585, ""A3"": 4659.980215877042, ""A4"": 1014.5345860861422, ""B2"": 754.9191035381635}}",3.7136,0.0984282873390782,0.1501603746954813,0.7549396253045187,"[0.5045482589579533, 0.5534973520744925, 0.9955002834343927, 0.7926619192137531, 0.6221792294411627, 0.9889601476818849, 0.21530869823559895, 0.16021203385784455, 0.6125396042730308, 0.04394200796138337, 0.03568027877359614, 0.5148888202713703, 0.4662060253252891, 0.9171677731928523]",61.0,61.0,15.0,1.3925,1.3925,43.6167,43.6167,11.6552,11.6552,False,0,3.6107,0.917154,2.9748,0.5045482589579533,1.858356258546,plus,False,-0.3985719234872021,-0.5569592315082392,0.1583873080210371,True,True,1.0,True,100.0,21.200000000000276,0.0,True,[],,,
4,4-1,116,4-1/r116,random,2964.9141111616414,"{""0"": {""K"": 0.0, ""B1"": 2341.267627574192, ""A1"": 1166.2903125927828, ""A2"": 55.57344835628761, ""A3"": 906.5989024587838, ""A4"": 3260.8553535952265, ""B2"": 945.2588834267214}}",3.7136,0.1940295401570811,0.1940295401570811,0.711070459842919,"[0.6292262544910104, 0.5141176465995139, 0.49687343539350426, 0.24751492202733083, 0.01179402554250586, 0.19240214398531064, 0.6920321208818392, 0.2006067239869952, 0.3695363106022067, 0.0037342420520759534, 0.8300477298017456, 0.15446108106143985, 0.26759930456378545, 0.8803321539808286]",43.0,43.0,10.0,10.1305,10.1305,16.5846,16.5846,6.69,6.69,False,0,3.549,0.88034,2.9748,0.6292262544910104,1.873024962520021,minus,True,1.465656823854255,2.007722274241152,0.5420654503868969,True,True,1.0,True,100.0,38.69999999999982,0.0,True,[],,,
5,4-1,116,4-1/r116,random,2402.13429610001,"{""0"": {""K"": 0.0, ""B1"": 3014.3472906331835, ""A1"": 3495.2247039690706, ""A2"": 431.12729105707115, ""A3"": 2549.869686326015, ""A4"": 2392.622777447249, ""B2"": 4105.751142976854}}",3.7136,0.3017260119468371,0.3017260119468371,0.6033739880531629,"[0.5097908098684232, 0.8471502463658693, 0.6397171669425262, 0.7417709473618571, 0.09149560506304566, 0.5411438213764888, 0.50777223630035, 0.8713393766928806, 0.3612640590141576, 0.5981840672072131, 0.05925164234550362, 0.3876318011107287, 0.32303634625820665, 0.15019972907045187]",42.0,42.0,76.0,1.6518,1.6518,34.0724,34.0724,8.0759,8.0759,False,0,2.3253,0.150206,2.9748,0.5097908098684232,1.7352813753567915,plus,False,1.0909394242930328,0.9969512379188044,0.0939881863742284,True,True,1.0,True,100.0,157.2,0.0,True,[],,,
6,4-1,116,4-1/r116,random,3846.585145195485,"{""0"": {""K"": 0.0, ""B1"": 4611.860031345676, ""A1"": 2780.0408574659955, ""A2"": 2851.025068046259, ""A3"": 3006.2398886746214, ""A4"": 3187.4335488458582, ""B2"": 710.5131463213534}}",3.7136,0.1638982104627928,0.3017260119468371,0.6033739880531629,"[0.8163381038190757, 0.37944617155031246, 0.9787478844112216, 0.5899916930106103, 0.6050562538298513, 0.6379965807883322, 0.6764502438127883, 0.1507880191683687, 0.44031346718818754, 0.23956396182952333, 0.40249829810398163, 0.09670409393174562, 0.9678280510488214, 0.21500403735588003]",48.0,48.0,36.0,5.4275,5.4275,12.2528,12.2528,24.1957,24.1957,False,0,2.4339,0.215003,2.9748,0.8163381038190757,1.4704178581757068,plus,False,1.2975180847018015,0.1941865257253058,1.1033315589764956,True,True,1.0,True,100.0,71.0,0.0,True,[],,,
7,4-1,116,4-1/r116,random,3165.3574462243746,"{""0"": {""K"": 0.0, ""B1"": 4118.650947216465, ""A1"": 3120.355847050794, ""A2"": 620.1737240887365, ""A3"": 3981.9901999608933, ""A4"": 4452.5957824351435, ""B2"": 4259.2559059792075}}",3.7136,0.148204640963065,0.3017260119468371,0.6033739880531629,"[0.6717651626112849, 0.3004200814790703, 0.8740770261495044, 0.6622147383384538, 0.13161581580830573, 0.8450743208745529, 0.9449481711449795, 0.9039167881959268, 0.5697191478592772, 0.1454599537609269, 0.19246349496833237, 0.9279056847445244, 0.5523264876672638, 0.18055249844891164]",58.0,58.0,26.0,3.1171,3.1171,74.5929,74.5929,13.8082,13.8082,False,0,2.3762,0.180576,2.9748,0.6717651626112849,1.73542546273378,plus,False,0.2114872297439341,0.1841406010369823,0.0273466287069518,True,True,1.0,True,100.0,136.69999999999982,0.0,True,[],,,
8,4-1,116,4-1/r116,random,4165.676085453766,"{""0"": {""K"": 0.0, ""B1"": 2684.399421320583, ""A1"": 1773.0682838441835, ""A2"": 1936.421289524396, ""A3"": 1128.473170156853, ""A4"": 179.3259348891186, ""B2"": 4128.743023810885}}",3.7136,0.1786941922022171,0.3017260119468371,0.6033739880531629,"[0.8840568941964699, 0.6415717052224807, 0.5696942744738079, 0.3762878361299201, 0.41095528215712984, 0.23948921268184487, 0.03805728669123909, 0.876218808109271, 0.4677302168140961, 0.5476351992137353, 0.3221633097802251, 0.7513249198549279, 0.025196870801760363, 0.37218527256520395]",50.0,50.0,70.0,4.5438,4.5438,61.3494,61.3494,0.6299,0.6299,False,0,2.6973,0.372164,2.9748,0.8840568941964698,1.7244218378159588,minus,True,1.878869957566338,2.7317295459303086,0.8528595883639705,True,True,1.0,True,100.0,163.39999999999986,0.0,True,[],,,
9,4-1,116,4-1/r116,random,143.010587137934,"{""0"": {""K"": 0.0, ""B1"": 4557.202485192397, ""A1"": 3099.36855994148, ""A2"": 2017.773800987236, ""A3"": 2467.863388474183, ""A4"": 4112.676990757217, ""B2"": 1621.9206628852755}}",3.7136,0.1743864921157616,0.3017260119468371,0.6033739880531629,"[0.03035029438411163, 0.12289210220500935, 0.9671482353973677, 0.6577607300385144, 0.4282202463894813, 0.5237401079104803, 0.8728092085647744, 0.3442106669960262, 0.5902909822897147, 0.6836843733395437, 0.35541377702351207, 0.5190984864959901, 0.7652473832785226, 0.9091793139905502]",59.0,59.0,85.0,4.9096,4.9096,43.9324,43.9324,19.1312,19.1312,False,0,3.5973,0.909159,2.9748,0.0303502943841116,1.8142393329605413,plus,False,-1.850243802647387,-2.065387982744652,0.2151441800972646,True,True,1.0,True,100.0,154.80000000000018,0.0,True,[],,,
10,4-1,116,4-1/r116,random,711.8054542979546,"{""0"": {""K"": 0.0, ""B1"": 24.40281572231626, ""A1"": 3548.029996952617, ""A2"": 3819.2024244548593, ""A3"": 644.4322108686442, ""A4"": 1973.8740031029286, ""B2"": 3841.487581912655}}",3.7136,0.1925249117355645,0.3017260119468371,0.6033739880531629,"[0.1510622780768155, 0.9334193923074285, 0.005178865815432143, 0.752977503597754, 0.8105268303172452, 0.13676405154258153, 0.41890365091318515, 0.8152562779950456, 0.014271189684610608, 0.6284619478662907, 0.7930236580980341, 0.5130035828222085, 0.7258494205510871, 0.22642348269714407]",16.0,16.0,79.0,9.7233,9.7233,43.4753,43.4753,18.1462,18.1462,False,0,2.453,0.2264,2.9748,0.1510622780768155,1.5982099193957546,plus,False,1.397870374996648,1.2190847328781116,0.1787856421185365,True,True,1.0,True,100.0,22.300000000000185,0.0,True,[],,,
11,4-1,116,4-1/r116,random,935.4316493414744,"{""0"": {""K"": 0.0, ""B1"": 845.3612018963944, ""A1"": 1630.6415010979983, ""A2"": 4467.560577367759, ""A3"": 2701.5437653836016, ""A4"": 1602.4007336869972, ""B2"": 1279.4240085389963}}",3.7136,0.1469474442799982,0.3017260119468371,0.6033739880531629,"[0.19852114799267284, 0.3631269505503516, 0.17940602756714652, 0.34606143911247844, 0.9481240614108147, 0.5733327176111209, 0.34006806742083984, 0.2715246198087853, 0.9520394907075223, 0.44447820964711326, 0.9803947508805895, 0.515522669106271, 0.521166129026224, 0.8965405237160008]",86.0,86.0,59.0,11.7843,11.7843,43.6642,43.6642,13.0292,13.0292,False,0,3.5762,0.896569,2.9748,0.1985211479926728,1.812933477081816,plus,False,-0.3164661048276058,-0.2347734419453056,0.0816926628823001,True,True,1.0,True,100.0,28.299999999999727,0.0,True,[],,,
12,4-1,116,4-1/r116,perturb_guardrail_smoke,94.24,"{""0"": {""K"": 0.0, ""B1"": 1950.1670244171394, ""A1"": 2943.300471774357, ""A2"": 2836.8626399350997, ""A3"": 1808.0967561739096, ""A4"": 2502.702030187921, ""B2"": 2326.5921651759736}}",3.7136,0.1983075542880366,0.3017260119468371,0.6033739880531629,"[0.02, 0.0, 0.41387245849260174, 0.6246393191371725, 0.6020506451475169, 0.3837217224477737, 0.5311337075950596, 0.49375894846688745, 0.3612640590141576, 0.5981840672072131, 0.05925164234550362, 0.3876318011107287, 0.32303634625820665, 0.15019972907045187]",42.0,42.0,76.0,1.6518,1.6518,34.0724,34.0724,8.0759,8.0759,False,0,2.3253,0.150206,2.9748,0.02,1.7792109953987494,plus,False,-1.6659748574391673,-1.5510122534585689,0.1149626039805984,True,True,1.0,True,100.0,106.40000000000008,0.0,True,[],,,
13,4-1,116,4-1/r116,perturb_wrong_r_low,2402.13429610001,"{""0"": {""K"": 0.0, ""B1"": 3014.3472906331835, ""A1"": 3495.2247039690706, ""A2"": 431.12729105707115, ""A3"": 2549.869686326015, ""A4"": 2392.622777447249, ""B2"": 4105.751142976854}}",3.7136,0.3017260119468371,0.3017260119468371,0.6033739880531629,"[0.5097908098684232, 0.0, 0.6397171669425262, 0.7417709473618571, 0.09149560506304566, 0.5411438213764888, 0.50777223630035, 0.8713393766928806, 0.3612640590141576, 0.5981840672072131, 0.05925164234550362, 0.3876318011107287, 0.32303634625820665, 0.05]",42.0,42.0,76.0,1.6518,1.6518,34.0724,34.0724,8.0759,8.0759,False,0,2.1574,0.050027,2.9748,0.5097908098684232,1.7352813753567915,plus,False,1.0909394242930328,0.9969512379188044,0.0939881863742284,True,True,1.0,True,100.0,157.2,0.0,True,[],,,
14,4-1,116,4-1/r116,perturb_wrong_k,1712.05139254205,"{""0"": {""K"": 0.0, ""B1"": 3014.3472906331835, ""A1"": 3495.2247039690706, ""A2"": 431.12729105707115, ""A3"": 2549.869686326015, ""A4"": 2392.622777447249, ""B2"": 4105.751142976854}}",3.7136,0.1273671622520618,0.3017260119468371,0.6033739880531629,"[0.36333858076019737, 0.0, 0.6397171669425262, 0.7417709473618571, 0.09149560506304566, 0.5411438213764888, 0.50777223630035, 0.8713393766928806, 0.3612640590141576, 0.5981840672072131, 0.05925164234550362, 0.3876318011107287, 0.32303634625820665, 0.15019972907045187]",42.0,42.0,76.0,1.6518,1.6518,34.0724,34.0724,8.0759,8.0759,False,0,2.3253,0.150206,2.9748,0.3633385807601973,1.7352813753567915,plus,False,1.091210797808933,0.9971483952354152,0.0940624025735178,True,True,1.0,True,100.0,157.19999999999982,0.0,True,[],,,
15,4-1,116,4-1/r116,perturb_ambiguous_lines,2402.13429610001,"{""0"": {""K"": 0.0, ""B1"": 3014.3472906331835, ""A1"": 3495.2247039690706, ""A2"": 431.12729105707115, ""A3"": 2549.869686326015, ""A4"": 2392.622777447249, ""B2"": 4105.751142976854}}",3.7136,0.3017260119468371,0.3017260119468371,0.6033739880531629,"[0.5097908098684232, 0.0, 0.6397171669425262, 0.7417709473618571, 0.09149560506304566, 0.5411438213764888, 0.50777223630035, 0.8713393766928806, 0.3612640590141576, 0.5981840672072131, 0.8876498869997137, 0.9709058720893163, 0.32303634625820665, 0.15019972907045187]",42.0,42.0,76.0,10.7641,10.7641,77.8179,77.8179,8.0759,8.0759,False,0,2.3253,0.150206,2.9748,0.5097908098684232,1.7352813753567915,plus,False,1.0909394242930328,0.9969512379188044,0.0939881863742284,True,True,1.0,True,100.0,157.2,0.0,True,[],,,
16,4-1,116,4-1/r116,perturb_wrong_r_high,2402.13429610001,"{""0"": {""K"": 0.0, ""B1"": 3014.3472906331835, ""A1"": 3495.2247039690706, ""A2"": 431.12729105707115, ""A3"": 2549.869686326015, ""A4"": 2392.622777447249, ""B2"": 4105.751142976854}}",3.7136,0.3230586240922682,0.3230586240922682,0.5820413759077319,"[0.5097908098684232, 0.0, 0.6397171669425262, 0.7417709473618571, 0.09149560506304566, 0.5411438213764888, 0.50777223630035, 0.8713393766928806, 0.3612640590141576, 0.5981840672072131, 0.05925164234550362, 0.3876318011107287, 0.32303634625820665, 0.95]",42.0,42.0,76.0,1.6518,1.6518,34.0724,34.0724,8.0759,8.0759,False,0,3.6657,0.949971,2.9748,0.5097908098684232,1.7352813753567915,plus,False,1.0909394242930328,0.9969512379188044,0.0939881863742284,True,True,1.0,True,100.0,157.2,0.0,True,[],,,
17,4-1,116,4-1/r116,perturb_wrong_k,3153.3279020703512,"{""0"": {""K"": 0.0, ""B1"": 3014.3472906331835, ""A1"": 3495.2247039690706, ""A2"": 431.12729105707115, ""A3"": 2549.869686326015, ""A4"": 2392.622777447249, ""B2"": 4105.751142976854}}",3.7136,0.1254364534040341,0.3230586240922682,0.5820413759077319,"[0.6692122033256264, 0.0, 0.6397171669425262, 0.7417709473618571, 0.09149560506304566, 0.5411438213764888, 0.50777223630035, 0.8713393766928806, 0.3612640590141576, 0.5981840672072131, 0.05925164234550362, 0.3876318011107287, 0.32303634625820665, 0.15019972907045187]",42.0,42.0,76.0,1.6518,1.6518,34.0724,34.0724,8.0759,8.0759,False,0,2.3253,0.150206,2.9748,0.6692122033256264,1.7352813753567915,plus,False,1.090939424293034,0.996951237918805,0.0939881863742289,True,True,1.0,True,100.0,157.20000000000005,0.0,True,[],,,
18,4-1,116,4-1/r116,perturb_offset_shift,2402.13429610001,"{""0"": {""K"": 0.0, ""B1"": 2931.396681531531, ""A1"": 3922.909790428016, ""A2"": 331.2096890637731, ""A3"": 3027.9600358234115, ""A4"": 1904.8915948548197, ""B2"": 4026.585994163641}}",3.7136,0.2480784768702919,0.3230586240922682,0.5820413759077319,"[0.5097908098684232, 0.0, 0.6221130478632282, 0.8325360336222445, 0.07029068104069888, 0.6426061196569209, 0.4042639208095967, 0.8545386235491598, 0.3612640590141576, 0.5981840672072131, 0.05925164234550362, 0.3876318011107287, 0.32303634625820665, 0.15019972907045187]",42.0,42.0,76.0,1.6518,1.6518,34.0724,34.0724,8.0759,8.0759,False,0,2.3253,0.150206,2.9748,0.5097908098684232,1.8090267222731973,plus,False,1.3492421142852125,0.8696907742643014,0.479551340020911,True,True,1.0,True,100.0,96.60000000000002,0.0,True,[],,,
19,4-1,116,4-1/r116,perturb_misaligned,2535.1794632029496,"{""0"": {""K"": 0.0, ""B1"": 3137.0963443499018, ""A1"": 3568.5182710342356, ""A2"": 697.766578049587, ""A3"": 2455.2610906224663, ""A4"": 2335.1037099123523, ""B2"": 3937.765564148464}}",3.7136,0.2722412289236936,0.3230586240922682,0.5820413759077319,"[0.5380262018681982, 0.0, 0.665767475456261, 0.7573256093026816, 0.14808289007843528, 0.5210655964818477, 0.49556530346187444, 0.8356887869585026, 0.3612640590141576, 0.5981840672072131, 0.05925164234550362, 0.3876318011107287, 0.32303634625820665, 0.15019972907045187]",42.0,42.0,76.0,1.6518,1.6518,34.0724,34.0724,8.0759,8.0759,False,0,2.3253,0.150206,2.9748,0.5380262018681982,1.736441745152234,plus,False,0.6526939041668349,0.3393773315931221,0.3133165725737127,True,True,1.0,True,100.0,120.09999999999997,0.0,True,[],,,
20,4-1,116,4-1/r116,perturb_weak_hough,2402.13429610001,"{""0"": {""K"": 0.0, ""B1"": 3014.3472906331835, ""A1"": 3495.2247039690706, ""A2"": 431.12729105707115, ""A3"": 2549.869686326015, ""A4"": 2392.622777447249, ""B2"": 4105.751142976854}}",3.7136,0.3017260119468371,0.3230586240922682,0.5820413759077319,"[0.5097908098684232, 0.0, 0.6397171669425262, 0.7417709473618571, 0.09149560506304566, 0.5411438213764888, 0.50777223630035, 0.8713393766928806, 0.9279272229816788, 0.9926407293372774, 0.05925164234550362, 0.3876318011107287, 0.32303634625820665, 0.15019972907045187]",85.0,85.0,119.0,1.6518,1.6518,34.0724,34.0724,8.0759,8.0759,False,0,2.3253,0.150206,2.9748,0.5097908098684232,1.7352813753567915,plus,False,1.0909394242930328,0.9969512379188044,0.0939881863742284,True,True,1.0,True,100.0,157.2,0.0,True,[],,,
21,4-1,116,4-1/r116,perturb_small_segment,2402.13429610001,"{""0"": {""K"": 0.0, ""B1"": 329.84000000000003, ""A1"": 1036.64, ""A2"": 1743.44, ""A3"": 2450.2400000000002, ""A4"": 3157.04, ""B2"": 3863.84}}",3.7136,0.251532750265952,0.3230586240922682,0.5820413759077319,"[0.5097908098684232, 0.0, 0.07, 0.22, 0.37, 0.52, 0.67, 0.8200000000000001, 0.3612640590141576, 0.5981840672072131, 0.05925164234550362, 0.3876318011107287, 0.32303634625820665, 0.15019972907045187]",42.0,42.0,76.0,1.6518,1.6518,34.0724,34.0724,8.0759,8.0759,False,0,2.3253,0.150206,2.9748,0.5097908098684232,1.917651908306252,plus,False,3.8298999909864895,3.4410977279740376,0.3888022630124528,True,True,1.0,True,100.0,329.9000000000001,1.0,True,[],,,
22,4-1,116,4-1/r116,perturb_guardrail_smoke,94.24,"{""0"": {""K"": 0.0, ""B1"": 1950.1670244171394, ""A1"": 2943.300471774357, ""A2"": 2836.8626399350997, ""A3"": 1808.0967561739096, ""A4"": 2502.702030187921, ""B2"": 2326.5921651759736}}",3.7136,0.1983075542880366,0.3230586240922682,0.5820413759077319,"[0.02, 0.0, 0.41387245849260174, 0.6246393191371725, 0.6020506451475169, 0.3837217224477737, 0.5311337075950596, 0.49375894846688745, 0.3612640590141576, 0.5981840672072131, 0.05925164234550362, 0.3876318011107287, 0.32303634625820665, 0.15019972907045187]",42.0,42.0,76.0,1.6518,1.6518,34.0724,34.0724,8.0759,8.0759,False,0,2.3253,0.150206,2.9748,0.02,1.7792109953987494,plus,False,-1.6659748574391673,-1.5510122534585689,0.1149626039805984,True,True,1.0,True,100.0,106.40000000000008,0.0,True,[],,,
23,4-1,116,4-1/r116,perturb_wrong_r_low,2402.13429610001,"{""0"": {""K"": 0.0, ""B1"": 3014.3472906331835, ""A1"": 3495.2247039690706, ""A2"": 431.12729105707115, ""A3"": 2549.869686326015, ""A4"": 2392.622777447249, ""B2"": 4105.751142976854}}",3.7136,0.3017260119468371,0.3230586240922682,0.5820413759077319,"[0.5097908098684232, 0.0, 0.6397171669425262, 0.7417709473618571, 0.09149560506304566, 0.5411438213764888, 0.50777223630035, 0.8713393766928806, 0.3612640590141576, 0.5981840672072131, 0.05925164234550362, 0.3876318011107287, 0.32303634625820665, 0.05]",42.0,42.0,76.0,1.6518,1.6518,34.0724,34.0724,8.0759,8.0759,False,0,2.1574,0.050027,2.9748,0.5097908098684232,1.7352813753567915,plus,False,1.0909394242930328,0.9969512379188044,0.0939881863742284,True,True,1.0,True,100.0,157.2,0.0,True,[],,,
24,4-1,116,4-1/r116,bo,2452.5574437781283,"{""0"": {""K"": 0.0, ""B1"": 3590.878907197413, ""A1"": 4530.7038661665565, ""A2"": 2207.2041511960756, ""A3"": 1808.0708627248503, ""A4"": 2973.1819582271987, ""B2"": 4114.559147683926}}",3.7136,0.1620901127882587,0.3230586240922682,0.5820413759077319,"[0.52049181744018, 0.7466814127496147, 0.7620710753814544, 0.9615245895939212, 0.4684219336154659, 0.38371622723362697, 0.6309808909650252, 0.8732086476409011, 0.7930663006862925, 0.024160308668703778, 0.811612594073737, 0.25508743971480174, 0.771877261340917, 0.3704535208746491]",74.0,74.0,13.0,9.9277,9.9277,24.1316,24.1316,19.2969,19.2969,False,0,2.6944,0.370434,2.9748,0.52049181744018,1.733560466528414,plus,False,-2.284682174454025,-2.1957550475720957,0.0889271268819302,True,True,1.0,True,100.0,181.29999999999973,0.0,True,[],0.3009385940723139,0.0373844727061759,0.0040438284209083
25,4-1,116,4-1/r116,bo,2343.1893740415376,"{""0"": {""K"": 0.0, ""B1"": 3480.344366876811, ""A1"": 2012.1082007301854, ""A2"": 592.4020216737346, ""A3"": 2446.5677870330665, ""A4"": 3679.7088430669987, ""B2"": 625.1694456220855}}",3.7136,0.1128236920931084,0.3230586240922682,0.5820413759077319,"[0.4972812763246047, 0.25051783727878185, 0.7386129810859107, 0.42701786942491204, 0.12572199101734605, 0.5192206678762874, 0.7809229293435905, 0.132676028357828, 0.19238821468835843, 0.333839672717852, 0.8731231536817805, 0.8727799224788614, 0.49291627208865507, 0.6920064913829972]",29.0,29.0,47.0,10.6044,10.6044,70.4585,70.4585,12.3229,12.3229,False,0,3.2334,0.692034,2.9748,0.4972812763246047,1.8713283184598783,plus,False,1.3615020197589316,0.3022899740533699,1.0592120457055616,True,True,1.0,True,100.0,32.80000000000018,0.0,True,[],0.2649742989275915,0.0451939691800505,0.0013050139382987
26,4-1,116,4-1/r116,bo,2604.808638370342,"{""0"": {""K"": 0.0, ""B1"": 2122.828509467706, ""A1"": 2933.7924239788294, ""A2"": 3642.539618134435, ""A3"": 2621.989390452615, ""A4"": 1923.1562708831243, ""B2"": 4301.984455242216}}",3.7136,0.100608265046808,0.3230586240922682,0.5820413759077319,"[0.5528031915047416, 0.3200011150375104, 0.4505153882571533, 0.622621482168682, 0.7730347237127408, 0.5564493613014888, 0.4081401253996444, 0.9129848164775503, 0.941248499062504, 0.6585181287102673, 0.028814982591062965, 0.9859113460491254, 0.5689008459489163, 0.8821463211066655]",86.0,86.0,82.0,1.317,1.317,78.9434,78.9434,14.2225,14.2225,False,0,3.552,0.88213,2.9748,0.5528031915047416,1.709440200375518,plus,False,-2.03481746843372,-1.9670011695470635,0.0678162988866566,True,True,1.0,True,100.0,199.6000000000004,0.0,True,[],0.2792639063467317,0.0441959354301838,0.0023933527813072
27,4-1,116,4-1/r116,bo,2379.719459746267,"{""0"": {""K"": 0.0, ""B1"": 1068.35908104642, ""A1"": 94.08086438227458, ""A2"": 2869.7140251988726, ""A3"": 2921.2622186805224, ""A4"": 1926.6561068999974, ""B2"": 1843.8134273890535}}",3.7136,0.2552177830452977,0.3230586240922682,0.5820413759077319,"[0.5050338412025185, 0.7481539982489557, 0.22673155370255094, 0.019966227585372365, 0.6090225011033261, 0.6199622705179377, 0.40888287497877707, 0.391301661160665, 0.5523932446926397, 0.22806576495481923, 0.0291841554910387, 0.6221085043365195, 0.6879265927845898, 0.9348219814837364]",56.0,56.0,35.0,1.321,1.321,51.6581,51.6581,17.1982,17.1982,False,0,3.6403,0.934815,2.9748,0.5050338412025185,1.733294947914096,minus,True,0.9541452785728186,1.4278858602447635,0.4737405816719451,True,True,1.0,True,100.0,51.60000000000002,0.0,True,[],0.2361102755286063,0.0595438310717605,0.0012945347222024
28,4-1,116,4-1/r116,bo,2453.412328362508,"{""0"": {""K"": 0.0, ""B1"": 2099.351954951671, ""A1"": 771.0777227268435, ""A2"": 49.72899557244298, ""A3"": 2360.005534113497, ""A4"": 3631.878101360354, ""B2"": 3975.9707558995883}}",3.7136,0.2101024627674099,0.3230586240922682,0.5820413759077319,"[0.5206732445591061, 0.7159636183723037, 0.4455330974006093, 0.16364128241231823, 0.01055369175985632, 0.5008500709069391, 0.7707720928184113, 0.8437968497240212, 0.7065422666831175, 0.2731393927173934, 0.5371050778655257, 0.4510407620495781, 0.25933828763263356, 0.960259088339649]",68.0,68.0,40.0,6.9082,6.9082,38.8281,38.8281,6.4835,6.4835,False,0,3.6829,0.960233,2.9748,0.5206732445591061,1.7395388409548658,plus,False,1.8414243315510304,1.4166255113768635,0.424798820174167,True,True,1.0,True,99.99999999999996,49.69999999999982,0.0,True,[],0.2845969096638167,0.0462187049528085,0.0035078246630978
29,4-1,116,4-1/r116,bo,2891.389046045991,"{""0"": {""K"": 0.0, ""B1"": 855.3943274918997, ""A1"": 1560.26068319849, ""A2"": 3299.634217105042, ""A3"": 2087.607064087293, ""A4"": 3067.541552957108, ""B2"": 4488.5046758526105}}",3.7136,0.0895991122034408,0.3230586240922682,0.5820413759077319,"[0.6136224630827655, 0.9064141639871252, 0.18153529870371388, 0.3311249327670819, 0.7002619306250089, 0.44304054840562246, 0.6510062718499804, 0.9525689040434232, 0.416750414263075, 0.9407511266039705, 0.4131627658877669, 0.1641774627267768, 0.31721745365947107, 0.06256947852229144]",46.0,46.0,113.0,5.5448,5.5448,17.3133,17.3133,7.9304,7.9304,False,0,2.1784,0.062556,2.9748,0.6136224630827655,1.7008404581323635,minus,True,-0.3978567991994648,0.1789637646259276,0.5768205638253925,True,True,1.0,True,100.0,223.5,0.0,True,[],0.2052200426795231,0.0624787148179988,0.0004684199040123
30,4-1,116,4-1/r116,bo,2220.3940364965592,"{""0"": {""K"": 0.0, ""B1"": 3563.240010287037, ""A1"": 3717.8212912503536, ""A2"": 399.11608467396786, ""A3"": 2369.0465737525265, ""A4"": 148.45217751412233, ""B2"": 3897.4427716093214}}",3.7136,0.2297846572024375,0.3230586240922682,0.5820413759077319,"[0.47122114526667214, 0.6617248954970073, 0.7562054351203389, 0.7890113096881056, 0.08470205532130048, 0.5027687974856805, 0.031505131051384194, 0.8271313182532516, 0.12013662616695997, 0.13066282144246255, 0.4781019517892686, 0.961345016288273, 0.8101867343347149, 0.17456771710094587]",24.0,24.0,24.0,6.2591,6.2591,77.1009,77.1009,20.2547,20.2547,False,0,2.3661,0.17455,2.9748,0.4712211452666721,1.7221359844220747,plus,False,1.3690981107789164,0.953292923043775,0.4158051877351414,True,True,1.0,True,100.0,148.4000000000001,0.0,True,[],0.2304992887986558,0.0610171331467,0.0011690669609685
31,4-1,116,4-1/r116,bo,2353.4735191394907,"{""0"": {""K"": 0.0, ""B1"": 4197.4624014130095, ""A1"": 2991.8824579996467, ""A2"": 512.4282348615376, ""A3"": 2912.2786492013465, ""A4"": 1468.0231830417492, ""B2"": 2174.7085218570373}}",3.7136,0.08343380868569,0.3230586240922682,0.5820413759077319,"[0.49946381985133503, 0.7288843662028508, 0.8908027167684656, 0.634949587860706, 0.10874962539506317, 0.6180557404926457, 0.3115499115114069, 0.4615255776436836, 0.06851570230349635, 0.35965895790847435, 0.8601713591355955, 0.8732694547923597, 0.583956218981934, 0.057466955469673175]",20.0,20.0,50.0,10.4619,10.4619,70.4952,70.4952,14.5989,14.5989,False,0,2.1699,0.057485,2.9748,0.499463819851335,1.85933369743467,plus,False,1.1858876457496157,0.9117022079941444,0.2741854377554712,True,True,1.0,True,100.0,79.60000000000002,0.0,True,[],0.2406862625585132,0.0565435233471834,0.0012134026253793
32,4-1,116,4-1/r116,bo,2340.651203896706,"{""0"": {""K"": 0.0, ""B1"": 2865.2522768002486, ""A1"": 197.90277153497334, ""A2"": 1760.4850858601396, ""A3"": 2281.611393573875, ""A4"": 2093.9900045853797, ""B2"": 3823.020815498639}}",3.7136,0.3366317768260708,0.3366317768260708,0.5684682231739291,"[0.4967426154279937, 0.49954530000482267, 0.6080756105263686, 0.0419997392901047, 0.3736173781536799, 0.48421294430684947, 0.44439516226345066, 0.8113371849530219, 0.9342263818874911, 0.5866205786126769, 0.6595319523704081, 0.20115555730061596, 0.129380509528763, 0.8314744123496638]",85.0,85.0,75.0,8.2549,8.2549,20.0867,20.0867,3.2345,3.2345,False,0,3.4671,0.831474,2.9748,0.4967426154279937,1.7638987121333671,plus,False,1.7442257109639212,1.804831630942368,0.0606059199784465,True,True,1.0,True,99.99999999999996,187.69999999999985,0.0,True,[],0.2265570007506625,0.0594740236587189,0.0008690493613612
33,4-1,116,4-1/r116,bo,2316.4665421132213,"{""0"": {""K"": 0.0, ""B1"": 1361.7168708020467, ""A1"": 352.2627902462634, ""A2"": 2981.852918683145, ""A3"": 3601.6596771326217, ""A4"": 2698.2562139857832, ""B2"": 744.2585094293685}}",3.7136,0.2492478179123131,0.3366317768260708,0.5684682231739291,"[0.49161004713778045, 0.7590724041954289, 0.28898914915153795, 0.07475865667365522, 0.6328210778190037, 0.764359014671609, 0.572635019946049, 0.15794959877533288, 0.16497120159929313, 0.5873324213534029, 0.22793492530666104, 0.9899760159724059, 0.8990414963006574, 0.35880868530430576]",27.0,27.0,75.0,3.5073,3.5073,79.2482,79.2482,22.476,22.476,False,0,2.6749,0.358799,2.9748,0.4916100471377804,1.8289980463634727,minus,True,1.6607466548644363,2.448880486193211,0.7881338313287745,True,True,1.0,True,100.0,283.6,0.0,True,[],0.2961986788442723,0.0454233686298776,0.0030540418851303
34,4-1,116,4-1/r116,bo,2222.070742539,"{""0"": {""K"": 0.0, ""B1"": 4283.641355861994, ""A1"": 3459.0289033083004, ""A2"": 740.1881333489933, ""A3"": 964.7364707716729, ""A4"": 2515.787271124907, ""B2"": 3376.2554855580856}}",3.7136,0.3070454048252306,0.3366317768260708,0.5684682231739291,"[0.47157698271201187, 0.6272178261069081, 0.9090919685615437, 0.7340893258294355, 0.15708576683976938, 0.20474033760010035, 0.5339107111894964, 0.7165228110267584, 0.11807816822575512, 0.9944673254193058, 0.12886097644787986, 0.21580100734183827, 0.8701270455135993, 0.08591212104270252]",24.0,24.0,119.0,2.4175,2.4175,21.1851,21.1851,21.7532,21.7532,False,0,2.2175,0.085886,2.9748,0.4715769827120119,1.6946067954846065,minus,True,-0.1088062141801477,0.2019464454886218,0.3107526596687695,True,True,1.0,True,100.0,82.80000000000007,0.0,True,[],0.2510192066810205,0.0577066659048789,0.0011714124543874
35,4-1,116,4-1/r116,bo,2474.382289253702,"{""0"": {""K"": 0.0, ""B1"": 527.8115468704, ""A1"": 936.2886722055575, ""A2"": 630.0396434966957, ""A3"": 4152.9500105536, ""A4"": 2322.6598730607047, ""B2"": 3432.405095352621}}",3.7136,0.1264582177956986,0.3366317768260708,0.5684682231739291,"[0.5251235758178484, 0.1070528117486288, 0.11201433507436331, 0.19870302890610303, 0.13370960176075886, 0.8813561142940577, 0.4929244212777387, 0.72843911191694, 0.6225521064738075, 0.584795397953471, 0.6548403175030996, 0.8401659268547242, 0.9077144282293601, 0.6688326261452531]",62.0,62.0,74.0,8.2032,8.2032,68.0124,68.0124,22.6929,22.6929,False,0,3.1945,0.668824,2.9748,0.5251235758178484,1.6761947436268054,plus,False,1.0317380723816088,0.421114645596789,0.6106234267848197,True,True,1.0,True,100.0,102.20000000000029,0.0,True,[],0.3161143762635329,0.0321272924780266,0.0029420413378409
36,4-1,116,4-1/r116,bo,2576.1132913338715,"{""0"": {""K"": 0.0, ""B1"": 1763.2080243122862, ""A1"": 4140.713372637616, ""A2"": 2153.530444813847, ""A3"": 2843.377155412414, ""A4"": 2859.578567581412, ""B2"": 4273.1653529551295}}",3.7136,0.1267678840714971,0.3366317768260708,0.5684682231739291,"[0.5467133470572733, 0.6531819762072696, 0.3741952513396193, 0.8787592047193583, 0.45703107912008645, 0.6034331823880336, 0.606871512644612, 0.9068687081823279, 0.13407060676850635, 0.8118152326481679, 0.7596389422793883, 0.2832797501077573, 0.8221933762693207, 0.9416329258969562]",25.0,25.0,99.0,9.356,9.356,26.246,26.246,20.5548,20.5548,False,0,3.6517,0.941617,2.9748,0.5467133470572733,1.6495305146501078,plus,False,-1.916198968988514,-1.949895528798272,0.033696559809758,True,True,1.0,True,100.0,16.200000000000045,0.0,True,[],0.2540931532142132,0.0654762961833347,0.0023313534268878
37,4-1,116,4-1/r116,bo,2751.507114385401,"{""0"": {""K"": 0.0, ""B1"": 2178.161221361501, ""A1"": 4681.402079307924, ""A2"": 1612.2730745675005, ""A3"": 2600.7598686805736, ""A4"": 2277.5556200302453, ""B2"": 3754.6029981385764}}",3.7136,0.1861838559967712,0.3366317768260708,0.5684682231739291,"[0.5839361448186335, 0.04421583872657009, 0.46225832371848485, 0.9935063835543134, 0.3421632161645799, 0.5519439449661658, 0.483352211381631, 0.7968172746474058, 0.7065037892826814, 0.14075051991638166, 0.3259054511799271, 0.601567623426464, 0.16311544045724857, 0.8252753589290597]",68.0,68.0,25.0,4.585,4.585,50.1176,50.1176,4.0779,4.0779,False,0,3.4567,0.825268,2.9748,0.5839361448186335,1.8123885717370485,plus,False,-1.1659511376123748,-1.7896183537184565,0.6236672161060817,True,True,1.0,True,100.0,30.59999999999991,0.0,True,[],0.2172475373377905,0.070507180524086,0.000921084290316
38,4-1,116,4-1/r116,bo,2409.570893960867,"{""0"": {""K"": 0.0, ""B1"": 2473.085996915612, ""A1"": 2024.935702979739, ""A2"": 1448.0429252966248, ""A3"": 1611.4150594521022, ""A4"": 1384.4235967044735, ""B2"": 4433.276733602814}}",3.7136,0.1967470491460477,0.3366317768260708,0.5684682231739291,"[0.511369035220897, 0.1918932517790568, 0.5248484713318362, 0.42974017465614156, 0.3073096191206759, 0.34198112467149877, 0.29380806381673885, 0.9408482032264036, 0.2895211168091668, 0.036263456887190015, 0.5479184855548417, 0.8772715413966687, 0.13020949583300712, 0.8413800629049534]",37.0,37.0,14.0,7.0271,7.0271,70.7954,70.7954,3.2552,3.2552,False,0,3.4837,0.841378,2.9748,0.511369035220897,1.675266128071938,minus,True,-0.8494052587772938,0.1875463406961708,1.0369515994734646,True,True,1.0,True,99.99999999999996,63.59999999999991,0.0,True,[],0.2159982185308426,0.0695169010359557,0.0008110651521653
39,4-1,116,4-1/r116,bo,2417.9319120901123,"{""0"": {""K"": 0.0, ""B1"": 2323.3204938546537, ""A1"": 72.85523247065466, ""A2"": 2054.631497148604, ""A3"": 4691.90499221997, ""A4"": 2919.589468524318, ""B2"": 1340.2177307481868}}",3.7136,0.1035758052625262,0.3366317768260708,0.5684682231739291,"[0.5131434448408557, 0.06370287680919162, 0.49306462093689596, 0.015461636772210241, 0.4360423381045424, 0.9957353548853927, 0.6196072726070284, 0.284426513316678, 0.8609013110280268, 0.580908533064469, 0.06063496316623118, 0.6545884444163204, 0.9791937818328261, 0.5001789690267122]",80.0,80.0,74.0,1.667,1.667,54.0941,54.0941,24.4798,24.4798,False,0,2.9119,0.500207,2.9748,0.5131434448408557,1.931843597182874,plus,False,1.137535583032369,1.0570287340026605,0.0805068490297087,True,True,1.0,True,100.0,20.09999999999991,0.0,True,[],0.2383058038180495,0.0589663633786562,0.0007663471114525
40,4-1,116,4-1/r116,bo,2285.8912651291566,"{""0"": {""K"": 0.0, ""B1"": 2542.1318277818127, ""A1"": 4536.061352867726, ""A2"": 4699.07899086306, ""A3"": 3611.677226841706, ""A4"": 461.8698170663581, ""B2"": 1611.010545048021}}",3.7136,0.1734499408025804,0.3366317768260708,0.5684682231739291,"[0.4851212362328431, 0.5043950899767748, 0.539501661244018, 0.9626615774337278, 0.9972578503529416, 0.7664849802295641, 0.09801991024328482, 0.341895276962653, 0.9390349704818847, 0.6916808436305459, 0.9874329258346931, 0.20774247800417966, 0.7052953627756611, 0.9422660274857619]",85.0,85.0,86.0,11.8618,11.8618,20.5807,20.5807,17.6324,17.6324,False,0,3.6528,0.942274,2.9748,0.4851212362328431,1.7654636019525307,plus,False,1.0550017396732647,1.1885825354104025,0.1335807957371375,True,True,1.0,True,100.0,12.900000000000093,0.0,True,[],0.201502724560671,0.0690219880433337,0.0004431994465454
41,4-1,116,4-1/r116,bo,2402.5209815414064,"{""0"": {""K"": 0.0, ""B1"": 951.692276614901, ""A1"": 665.8927773878685, ""A2"": 2351.7535729653564, ""A3"": 4216.799355488728, ""A4"": 2070.2508831211458, ""B2"": 3497.3327035265893}}",3.7136,0.1352337350583736,0.3366317768260708,0.5684682231739291,"[0.5098728738415549, 0.42604766176533704, 0.20197204512200784, 0.14131850114343558, 0.49909880580758836, 0.89490648461136, 0.439357148370362, 0.7422183156890045, 0.7300320305819593, 0.3254870112318028, 0.08724814861819385, 0.9158410300337115, 0.32517945809405124, 0.9445298981884853]",70.0,70.0,46.0,1.9597,1.9597,73.6881,73.6881,8.1295,8.1295,False,0,3.6566,0.944541,2.9748,0.5098728738415549,1.818170882661692,minus,True,0.862799783629135,1.357754283353005,0.4949544997238699,True,True,1.0,True,100.0,281.5,0.0,True,[],0.2014124056343505,0.0683980041716336,0.0004149235991281
42,4-1,116,4-1/r116,bo,2640.789144713134,"{""0"": {""K"": 0.0, ""B1"": 1897.0010226347767, ""A1"": 224.7045274780877, ""A2"": 2334.520067582748, ""A3"": 1329.503191726255, ""A4"": 1560.0674520788803, ""B2"": 141.4355904493148}}",3.7136,0.0803187079670341,0.3366317768260708,0.5684682231739291,"[0.5604391223924309, 0.049037982870938746, 0.4025893511533907, 0.04768771805562133, 0.49544144048869865, 0.2821526298230592, 0.3310839244649576, 0.030016042115728947, 0.31361324949935276, 0.5878501170574951, 0.5620476094823982, 0.3987224353406692, 0.9291676746688128, 0.5261845611217343]",39.0,39.0,75.0,7.1825,7.1825,34.9042,34.9042,23.2292,23.2292,False,0,2.9554,0.526162,2.9748,0.5604391223924309,1.7925784440952126,plus,False,1.0258000331895163,1.2150601489322466,0.1892601157427302,True,True,1.0,True,100.0,83.30000000000018,0.0,True,[],0.2237057673802435,0.0657140202838879,0.0007837627344341
43,4-1,116,4-1/r116,bo,2338.8240265374934,"{""0"": {""K"": 0.0, ""B1"": 4227.97602418984, ""A1"": 2957.973936818202, ""A2"": 531.1548032255266, ""A3"": 2598.2983904160783, ""A4"": 1648.9751655624978, ""B2"": 4403.210404758401}}",3.7136,0.1557624348576,0.3366317768260708,0.5684682231739291,"[0.4963548443415733, 0.23997228272100768, 0.8972784431642276, 0.6277533821770378, 0.11272385467434776, 0.5514215599355005, 0.3499522847119053, 0.9344674033867574, 0.791661677341605, 0.5947190103499804, 0.837030451891633, 0.6763396602507126, 0.24285111085270006, 0.3802407583537286]",74.0,74.0,75.0,10.2073,10.2073,55.7255,55.7255,6.0713,6.0713,False,0,2.7108,0.380219,2.9748,0.4963548443415733,1.814094797018274,plus,False,0.6896039228552546,0.5538121017440305,0.1357918211112241,True,True,1.0,True,100.0,175.20000000000005,0.0,True,[],0.2798783793090552,0.0472451844511297,0.001683706699384
44,4-1,116,4-1/r116,bo,2261.535021422957,"{""0"": {""K"": 0.0, ""B1"": 630.3541756072864, ""A1"": 3619.174783830507, ""A2"": 1904.474078881724, ""A3"": 1204.656309521635, ""A4"": 2369.395122740008, ""B2"": 3506.9148695165554}}",3.7136,0.1962601112634475,0.3366317768260708,0.5684682231739291,"[0.4799522541220198, 0.11323881231137434, 0.13377635305757352, 0.7680761425786304, 0.4041753138543557, 0.25565711152836057, 0.5028427679838726, 0.7442518823252452, 0.5443309355082668, 0.05666320087531185, 0.6411547940787014, 0.24554935570577718, 0.19328449271055526, 0.137588389352447]",56.0,56.0,16.0,8.0527,8.0527,23.4162,23.4162,4.8321,4.8321,False,0,2.3042,0.137616,2.9748,0.4799522541220198,1.7718897668167457,minus,True,0.0593555370499022,0.6310317957792254,0.5716762587293232,True,True,1.0,True,100.0,112.29999999999995,0.0,True,[],0.2816081049036065,0.0481106925581209,0.0019610475351112
45,4-1,116,4-1/r116,bo,2253.4565508020887,"{""0"": {""K"": 0.0, ""B1"": 860.7649232609659, ""A1"": 187.14251743664715, ""A2"": 1680.0080120104687, ""A3"": 754.1816117051318, ""A4"": 2338.8091285294367, ""B2"": 2840.279377382949}}",3.7136,0.220760183155882,0.3366317768260708,0.5684682231739291,"[0.4782378078951801, 0.5997883937438918, 0.18267506860377036, 0.03971615395514583, 0.3565382028884696, 0.16005552031093628, 0.49635168262509266, 0.6027757592069076, 0.2552161461269262, 0.8015541024159739, 0.3430912391734643, 0.625833607715436, 0.1989624860354825, 0.8087081670708913]",34.0,34.0,98.0,4.774,4.774,51.9375,51.9375,4.9741,4.9741,False,0,3.4289,0.808681,2.9748,0.4782378078951801,1.7500631167680898,plus,False,2.485739960312602,1.6929640027325723,0.7927759575800297,True,True,1.0,True,100.0,106.59999999999992,0.0,True,[],0.2567502625431533,0.056913953848931,0.0013888737635027
46,4-1,116,4-1/r116,bo,2506.9043426829207,"{""0"": {""K"": 0.0, ""B1"": 3887.7835315990715, ""A1"": 50.77352418846909, ""A2"": 1754.391784796587, ""A3"": 2034.7539882471515, ""A4"": 2079.464434599465, ""B2"": 3996.978051199954}}",3.7136,0.2387032239589671,0.3366317768260708,0.5684682231739291,"[0.5320255396186164, 0.9066857044706716, 0.8250813946517555, 0.010775365914361013, 0.37232423276667803, 0.43182385149557545, 0.44131248612042984, 0.8482551042444724, 0.8407299796568508, 0.6110203553546976, 0.33553276704199464, 0.4761409319992147, 0.2436349311658833, 0.8058917337672168]",78.0,78.0,77.0,4.6909,4.6909,40.7106,40.7106,6.0909,6.0909,False,0,3.4242,0.805877,2.9748,0.5320255396186164,1.5447466060428503,plus,False,1.2623854743389469,0.9178393741927064,0.3445461001462404,True,True,1.0,True,100.0,44.69999999999982,0.0,True,[],0.2633244547533124,0.0543641411538513,0.001479218915897
47,4-1,116,4-1/r116,bo,2325.956762042472,"{""0"": {""K"": 0.0, ""B1"": 910.5257521923987, ""A1"": 144.84892058576753, ""A2"": 2734.4323197395224, ""A3"": 3158.1944348049715, ""A4"": 2199.508111123047, ""B2"": 2155.1454774600506}}",3.7136,0.2151894703803662,0.3366317768260708,0.5684682231739291,"[0.493624100603241, 0.5813749031705308, 0.1932355161698639, 0.030740433061495653, 0.5803124617443808, 0.6702449988974897, 0.4667886483707655, 0.4573738279838817, 0.25135194655607107, 0.9620310616116909, 0.8169758245289945, 0.999880812824102, 0.18702884023075284, 0.4426336601863392]",34.0,34.0,116.0,9.9867,9.9867,79.9911,79.9911,4.6757,4.6757,False,0,2.8154,0.44263,2.9748,0.4936241006032411,1.7698078411438836,minus,True,0.9112181456221696,1.8601187478030288,0.9489006021808593,True,True,1.0,True,100.0,44.39999999999964,0.0,True,[],0.264493679938894,0.0493443684458461,0.0009832386092397
48,4-1,116,4-1/r116,bo,2427.650422421788,"{""0"": {""K"": 0.0, ""B1"": 2797.6905121372, ""A1"": 257.0510026285513, ""A2"": 1352.8773038502895, ""A3"": 2894.3295640062693, ""A4"": 2153.9838285245614, ""B2"": 4010.3637022810353}}",3.7136,0.2888613137842064,0.3366317768260708,0.5684682231739291,"[0.5152059470334864, 0.870663281439113, 0.5937373752413413, 0.05455241991268067, 0.287113179934272, 0.6142465118858805, 0.4571272980739731, 0.8510958621139718, 0.8364088697838415, 0.03874159582836767, 0.05569165848331581, 0.9483839630248128, 0.5476596026088512, 0.62877236630277]",78.0,78.0,14.0,1.6126,1.6126,76.1288,76.1288,13.6915,13.6915,False,0,3.1274,0.628788,2.9748,0.5152059470334864,1.8205872528623168,plus,False,1.8939205058903488,1.204437851433638,0.6894826544567112,True,True,1.0,True,100.0,96.70000000000005,0.0,True,[],0.3018274805350455,0.0367445785897357,0.0019809938811888
49,4-1,116,4-1/r116,bo,2426.637167281013,"{""0"": {""K"": 0.0, ""B1"": 4257.174520633482, ""A1"": 3334.0869267190483, ""A2"": 876.1307008648024, ""A3"": 1437.4177264053824, ""A4"": 2274.096167281969, ""B2"": 4101.248840413788}}",3.7136,0.3800383222950871,0.3800383222950871,0.5250616777049129,"[0.5149909098643916, 0.3231452824810592, 0.9034750680461548, 0.7075736262137199, 0.18593605705959304, 0.3050546957566601, 0.482618032105681, 0.870383879544522, 0.0966077138426581, 0.39449773601131366, 0.11353116096874105, 0.4594715242898799, 0.15500162640870052, 0.5748902347176089]",22.0,22.0,53.0,2.2488,2.2488,39.4604,39.4604,3.875,3.875,False,0,3.0371,0.574909,2.9748,0.5149909098643916,1.7027102536969472,minus,True,-0.8802488311845686,-0.4465636563134332,0.4336851748711354,True,True,1.0,True,100.0,155.89999999999986,0.0,True,[],0.2447641000414933,0.058878379317198,0.0010001492175128
50,4-1,116,4-1/r116,bo,2428.7048732484127,"{""0"": {""K"": 0.0, ""B1"": 2731.897026464177, ""A1"": 3345.727336543166, ""A2"": 1642.840812071138, ""A3"": 2327.833254246846, ""A4"": 2535.5547097453928, ""B2"": 2821.690175575305}}",3.7136,0.1452345382223401,0.3800383222950871,0.5250616777049129,"[0.5154297269202913, 0.15168410375182428, 0.5797744113888321, 0.7100440018130658, 0.3486504270100038, 0.4940223374887195, 0.5381058382311954, 0.598830682422603, 0.11279408951879943, 0.3194485594400841, 0.9574228154121971, 0.09527990802736508, 0.26552258830968933, 0.41485909224094797]",23.0,23.0,45.0,11.5317,11.5317,12.146,12.146,6.6381,6.6381,False,0,2.7689,0.414885,2.9748,0.5154297269202913,1.6043654847104185,plus,False,-1.3895606424195266,-1.7038097511119417,0.314249108692415,True,True,1.0,True,100.0,89.79999999999995,0.0,True,[],0.3127309506052334,0.0548928251529732,0.0019761627629403
51,4-1,116,4-1/r116,bo,2297.8588104592186,"{""0"": {""K"": 0.0, ""B1"": 4476.4970338799685, ""A1"": 3134.217800707442, ""A2"": 4257.234557819773, ""A3"": 803.2969331685821, ""A4"": 4675.822700835912, ""B2"": 3717.732770738367}}",3.7136,0.1368399549023528,0.3800383222950871,0.5250616777049129,"[0.4876610378733486, 0.8445229646918493, 0.950020592928686, 0.6651565790975047, 0.9034878093845018, 0.1704789756300047, 0.9923223049312206, 0.7889925235013512, 0.23484650636818427, 0.9162260523569649, 0.014391205749624714, 0.77793426574461, 0.03341519684321337, 0.5687579066446953]",33.0,33.0,111.0,1.1583,1.1583,63.3451,63.3451,0.8354,0.8354,False,0,3.0268,0.568764,2.9748,0.4876610378733486,1.7996660625392662,plus,False,0.2635609697356037,0.0706209124797611,0.1929400572558425,True,True,1.0,True,100.0,36.20000000000027,0.0,True,[],0.2966806648529662,0.0532990291462542,0.0008586740410544
52,4-1,116,4-1/r116,bo,2543.353603960656,"{""0"": {""K"": 0.0, ""B1"": 584.0576493352314, ""A1"": 1327.20951318974, ""A2"": 2359.0923162457243, ""A3"": 1268.6594443584281, ""A4"": 2844.35064689723, ""B2"": 4068.455217726172}}",3.7136,0.1801514398559855,0.3800383222950871,0.5250616777049129,"[0.5397609516045535, 0.8671499664951483, 0.12395111403549053, 0.28166585594009763, 0.5006562640589398, 0.26924011977046436, 0.6036397807506855, 0.8634242821999516, 0.5557580068688557, 0.8349248571397111, 0.1958805427336856, 0.9714987147034353, 0.42271660966531754, 0.1695252514790332]",57.0,57.0,102.0,3.1547,3.1547,77.8624,77.8624,10.5679,10.5679,False,0,2.3577,0.169538,2.9748,0.5397609516045535,1.729820673911206,plus,False,0.8019007468020427,0.8498195735466118,0.047918826744569,True,True,1.0,True,100.0,58.59999999999991,0.0,True,[],0.2770902675304846,0.0628719858237471,0.0009055244577267
53,4-1,116,4-1/r116,bo,1994.3933462886637,"{""0"": {""K"": 0.0, ""B1"": 883.1274523148315, ""A1"": 624.295553310096, ""A2"": 63.332380271856394, ""A3"": 2351.7328984834185, ""A4"": 4068.9755043083737, ""B2"": 3748.5386829051276}}",3.7136,0.1913933665722496,0.3800383222950871,0.5250616777049129,"[0.42325835023104064, 0.7577336646347291, 0.18742093639958224, 0.1324905673408523, 0.013440657952431323, 0.49909441818408706, 0.8635346995561065, 0.7955302807523615, 0.05719474880699005, 0.8071856320580091, 0.5294369786705565, 0.8093110110679839, 0.38107810426864297, 0.8233734166379546]",19.0,19.0,99.0,6.8238,6.8238,65.6983,65.6983,9.527,9.527,False,0,3.4535,0.823359,2.9748,0.4232583502310406,1.7832208424199565,minus,True,1.5780327160886043,2.4927706836186325,0.9147379675300282,True,True,1.0,True,100.0,63.29999999999973,0.0,True,[],0.2267232533640457,0.0691271376329917,0.0002104084505789
54,4-1,116,4-1/r116,bo,2722.7981777373134,"{""0"": {""K"": 0.0, ""B1"": 1935.8953983475942, ""A1"": 3096.3397488696473, ""A2"": 1046.8525591083896, ""A3"": 1300.1774646061235, ""A4"": 1798.8203324191797, ""B2"": 3972.050757964166}}",3.7136,0.1921163575150071,0.3800383222950871,0.5250616777049129,"[0.5778434163279528, 0.43295537559262576, 0.4108436753708816, 0.657117943308499, 0.22216735125390275, 0.2759290035242198, 0.38175304168488533, 0.8429649316562322, 0.1442926702282642, 0.38634607102623497, 0.9426013916559012, 0.7473037636178929, 0.23286139920409377, 0.07996962823120346]",26.0,26.0,52.0,11.3686,11.3686,61.0478,61.0478,5.8215,5.8215,False,0,2.2076,0.079979,2.9748,0.5778434163279528,1.7309497958897224,minus,True,-0.4118756796714918,0.0623938677316037,0.4742695474030955,True,True,1.0,True,100.0,137.09999999999943,0.0,True,[],0.2436943755345822,0.0669782503129458,0.0003416129524326
55,4-1,116,4-1/r116,bo,2301.4350556030004,"{""0"": {""K"": 0.0, ""B1"": 4595.012319836529, ""A1"": 4128.899034892998, ""A2"": 1846.7289069034239, ""A3"": 3437.24559913596, ""A4"": 3329.0119057658344, ""B2"": 3743.2331036915525}}",3.7136,0.1195967081382289,0.3800383222950871,0.5250616777049129,"[0.48842000331133284, 0.4695083503138058, 0.9751723938532533, 0.8762519174221134, 0.3919203962019151, 0.7294663835178183, 0.7064965844154997, 0.7944043089328422, 0.16766340900159304, 0.5370226483051361, 0.06844471622804704, 0.32126596243307315, 0.7067623177423494, 0.35082743070297817]",28.0,28.0,69.0,1.7529,1.7529,29.0949,29.0949,17.6691,17.6691,False,0,2.6615,0.350803,2.9748,0.4884200033113328,1.7333342457698904,plus,False,-1.551483950788141,-1.7212433449179396,0.1697593941297985,True,True,1.0,True,100.0,108.30000000000008,0.0,True,[],0.2725872810388793,0.0537464155182765,0.0002738665876395
56,4-1,116,4-1/r116,bo,2482.1931388505814,"{""0"": {""K"": 0.0, ""B1"": 3599.761517966464, ""A1"": 310.9013100595523, ""A2"": 1128.0181027410927, ""A3"": 968.3789041999536, ""A4"": 2231.5695717301387, ""B2"": 3684.949382353021}}",3.7136,0.2805478138647381,0.3800383222950871,0.5250616777049129,"[0.5267812264114137, 0.20975798503155163, 0.7639561795344788, 0.06598075340822418, 0.2393926364051555, 0.20551334978776603, 0.47359286327040295, 0.7820350981224578, 0.22000449663959598, 0.5854172749080344, 0.5254279603223844, 0.8868355289667311, 0.5912840842494475, 0.42525142134078764]",32.0,32.0,74.0,6.7797,6.7797,71.5127,71.5127,14.7821,14.7821,False,0,2.7863,0.425267,2.9748,0.5267812264114137,1.7493416541848548,plus,False,1.7359524345634232,0.9146237697799504,0.8213286647834728,True,True,1.0,True,100.0,85.09999999999991,0.0,True,[],0.2263637355043826,0.0627273449294936,8.914213854599527e-05
57,4-1,116,4-1/r116,bo,2252.7794621275416,"{""0"": {""K"": 0.0, ""B1"": 153.16553985916943, ""A1"": 3455.861364025749, ""A2"": 1560.3112886831557, ""A3"": 2727.226987279389, ""A4"": 1988.0397530237517, ""B2"": 4147.85802701183}}",3.7136,0.1005281751802888,0.3800383222950871,0.5250616777049129,"[0.4780941133547414, 0.9553425346564348, 0.0325054201738475, 0.7334170976285546, 0.3311356724709583, 0.5787833164854391, 0.4219099645636145, 0.8802754726256007, 0.9330614359947496, 0.4099738826404107, 0.8301500688061665, 0.6206521581315957, 0.666533381333094, 0.6535767443699516]",85.0,85.0,55.0,10.1317,10.1317,51.5489,51.5489,16.6633,16.6633,False,0,3.1689,0.653549,2.9748,0.4780941133547414,1.6883719289716526,minus,True,2.116799690250976,3.082414069318037,0.9656143790670622,True,True,1.0,True,100.0,153.0999999999999,0.0,True,[],0.2460630820226685,0.0657483644229472,0.0003307666980453
58,4-1,116,4-1/r116,bo,2174.670216755133,"{""0"": {""K"": 0.0, ""B1"": 3626.4786560225193, ""A1"": 4156.513027794187, ""A2"": 3611.5120361082463, ""A3"": 625.9345331472495, ""A4"": 1875.965480395515, ""B2"": 3412.7382126093703}}",3.7136,0.1785496139109237,0.3800383222950871,0.5250616777049129,"[0.4615174483775749, 0.6213652124008502, 0.7696262003443377, 0.8821122724520771, 0.766449922773397, 0.13283839837590183, 0.39812510195150996, 0.7242653252566575, 0.9223210426146373, 0.9818643073430001, 0.16088648940837158, 0.39228502569479096, 0.5726134973945409, 0.09138303451801044]",84.0,84.0,118.0,2.7698,2.7698,34.4214,34.4214,14.3153,14.3153,False,0,2.2267,0.091375,2.9748,0.4615174483775749,1.7641280352174449,minus,True,-0.0176466847984795,0.2510615619821619,0.2687082467806415,True,True,1.0,True,100.0,14.899999999999864,0.0,True,[],0.23615909246169,0.0652456930624198,0.0002010196835061
59,4-1,116,4-1/r116,bo,2252.275119392786,"{""0"": {""K"": 0.0, ""B1"": 1828.3679327248105, ""A1"": 1856.057470403788, ""A2"": 2289.0029203394965, ""A3"": 2272.975131218231, ""A4"": 461.0148195861601, ""B2"": 3836.2950925352875}}",3.7136,0.212135382440321,0.3800383222950871,0.5250616777049129,"[0.4779870796673994, 0.6346240178877499, 0.38802375482275264, 0.39390014227584635, 0.4857816044863108, 0.48238012122627993, 0.09783845916514433, 0.8141543065652138, 0.25384197324197744, 0.44872383372937974, 0.7790341297729139, 0.430058268869264, 0.8643946750277671, 0.09447129609544835]",34.0,34.0,59.0,9.5694,9.5694,37.2544,37.2544,21.6099,21.6099,False,0,2.2319,0.094478,2.9748,0.4779870796673994,1.5888575092013444,plus,False,0.5697010526867126,-0.0414611944261613,0.6111622471128739,True,True,1.0,True,100.0,16.0,0.0,True,[],0.2048727791043194,0.0692940762913144,8.043172597570658e-05
