trial_id,tunnel_id,ring_id,case_id,kind,k_y,per_ring_offsets,r_surface_min_ceiling_ref,gt_miou,best_so_far,regret_vs_ceiling,search_x,hough_threshold,hough_oblique_threshold,hough_horizontal_threshold,merge_distance_threshold,line_merge_distance,single_ring_visual_slot_snap_px,line_snap_tolerance_px,slot_inset_y,segmentation_slot_inset_y,agent_error,n_reclassified_by_r_filter,r_surface_min,r_surface_min_frac,r_surface_min_otsu_ref,k_y_frac,arc_width_entropy,order_branch,branch_is_minus,direction_score_plus,direction_score_minus,direction_margin,direction_select_enabled,det_k_count_match,det_k_confidence_avg,det_block_count_per_ring,det_y_coverage_pct,det_min_y_gap_px,det_y_order_consistency,det_ready_for_segmentation,det_guardrail_violations,bo_surrogate_mean,bo_surrogate_std,ei_value
0,1-5,271,1-5/r271,sam4tun_static,1728.0,"{""0"": {""K"": 0.0, ""B1"": 215.98449493429825, ""A1"": 863.937979737193, ""A2"": 1511.8914645400878, ""A3"": 2159.8449493429825, ""B2"": 2807.7984341458773}}",2.7274,0.176603641091383,0.176603641091383,0.718496358908617,"[0.5, 0.0, 0.062495513580526116, 0.24998205432210446, 0.4374685950636828, 0.6249551358052612, 0.8124416765468395, 0.29333333333333333, 0.24545454545454545, 1.0, 0.4266666666666667, 0.0, 0.0]",37.0,37.0,37.0,12.0,12.0,37.0,37.0,0.0,0.0,False,0,2.0274,0.0,2.4726,0.5,1.7426347616144442,plus,False,3.6245065443868,3.623879801129139,0.0006267432576607,True,True,1.0,False,100.0,216.0,0.0,False,"[""block_count_per_ring != 7 (missing or extra blocks)""]",,,
1,1-5,271,1-5/r271,intrinsic_r_otsu,2160.329932585729,"{""0"": {""K"": 0.0, ""B1"": 2680.7697454873887, ""A1"": 778.3160486074855, ""A2"": 1037.3746806531951, ""A3"": 3019.000707289481, ""B2"": 18.196892578626247}}",2.7274,0.3037253705977418,0.3037253705977418,0.5913746294022582,"[0.625095466604667, 0.8972138009695755, 0.7756856902451935, 0.22520718999059186, 0.30016628491122543, 0.8735534453962619, 0.005265304565574724, 0.8212284183827663, 0.7970694287520462, 0.4679349528437208, 0.3030324268193135, 0.2784256121007733, 0.6136494916977373]",77.0,77.0,98.0,6.1473,6.1473,27.7274,27.7274,6.9606,6.9606,False,0,2.4726,0.613663,2.4726,0.625095466604667,1.5458869746539976,plus,False,1.69348335549244,1.423753365951796,0.269729989540644,True,True,1.0,False,100.0,18.199999999999815,0.0,False,"[""block_count_per_ring != 7 (missing or extra blocks)""]",,,
2,1-5,271,1-5/r271,random,1538.1837131304264,"{""0"": {""K"": 0.0, ""B1"": 1912.886848769446, ""A1"": 3440.448979549261, ""A2"": 2739.4395928027307, ""A3"": 2150.251416948658, ""B2"": 3417.8462703885943}}",2.7274,0.134116407072935,0.3037253705977418,0.5913746294022582,"[0.4450763058826466, 0.5045482589579533, 0.5534973520744925, 0.9955002834343927, 0.7926619192137531, 0.6221792294411627, 0.9889601476818849, 0.21530869823559895, 0.16021203385784455, 0.6125396042730308, 0.04394200796138337, 0.03568027877359614, 0.5148888202713703]",31.0,31.0,28.0,7.7379,7.7379,8.2957,8.2957,0.892,0.892,False,0,2.4009,0.514822,2.4726,0.4450763058826465,1.5791616556368795,plus,False,-2.3084330362704657,-2.1972911222737403,0.1111419139967253,True,True,1.0,False,100.0,15.600000000000136,0.0,False,"[""block_count_per_ring != 7 (missing or extra blocks)""]",,,
3,1-5,271,1-5/r271,random,1611.2080235241992,"{""0"": {""K"": 0.0, ""B1"": 2174.6059355209322, ""A1"": 1776.79058664792, ""A2"": 1717.1945927199508, ""A3"": 855.4115705264553, ""B2"": 40.76015227490025}}",2.7274,0.2235515752555414,0.3037253705977418,0.5913746294022582,"[0.4662060253252891, 0.9171677731928523, 0.6292262544910104, 0.5141176465995139, 0.49687343539350426, 0.24751492202733083, 0.01179402554250586, 0.19240214398531064, 0.6920321208818392, 0.2006067239869952, 0.3695363106022067, 0.0037342420520759534, 0.8300477298017456]",29.0,29.0,86.0,3.2067,3.2067,32.7152,32.7152,0.0934,0.0934,False,0,2.6296,0.830093,2.4726,0.4662060253252891,1.7792959576398664,minus,True,1.931814627943528,2.279849897513741,0.3480352695702131,True,True,1.0,False,100.00000000000004,40.79999999999996,0.0,False,"[""block_count_per_ring != 7 (missing or extra blocks)""]",,,
4,1-5,271,1-5/r271,random,533.8174961483361,"{""0"": {""K"": 0.0, ""B1"": 3042.4279241577437, ""A1"": 1761.8370389052704, ""A2"": 2927.7512514404443, ""A3"": 2210.8625289533707, ""B2"": 2563.560394082578}}",2.7274,0.1165822300616689,0.3037253705977418,0.5913746294022582,"[0.15446108106143985, 0.26759930456378545, 0.8803321539808286, 0.5097908098684232, 0.8471502463658693, 0.6397171669425262, 0.7417709473618571, 0.09149560506304566, 0.5411438213764888, 0.50777223630035, 0.8713393766928806, 0.3612640590141576, 0.5981840672072131]",22.0,22.0,70.0,6.5855,6.5855,70.3505,70.3505,9.0316,9.0316,False,0,2.4614,0.598223,2.4726,0.1544610810614398,1.6109255292733478,plus,False,-2.7201526455881737,-2.689443498707172,0.0307091468810019,True,True,1.0,False,100.0,114.6,0.0,False,"[""block_count_per_ring != 7 (missing or extra blocks)""]",,,
5,1-5,271,1-5/r271,random,204.7736759460605,"{""0"": {""K"": 0.0, ""B1"": 1116.4136126683622, ""A1"": 519.0902636674816, ""A2"": 2821.2644867987256, ""A3"": 1311.3659688778798, ""B2"": 3382.552688525182}}",2.7274,0.2133232134537226,0.3037253705977418,0.5913746294022582,"[0.05925164234550362, 0.3876318011107287, 0.32303634625820665, 0.15019972907045187, 0.8163381038190757, 0.37944617155031246, 0.9787478844112216, 0.5899916930106103, 0.6050562538298513, 0.6379965807883322, 0.6764502438127883, 0.1507880191683687, 0.44031346718818754]",59.0,59.0,77.0,8.018,8.018,55.7338,55.7338,3.7697,3.7697,False,0,2.3469,0.440381,2.4726,0.0592516423455036,1.6001713874068244,plus,False,0.3589848801473625,0.4476037624639807,0.0886188823166181,True,True,1.0,False,100.0,73.5,0.0,False,"[""block_count_per_ring != 7 (missing or extra blocks)""]",,,
6,1-5,271,1-5/r271,random,827.9330520828327,"{""0"": {""K"": 0.0, ""B1"": 334.2093486281128, ""A1"": 3344.813744424727, ""A2"": 743.0539531019214, ""A3"": 2321.620401984601, ""B2"": 1038.251801591667}}",2.7274,0.1944482823768431,0.3037253705977418,0.5913746294022582,"[0.23956396182952333, 0.40249829810398163, 0.09670409393174562, 0.9678280510488214, 0.21500403735588003, 0.6717651626112849, 0.3004200814790703, 0.8740770261495044, 0.6622147383384538, 0.13161581580830573, 0.8450743208745529, 0.9449481711449795, 0.9039167881959268]",81.0,81.0,83.0,2.4478,2.4478,68.3806,68.3806,23.6237,23.6237,False,0,2.6832,0.903982,2.4726,0.2395639618295233,1.6290221587531393,plus,False,1.873953289442704,1.1811818016022744,0.6927714878404292,True,True,1.0,False,100.0,111.19999999999992,0.0,False,"[""block_count_per_ring != 7 (missing or extra blocks)""]",,,
7,1-5,271,1-5/r271,random,1968.9493750016625,"{""0"": {""K"": 0.0, ""B1"": 665.1538386105567, ""A1"": 3206.842046477076, ""A2"": 1908.8403413780636, ""A3"": 623.9894346394386, ""B2"": 3055.300626343}}",2.7274,0.2152199234063257,0.3037253705977418,0.5913746294022582,"[0.5697191478592772, 0.1454599537609269, 0.19246349496833237, 0.9279056847445244, 0.5523264876672638, 0.18055249844891164, 0.8840568941964699, 0.6415717052224807, 0.5696942744738079, 0.3762878361299201, 0.41095528215712984, 0.23948921268184487, 0.03805728669123909]",63.0,63.0,73.0,5.1392,5.1392,35.8216,35.8216,5.9872,5.9872,False,0,2.0551,0.038124,2.4726,0.5697191478592772,1.6407655329791455,minus,True,0.1148722039047457,0.8902847249625917,0.775412521057846,True,True,1.0,False,100.0,41.19999999999982,0.0,False,"[""block_count_per_ring != 7 (missing or extra blocks)""]",,,
8,1-5,271,1-5/r271,random,3028.2122008256406,"{""0"": {""K"": 0.0, ""B1"": 1892.627248482669, ""A1"": 1113.396398600458, ""A2"": 2596.5789230186306, ""A3"": 87.08038549088381, ""B2"": 1286.272301985345}}",2.7274,0.2563532920705708,0.3037253705977418,0.5913746294022582,"[0.876218808109271, 0.4677302168140961, 0.5476351992137353, 0.3221633097802251, 0.7513249198549279, 0.025196870801760363, 0.37218527256520395, 0.03035029438411163, 0.12289210220500935, 0.9671482353973677, 0.6577607300385144, 0.4282202463894813, 0.5237401079104803]",17.0,17.0,24.0,11.6386,11.6386,54.3321,54.3321,10.7055,10.7055,False,0,2.4074,0.523782,2.4726,0.876218808109271,1.7335807277825284,plus,False,2.129746325874196,2.2258230955702403,0.0960767696960442,True,True,1.0,False,100.0,87.10000000000036,0.0,False,"[""block_count_per_ring != 7 (missing or extra blocks)""]",,,
9,1-5,271,1-5/r271,random,3016.42862479986,"{""0"": {""K"": 0.0, ""B1"": 2040.0456347932538, ""A1"": 2362.8131942614627, ""A2"": 1228.3100133932578, ""A3"": 1794.0043693301418, ""B2"": 2644.694956610574}}",2.7274,0.2472363014914635,0.3037253705977418,0.5913746294022582,"[0.8728092085647744, 0.3442106669960262, 0.5902909822897147, 0.6836843733395437, 0.35541377702351207, 0.5190984864959901, 0.7652473832785226, 0.9091793139905502, 0.1510622780768155, 0.9334193923074285, 0.005178865815432143, 0.752977503597754, 0.8105268303172452]",83.0,83.0,27.0,11.2676,11.2676,5.3884,5.3884,18.8244,18.8244,False,0,2.6154,0.810517,2.4726,0.8728092085647744,1.5838372349525842,plus,False,-1.318587833320925,-1.786393105228956,0.4678052719080305,True,True,1.0,False,100.0,246.0999999999999,0.0,False,"[""block_count_per_ring != 7 (missing or extra blocks)""]",,,
10,1-5,271,1-5/r271,random,472.65656213116176,"{""0"": {""K"": 0.0, ""B1"": 2817.5256967508776, ""A1"": 49.32123155001426, ""A2"": 2171.964491825901, ""A3"": 2740.689762386806, ""B2"": 1772.9403822335526}}",2.7274,0.2821454425258204,0.3037253705977418,0.5913746294022582,"[0.13676405154258153, 0.41890365091318515, 0.8152562779950456, 0.014271189684610608, 0.6284619478662907, 0.7930236580980341, 0.5130035828222085, 0.7258494205510871, 0.22642348269714407, 0.19852114799267284, 0.3631269505503516, 0.17940602756714652, 0.34606143911247844]",69.0,69.0,35.0,3.1837,3.1837,32.2345,32.2345,4.4852,4.4852,False,0,2.2785,0.346089,2.4726,0.1367640515425815,1.655634448192509,plus,False,1.3537114023698984,1.4976668990926396,0.1439554967227412,True,True,1.0,False,100.0,49.30000000000001,0.0,False,"[""block_count_per_ring != 7 (missing or extra blocks)""]",,,
11,1-5,271,1-5/r271,random,3276.716756235776,"{""0"": {""K"": 0.0, ""B1"": 1175.2752410064224, ""A1"": 938.389086059162, ""A2"": 3290.248479885197, ""A3"": 1536.1166925404234, ""B2"": 3388.244259043317}}",2.7274,0.1234533688169987,0.3037253705977418,0.5913746294022582,"[0.9481240614108147, 0.5733327176111209, 0.34006806742083984, 0.2715246198087853, 0.9520394907075223, 0.44447820964711326, 0.9803947508805895, 0.515522669106271, 0.521166129026224, 0.8965405237160008, 0.7427674182150396, 0.5806528638528226, 0.4266495038362583]",54.0,54.0,67.0,10.8619,10.8619,60.7076,60.7076,14.5163,14.5163,False,0,2.3369,0.426595,2.4726,0.9481240614108148,1.5836419726509166,plus,False,-0.9603178794885252,-0.7963028337762139,0.1640150457123113,True,True,1.0,False,100.0,67.69999999999982,0.0,False,"[""block_count_per_ring != 7 (missing or extra blocks)""]",,,
12,1-5,271,1-5/r271,perturb_guardrail_smoke,69.12,"{""0"": {""K"": 0.0, ""B1"": 2158.7534869380684, ""A1"": 2080.6870296298184, ""A2"": 1326.142272779506, ""A3"": 1835.598093448526, ""B2"": 1706.4309259015631}}",2.7274,0.211890677516137,0.3037253705977418,0.5913746294022582,"[0.02, 0.0, 0.6246393191371725, 0.6020506451475169, 0.3837217224477737, 0.5311337075950596, 0.49375894846688745, 0.8212284183827663, 0.7970694287520462, 0.4679349528437208, 0.3030324268193135, 0.2784256121007733, 0.6136494916977373]",77.0,77.0,98.0,6.1473,6.1473,27.7274,27.7274,6.9606,6.9606,False,0,2.4726,0.613663,2.4726,0.02,1.6793763803187505,minus,True,-1.455424614240494,-0.7125751833402482,0.7428494309002459,True,True,1.0,False,100.0,78.09999999999991,0.0,False,"[""block_count_per_ring != 7 (missing or extra blocks)""]",,,
13,1-5,271,1-5/r271,perturb_wrong_r_low,2160.329932585729,"{""0"": {""K"": 0.0, ""B1"": 2680.7697454873887, ""A1"": 778.3160486074855, ""A2"": 1037.3746806531951, ""A3"": 3019.000707289481, ""B2"": 18.196892578626247}}",2.7274,0.3037253705977418,0.3037253705977418,0.5913746294022582,"[0.625095466604667, 0.0, 0.7756856902451935, 0.22520718999059186, 0.30016628491122543, 0.8735534453962619, 0.005265304565574724, 0.8212284183827663, 0.7970694287520462, 0.4679349528437208, 0.3030324268193135, 0.2784256121007733, 0.05]",77.0,77.0,98.0,6.1473,6.1473,27.7274,27.7274,6.9606,6.9606,False,0,2.0637,0.049979,2.4726,0.625095466604667,1.5458869746539976,plus,False,1.69348335549244,1.423753365951796,0.269729989540644,True,True,1.0,False,100.0,18.199999999999815,0.0,False,"[""block_count_per_ring != 7 (missing or extra blocks)""]",,,
14,1-5,271,1-5/r271,perturb_wrong_k,1700.9180050594723,"{""0"": {""K"": 0.0, ""B1"": 2680.7697454873887, ""A1"": 778.3160486074855, ""A2"": 1037.3746806531951, ""A3"": 3019.000707289481, ""B2"": 18.196892578626247}}",2.7274,0.2137721109369777,0.3037253705977418,0.5913746294022582,"[0.4921637746121159, 0.0, 0.7756856902451935, 0.22520718999059186, 0.30016628491122543, 0.8735534453962619, 0.005265304565574724, 0.8212284183827663, 0.7970694287520462, 0.4679349528437208, 0.3030324268193135, 0.2784256121007733, 0.6136494916977373]",77.0,77.0,98.0,6.1473,6.1473,27.7274,27.7274,6.9606,6.9606,False,0,2.4726,0.613663,2.4726,0.4921637746121159,1.5458869746539976,plus,False,1.94348335549244,1.6737533659517962,0.2697299895406437,True,True,1.0,False,100.0,18.199999999999815,0.0,False,"[""block_count_per_ring != 7 (missing or extra blocks)""]",,,
15,1-5,271,1-5/r271,perturb_ambiguous_lines,2160.329932585729,"{""0"": {""K"": 0.0, ""B1"": 2680.7697454873887, ""A1"": 778.3160486074855, ""A2"": 1037.3746806531951, ""A3"": 3019.000707289481, ""B2"": 18.196892578626247}}",2.7274,0.3037253705977418,0.3037253705977418,0.5913746294022582,"[0.625095466604667, 0.0, 0.7756856902451935, 0.22520718999059186, 0.30016628491122543, 0.8735534453962619, 0.005265304565574724, 0.8212284183827663, 0.7970694287520462, 0.951470679999789, 0.9575628856421684, 0.2784256121007733, 0.6136494916977373]",77.0,77.0,98.0,11.4662,11.4662,76.8172,76.8172,6.9606,6.9606,False,0,2.4726,0.613663,2.4726,0.625095466604667,1.5458869746539976,plus,False,1.69348335549244,1.423753365951796,0.269729989540644,True,True,1.0,False,100.0,18.199999999999815,0.0,False,"[""block_count_per_ring != 7 (missing or extra blocks)""]",,,
16,1-5,271,1-5/r271,perturb_small_segment,2160.329932585729,"{""0"": {""K"": 0.0, ""B1"": 241.92000000000002, ""A1"": 864.0, ""A2"": 1486.08, ""A3"": 2108.16, ""B2"": 2730.2400000000002}}",2.7274,0.3034021347892446,0.3037253705977418,0.5913746294022582,"[0.625095466604667, 0.0, 0.07, 0.25, 0.43, 0.61, 0.79, 0.8212284183827663, 0.7970694287520462, 0.4679349528437208, 0.3030324268193135, 0.2784256121007733, 0.6136494916977373]",77.0,77.0,98.0,6.1473,6.1473,27.7274,27.7274,6.9606,6.9606,False,0,2.4726,0.613663,2.4726,0.625095466604667,1.748539097947062,plus,False,3.741899941207687,3.5158197361431043,0.2260802050645822,True,True,1.0,False,100.0,241.89999999999964,0.0,False,"[""block_count_per_ring != 7 (missing or extra blocks)""]",,,
17,1-5,271,1-5/r271,perturb_wrong_k,2748.731311957695,"{""0"": {""K"": 0.0, ""B1"": 2680.7697454873887, ""A1"": 778.3160486074855, ""A2"": 1037.3746806531951, ""A3"": 3019.000707289481, ""B2"": 18.196892578626247}}",2.7274,0.1441702719641681,0.3037253705977418,0.5913746294022582,"[0.7953504953581294, 0.0, 0.7756856902451935, 0.22520718999059186, 0.30016628491122543, 0.8735534453962619, 0.005265304565574724, 0.8212284183827663, 0.7970694287520462, 0.4679349528437208, 0.3030324268193135, 0.2784256121007733, 0.6136494916977373]",77.0,77.0,98.0,6.1473,6.1473,27.7274,27.7274,6.9606,6.9606,False,0,2.4726,0.613663,2.4726,0.7953504953581294,1.5458869746539976,plus,False,1.6934833554924398,1.4237533659517956,0.2697299895406442,True,True,1.0,False,100.0,18.200000000000276,0.0,False,"[""block_count_per_ring != 7 (missing or extra blocks)""]",,,
18,1-5,271,1-5/r271,perturb_offset_shift,2160.329932585729,"{""0"": {""K"": 0.0, ""B1"": 3031.4234483445625, ""A1"": 420.5913102714423, ""A2"": 979.3112777884958, ""A3"": 3035.187079488973, ""B2"": 392.22306952203564}}",2.7274,0.1969685919182745,0.3037253705977418,0.5913746294022582,"[0.625095466604667, 0.0, 0.8771479885256257, 0.12169887449983863, 0.28336553176750456, 0.8782370021669481, 0.11349047150521865, 0.8212284183827663, 0.7970694287520462, 0.4679349528437208, 0.3030324268193135, 0.2784256121007733, 0.6136494916977373]",77.0,77.0,98.0,6.1473,6.1473,27.7274,27.7274,6.9606,6.9606,False,0,2.4726,0.613663,2.4726,0.625095466604667,1.6020071013538706,plus,False,0.3149667892892742,0.3029925068487328,0.0119742824405414,True,True,1.0,False,100.0,3.7000000000000455,0.0,False,"[""block_count_per_ring != 7 (missing or extra blocks)""]",,,
19,1-5,271,1-5/r271,perturb_wrong_r_high,2160.329932585729,"{""0"": {""K"": 0.0, ""B1"": 2680.7697454873887, ""A1"": 778.3160486074855, ""A2"": 1037.3746806531951, ""A3"": 3019.000707289481, ""B2"": 18.196892578626247}}",2.7274,0.303738657222794,0.303738657222794,0.591361342777206,"[0.625095466604667, 0.0, 0.7756856902451935, 0.22520718999059186, 0.30016628491122543, 0.8735534453962619, 0.005265304565574724, 0.8212284183827663, 0.7970694287520462, 0.4679349528437208, 0.3030324268193135, 0.2784256121007733, 0.95]",77.0,77.0,98.0,6.1473,6.1473,27.7274,27.7274,6.9606,6.9606,False,0,2.7166,0.950025,2.4726,0.625095466604667,1.5458869746539976,plus,False,1.69348335549244,1.423753365951796,0.269729989540644,True,True,1.0,False,100.0,18.199999999999815,0.0,False,"[""block_count_per_ring != 7 (missing or extra blocks)""]",,,
20,1-5,271,1-5/r271,perturb_weak_hough,2160.329932585729,"{""0"": {""K"": 0.0, ""B1"": 2680.7697454873887, ""A1"": 778.3160486074855, ""A2"": 1037.3746806531951, ""A3"": 3019.000707289481, ""B2"": 18.196892578626247}}",2.7274,0.3037253705977418,0.303738657222794,0.591361342777206,"[0.625095466604667, 0.0, 0.7756856902451935, 0.22520718999059186, 0.30016628491122543, 0.8735534453962619, 0.005265304565574724, 0.8876498869997137, 0.9709058720893163, 0.4679349528437208, 0.3030324268193135, 0.2784256121007733, 0.6136494916977373]",82.0,82.0,117.0,6.1473,6.1473,27.7274,27.7274,6.9606,6.9606,False,0,2.4726,0.613663,2.4726,0.625095466604667,1.5458869746539976,plus,False,1.69348335549244,1.423753365951796,0.269729989540644,True,True,1.0,False,100.0,18.199999999999815,0.0,False,"[""block_count_per_ring != 7 (missing or extra blocks)""]",,,
21,1-5,271,1-5/r271,perturb_misaligned,2232.005814809048,"{""0"": {""K"": 0.0, ""B1"": 2876.335402500575, ""A1"": 708.9257033716061, ""A2"": 995.1875207634237, ""A3"": 2895.7922691674703, ""B2"": 0.0}}",2.7274,0.1670660220974327,0.303738657222794,0.591361342777206,"[0.6458350158590995, 0.0, 0.8322729752605831, 0.20512896509595085, 0.2879593520727499, 0.8379028556618838, 0.0, 0.8212284183827663, 0.7970694287520462, 0.4679349528437208, 0.3030324268193135, 0.2784256121007733, 0.6136494916977373]",77.0,77.0,98.0,6.1473,6.1473,27.7274,27.7274,6.9606,6.9606,False,0,2.4726,0.613663,2.4726,0.6458350158590995,1.36852347351981,plus,False,-0.8100626696123975,-0.7997916058886676,0.0102710637237298,True,True,1.0,False,100.0,0.0,0.0,False,"[""block_count_per_ring != 7 (missing or extra blocks)""]",,,
22,1-5,271,1-5/r271,perturb_guardrail_smoke,69.12,"{""0"": {""K"": 0.0, ""B1"": 2158.7534869380684, ""A1"": 2080.6870296298184, ""A2"": 1326.142272779506, ""A3"": 1835.598093448526, ""B2"": 1706.4309259015631}}",2.7274,0.211890677516137,0.303738657222794,0.591361342777206,"[0.02, 0.0, 0.6246393191371725, 0.6020506451475169, 0.3837217224477737, 0.5311337075950596, 0.49375894846688745, 0.8212284183827663, 0.7970694287520462, 0.4679349528437208, 0.3030324268193135, 0.2784256121007733, 0.6136494916977373]",77.0,77.0,98.0,6.1473,6.1473,27.7274,27.7274,6.9606,6.9606,False,0,2.4726,0.613663,2.4726,0.02,1.6793763803187505,minus,True,-1.455424614240494,-0.7125751833402482,0.7428494309002459,True,True,1.0,False,100.0,78.09999999999991,0.0,False,"[""block_count_per_ring != 7 (missing or extra blocks)""]",,,
23,1-5,271,1-5/r271,perturb_wrong_r_low,2160.329932585729,"{""0"": {""K"": 0.0, ""B1"": 2680.7697454873887, ""A1"": 778.3160486074855, ""A2"": 1037.3746806531951, ""A3"": 3019.000707289481, ""B2"": 18.196892578626247}}",2.7274,0.3037253705977418,0.303738657222794,0.591361342777206,"[0.625095466604667, 0.0, 0.7756856902451935, 0.22520718999059186, 0.30016628491122543, 0.8735534453962619, 0.005265304565574724, 0.8212284183827663, 0.7970694287520462, 0.4679349528437208, 0.3030324268193135, 0.2784256121007733, 0.05]",77.0,77.0,98.0,6.1473,6.1473,27.7274,27.7274,6.9606,6.9606,False,0,2.0637,0.049979,2.4726,0.625095466604667,1.5458869746539976,plus,False,1.69348335549244,1.423753365951796,0.269729989540644,True,True,1.0,False,100.0,18.199999999999815,0.0,False,"[""block_count_per_ring != 7 (missing or extra blocks)""]",,,
24,1-5,271,1-5/r271,bo,369.9561014510707,"{""0"": {""K"": 0.0, ""B1"": 78.26252394118944, ""A1"": 2920.1823914796787, ""A2"": 2690.4617034640155, ""A3"": 159.09261758038832, ""B2"": 2577.523853540098}}",2.7274,0.1075812653863845,0.303738657222794,0.591361342777206,"[0.10704748305875889, 0.479973287698672, 0.022645406232983056, 0.8449601827198144, 0.7784900762338007, 0.04603374351284384, 0.7458113002141488, 0.6915570513196538, 0.12625126823312316, 0.5251684152588842, 0.6893598035252568, 0.33548547705221354, 0.5038982988570574]",67.0,67.0,24.0,6.7769,6.7769,56.702,56.702,8.3871,8.3871,False,0,2.393,0.503931,2.4726,0.1070474830587588,1.5191385932719494,plus,False,0.6242580179654111,0.6113899432975856,0.0128680746678255,True,True,1.0,False,100.0,78.19999999999999,0.0,False,"[""block_count_per_ring != 7 (missing or extra blocks)""]",0.2277748264426098,0.064742651108332,0.0027777454757881
25,1-5,271,1-5/r271,bo,2478.2554230879177,"{""0"": {""K"": 0.0, ""B1"": 1506.1590049228903, ""A1"": 968.2351309376951, ""A2"": 2513.2956483050116, ""A3"": 2527.318667202229, ""B2"": 181.84960001113666}}",2.7274,0.1114808993883766,0.303738657222794,0.591361342777206,"[0.7170877960323836, 0.9646710628605776, 0.43580989725778074, 0.28016062816484233, 0.7272267500882557, 0.731284336574719, 0.05261851852174093, 0.7074853176142597, 0.7579790554211159, 0.5100743672451816, 0.8876568531556998, 0.5180640787042158, 0.6095057513523285]",68.0,68.0,93.0,6.6108,6.6108,71.5743,71.5743,12.9516,12.9516,False,0,2.4696,0.609527,2.4726,0.7170877960323836,1.5329730404052613,plus,False,1.5138267756394037,1.713827833775157,0.2000010581357529,True,True,1.0,False,100.0,14.0,0.0,False,"[""block_count_per_ring != 7 (missing or extra blocks)""]",0.277254819895127,0.0498484432185632,0.0067454680489354
26,1-5,271,1-5/r271,bo,679.8222307451905,"{""0"": {""K"": 0.0, ""B1"": 1778.7407097372632, ""A1"": 1534.7619459032242, ""A2"": 2028.5949710745122, ""A3"": 2360.4052027704856, ""B2"": 2184.4389863799274}}",2.7274,0.1421311003303791,0.303738657222794,0.591361342777206,"[0.19670782139617782, 0.4023321372793678, 0.5146819183267544, 0.4440862111988496, 0.5869777115377639, 0.6829876165423858, 0.6320714659664142, 0.3562010849516256, 0.1674004020571047, 0.2704186900396327, 0.38745372283290114, 0.4021734012096252, 0.3928835345629872]",42.0,42.0,28.0,3.9746,3.9746,34.059,34.059,10.0543,10.0543,False,0,2.3124,0.392821,2.4726,0.1967078213961778,1.542070549344541,plus,False,-2.288023596306947,-2.241900054215601,0.0461235420913457,True,True,1.0,False,100.0,155.9000000000001,0.0,False,"[""block_count_per_ring != 7 (missing or extra blocks)""]",0.2182162793757587,0.0713978370517574,0.0029973732588172
27,1-5,271,1-5/r271,bo,1526.3878801366282,"{""0"": {""K"": 0.0, ""B1"": 2508.5939460519726, ""A1"": 1538.8319421943945, ""A2"": 1006.7497400105466, ""A3"": 2009.1206010721605, ""B2"": 3337.313897352355}}",2.7274,0.1802211933051578,0.303738657222794,0.591361342777206,"[0.44166315976175585, 0.9405018951803192, 0.7258663038344828, 0.4452638721627299, 0.29130490162342204, 0.5813427665139353, 0.965657956409825, 0.3450667528699245, 0.7786508679775129, 0.45607753259035144, 0.26621042093904135, 0.24154838021285086, 0.6838481269908625]",41.0,41.0,96.0,6.0169,6.0169,24.9658,24.9658,6.0387,6.0387,False,0,2.5235,0.68383,2.4726,0.4416631597617558,1.5830206141440597,minus,True,-1.8095646111621235,-0.9629946848534736,0.8465699263086499,True,True,1.0,False,100.0,118.70000000000005,0.0,False,"[""block_count_per_ring != 7 (missing or extra blocks)""]",0.215398306433688,0.071584616241931,0.0027802792191407
28,1-5,271,1-5/r271,bo,1422.6822875974904,"{""0"": {""K"": 0.0, ""B1"": 280.48664342719024, ""A1"": 2482.9061461387937, ""A2"": 2734.6932544012943, ""A3"": 3379.79248128329, ""B2"": 1144.0715491316669}}",2.7274,0.143720564571405,0.303738657222794,0.591361342777206,"[0.4116557545131627, 0.8795178567942851, 0.08115932969536754, 0.7184334913596047, 0.7912885574077819, 0.9779492133342853, 0.3310392213922647, 0.8383897765227267, 0.8041603703831016, 0.765354128826661, 0.32992919611098637, 0.6971862929900332, 0.6669826727179251]",78.0,78.0,98.0,9.4189,9.4189,29.7447,29.7447,17.4297,17.4297,False,0,2.5113,0.667012,2.4726,0.4116557545131627,1.5089458631531802,plus,False,2.01895921003404,1.6476223868697784,0.3713368231642613,True,True,1.0,False,100.0,76.20000000000005,0.0,False,"[""block_count_per_ring != 7 (missing or extra blocks)""]",0.2614145278222046,0.0604009926549457,0.0064502571854495
29,1-5,271,1-5/r271,bo,1503.2160650566675,"{""0"": {""K"": 0.0, ""B1"": 3454.5751946907294, ""A1"": 1721.2410467481218, ""A2"": 1300.3356388562545, ""A3"": 456.7105546583111, ""B2"": 1041.36933432694}}",2.7274,0.2167628427546237,0.303738657222794,0.591361342777206,"[0.4349583521576006, 0.07443193579758278, 0.9995877299452343, 0.49804428435998893, 0.37625452513201807, 0.13215004475066872, 0.3013221453492303, 0.448730079835459, 0.7896788858684523, 0.39154733685312315, 0.005447442974994998, 0.7339304975780274, 0.8618406551669314]",49.0,49.0,97.0,5.307,5.307,5.4086,5.4086,18.3483,18.3483,False,0,2.6526,0.861799,2.4726,0.4349583521576006,1.6923348101664668,plus,False,0.0751845932239687,-0.082636424333416,0.1578210175573847,True,True,1.0,False,100.0,1.400000000000091,0.0,False,"[""block_count_per_ring != 7 (missing or extra blocks)""]",0.2585831037410301,0.0614792535304931,0.0062068513704841
30,1-5,271,1-5/r271,bo,1075.4274158220348,"{""0"": {""K"": 0.0, ""B1"": 457.31365756459803, ""A1"": 2683.467138239455, ""A2"": 2454.1371429007518, ""A3"": 1574.8981963106319, ""B2"": 1970.9221779676798}}",2.7274,0.1637799756543423,0.303738657222794,0.591361342777206,"[0.3111769143003573, 0.4728836226148039, 0.13232455369346008, 0.7764661858331756, 0.7101091269967453, 0.45569970958062267, 0.5702899820508333, 0.5193006322988731, 0.23846741600037602, 0.1897476708703748, 0.20264913665451645, 0.38057348847898764, 0.2766956814306881]",54.0,54.0,36.0,3.0872,3.0872,20.1987,20.1987,9.5143,9.5143,False,0,2.2282,0.276749,2.4726,0.3111769143003573,1.5803247842368426,minus,True,0.8755446574787016,1.6093067815700033,0.7337621240913017,True,True,1.0,False,100.0,229.3,0.0,False,"[""block_count_per_ring != 7 (missing or extra blocks)""]",0.2488868356264914,0.0589214682476204,0.0040379816484571
31,1-5,271,1-5/r271,bo,703.7479092542414,"{""0"": {""K"": 0.0, ""B1"": 1630.7142705532372, ""A1"": 371.7563366175722, ""A2"": 1149.3340985023228, ""A3"": 1226.322376074418, ""B2"": 158.69122118828705}}",2.7274,0.1338833123726243,0.303738657222794,0.591361342777206,"[0.20363076077958375, 0.6186950490638584, 0.47185019402582096, 0.10756838443795491, 0.3325619497981258, 0.3548386504844959, 0.04591759872346268, 0.7714826546835343, 0.849374061232192, 0.5495471456065202, 0.15663644308257363, 0.8999971135323739, 0.6022499816465869]",73.0,73.0,103.0,7.045,7.045,16.7477,16.7477,22.4999,22.4999,False,0,2.4643,0.602221,2.4726,0.2036307607795837,1.5529289223698473,minus,True,1.2274872730098283,2.125919874808273,0.898432601798445,True,True,1.0,False,100.0,77.0,0.0,False,"[""block_count_per_ring != 7 (missing or extra blocks)""]",0.2539934105014247,0.0628541068928876,0.0057488669375959
32,1-5,271,1-5/r271,bo,1570.2486378739438,"{""0"": {""K"": 0.0, ""B1"": 12.010747086620782, ""A1"": 2849.8123949113674, ""A2"": 2870.1492191388643, ""A3"": 91.5997124076443, ""B2"": 97.7243809496158}}",2.7274,0.1469388412837362,0.303738657222794,0.591361342777206,"[0.45435435123667356, 0.05650227657903295, 0.0034753319116379577, 0.8245984938979651, 0.8304829916489769, 0.02650454641424893, 0.028276730598847166, 0.8276058778500148, 0.8976144194612645, 0.3857964657287376, 0.313167945240027, 0.24967842030929466, 0.8763537710216969]",77.0,77.0,109.0,5.2438,5.2438,28.4876,28.4876,6.242,6.242,False,0,2.6632,0.876411,2.4726,0.4543543512366735,0.9782720498024816,plus,False,1.4415409291872237,0.5375981349465142,0.9039427942407094,True,True,1.0,False,100.0,6.2000000000000455,0.0,False,"[""block_count_per_ring != 7 (missing or extra blocks)""]",0.2638764782036835,0.0605896475449214,0.0069933308597592
33,1-5,271,1-5/r271,bo,2065.3357018273628,"{""0"": {""K"": 0.0, ""B1"": 1428.5509311688854, ""A1"": 1088.408061739794, ""A2"": 1107.2074047769943, ""A3"": 1084.192035135334, ""B2"": 2311.5579368632293}}",2.7274,0.1603984370273994,0.303738657222794,0.591361342777206,"[0.5976087100194916, 0.061502177905147115, 0.41335385739840436, 0.31493288823489407, 0.3203725129563062, 0.3137129731294369, 0.6688535696942215, 0.3765802647268284, 0.9053717453955805, 0.44883175533830155, 0.8791970885575933, 0.2784853232375829, 0.629611030484193]",43.0,43.0,110.0,5.9371,5.9371,70.9398,70.9398,6.9621,6.9621,False,0,2.4842,0.629654,2.4726,0.5976087100194916,1.5076875246935169,plus,False,-0.9047322615521328,-1.0882032215287565,0.1834709599766233,True,True,1.0,False,100.0,4.199999999999818,0.0,False,"[""block_count_per_ring != 7 (missing or extra blocks)""]",0.2406913267273946,0.0647893085512044,0.004209716208664
34,1-5,271,1-5/r271,bo,1562.979793376306,"{""0"": {""K"": 0.0, ""B1"": 3052.3300714839115, ""A1"": 2966.941868566594, ""A2"": 3130.7154903804135, ""A3"": 678.6007914699404, ""B2"": 602.0276311830769}}",2.7274,0.1164054704202154,0.303738657222794,0.591361342777206,"[0.4522510976204589, 0.0007156547167724847, 0.8831973586469651, 0.8584901240065377, 0.9058783247628511, 0.1963543956799596, 0.17419780994880696, 0.8478920128704426, 0.9594852069549428, 0.3966693503125317, 0.23862164129077312, 0.7330604847276583, 0.5980860441120667]",79.0,79.0,116.0,5.3634,5.3634,22.8966,22.8966,18.3265,18.3265,False,0,2.4613,0.598085,2.4726,0.4522510976204589,1.590711209090015,plus,False,0.3230032255156199,0.3237707530249887,0.0007675275093687,True,True,1.0,False,100.0,76.59999999999991,0.0,False,"[""block_count_per_ring != 7 (missing or extra blocks)""]",0.2399913712238376,0.0628435085707714,0.0037215853131253
35,1-5,271,1-5/r271,bo,1197.0127601024503,"{""0"": {""K"": 0.0, ""B1"": 2628.076362007483, ""A1"": 1012.9832368711337, ""A2"": 912.3072058036739, ""A3"": 1347.6638637958752, ""B2"": 1082.8747339317213}}",2.7274,0.1054697929753289,0.303738657222794,0.591361342777206,"[0.3463578588259405, 0.5799302365205953, 0.760438762154943, 0.29310857548354563, 0.26397777945708156, 0.38994903466315833, 0.3133318095867249, 0.801536088319144, 0.7393622549279921, 0.8378584071690189, 0.8537309605999384, 0.27658975210849046, 0.4086880052264936]",75.0,75.0,91.0,10.2164,10.2164,69.0298,69.0298,6.9147,6.9147,False,0,2.3239,0.408674,2.4726,0.3463578588259405,1.6775844062284149,minus,True,-0.5673513418367673,-0.1526739924951343,0.4146773493416329,True,True,1.0,False,100.0,69.90000000000009,0.0,False,"[""block_count_per_ring != 7 (missing or extra blocks)""]",0.232903885793281,0.0662915474835545,0.0035736630021813
36,1-5,271,1-5/r271,bo,140.4955662928216,"{""0"": {""K"": 0.0, ""B1"": 213.8387703422703, ""A1"": 1645.1435126553897, ""A2"": 167.71731014596014, ""A3"": 3366.5316631384517, ""B2"": 1274.9687250618472}}",2.7274,0.2019363786811314,0.303738657222794,0.591361342777206,"[0.04065265228380255, 0.16068313576209925, 0.061874644196258766, 0.47602532194889746, 0.04852931427834495, 0.9741121710470056, 0.36891456164984004, 0.9504951284739696, 0.5769502256688771, 0.60381125128654, 0.20272749362762787, 0.26224190264365976, 0.04628585097629789]",86.0,86.0,73.0,7.6419,7.6419,20.2046,20.2046,6.556,6.556,False,0,2.061,0.046257,2.4726,0.0406526522838025,1.6271313268378378,minus,True,1.2515490045170887,1.6291324981832602,0.3775834936661715,True,True,1.0,False,100.0,46.10000000000002,0.0,False,"[""block_count_per_ring != 7 (missing or extra blocks)""]",0.1997265821031547,0.0689682640117821,0.0014127236208423
37,1-5,271,1-5/r271,bo,1121.8949669542058,"{""0"": {""K"": 0.0, ""B1"": 2142.9239111113443, ""A1"": 1818.2559465412426, ""A2"": 1831.0545578225417, ""A3"": 3050.691236460997, ""B2"": 1343.215399335008}}",2.7274,0.1632934342012034,0.303738657222794,0.591361342777206,"[0.32462238627147155, 0.0930963075027117, 0.6200590020576806, 0.5261157252723503, 0.5298190271477262, 0.8827231586982052, 0.38866186323350926, 0.8654796180639657, 0.7541286355134479, 0.08108076385978813, 0.287907794346856, 0.3167877117577039, 0.8467396466175303]",80.0,80.0,93.0,1.8919,1.8919,26.5931,26.5931,7.9197,7.9197,False,0,2.6417,0.846773,2.4726,0.3246223862714715,1.571812005665213,minus,True,-2.2506825298329405,-1.914588904651214,0.3360936251817266,True,True,1.0,False,100.0,12.700000000000273,0.0,False,"[""block_count_per_ring != 7 (missing or extra blocks)""]",0.1996018867953722,0.0678799709493762,0.001298600649109
38,1-5,271,1-5/r271,bo,915.9780495946628,"{""0"": {""K"": 0.0, ""B1"": 2044.2815957824373, ""A1"": 777.1911294210119, ""A2"": 2558.0476844388763, ""A3"": 828.3202882669307, ""B2"": 3018.3264683245698}}",2.7274,0.1691027112507613,0.303738657222794,0.591361342777206,"[0.26503994490586313, 0.0012479629603239228, 0.5915166654463071, 0.22488169254080204, 0.7401758346177304, 0.23967600933649613, 0.8733583531031741, 0.4829782429085734, 0.8345873860511608, 0.6528529385262548, 0.9893472100613246, 0.2779667108894266, 0.5849604912669276]",51.0,51.0,102.0,8.1814,8.1814,79.201,79.201,6.9492,6.9492,False,0,2.4518,0.584989,2.4726,0.2650399449058631,1.711614252507974,plus,False,-0.2757102938986338,-0.2039806234108716,0.0717296704877621,True,True,1.0,False,100.0,51.09999999999991,0.0,False,"[""block_count_per_ring != 7 (missing or extra blocks)""]",0.2496381051830592,0.0578200529901038,0.0039004216779376
39,1-5,271,1-5/r271,bo,650.5087664669509,"{""0"": {""K"": 0.0, ""B1"": 3315.2445738435904, ""A1"": 1044.1106204152597, ""A2"": 1634.0339957559847, ""A3"": 1089.5977358662576, ""B2"": 1303.0820177063792}}",2.7274,0.142247824105342,0.303738657222794,0.591361342777206,"[0.18822591622307605, 0.4640127903894625, 0.9592721567834464, 0.30211534155534137, 0.4728107626608752, 0.31527712264648655, 0.37704919493818845, 0.06943457453112012, 0.029492205347290024, 0.9695937679153851, 0.6159467084776853, 0.4908586613778906, 0.592905534583512]",20.0,20.0,13.0,11.6655,11.6655,51.196,51.196,12.2715,12.2715,False,0,2.4575,0.592847,2.4726,0.188225916223076,1.5385811648787342,plus,False,-0.5687997460761799,-0.6768514480527738,0.1080517019765938,True,True,1.0,False,100.0,45.5,0.0,False,"[""block_count_per_ring != 7 (missing or extra blocks)""]",0.19788886908685,0.066243384302351,0.001074460529285
40,1-5,271,1-5/r271,bo,2926.0997579398027,"{""0"": {""K"": 0.0, ""B1"": 1615.9607399090896, ""A1"": 1099.9976533234437, ""A2"": 1106.5822965733055, ""A3"": 3291.6839949923933, ""B2"": 1683.9041330062782}}",2.7274,0.1185704462880561,0.303738657222794,0.591361342777206,"[0.8466723836631374, 0.023909974170289172, 0.4675812326125838, 0.3182863580218298, 0.3201916367399611, 0.9524548596621508, 0.48724077922635367, 0.7617939122608688, 0.7794542873774308, 0.4166399608008101, 0.3627622438290524, 0.24246678906456443, 0.9948519314566384]",72.0,72.0,96.0,5.583,5.583,32.2072,32.2072,6.0617,6.0617,False,0,2.7491,0.994827,2.4726,0.8466723836631374,1.5892804201477635,plus,False,-0.4996672636275139,-1.3760829414286189,0.876415677801105,True,True,1.0,False,100.0,6.600000000000023,0.0,False,"[""block_count_per_ring != 7 (missing or extra blocks)""]",0.1964983728627622,0.0658763797263368,0.0009895543934369
41,1-5,271,1-5/r271,bo,1173.0544893913498,"{""0"": {""K"": 0.0, ""B1"": 451.9145927928607, ""A1"": 466.6196310015655, ""A2"": 564.8649238946923, ""A3"": 1565.6129973578632, ""B2"": 1702.5969225489446}}",2.7274,0.0965888716585787,0.303738657222794,0.591361342777206,"[0.33942548882851553, 0.9006185982678698, 0.13076232430348977, 0.13501725434073075, 0.16344471177508457, 0.45301302006882616, 0.4926495724968011, 0.7912795294510746, 0.8338750020991097, 0.9915266524009165, 0.26128929698035597, 0.2828422841222332, 0.9805647356306594]",74.0,74.0,102.0,11.9068,11.9068,24.5967,24.5967,7.0711,7.0711,False,0,2.7388,0.980629,2.4726,0.3394254888285155,1.2215549295690369,plus,False,0.8980276016226796,-0.0428020601958856,0.9408296618185652,True,True,1.0,False,100.0,14.700000000000044,0.0,False,"[""block_count_per_ring != 7 (missing or extra blocks)""]",0.194597707961983,0.0661257566587688,0.0009398744598318
42,1-5,271,1-5/r271,bo,16.153623931386846,"{""0"": {""K"": 0.0, ""B1"": 137.4219915796989, ""A1"": 3006.183949867771, ""A2"": 980.3944612937051, ""A3"": 2802.9429307165155, ""B2"": 1215.4502425679864}}",2.7274,0.1271541534662192,0.303738657222794,0.591361342777206,"[0.0046740809986651755, 0.39340159145338083, 0.03976330774875547, 0.8698448929015541, 0.2836789529206323, 0.8110367276378807, 0.35169277852082936, 0.66039952165649, 0.5686491076297957, 0.5615831478865395, 0.3608825550340361, 0.18964795320683892, 0.05514925730543341]",65.0,65.0,73.0,7.1774,7.1774,32.0662,32.0662,4.7412,4.7412,False,0,2.0675,0.055218,2.4726,0.0046740809986651,1.6315590306011023,plus,False,2.1166306230619267,1.6251296412961096,0.4915009817658171,True,True,1.0,False,100.0,137.4,0.0,False,"[""block_count_per_ring != 7 (missing or extra blocks)""]",0.1922637289863723,0.0670285518343654,0.000927678326698
43,1-5,271,1-5/r271,bo,662.3174929029847,"{""0"": {""K"": 0.0, ""B1"": 877.0375338701433, ""A1"": 1470.3907129315799, ""A2"": 349.4990706804119, ""A3"": 1599.55319753593, ""B2"": 2016.4480666459635}}",2.7274,0.2044142966537519,0.303738657222794,0.591361342777206,"[0.19164279308535437, 0.9060067281815295, 0.2537724345689072, 0.4254602757325173, 0.10112820332187844, 0.4628336798425723, 0.5834629822470959, 0.7970792466628569, 0.8649574810395974, 0.40223381051653984, 0.28316978823482164, 0.3406686520629719, 0.022294769039166606]",75.0,75.0,105.0,5.4246,5.4246,26.2377,26.2377,8.5167,8.5167,False,0,2.0436,0.022271,2.4726,0.1916427930853543,1.6447396176886917,plus,False,2.00804337324531,1.3192728523243056,0.6887705209210044,True,True,1.0,False,100.0,129.20000000000027,0.0,False,"[""block_count_per_ring != 7 (missing or extra blocks)""]",0.1907494712637683,0.0668782394210568,0.0008649298506566
44,1-5,271,1-5/r271,bo,95.25999481964924,"{""0"": {""K"": 0.0, ""B1"": 2221.47769580609, ""A1"": 1850.3803921251479, ""A2"": 1555.5501186272706, ""A3"": 1844.0402824412865, ""B2"": 3344.9614382993186}}",2.7274,0.2254552436598138,0.303738657222794,0.591361342777206,"[0.027563655908463325, 0.6490844997000004, 0.642788685129077, 0.5354109930917673, 0.45010130747316857, 0.5335764706137982, 0.9678707865449417, 0.031067986331383413, 0.18596065309518406, 0.531893275108695, 0.6717514292981963, 0.3847510833606076, 0.5422468538370842]",17.0,17.0,30.0,6.8508,6.8508,55.3814,55.3814,9.6188,9.6188,False,0,2.4208,0.542254,2.4726,0.0275636559084633,1.4809430898935405,minus,True,-2.1527325372436312,-1.5514840063528283,0.6012485308908029,True,True,1.0,False,100.0,6.2999999999999545,0.0,False,"[""block_count_per_ring != 7 (missing or extra blocks)""]",0.1910600990227274,0.0660634871655881,0.0008160256017853
45,1-5,271,1-5/r271,bo,2779.874846624283,"{""0"": {""K"": 0.0, ""B1"": 573.4778361326189, ""A1"": 2599.2000819111954, ""A2"": 427.1413596744824, ""A3"": 571.9985608596796, ""B2"": 1099.1690351607522}}",2.7274,0.1098858595267038,0.303738657222794,0.591361342777206,"[0.8043619347871188, 0.8539724750162807, 0.16593687388096612, 0.7520833570344895, 0.1235941434243294, 0.16550884284134249, 0.3180465958219769, 0.8201217938682186, 0.7219067547138749, 0.8099065827613384, 0.33747900260938113, 0.26355120354276373, 0.08063130090190962]",77.0,77.0,89.0,9.909,9.909,30.3109,30.3109,6.5888,6.5888,False,0,2.0859,0.080583,2.4726,0.8043619347871188,1.5230717163066865,plus,False,0.7492819123721461,0.087857165009222,0.6614247473629241,True,True,1.0,False,100.0,1.5,0.0,False,"[""block_count_per_ring != 7 (missing or extra blocks)""]",0.1918243904935963,0.0654908102986387,0.0007995298389238
46,1-5,271,1-5/r271,bo,2522.380486257261,"{""0"": {""K"": 0.0, ""B1"": 1209.615524774409, ""A1"": 1043.0080139195436, ""A2"": 1906.36709773711, ""A3"": 1352.3004544475732, ""B2"": 2159.5576930588127}}",2.7274,0.1135653196571132,0.303738657222794,0.591361342777206,"[0.7298554647735132, 0.8711260977688511, 0.35000449212222484, 0.301796300323942, 0.551610850039673, 0.39129064075450615, 0.6248720176674805, 0.7958722048161256, 0.7968123499068682, 0.22697416778211565, 0.9813887299635053, 0.26615110184478696, 0.5629926658817008]",75.0,75.0,98.0,3.4967,3.4967,78.6042,78.6042,6.6538,6.6538,False,0,2.4358,0.562932,2.4726,0.7298554647735132,1.6370044118517697,plus,False,-0.1041060693480341,-0.9728657831579102,0.8687597138098759,True,True,1.0,False,100.0,142.7,0.0,False,"[""block_count_per_ring != 7 (missing or extra blocks)""]",0.1900455917347868,0.0658225905611653,0.0007679113185088
47,1-5,271,1-5/r271,bo,2029.769394537632,"{""0"": {""K"": 0.0, ""B1"": 406.8637362848499, ""A1"": 2948.300144042976, ""A2"": 2144.582255628567, ""A3"": 1107.8563538641492, ""B2"": 256.1576710921042}}",2.7274,0.2806339841593516,0.303738657222794,0.591361342777206,"[0.5873175331416759, 0.9771182270402425, 0.1177267755453848, 0.8530961064939167, 0.6205388471147474, 0.32056028757643207, 0.07411969649655792, 0.9663893775613557, 0.567705367195242, 0.7984032564909335, 0.24418694621768777, 0.2500124822373012, 0.062370118823827814]",87.0,87.0,72.0,9.7824,9.7824,23.314,23.314,6.2503,6.2503,False,0,2.0727,0.062386,2.4726,0.5873175331416759,1.6900986451977316,minus,True,1.4682494880106636,2.069984864629837,0.6017353766191733,True,True,1.0,False,100.0,150.69999999999982,0.0,False,"[""block_count_per_ring != 7 (missing or extra blocks)""]",0.1884194262186353,0.0659852903591405,0.0007309427847366
48,1-5,271,1-5/r271,bo,583.7587899932137,"{""0"": {""K"": 0.0, ""B1"": 859.7194860129923, ""A1"": 1020.6717532861901, ""A2"": 248.0870670944375, ""A3"": 1356.4211964820045, ""B2"": 2141.318112203424}}",2.7274,0.1503961595681303,0.303738657222794,0.591361342777206,"[0.16891168691933267, 0.9650863798958085, 0.24876142535098156, 0.29533326194623555, 0.0717844522842701, 0.3924829850931726, 0.6195943611699722, 0.9673642154648218, 0.5392266410906174, 0.9594587707054968, 0.6081665854399114, 0.27069360022149613, 0.1519540602635917]",88.0,88.0,69.0,11.554,11.554,50.6125,50.6125,6.7673,6.7673,False,0,2.1377,0.151991,2.4726,0.1689116869193326,1.5703522955574023,plus,False,2.3210725160301617,1.3343928321327692,0.9866796838973926,True,True,1.0,False,100.0,160.9000000000001,0.0,False,"[""block_count_per_ring != 7 (missing or extra blocks)""]",0.1903371298544342,0.0667861861337083,0.0008447556198333
49,1-5,271,1-5/r271,bo,2204.3634674371724,"{""0"": {""K"": 0.0, ""B1"": 3066.908796639118, ""A1"": 2556.505871044889, ""A2"": 748.2530690278691, ""A3"": 2611.6736385659897, ""B2"": 331.25878085592154}}",2.7274,0.2801377888958835,0.303738657222794,0.591361342777206,"[0.6378366514575152, 0.6495607949304456, 0.8874157397682634, 0.7397297080569701, 0.21650841117704545, 0.7556926037517331, 0.09585034168284767, 0.90324443510191, 0.7840781111525934, 0.045447715988593096, 0.09686203519370651, 0.28113139226498385, 0.6065633948977088]",83.0,83.0,96.0,1.4999,1.4999,12.2647,12.2647,7.0283,7.0283,False,0,2.4675,0.606632,2.4726,0.6378366514575151,1.7328716065134078,plus,False,0.9937314387617768,0.9771625013918152,0.0165689373699615,True,True,1.0,False,100.0,55.09999999999991,0.0,False,"[""block_count_per_ring != 7 (missing or extra blocks)""]",0.2138803980845829,0.064426747154377,0.0016832991049177
50,1-5,271,1-5/r271,bo,1622.4310468952644,"{""0"": {""K"": 0.0, ""B1"": 624.8095308183348, ""A1"": 2703.689228408862, ""A2"": 1846.3305469817806, ""A3"": 1249.5402142213104, ""B2"": 2851.5614243000773}}",2.7274,0.249725584659585,0.303738657222794,0.591361342777206,"[0.46945342792108347, 0.29270759945994196, 0.18078979479697188, 0.7823174850720087, 0.5342391628998208, 0.36155677494829586, 0.8251045787905317, 0.4984627777034214, 0.7952950415787592, 0.8928935300298865, 0.7898598974892687, 0.2757346650802901, 0.7664929840833958]",52.0,52.0,97.0,10.8218,10.8218,64.2395,64.2395,6.8934,6.8934,False,0,2.5835,0.766542,2.4726,0.4694534279210834,1.647790074532567,plus,False,0.4085122461668415,0.4409536335330714,0.0324413873662298,True,True,1.0,False,100.0,147.89999999999998,0.0,False,"[""block_count_per_ring != 7 (missing or extra blocks)""]",0.2223855492005633,0.0644119216688278,0.0022684568339267
51,1-5,271,1-5/r271,bo,2041.581951470116,"{""0"": {""K"": 0.0, ""B1"": 1666.6145007257035, ""A1"": 1437.3999113628904, ""A2"": 2332.6159813453883, ""A3"": 1638.3814039885515, ""B2"": 1575.3730299634842}}",2.7274,0.2620261771084956,0.303738657222794,0.591361342777206,"[0.5907355183651957, 0.8435027247422977, 0.4822379921081318, 0.41591432620454005, 0.6749467538615128, 0.47406869328372436, 0.45583710357739704, 0.002106312103512975, 0.7832476903939493, 0.00620555116167032, 0.16844887772441286, 0.27267822895967364, 0.5602792026625615]",15.0,15.0,96.0,1.0683,1.0683,17.6337,17.6337,6.817,6.817,False,0,2.4339,0.560313,2.4726,0.5907355183651957,1.7098112832361694,minus,True,-1.7233422845955269,-1.353550013311271,0.3697922712842558,True,True,1.0,False,100.0,28.19999999999999,0.0,False,"[""block_count_per_ring != 7 (missing or extra blocks)""]",0.244969534433797,0.0583517994534801,0.0034205004699579
52,1-5,271,1-5/r271,bo,2993.7084514322096,"{""0"": {""K"": 0.0, ""B1"": 307.49426206971145, ""A1"": 1845.609270269724, ""A2"": 2601.266388715677, ""A3"": 3350.0346757777324, ""B2"": 1787.2107587789678}}",2.7274,0.1042350267482093,0.303738657222794,0.591361342777206,"[0.8662350843264496, 0.5141923664556851, 0.08897403416368965, 0.5340304601474896, 0.7526812467348601, 0.969338737204205, 0.5171327427022476, 0.7829901990453555, 0.8091882116612885, 0.014434224026669273, 0.22860979483394783, 0.2826018880503147, 0.8693349720318608]",74.0,74.0,99.0,1.1588,1.1588,22.1457,22.1457,7.065,7.065,False,0,2.6581,0.869381,2.4726,0.8662350843264496,1.6534288757523967,minus,True,0.3789904187815037,1.3549063798313037,0.9759159610498,True,True,1.0,False,100.0,58.39999999999986,0.0,False,"[""block_count_per_ring != 7 (missing or extra blocks)""]",0.2211432947816115,0.0635145917088855,0.0020476795524256
53,1-5,271,1-5/r271,bo,1658.035249872144,"{""0"": {""K"": 0.0, ""B1"": 1107.1800725646256, ""A1"": 2143.5841313996934, ""A2"": 12.349198750215763, ""A3"": 1471.7897371673944, ""B2"": 1461.5058266065525}}",2.7274,0.2453476854776611,0.303738657222794,0.591361342777206,"[0.47975556998615276, 0.2316774548415318, 0.3203646043300421, 0.6202500380207446, 0.0035732635272615054, 0.42586508598593587, 0.4228894174208775, 0.7511198531890457, 0.6778182036372234, 0.173662885257572, 0.6841640421915097, 0.2488474695267009, 0.6190249032927917]",71.0,71.0,85.0,2.9103,2.9103,56.3123,56.3123,6.2212,6.2212,False,0,2.4765,0.619039,2.4726,0.4797555699861528,1.6911654093094546,plus,False,0.767407306046596,0.998242339881152,0.2308350338345559,True,True,1.0,False,100.0,10.300000000000182,0.0,False,"[""block_count_per_ring != 7 (missing or extra blocks)""]",0.2282336769753966,0.0637904285904622,0.0026635201618186
54,1-5,271,1-5/r271,bo,572.4166202150585,"{""0"": {""K"": 0.0, ""B1"": 1200.3772881669986, ""A1"": 2238.971608946626, ""A2"": 1816.0750508989865, ""A3"": 3095.2264183221, ""B2"": 3102.896033446351}}",2.7274,0.1401823532433136,0.303738657222794,0.591361342777206,"[0.16562980909000535, 0.47944913841935166, 0.34733139125202506, 0.6478505812924266, 0.5254846790795679, 0.8956094960422744, 0.8978287133814673, 0.5119856029159975, 0.08162992189749096, 0.6252249467547999, 0.6520720524412775, 0.43906932506510676, 0.5012167679658694]",53.0,53.0,19.0,7.8775,7.8775,53.9054,53.9054,10.9767,10.9767,False,0,2.391,0.501174,2.4726,0.1656298090900053,1.4219683159747978,plus,False,-1.9664934700576344,-1.734014185490439,0.2324792845671952,True,True,1.0,False,100.0,7.700000000000017,0.0,False,"[""block_count_per_ring != 7 (missing or extra blocks)""]",0.1931348508816797,0.0671582117492226,0.0009688647217205
55,1-5,271,1-5/r271,bo,1118.2998755843123,"{""0"": {""K"": 0.0, ""B1"": 1301.8039649444174, ""A1"": 317.9100069403677, ""A2"": 1078.7041644777387, ""A3"": 2409.193839133955, ""B2"": 2616.3617391017574}}",2.7274,0.1814954579189427,0.303738657222794,0.591361342777206,"[0.32358213992601637, 0.3534972461983935, 0.3766793880047504, 0.09198784923043046, 0.31212504759193826, 0.6971046988234824, 0.7570491143234251, 0.8750408373381366, 0.9563031654595997, 0.020552924061888134, 0.33284960103246863, 0.49110094631914647, 0.6125767367068222]",81.0,81.0,115.0,1.2261,1.2261,29.9637,29.9637,12.2775,12.2775,False,0,2.4718,0.61256,2.4726,0.3235821399260163,1.6034240045703163,minus,True,1.8876091944416613,2.148867286073506,0.2612580916318445,True,True,1.0,False,100.0,207.2,0.0,False,"[""block_count_per_ring != 7 (missing or extra blocks)""]",0.1927297181731499,0.0668436460276054,0.0009297063726072
56,1-5,271,1-5/r271,bo,2012.889449768859,"{""0"": {""K"": 0.0, ""B1"": 2655.111047300225, ""A1"": 860.2536875287859, ""A2"": 1222.533183287906, ""A3"": 215.841419316408, ""B2"": 825.4860035834045}}",2.7274,0.2122532196521323,0.303738657222794,0.591361342777206,"[0.5824332898636745, 0.0503979133289949, 0.7682612984086299, 0.24891599754883853, 0.35374224053469505, 0.06245411438553472, 0.2388559038146425, 0.4587640197380949, 0.747658755269614, 0.9141138756427205, 0.9292859600962285, 0.35214048681487353, 0.6193670918355669]",49.0,49.0,92.0,11.0553,11.0553,74.6964,74.6964,8.8035,8.8035,False,0,2.4767,0.619315,2.4726,0.5824332898636745,1.6149138469317783,minus,True,0.6081687041536508,1.171900972625438,0.5637322684717874,True,True,1.0,False,100.0,34.69999999999982,0.0,False,"[""block_count_per_ring != 7 (missing or extra blocks)""]",0.1919598196902418,0.0662053074217242,0.0008553316906434
57,1-5,271,1-5/r271,bo,2784.7011309245013,"{""0"": {""K"": 0.0, ""B1"": 3045.4481499768867, ""A1"": 3376.8761974544045, ""A2"": 1398.5928454178409, ""A3"": 237.73785148771236, ""B2"": 1798.3415981979113}}",2.7274,0.1492805760397924,0.303738657222794,0.591361342777206,"[0.8057584290869506, 0.45467842934477254, 0.8812060619146084, 0.9771053812078717, 0.40468542980840305, 0.06878988758325011, 0.5203534717007845, 0.47066101219006073, 0.1332454461349175, 0.8240209724084762, 0.6360978199067305, 0.11706499501147216, 0.5051625115101772]",50.0,50.0,25.0,10.0642,10.0642,52.7073,52.7073,2.9266,2.9266,False,0,2.3939,0.505172,2.4726,0.8057584290869506,1.6595418192609583,plus,False,1.4906974487130278,0.8145603385179057,0.6761371101951221,True,True,1.0,False,100.0,79.09999999999991,0.0,False,"[""block_count_per_ring != 7 (missing or extra blocks)""]",0.1933020730021739,0.0656290295162478,0.0008572246813453
58,1-5,271,1-5/r271,bo,322.5243415115326,"{""0"": {""K"": 0.0, ""B1"": 956.7841737405029, ""A1"": 3360.121170261862, ""A2"": 80.49704762152606, ""A3"": 2338.67999072228, ""B2"": 1922.3300212870097}}",2.7274,0.1394640740952675,0.303738657222794,0.591361342777206,"[0.09332301548366106, 0.04914274177188849, 0.2768472724943585, 0.9722572830618814, 0.023291969797895273, 0.6767013862043634, 0.556229751529806, 0.47688802992419843, 0.8011733190376467, 0.38357957294872835, 0.26937302285330267, 0.2439717120025363, 0.5804728378976757]",51.0,51.0,98.0,5.2194,5.2194,25.203,25.203,6.0993,6.0993,False,0,2.4485,0.58044,2.4726,0.093323015483661,1.6024480897681035,minus,True,1.987271787274924,2.453582932676692,0.4663111454017676,True,True,1.0,False,100.0,80.5,0.0,False,"[""block_count_per_ring != 7 (missing or extra blocks)""]",0.1915737444553577,0.0652486471408272,0.0007748589672881
59,1-5,271,1-5/r271,bo,1771.6795542986856,"{""0"": {""K"": 0.0, ""B1"": 1211.147660335393, ""A1"": 2261.469834567007, ""A2"": 2810.5262250795677, ""A3"": 1274.6237233608363, ""B2"": 1385.5353836686272}}",2.7274,0.1829934357726869,0.303738657222794,0.591361342777206,"[0.5126387599243882, 0.0038586954829016307, 0.3504478183840837, 0.6543604845390646, 0.8132309679049675, 0.3688147347687605, 0.40090722907078336, 0.13855341841308555, 0.8321423567828209, 0.48801712849237966, 0.28468653192763027, 0.20746102646597198, 0.6500295694181976]",25.0,25.0,102.0,6.3682,6.3682,26.3515,26.3515,5.1865,5.1865,False,0,2.499,0.650056,2.4726,0.5126387599243882,1.575916312456982,plus,False,-1.6268294987847391,-2.3036944853840704,0.6768649865993313,True,True,1.0,False,100.0,63.5,0.0,False,"[""block_count_per_ring != 7 (missing or extra blocks)""]",0.190701935954353,0.0649888443706808,0.0007312036962574
0,1-1,20,1-1/r20,sam4tun_static,2717.957952449005,"{""0"": {""K"": 0.0, ""B1"": 215.98449493429825, ""A1"": 863.937979737193, ""A2"": 1511.8914645400878, ""A3"": 2159.8449493429825, ""B2"": 2807.7984341458773}}",2.7353,0.0985534664903145,0.0985534664903145,0.7842465335096854,"[0.7864461667965871, 0.0, 0.062495513580526116, 0.24998205432210446, 0.4374685950636828, 0.6249551358052612, 0.8124416765468395, 0.29333333333333333, 0.24545454545454545, 1.0, 0.4266666666666667, 0.0, 0.0]",37.0,37.0,37.0,12.0,12.0,37.0,37.0,0.0,0.0,False,0,2.0353,1.5e-05,2.449,0.7864461667965871,1.7426347616144442,plus,False,3.624364769533252,3.6239470567099943,0.0004177128232569,True,True,1.0,False,100.00000000000004,215.9000000000001,0.0,False,"[""block_count_per_ring != 7 (missing or extra blocks)""]",,,
1,1-1,20,1-1/r20,intrinsic_r_otsu,2160.329932585729,"{""0"": {""K"": 0.0, ""B1"": 2680.7697454873887, ""A1"": 778.3160486074855, ""A2"": 1037.3746806531951, ""A3"": 3019.000707289481, ""B2"": 18.196892578626247}}",2.7353,0.1026716105059075,0.1026716105059075,0.7801283894940925,"[0.625095466604667, 0.8972138009695755, 0.7756856902451935, 0.22520718999059186, 0.30016628491122543, 0.8735534453962619, 0.005265304565574724, 0.8212284183827663, 0.7970694287520462, 0.4679349528437208, 0.3030324268193135, 0.2784256121007733, 0.5755957391308073]",77.0,77.0,98.0,6.1473,6.1473,27.7274,27.7274,6.9606,6.9606,False,0,2.449,0.575531,2.449,0.625095466604667,1.5458869746539976,plus,False,1.69348335549244,1.423753365951796,0.269729989540644,True,True,1.0,False,100.0,18.199999999999815,0.0,False,"[""block_count_per_ring != 7 (missing or extra blocks)""]",,,
2,1-1,20,1-1/r20,random,1538.1837131304264,"{""0"": {""K"": 0.0, ""B1"": 1912.886848769446, ""A1"": 3440.448979549261, ""A2"": 2739.4395928027307, ""A3"": 2150.251416948658, ""B2"": 3417.8462703885943}}",2.7353,0.2330446787456976,0.2330446787456976,0.6497553212543024,"[0.4450763058826466, 0.5045482589579533, 0.5534973520744925, 0.9955002834343927, 0.7926619192137531, 0.6221792294411627, 0.9889601476818849, 0.21530869823559895, 0.16021203385784455, 0.6125396042730308, 0.04394200796138337, 0.03568027877359614, 0.5148888202713703]",31.0,31.0,28.0,7.7379,7.7379,8.2957,8.2957,0.892,0.892,False,0,2.4054,0.514877,2.449,0.4450763058826465,1.5791616556368795,plus,False,-2.3084330362704657,-2.1972911222737403,0.1111419139967253,True,True,1.0,False,100.0,15.600000000000136,0.0,False,"[""block_count_per_ring != 7 (missing or extra blocks)""]",,,
3,1-1,20,1-1/r20,random,1611.2080235241992,"{""0"": {""K"": 0.0, ""B1"": 2174.6059355209322, ""A1"": 1776.79058664792, ""A2"": 1717.1945927199508, ""A3"": 855.4115705264553, ""B2"": 40.76015227490025}}",2.7353,0.4062023646995905,0.4062023646995905,0.4765976353004095,"[0.4662060253252891, 0.9171677731928523, 0.6292262544910104, 0.5141176465995139, 0.49687343539350426, 0.24751492202733083, 0.01179402554250586, 0.19240214398531064, 0.6920321208818392, 0.2006067239869952, 0.3695363106022067, 0.0037342420520759534, 0.8300477298017456]",29.0,29.0,86.0,3.2067,3.2067,32.7152,32.7152,0.0934,0.0934,False,0,2.632,0.83011,2.449,0.4662060253252891,1.7792959576398664,minus,True,1.931814627943528,2.279849897513741,0.3480352695702131,True,True,1.0,False,100.00000000000004,40.79999999999996,0.0,False,"[""block_count_per_ring != 7 (missing or extra blocks)""]",,,
4,1-1,20,1-1/r20,random,533.8174961483361,"{""0"": {""K"": 0.0, ""B1"": 3042.4279241577437, ""A1"": 1761.8370389052704, ""A2"": 2927.7512514404443, ""A3"": 2210.8625289533707, ""B2"": 2563.560394082578}}",2.7353,0.3207625492966912,0.4062023646995905,0.4765976353004095,"[0.15446108106143985, 0.26759930456378545, 0.8803321539808286, 0.5097908098684232, 0.8471502463658693, 0.6397171669425262, 0.7417709473618571, 0.09149560506304566, 0.5411438213764888, 0.50777223630035, 0.8713393766928806, 0.3612640590141576, 0.5981840672072131]",22.0,22.0,70.0,6.5855,6.5855,70.3505,70.3505,9.0316,9.0316,False,0,2.4653,0.598206,2.449,0.1544610810614398,1.6109255292733478,plus,False,-2.4701526455881737,-2.439443498707172,0.0307091468810019,True,True,1.0,False,100.0,114.6,0.0,False,"[""block_count_per_ring != 7 (missing or extra blocks)""]",,,
5,1-1,20,1-1/r20,random,204.7736759460605,"{""0"": {""K"": 0.0, ""B1"": 1116.4136126683622, ""A1"": 519.0902636674816, ""A2"": 2821.2644867987256, ""A3"": 1311.3659688778798, ""B2"": 3382.552688525182}}",2.7353,0.1625566951860834,0.4062023646995905,0.4765976353004095,"[0.05925164234550362, 0.3876318011107287, 0.32303634625820665, 0.15019972907045187, 0.8163381038190757, 0.37944617155031246, 0.9787478844112216, 0.5899916930106103, 0.6050562538298513, 0.6379965807883322, 0.6764502438127883, 0.1507880191683687, 0.44031346718818754]",59.0,59.0,77.0,8.018,8.018,55.7338,55.7338,3.7697,3.7697,False,0,2.3518,0.440312,2.449,0.0592516423455036,1.6001713874068244,plus,False,0.3589848801473625,0.4476037624639807,0.0886188823166181,True,True,1.0,False,100.0,73.5,0.0,False,"[""block_count_per_ring != 7 (missing or extra blocks)""]",,,
6,1-1,20,1-1/r20,random,827.9330520828327,"{""0"": {""K"": 0.0, ""B1"": 334.2093486281128, ""A1"": 3344.813744424727, ""A2"": 743.0539531019214, ""A3"": 2321.620401984601, ""B2"": 1038.251801591667}}",2.7353,0.1683406563207126,0.4062023646995905,0.4765976353004095,"[0.23956396182952333, 0.40249829810398163, 0.09670409393174562, 0.9678280510488214, 0.21500403735588003, 0.6717651626112849, 0.3004200814790703, 0.8740770261495044, 0.6622147383384538, 0.13161581580830573, 0.8450743208745529, 0.9449481711449795, 0.9039167881959268]",81.0,81.0,83.0,2.4478,2.4478,68.3806,68.3806,23.6237,23.6237,False,0,2.6851,0.903979,2.449,0.2395639618295233,1.6290221587531393,plus,False,1.873953289442704,1.1811818016022744,0.6927714878404292,True,True,1.0,False,100.0,111.19999999999992,0.0,False,"[""block_count_per_ring != 7 (missing or extra blocks)""]",,,
7,1-1,20,1-1/r20,random,1968.9493750016625,"{""0"": {""K"": 0.0, ""B1"": 665.1538386105567, ""A1"": 3206.842046477076, ""A2"": 1908.8403413780636, ""A3"": 623.9894346394386, ""B2"": 3055.300626343}}",2.7353,0.1098846796356749,0.4062023646995905,0.4765976353004095,"[0.5697191478592772, 0.1454599537609269, 0.19246349496833237, 0.9279056847445244, 0.5523264876672638, 0.18055249844891164, 0.8840568941964699, 0.6415717052224807, 0.5696942744738079, 0.3762878361299201, 0.41095528215712984, 0.23948921268184487, 0.03805728669123909]",63.0,63.0,73.0,5.1392,5.1392,35.8216,35.8216,5.9872,5.9872,False,0,2.0626,0.037993,2.449,0.5697191478592772,1.6407655329791455,minus,True,0.1148722039047457,0.8902847249625917,0.775412521057846,True,True,1.0,False,100.0,41.19999999999982,0.0,False,"[""block_count_per_ring != 7 (missing or extra blocks)""]",,,
8,1-1,20,1-1/r20,random,3028.2122008256406,"{""0"": {""K"": 0.0, ""B1"": 1892.627248482669, ""A1"": 1113.396398600458, ""A2"": 2596.5789230186306, ""A3"": 87.08038549088381, ""B2"": 1286.272301985345}}",2.7353,0.3584789178336626,0.4062023646995905,0.4765976353004095,"[0.876218808109271, 0.4677302168140961, 0.5476351992137353, 0.3221633097802251, 0.7513249198549279, 0.025196870801760363, 0.37218527256520395, 0.03035029438411163, 0.12289210220500935, 0.9671482353973677, 0.6577607300385144, 0.4282202463894813, 0.5237401079104803]",17.0,17.0,24.0,11.6386,11.6386,54.3321,54.3321,10.7055,10.7055,False,0,2.4118,0.52378,2.449,0.876218808109271,1.7335807277825284,plus,False,2.129746325874196,2.2258230955702403,0.0960767696960442,True,True,1.0,False,100.0,87.10000000000036,0.0,False,"[""block_count_per_ring != 7 (missing or extra blocks)""]",,,
9,1-1,20,1-1/r20,random,3016.42862479986,"{""0"": {""K"": 0.0, ""B1"": 2040.0456347932538, ""A1"": 2362.8131942614627, ""A2"": 1228.3100133932578, ""A3"": 1794.0043693301418, ""B2"": 2644.694956610574}}",2.7353,0.1275448287927658,0.4062023646995905,0.4765976353004095,"[0.8728092085647744, 0.3442106669960262, 0.5902909822897147, 0.6836843733395437, 0.35541377702351207, 0.5190984864959901, 0.7652473832785226, 0.9091793139905502, 0.1510622780768155, 0.9334193923074285, 0.005178865815432143, 0.752977503597754, 0.8105268303172452]",83.0,83.0,27.0,11.2676,11.2676,5.3884,5.3884,18.8244,18.8244,False,0,2.6179,0.810495,2.449,0.8728092085647744,1.5838372349525842,plus,False,-1.318587833320925,-1.786393105228956,0.4678052719080305,True,True,1.0,False,100.0,246.0999999999999,0.0,False,"[""block_count_per_ring != 7 (missing or extra blocks)""]",,,
10,1-1,20,1-1/r20,random,472.65656213116176,"{""0"": {""K"": 0.0, ""B1"": 2817.5256967508776, ""A1"": 49.32123155001426, ""A2"": 2171.964491825901, ""A3"": 2740.689762386806, ""B2"": 1772.9403822335526}}",2.7353,0.0965639137788754,0.4062023646995905,0.4765976353004095,"[0.13676405154258153, 0.41890365091318515, 0.8152562779950456, 0.014271189684610608, 0.6284619478662907, 0.7930236580980341, 0.5130035828222085, 0.7258494205510871, 0.22642348269714407, 0.19852114799267284, 0.3631269505503516, 0.17940602756714652, 0.34606143911247844]",69.0,69.0,35.0,3.1837,3.1837,32.2345,32.2345,4.4852,4.4852,False,0,2.284,0.345992,2.449,0.1367640515425815,1.655634448192509,plus,False,1.3537114023698984,1.4976668990926396,0.1439554967227412,True,True,1.0,False,100.0,49.30000000000001,0.0,False,"[""block_count_per_ring != 7 (missing or extra blocks)""]",,,
11,1-1,20,1-1/r20,random,3276.716756235776,"{""0"": {""K"": 0.0, ""B1"": 1175.2752410064224, ""A1"": 938.389086059162, ""A2"": 3290.248479885197, ""A3"": 1536.1166925404234, ""B2"": 3388.244259043317}}",2.7353,0.0830574639796654,0.4062023646995905,0.4765976353004095,"[0.9481240614108147, 0.5733327176111209, 0.34006806742083984, 0.2715246198087853, 0.9520394907075223, 0.44447820964711326, 0.9803947508805895, 0.515522669106271, 0.521166129026224, 0.8965405237160008, 0.7427674182150396, 0.5806528638528226, 0.4266495038362583]",54.0,54.0,67.0,10.8619,10.8619,60.7076,60.7076,14.5163,14.5163,False,0,2.342,0.426679,2.449,0.9481240614108148,1.5836419726509166,plus,False,-0.9603178794885252,-0.7963028337762139,0.1640150457123113,True,True,1.0,False,100.0,67.69999999999982,0.0,False,"[""block_count_per_ring != 7 (missing or extra blocks)""]",,,
12,1-1,20,1-1/r20,perturb_guardrail_smoke,69.12,"{""0"": {""K"": 0.0, ""B1"": 2158.7534869380684, ""A1"": 2080.6870296298184, ""A2"": 1326.142272779506, ""A3"": 1835.598093448526, ""B2"": 1706.4309259015631}}",2.7353,0.1330369187584062,0.4062023646995905,0.4765976353004095,"[0.02, 0.0, 0.6246393191371725, 0.6020506451475169, 0.3837217224477737, 0.5311337075950596, 0.49375894846688745, 0.19240214398531064, 0.6920321208818392, 0.2006067239869952, 0.3695363106022067, 0.0037342420520759534, 0.8300477298017456]",29.0,29.0,86.0,3.2067,3.2067,32.7152,32.7152,0.0934,0.0934,False,0,2.632,0.83011,2.449,0.02,1.6793763803187505,minus,True,-1.455424614240494,-0.7125751833402482,0.7428494309002459,True,True,1.0,False,100.0,78.09999999999991,0.0,False,"[""block_count_per_ring != 7 (missing or extra blocks)""]",,,
13,1-1,20,1-1/r20,perturb_wrong_r_low,1611.2080235241992,"{""0"": {""K"": 0.0, ""B1"": 2174.6059355209322, ""A1"": 1776.79058664792, ""A2"": 1717.1945927199508, ""A3"": 855.4115705264553, ""B2"": 40.76015227490025}}",2.7353,0.4015403931940736,0.4062023646995905,0.4765976353004095,"[0.4662060253252891, 0.0, 0.6292262544910104, 0.5141176465995139, 0.49687343539350426, 0.24751492202733083, 0.01179402554250586, 0.19240214398531064, 0.6920321208818392, 0.2006067239869952, 0.3695363106022067, 0.0037342420520759534, 0.05]",29.0,29.0,86.0,3.2067,3.2067,32.7152,32.7152,0.0934,0.0934,False,0,2.0712,0.049957,2.449,0.4662060253252891,1.7792959576398664,minus,True,1.931814627943528,2.279849897513741,0.3480352695702131,True,True,1.0,False,100.00000000000004,40.79999999999996,0.0,False,"[""block_count_per_ring != 7 (missing or extra blocks)""]",,,
14,1-1,20,1-1/r20,perturb_wrong_k,1151.7960959979428,"{""0"": {""K"": 0.0, ""B1"": 2174.6059355209322, ""A1"": 1776.79058664792, ""A2"": 1717.1945927199508, ""A3"": 855.4115705264553, ""B2"": 40.76015227490025}}",2.7353,0.2166722449714167,0.4062023646995905,0.4765976353004095,"[0.33327433333273804, 0.0, 0.6292262544910104, 0.5141176465995139, 0.49687343539350426, 0.24751492202733083, 0.01179402554250586, 0.19240214398531064, 0.6920321208818392, 0.2006067239869952, 0.3695363106022067, 0.0037342420520759534, 0.8300477298017456]",29.0,29.0,86.0,3.2067,3.2067,32.7152,32.7152,0.0934,0.0934,False,0,2.632,0.83011,2.449,0.3332743333327381,1.7792959576398664,minus,True,1.681814627943528,2.0298498975137416,0.3480352695702136,True,True,1.0,False,100.0,40.79999999999996,0.0,False,"[""block_count_per_ring != 7 (missing or extra blocks)""]",,,
15,1-1,20,1-1/r20,perturb_ambiguous_lines,1611.2080235241992,"{""0"": {""K"": 0.0, ""B1"": 2174.6059355209322, ""A1"": 1776.79058664792, ""A2"": 1717.1945927199508, ""A3"": 855.4115705264553, ""B2"": 40.76015227490025}}",2.7353,0.4062023646995905,0.4062023646995905,0.4765976353004095,"[0.4662060253252891, 0.0, 0.6292262544910104, 0.5141176465995139, 0.49687343539350426, 0.24751492202733083, 0.01179402554250586, 0.19240214398531064, 0.6920321208818392, 0.951470679999789, 0.9575628856421684, 0.0037342420520759534, 0.8300477298017456]",29.0,29.0,86.0,11.4662,11.4662,76.8172,76.8172,0.0934,0.0934,False,0,2.632,0.83011,2.449,0.4662060253252891,1.7792959576398664,minus,True,1.931814627943528,2.279849897513741,0.3480352695702131,True,True,1.0,False,100.00000000000004,40.79999999999996,0.0,False,"[""block_count_per_ring != 7 (missing or extra blocks)""]",,,
16,1-1,20,1-1/r20,perturb_small_segment,1611.2080235241992,"{""0"": {""K"": 0.0, ""B1"": 241.92000000000002, ""A1"": 864.0, ""A2"": 1486.08, ""A3"": 2108.16, ""B2"": 2730.2400000000002}}",2.7353,0.5333374422857214,0.5333374422857214,0.3494625577142786,"[0.4662060253252891, 0.0, 0.07, 0.25, 0.43, 0.61, 0.79, 0.19240214398531064, 0.6920321208818392, 0.2006067239869952, 0.3695363106022067, 0.0037342420520759534, 0.8300477298017456]",29.0,29.0,86.0,3.2067,3.2067,32.7152,32.7152,0.0934,0.0934,False,0,2.632,0.83011,2.449,0.4662060253252891,1.748539097947062,plus,False,3.74189990917909,3.5156179424569136,0.2262819667221762,True,True,1.0,False,100.00000000000004,241.89999999999984,0.0,False,"[""block_count_per_ring != 7 (missing or extra blocks)""]",,,
17,1-1,20,1-1/r20,perturb_wrong_k,2199.609402896165,"{""0"": {""K"": 0.0, ""B1"": 2174.6059355209322, ""A1"": 1776.79058664792, ""A2"": 1717.1945927199508, ""A3"": 855.4115705264553, ""B2"": 40.76015227490025}}",2.7353,0.2499384340241523,0.5333374422857214,0.3494625577142786,"[0.6364610540787515, 0.0, 0.6292262544910104, 0.5141176465995139, 0.49687343539350426, 0.24751492202733083, 0.01179402554250586, 0.19240214398531064, 0.6920321208818392, 0.2006067239869952, 0.3695363106022067, 0.0037342420520759534, 0.8300477298017456]",29.0,29.0,86.0,3.2067,3.2067,32.7152,32.7152,0.0934,0.0934,False,0,2.632,0.83011,2.449,0.6364610540787515,1.7792959576398664,minus,True,2.1818146279435284,2.529849897513742,0.3480352695702136,True,True,1.0,False,100.0,40.80000000000018,0.0,False,"[""block_count_per_ring != 7 (missing or extra blocks)""]",,,
18,1-1,20,1-1/r20,perturb_offset_shift,1611.2080235241992,"{""0"": {""K"": 0.0, ""B1"": 2525.2596383781056, ""A1"": 1419.0658483118768, ""A2"": 1659.1311898552515, ""A3"": 871.5979427259467, ""B2"": 414.7863292183097}}",2.7353,0.3675854510277538,0.5333374422857214,0.3494625577142786,"[0.4662060253252891, 0.0, 0.7306885527714426, 0.41060933110876063, 0.4800726822497834, 0.252198478798017, 0.12001919248214979, 0.19240214398531064, 0.6920321208818392, 0.2006067239869952, 0.3695363106022067, 0.0037342420520759534, 0.8300477298017456]",29.0,29.0,86.0,3.2067,3.2067,32.7152,32.7152,0.0934,0.0934,False,0,2.632,0.83011,2.449,0.4662060253252891,1.6643044681419643,minus,True,1.1344240196499802,1.7816249441599945,0.6472009245100143,True,True,1.0,False,100.0,240.0,0.0,False,"[""block_count_per_ring != 7 (missing or extra blocks)""]",,,
19,1-1,20,1-1/r20,perturb_wrong_r_high,1611.2080235241992,"{""0"": {""K"": 0.0, ""B1"": 2174.6059355209322, ""A1"": 1776.79058664792, ""A2"": 1717.1945927199508, ""A3"": 855.4115705264553, ""B2"": 40.76015227490025}}",2.7353,0.4134414391618705,0.5333374422857214,0.3494625577142786,"[0.4662060253252891, 0.0, 0.6292262544910104, 0.5141176465995139, 0.49687343539350426, 0.24751492202733083, 0.01179402554250586, 0.19240214398531064, 0.6920321208818392, 0.2006067239869952, 0.3695363106022067, 0.0037342420520759534, 0.95]",29.0,29.0,86.0,3.2067,3.2067,32.7152,32.7152,0.0934,0.0934,False,0,2.7182,0.950026,2.449,0.4662060253252891,1.7792959576398664,minus,True,1.931814627943528,2.279849897513741,0.3480352695702131,True,True,1.0,False,100.00000000000004,40.79999999999996,0.0,False,"[""block_count_per_ring != 7 (missing or extra blocks)""]",,,
20,1-1,20,1-1/r20,perturb_weak_hough,1611.2080235241992,"{""0"": {""K"": 0.0, ""B1"": 2174.6059355209322, ""A1"": 1776.79058664792, ""A2"": 1717.1945927199508, ""A3"": 855.4115705264553, ""B2"": 40.76015227490025}}",2.7353,0.4062023646995905,0.5333374422857214,0.3494625577142786,"[0.4662060253252891, 0.0, 0.6292262544910104, 0.5141176465995139, 0.49687343539350426, 0.24751492202733083, 0.01179402554250586, 0.8876498869997137, 0.9709058720893163, 0.2006067239869952, 0.3695363106022067, 0.0037342420520759534, 0.8300477298017456]",82.0,82.0,117.0,3.2067,3.2067,32.7152,32.7152,0.0934,0.0934,False,0,2.632,0.83011,2.449,0.4662060253252891,1.7792959576398664,minus,True,1.931814627943528,2.279849897513741,0.3480352695702131,True,True,1.0,False,100.00000000000004,40.79999999999996,0.0,False,"[""block_count_per_ring != 7 (missing or extra blocks)""]",,,
21,1-1,20,1-1/r20,perturb_misaligned,1682.883905747518,"{""0"": {""K"": 0.0, ""B1"": 2370.1715925341186, ""A1"": 1707.4002414120407, ""A2"": 1675.0074328301794, ""A3"": 732.2031324044448, ""B2"": 0.0}}",2.7353,0.3955686370445241,0.5333374422857214,0.3494625577142786,"[0.48694557457972165, 0.0, 0.6858135395064, 0.49403942170487286, 0.48466650255502874, 0.21186433229295276, 0.0, 0.19240214398531064, 0.6920321208818392, 0.2006067239869952, 0.3695363106022067, 0.0037342420520759534, 0.8300477298017456]",29.0,29.0,86.0,3.2067,3.2067,32.7152,32.7152,0.0934,0.0934,False,0,2.632,0.83011,2.449,0.4869455745797216,1.6011349903134513,minus,True,1.820518986004536,2.1043279593980677,0.2838089733935311,True,True,1.0,False,100.0,0.0,0.0,False,"[""block_count_per_ring != 7 (missing or extra blocks)""]",,,
22,1-1,20,1-1/r20,perturb_guardrail_smoke,69.12,"{""0"": {""K"": 0.0, ""B1"": 2158.7534869380684, ""A1"": 2080.6870296298184, ""A2"": 1326.142272779506, ""A3"": 1835.598093448526, ""B2"": 1706.4309259015631}}",2.7353,0.1330369187584062,0.5333374422857214,0.3494625577142786,"[0.02, 0.0, 0.6246393191371725, 0.6020506451475169, 0.3837217224477737, 0.5311337075950596, 0.49375894846688745, 0.19240214398531064, 0.6920321208818392, 0.2006067239869952, 0.3695363106022067, 0.0037342420520759534, 0.8300477298017456]",29.0,29.0,86.0,3.2067,3.2067,32.7152,32.7152,0.0934,0.0934,False,0,2.632,0.83011,2.449,0.02,1.6793763803187505,minus,True,-1.455424614240494,-0.7125751833402482,0.7428494309002459,True,True,1.0,False,100.0,78.09999999999991,0.0,False,"[""block_count_per_ring != 7 (missing or extra blocks)""]",,,
23,1-1,20,1-1/r20,perturb_wrong_r_low,1611.2080235241992,"{""0"": {""K"": 0.0, ""B1"": 2174.6059355209322, ""A1"": 1776.79058664792, ""A2"": 1717.1945927199508, ""A3"": 855.4115705264553, ""B2"": 40.76015227490025}}",2.7353,0.4015403931940736,0.5333374422857214,0.3494625577142786,"[0.4662060253252891, 0.0, 0.6292262544910104, 0.5141176465995139, 0.49687343539350426, 0.24751492202733083, 0.01179402554250586, 0.19240214398531064, 0.6920321208818392, 0.2006067239869952, 0.3695363106022067, 0.0037342420520759534, 0.05]",29.0,29.0,86.0,3.2067,3.2067,32.7152,32.7152,0.0934,0.0934,False,0,2.0712,0.049957,2.449,0.4662060253252891,1.7792959576398664,minus,True,1.931814627943528,2.279849897513741,0.3480352695702131,True,True,1.0,False,100.00000000000004,40.79999999999996,0.0,False,"[""block_count_per_ring != 7 (missing or extra blocks)""]",,,
24,1-1,20,1-1/r20,bo,1995.2283357763315,"{""0"": {""K"": 0.0, ""B1"": 1961.3807559110764, ""A1"": 3414.535805983831, ""A2"": 1444.2293541794193, ""A3"": 2661.1723168985586, ""B2"": 2872.0296662452083}}",2.7353,0.1622754613120442,0.5333374422857214,0.3494625577142786,"[0.57732301382417, 0.48361470206246204, 0.567529153909455, 0.988002258675877, 0.417890438130619, 0.770015137991481, 0.831027102501507, 0.4718586549489061, 0.1334631179272624, 0.9242715755487765, 0.4348113318524307, 0.00444247573414891, 0.9475715587911415]",50.0,50.0,25.0,11.167,11.167,37.6108,37.6108,0.1111,0.1111,False,0,2.7164,0.947522,2.449,0.57732301382417,1.6367978354708577,plus,False,-1.8854118849646055,-1.7667591436609322,0.1186527413036735,True,True,1.0,False,100.0,41.40000000000009,0.0,False,"[""block_count_per_ring != 7 (missing or extra blocks)""]",0.3509105353863562,0.1052325123042265,0.0013975006180062
25,1-1,20,1-1/r20,bo,1731.652996314607,"{""0"": {""K"": 0.0, ""B1"": 144.14517591929427, ""A1"": 686.1456474081118, ""A2"": 2004.5288737008625, ""A3"": 1273.6520244116773, ""B2"": 2145.7711734335335}}",2.7353,0.3657226048014279,0.5333374422857214,0.3494625577142786,"[0.5010570012484395, 0.18015425618267522, 0.04170867358775876, 0.19853751371762496, 0.5800141416958514, 0.3685335718783789, 0.620882862683314, 0.43995809799952446, 0.6644427637575688, 0.06364535393879334, 0.7241080721232852, 0.016762577823807745, 0.5910413856924198]",48.0,48.0,83.0,1.7001,1.7001,59.3081,59.3081,0.4191,0.4191,False,0,2.4601,0.590972,2.449,0.5010570012484395,1.5397537696467825,plus,False,2.610822824212834,1.9579734975816168,0.6528493266312179,True,True,1.0,False,100.0,141.2,0.0,False,"[""block_count_per_ring != 7 (missing or extra blocks)""]",0.3995674947920716,0.092098659238495,0.0023450834261517
26,1-1,20,1-1/r20,bo,1642.546472702789,"{""0"": {""K"": 0.0, ""B1"": 2666.5890536872316, ""A1"": 597.4489285597218, ""A2"": 306.6755700595825, ""A3"": 392.58892125453286, ""B2"": 3383.5969452795593}}",2.7353,0.2866987380312503,0.5333374422857214,0.3494625577142786,"[0.47527386362927926, 0.5741434265602069, 0.7715824808122776, 0.17287295386566026, 0.08873714411446254, 0.11359633138151992, 0.9790500420369095, 0.7130328338175936, 0.32248806167415256, 0.46908617497483884, 0.8451714881407144, 0.015260902256464925, 0.9480751300095861]",68.0,68.0,45.0,6.1599,6.1599,68.3879,68.3879,0.3815,0.3815,False,0,2.7168,0.948079,2.449,0.4752738636292792,1.41356764098411,minus,True,0.8043558322302348,1.1133852420592585,0.3090294098290235,True,True,1.0,False,100.0,72.40000000000009,0.0,False,"[""block_count_per_ring != 7 (missing or extra blocks)""]",0.3171338302770629,0.1123768144734431,0.0009216715401018
27,1-1,20,1-1/r20,bo,1488.4297368504212,"{""0"": {""K"": 0.0, ""B1"": 913.5018097537358, ""A1"": 1777.6854780132503, ""A2"": 2909.2934049513515, ""A3"": 1792.031204067007, ""B2"": 2510.143557456659}}",2.7353,0.1431175281901605,0.5333374422857214,0.3494625577142786,"[0.43067990070903395, 0.665064408811847, 0.2643234403222615, 0.5143765850732784, 0.8418094343030531, 0.5185275474730923, 0.7263146867640795, 0.5468008482330116, 0.1810204975314812, 0.8737546585992102, 0.22765174900592067, 0.0002518810117569936, 0.06532613191652858]",56.0,56.0,30.0,10.6113,10.6113,22.0739,22.0739,0.0063,0.0063,False,0,2.0822,0.06526,2.449,0.4306799007090339,1.6977697551244126,minus,True,-1.2862837070499014,-0.7763692612432634,0.5099144458066379,True,True,1.0,False,100.0,14.400000000000093,0.0,False,"[""block_count_per_ring != 7 (missing or extra blocks)""]",0.2933821762656682,0.1196596935925555,0.0007980853090307
28,1-1,20,1-1/r20,bo,1566.1664796874434,"{""0"": {""K"": 0.0, ""B1"": 2929.037855393048, ""A1"": 3306.19214482521, ""A2"": 2678.216312476772, ""A3"": 680.89368229692, ""B2"": 2858.1643890217774}}",2.7353,0.1843654721706864,0.5333374422857214,0.3494625577142786,"[0.45317317120585743, 0.6142050904238268, 0.8475225276021552, 0.9566528196832205, 0.7749468496749919, 0.1970178478868403, 0.827015158860468, 0.1473302795124788, 0.8462525344184988, 0.6749497917880277, 0.37477011321940434, 0.01854662621147174, 0.04915096169620714]",26.0,26.0,103.0,8.4244,8.4244,33.1078,33.1078,0.4637,0.4637,False,0,2.0706,0.049123,2.449,0.4531731712058575,1.6001855694476603,plus,False,0.1218124675314074,0.276415544702616,0.1546030771712085,True,True,1.0,False,100.0,70.90000000000009,0.0,False,"[""block_count_per_ring != 7 (missing or extra blocks)""]",0.3075865192764706,0.1151103224517448,0.0008584998478089
29,1-1,20,1-1/r20,bo,1677.624700100272,"{""0"": {""K"": 0.0, ""B1"": 2062.859825988088, ""A1"": 467.4147091378192, ""A2"": 1365.9895885956926, ""A3"": 698.7507044184952, ""B2"": 3088.0102996187316}}",2.7353,0.3157035767183729,0.5333374422857214,0.3494625577142786,"[0.4854238136864213, 0.46387881116947705, 0.596892310760442, 0.1352473116718227, 0.39525161707051293, 0.20218481030627755, 0.8935214987322718, 0.38848467459901015, 0.4884007296945073, 0.7030296823491902, 0.7130838947906087, 0.24251651994711376, 0.828035774140441]",44.0,44.0,64.0,8.7333,8.7333,58.4813,58.4813,6.0629,6.0629,False,0,2.6305,0.828023,2.449,0.4854238136864213,1.6514123301017738,minus,True,0.9796532439974308,1.8373146879023312,0.8576614439049004,True,True,1.0,False,100.0,231.4000000000001,0.0,False,"[""block_count_per_ring != 7 (missing or extra blocks)""]",0.4876450491223597,0.0646902251897978,0.0069756715351488
30,1-1,20,1-1/r20,bo,1581.5761464107184,"{""0"": {""K"": 0.0, ""B1"": 828.2904669183054, ""A1"": 2400.166196601932, ""A2"": 1091.225452157521, ""A3"": 1436.5833392331633, ""B2"": 2770.909053155967}}",2.7353,0.2884156805659763,0.5333374422857214,0.3494625577142786,"[0.4576319868086569, 0.20345999434744066, 0.23966738047404668, 0.6944925337389849, 0.31574810536965303, 0.4156780495466329, 0.8017676658437404, 0.6144125507509413, 0.11363779260439866, 0.9128892667250486, 0.9084776598565832, 0.05155796159648207, 0.9064884703316993]",61.0,61.0,23.0,11.0418,11.0418,73.1358,73.1358,1.2889,1.2889,False,0,2.6869,0.906484,2.449,0.4576319868086569,1.6505608481560368,plus,False,-0.2756551303144952,-0.8130055911218224,0.5373504608073272,True,True,1.0,False,100.0,262.9000000000001,0.0,False,"[""block_count_per_ring != 7 (missing or extra blocks)""]",0.45104101308973,0.0697639601130372,0.0030241383128759
31,1-1,20,1-1/r20,bo,1561.3174142014598,"{""0"": {""K"": 0.0, ""B1"": 1066.0293395610431, ""A1"": 927.6289774277566, ""A2"": 781.1770121091557, ""A3"": 3071.3387995372404, ""B2"": 2529.918383156804}}",2.7353,0.1028821982968399,0.5333374422857214,0.3494625577142786,"[0.4517700851277372, 0.6323536285376453, 0.30845756353039444, 0.26841116245016106, 0.2260350150778807, 0.8886975693105441, 0.7320365692004641, 0.22938874879911653, 0.5103673712984831, 0.11421144979076969, 0.9573044374414276, 0.8087266640537657, 0.37229419804006847]",32.0,32.0,66.0,2.2563,2.2563,76.7978,76.7978,20.2182,20.2182,False,0,2.3029,0.372285,2.449,0.4517700851277372,1.6894823839405588,minus,True,0.0572204624729624,0.7384760291459063,0.6812555666729438,True,True,1.0,False,100.0,138.4000000000001,0.0,False,"[""block_count_per_ring != 7 (missing or extra blocks)""]",0.4846071757341856,0.0605723718379582,0.0053457218226418
32,1-1,20,1-1/r20,bo,1586.783026491736,"{""0"": {""K"": 0.0, ""B1"": 422.2378733418616, ""A1"": 1310.4939174820245, ""A2"": 1705.394223956385, ""A3"": 2389.780454890013, ""B2"": 1748.491200834065}}",2.7353,0.1174163388877012,0.5333374422857214,0.3494625577142786,"[0.4591386072024699, 0.05086892467198456, 0.12217531057345532, 0.3791938418640117, 0.4934589768392318, 0.6914874001417862, 0.5059291669080049, 0.7260995064371134, 0.19934748035763705, 0.7292309624504468, 0.2283859750266679, 0.3054440127698105, 0.5689116711351903]",69.0,69.0,32.0,9.0215,9.0215,22.1289,22.1289,7.6361,7.6361,False,0,2.4442,0.568853,2.449,0.4591386072024699,1.53819917017746,minus,True,0.6706002599192409,0.916919957222922,0.2463196973036809,True,True,1.0,False,100.0,43.10000000000037,0.0,False,"[""block_count_per_ring != 7 (missing or extra blocks)""]",0.4721777436786799,0.0702074706427576,0.0056998479625464
33,1-1,20,1-1/r20,bo,1644.038024756854,"{""0"": {""K"": 0.0, ""B1"": 1437.776231626076, ""A1"": 1994.4487163046297, ""A2"": 1165.491184109986, ""A3"": 868.2963064327146, ""B2"": 3398.318330932099}}",2.7353,0.1636124648261486,0.5333374422857214,0.3494625577142786,"[0.47570544697825634, 0.9906412595846659, 0.4160232151695822, 0.5770974294862933, 0.3372370324392321, 0.251243144222429, 0.9833097022372972, 0.87682248651615, 0.5134107263202994, 0.10018401502001828, 0.3606756544029005, 0.7928716394135563, 0.013519345910054104]",81.0,81.0,66.0,2.102,2.102,32.0507,32.0507,19.8218,19.8218,False,0,2.045,0.013509,2.449,0.4757054469782563,1.514029059825308,minus,True,-0.8834330392589416,-0.50960770235874,0.3738253369002016,True,True,1.0,False,100.0,57.59999999999991,0.0,False,"[""block_count_per_ring != 7 (missing or extra blocks)""]",0.4316138214312671,0.0698038135464935,0.0016203230915662
34,1-1,20,1-1/r20,bo,1697.386731700807,"{""0"": {""K"": 0.0, ""B1"": 126.17312090269678, ""A1"": 2779.505579125138, ""A2"": 1118.5929711923363, ""A3"": 2.8416948647620046, ""B2"": 16.473840311474376}}",2.7353,0.1285147702830197,0.5333374422857214,0.3494625577142786,"[0.49114199412639103, 0.7517498709939094, 0.03650842618712291, 0.8042550865524126, 0.32366694768296767, 0.0008222496715167837, 0.004766736201236799, 0.6279569826807491, 0.788958546418275, 0.19662731139662326, 0.30587998083338785, 0.7418209121422438, 0.36553023877177715]",62.0,62.0,97.0,3.1629,3.1629,27.941,27.941,18.5455,18.5455,False,0,2.298,0.365468,2.449,0.491141994126391,1.4168087940606746,minus,True,0.9065675347652442,1.394362167953562,0.4877946331883178,True,True,1.0,False,100.0,2.7999999999999545,0.0,False,"[""block_count_per_ring != 7 (missing or extra blocks)""]",0.4215767892906771,0.0894542704777902,0.0035710700217875
35,1-1,20,1-1/r20,bo,1553.8951667151389,"{""0"": {""K"": 0.0, ""B1"": 428.2384857774812, ""A1"": 484.3546859198093, ""A2"": 1896.9158434038445, ""A3"": 1074.4658522296206, ""B2"": 2298.8441024749477}}",2.7353,0.3688581655529843,0.5333374422857214,0.3494625577142786,"[0.4496224440726675, 0.7785635256880464, 0.1239115988939471, 0.1401489253240189, 0.5488761120960198, 0.31089868409421895, 0.6651747981698344, 0.23262528472079802, 0.9220888701011981, 0.3945604052733884, 0.5560464512454029, 0.022530612705344844, 0.5081191561736799]",32.0,32.0,111.0,5.3402,5.3402,46.7035,46.7035,0.5633,0.5633,False,0,2.4005,0.50806,2.449,0.4496224440726675,1.509357798057111,plus,False,1.6457253928910778,0.5774759834006357,1.0682494094904422,True,True,1.0,False,100.0,56.100000000000136,0.0,False,"[""block_count_per_ring != 7 (missing or extra blocks)""]",0.4117147328747487,0.0722413362966997,0.0009755794174461
36,1-1,20,1-1/r20,bo,1610.9543442471831,"{""0"": {""K"": 0.0, ""B1"": 3180.737368193526, ""A1"": 435.55147269933695, ""A2"": 692.4682241797725, ""A3"": 2114.39641409087, ""B2"": 3082.7460603958607}}",2.7353,0.1778370947477489,0.5333374422857214,0.3494625577142786,"[0.4661326227567081, 0.716017511905277, 0.9203522477411823, 0.12602762520235444, 0.20036696301498047, 0.6118045179661082, 0.8919982813645431, 0.9727629579833217, 0.20760894012456377, 0.7659986040973534, 0.7284881471290247, 0.9167960404219375, 0.7822004221004557]",88.0,88.0,33.0,9.426,9.426,59.6366,59.6366,22.9199,22.9199,False,0,2.5976,0.782255,2.449,0.4661326227567081,1.471707590331904,plus,False,0.6247525710158247,0.7523731317630642,0.1276205607472395,True,True,1.0,False,100.0,98.0,0.0,False,"[""block_count_per_ring != 7 (missing or extra blocks)""]",0.4945289954640448,0.0692841945704765,0.0098246078685523
37,1-1,20,1-1/r20,bo,1480.6609780786723,"{""0"": {""K"": 0.0, ""B1"": 604.3479403054881, ""A1"": 1721.58025410882, ""A2"": 1528.496275709041, ""A3"": 1888.9161039892967, ""B2"": 796.5353747951287}}",2.7353,0.2214329624185724,0.5333374422857214,0.3494625577142786,"[0.4284319959718381, 0.8516796635046412, 0.1748691956902454, 0.4981424346379688, 0.44227322792506973, 0.5465613726820882, 0.23047898576247938, 0.5209736978164824, 0.3881028204859881, 0.26922633380284033, 0.06062799351574444, 0.014096192127687313, 0.6005187649666434]",54.0,54.0,53.0,3.9615,3.9615,9.5471,9.5471,0.3524,0.3524,False,0,2.467,0.600571,2.449,0.4284319959718381,1.5724290327980828,plus,False,0.2029134505169292,-0.164096643721199,0.3670100942381282,True,True,1.0,False,100.0,167.4000000000001,0.0,False,"[""block_count_per_ring != 7 (missing or extra blocks)""]",0.4488044805182745,0.0594043324120527,0.0014090865550964
38,1-1,20,1-1/r20,bo,1617.6755087940116,"{""0"": {""K"": 0.0, ""B1"": 14.621864324966964, ""A1"": 2161.5090918433425, ""A2"": 1383.4644618327118, ""A3"": 2938.441641962675, ""B2"": 810.7166142724866}}",2.7353,0.2314353250227686,0.5333374422857214,0.3494625577142786,"[0.46807740416493393, 0.8501281726134541, 0.004230863519955719, 0.6254366585194857, 0.40030800400252076, 0.8502435306604963, 0.23458235366680746, 0.6793833427821514, 0.9220654832689763, 0.792158403034507, 0.6117358681099151, 0.0047163682284301345, 0.3631345178787959]",66.0,66.0,111.0,9.7137,9.7137,50.8802,50.8802,0.1179,0.1179,False,0,2.2963,0.363103,2.449,0.4680774041649339,1.5812763165398038,minus,True,3.043624613365018,3.3185337522632805,0.2749091388982623,True,True,1.0,False,100.0,14.599999999999907,0.0,False,"[""block_count_per_ring != 7 (missing or extra blocks)""]",0.5276123582449168,0.0421682247584621,0.0101164931744525
39,1-1,20,1-1/r20,bo,1689.9166933094093,"{""0"": {""K"": 0.0, ""B1"": 1368.950372449072, ""A1"": 1885.3376531194067, ""A2"": 1565.6503216084786, ""A3"": 3299.165218673778, ""B2"": 274.0899919334839}}",2.7353,0.1683522524814321,0.5333374422857214,0.3494625577142786,"[0.48898052468443554, 0.9543033684200395, 0.39610832536142127, 0.5455259412961246, 0.45302381990986074, 0.9546195655884774, 0.0793084467400127, 0.7337145885433487, 0.4179106207822415, 0.7070249345183205, 0.7171371921154917, 0.0636662346403869, 0.9820311443856184]",70.0,70.0,56.0,8.7773,8.7773,58.7853,58.7853,1.5917,1.5917,False,0,2.7412,0.982023,2.449,0.4889805246844356,1.5721806800434313,plus,False,1.5201271282385154,0.905076431225332,0.6150506970131835,True,True,1.0,False,100.00000000000004,156.80000000000018,0.0,False,"[""block_count_per_ring != 7 (missing or extra blocks)""]",0.3709973939799011,0.0870091714149503,0.00077783564179
40,1-1,20,1-1/r20,bo,1244.309594801929,"{""0"": {""K"": 0.0, ""B1"": 830.6221004385214, ""A1"": 1631.8463731295237, ""A2"": 2141.710086349401, ""A3"": 1110.0203879646933, ""B2"": 239.54242897658753}}",2.7353,0.166338664957085,0.5333374422857214,0.3494625577142786,"[0.3600432855329656, 0.5682833990928697, 0.24034204295096107, 0.47217777000275574, 0.6197077796149888, 0.32118645485089503, 0.0693120454214663, 0.12877169505044417, 0.11129057668818065, 0.9616637846759156, 0.9598037936535301, 0.014214046738807995, 0.8050214671422343]",25.0,25.0,22.0,11.5783,11.5783,76.9853,76.9853,0.3554,0.3554,False,0,2.614,0.805069,2.449,0.3600432855329656,1.5974563840709486,plus,False,1.6743390559417928,1.378644585526246,0.2956944704155466,True,True,1.0,False,100.0,239.6000000000001,0.0,False,"[""block_count_per_ring != 7 (missing or extra blocks)""]",0.2938621674362252,0.1057905571916613,0.0003261877087096
41,1-1,20,1-1/r20,bo,1527.613370430258,"{""0"": {""K"": 0.0, ""B1"": 1242.9420001022863, ""A1"": 829.5369933997271, ""A2"": 1964.3661873125443, ""A3"": 459.03835249023365, ""B2"": 1259.1551753281115}}",2.7353,0.2700271098753256,0.5333374422857214,0.3494625577142786,"[0.44201775764764406, 0.22273866886296922, 0.3596475694740412, 0.24002806521982845, 0.5683929940140464, 0.13282359736407223, 0.36433888175003226, 0.018733301744734088, 0.511797265331542, 0.561227668536907, 0.3018252116267931, 0.03799210675538989, 0.9428044669812697]",16.0,16.0,66.0,7.1735,7.1735,27.6369,27.6369,0.9498,0.9498,False,0,2.713,0.942792,2.449,0.442017757647644,1.6970082606444168,plus,False,0.6771461176316705,0.1695717972584031,0.5075743203732674,True,True,1.0,False,100.0,16.200000000000273,0.0,False,"[""block_count_per_ring != 7 (missing or extra blocks)""]",0.3317264463577596,0.0916940012762697,0.0003281582834254
42,1-1,20,1-1/r20,bo,3203.213440906232,"{""0"": {""K"": 0.0, ""B1"": 3400.624796200725, ""A1"": 1479.1417609181008, ""A2"": 2765.5092720906678, ""A3"": 708.7087536617687, ""B2"": 2643.958343844937}}",2.7353,0.1230346601090684,0.5333374422857214,0.3494625577142786,"[0.9268557410029606, 0.9047793208886815, 0.9839770822340062, 0.42799240767306157, 0.8002052291929015, 0.20506619029565065, 0.7650342430106879, 0.7422996170038918, 0.4765015985447566, 0.955699842497531, 0.6285846106501191, 0.5547236569276113, 0.5220290978064944]",71.0,71.0,62.0,11.5127,11.5127,52.1438,52.1438,13.8681,13.8681,False,0,2.4105,0.521972,2.449,0.9268557410029606,1.6903917978520977,plus,False,-0.5195914263802122,-0.5775383659704632,0.0579469395902509,True,True,1.0,False,100.0,55.39999999999964,0.0,False,"[""block_count_per_ring != 7 (missing or extra blocks)""]",0.265548240711046,0.106682503641799,0.000154248376143
43,1-1,20,1-1/r20,bo,1331.4393394566594,"{""0"": {""K"": 0.0, ""B1"": 752.328788779191, ""A1"": 101.14786985601935, ""A2"": 2347.9845664815625, ""A3"": 2259.5011827368644, ""B2"": 2345.9126878140696}}",2.7353,0.0985534664903145,0.5333374422857214,0.3494625577142786,"[0.3852544385001908, 0.6394816286928461, 0.2176877282347196, 0.029267323453709304, 0.6793936824310077, 0.6537908514863612, 0.6787941805017562, 0.8684788800234201, 0.41452545923620965, 0.9151075053118293, 0.9542055590127212, 0.003966121824108715, 0.37517004539562393]",80.0,80.0,56.0,11.0662,11.0662,76.5654,76.5654,0.0992,0.0992,False,0,2.305,0.375206,2.449,0.3852544385001908,1.5198015663156634,minus,True,1.1904524254639326,2.078412102308452,0.887959676844519,True,True,1.0,False,100.0,2.0,0.0,False,"[""block_count_per_ring != 7 (missing or extra blocks)""]",0.2409840716778628,0.1075246281107853,7.86137700165405e-05
44,1-1,20,1-1/r20,bo,1252.763386896469,"{""0"": {""K"": 0.0, ""B1"": 1180.4046325385991, ""A1"": 1870.9882285409508, ""A2"": 2088.4827270372984, ""A3"": 3245.7810274159583, ""B2"": 776.6662912112238}}",2.7353,0.1994193211646829,0.5333374422857214,0.3494625577142786,"[0.36248940593069123, 0.22844800394545628, 0.3415522663595484, 0.54137390872134, 0.6043063446288479, 0.9391727509884138, 0.22472982963287724, 0.02370061116904576, 0.6217489989753382, 0.9451933430323963, 0.9522593094115556, 0.004305746320398374, 0.4444516041953901]",17.0,17.0,78.0,11.3971,11.3971,76.4194,76.4194,0.1076,0.1076,False,0,2.3548,0.444485,2.449,0.3624894059306913,1.5853117368972465,minus,True,-0.4444421905271447,-0.1585872475447871,0.2858549429823576,True,True,1.0,False,100.0,210.29999999999995,0.0,False,"[""block_count_per_ring != 7 (missing or extra blocks)""]",0.281608653097072,0.1009762631668494,0.0001516347589956
45,1-1,20,1-1/r20,bo,1572.3449426394093,"{""0"": {""K"": 0.0, ""B1"": 3353.858319465611, ""A1"": 3382.331751686155, ""A2"": 3374.7528484902164, ""A3"": 919.8719095804299, ""B2"": 1843.5737685521278}}",2.7353,0.189838913777008,0.5333374422857214,0.3494625577142786,"[0.45496092090260687, 0.577750871209923, 0.9704451155861143, 0.9786839559277069, 0.9764909862529562, 0.2661666405035966, 0.5334414839560555, 0.2725605850938725, 0.9671459493630888, 0.9435252058384588, 0.9574645402118273, 0.9232657565215932, 0.6851541800283302]",35.0,35.0,116.0,11.3788,11.3788,76.8098,76.8098,23.0816,23.0816,False,0,2.5278,0.685153,2.449,0.4549609209026068,1.4779796831984109,plus,False,-0.1829104881271571,-1.051521674912634,0.8686111867854768,True,True,1.0,False,100.0,7.600000000000136,0.0,False,"[""block_count_per_ring != 7 (missing or extra blocks)""]",0.3242077632074147,0.0897538453952222,0.0002153425238601
46,1-1,20,1-1/r20,bo,1675.6944908472942,"{""0"": {""K"": 0.0, ""B1"": 1187.895385359673, ""A1"": 303.4059620984848, ""A2"": 2176.2216145550874, ""A3"": 1926.525095917048, ""B2"": 2645.6319386009427}}",2.7353,0.3243569436711347,0.5333374422857214,0.3494625577142786,"[0.4848653040646106, 0.1535453363120688, 0.34371972956009056, 0.08779107699608935, 0.6296937542115415, 0.5574436041426644, 0.7655185007525876, 0.31583074155122526, 0.9925081938430032, 0.22542930312991916, 0.22349194656390992, 0.025831949534130927, 0.14481509711508156]",39.0,39.0,119.0,3.4797,3.4797,21.7619,21.7619,0.6458,0.6458,False,0,2.1394,0.144833,2.449,0.4848653040646106,1.650394252865451,plus,False,2.423935426355812,2.32651516841723,0.0974202579385821,True,True,1.0,False,100.0,249.7,0.0,False,"[""block_count_per_ring != 7 (missing or extra blocks)""]",0.4575259986218146,0.0504319114067739,0.0009188535928278
47,1-1,20,1-1/r20,bo,2993.9564746142523,"{""0"": {""K"": 0.0, ""B1"": 1800.1352495849937, ""A1"": 158.09308721325553, ""A2"": 21.850180260247555, ""A3"": 1277.1280230042237, ""B2"": 1448.6616361670403}}",2.7353,0.2114191006826309,0.5333374422857214,0.3494625577142786,"[0.8663068502934758, 0.5419205844502543, 0.5208724680512135, 0.04574452755013181, 0.006322390121599408, 0.36953935850816655, 0.41917292713166676, 0.8180409338186453, 0.5805160638958418, 0.475992027538496, 0.4775851592339949, 0.43231290291373103, 0.7722425264744975]",76.0,76.0,74.0,6.2359,6.2359,40.8189,40.8189,10.8078,10.8078,False,0,2.5904,0.772238,2.449,0.8663068502934758,1.6150039711079922,minus,True,1.031410982485448,1.7599797206900436,0.7285687382045956,True,True,1.0,False,100.0,21.800000000000185,0.0,False,"[""block_count_per_ring != 7 (missing or extra blocks)""]",0.2754667828016996,0.1015221524616507,0.0001313675917782
48,1-1,20,1-1/r20,bo,3007.991102218483,"{""0"": {""K"": 0.0, ""B1"": 1771.4094992966297, ""A1"": 185.0959912526678, ""A2"": 2167.7961386920706, ""A3"": 880.8285738449587, ""B2"": 3345.6431237703514}}",2.7353,0.1811835925593586,0.5333374422857214,0.3494625577142786,"[0.870367795780811, 0.141346453398575, 0.5125606190094415, 0.0535578678393136, 0.6272558271678446, 0.25486937900606443, 0.9680680334983656, 0.7755776452945558, 0.6143675795076149, 0.9967169604134569, 0.8416020762926582, 0.3835863839050321, 0.9101391798142077]",73.0,73.0,78.0,11.9639,11.9639,68.1202,68.1202,9.5897,9.5897,False,0,2.6895,0.910101,2.449,0.870367795780811,1.6443103134715065,minus,True,0.9615901940474784,1.213156170587293,0.2515659765398146,True,True,1.0,False,100.0,110.40000000000008,0.0,False,"[""block_count_per_ring != 7 (missing or extra blocks)""]",0.2762574621242927,0.0987461975751906,0.0001030797667621
49,1-1,20,1-1/r20,bo,1665.3988702114432,"{""0"": {""K"": 0.0, ""B1"": 754.0058136852867, ""A1"": 1640.088175250056, ""A2"": 1437.0652011623342, ""A3"": 2074.320061742765, ""B2"": 2845.5618091628608}}",2.7353,0.266928488014963,0.5333374422857214,0.3494625577142786,"[0.48188624716766293, 0.9965405441390035, 0.2181729784969001, 0.4745625507089283, 0.4158174771881754, 0.6002083511987167, 0.8233685790401796, 0.6507114214964846, 0.6680470722157594, 0.1207309000567004, 0.06072580102788128, 0.0026546061613322847, 0.5728016287437178]",64.0,64.0,83.0,2.328,2.328,9.5544,9.5544,0.0664,0.0664,False,0,2.447,0.572748,2.449,0.481886247167663,1.5385423871364436,plus,False,-0.5830594271765002,-0.4612325126481447,0.1218269145283554,True,True,1.0,False,100.0,203.0,0.0,False,"[""block_count_per_ring != 7 (missing or extra blocks)""]",0.4772675534206232,0.0453176620996476,0.0014607951006437
50,1-1,20,1-1/r20,bo,1798.9958444640515,"{""0"": {""K"": 0.0, ""B1"": 833.4758666878333, ""A1"": 1812.6993657280434, ""A2"": 1116.1148129567364, ""A3"": 3268.9352934480353, ""B2"": 307.7527857689266}}",2.7353,0.1897603988100576,0.5333374422857214,0.3494625577142786,"[0.5205427790694593, 0.9171464139870447, 0.24116778549995177, 0.5245079183240866, 0.3229498880083149, 0.9458724807430657, 0.08904883847480516, 0.10506851606341272, 0.0023598965074713707, 0.04405257380781702, 0.7296834839403135, 0.04482094284941496, 0.10952267385627379]",23.0,23.0,10.0,1.4846,1.4846,59.7263,59.7263,1.1205,1.1205,False,0,2.114,0.109498,2.449,0.5205427790694593,1.6113286874777626,plus,False,1.4200731015635744,1.2291289894127606,0.1909441121508137,True,True,1.0,False,100.0,187.0999999999999,0.0,False,"[""block_count_per_ring != 7 (missing or extra blocks)""]",0.2820583554338977,0.0929007927774385,6.7805965613373e-05
51,1-1,20,1-1/r20,bo,1156.8799064554182,"{""0"": {""K"": 0.0, ""B1"": 2993.122682617001, ""A1"": 1484.7782888943912, ""A2"": 544.3509179516374, ""A3"": 1711.2894842384962, ""B2"": 1548.0149227320578}}",2.7353,0.2304300237505791,0.5333374422857214,0.3494625577142786,"[0.3347453433030724, 0.875216635800323, 0.8660655910350118, 0.42962334748101594, 0.15750894616656175, 0.4951647813190093, 0.4479209845868223, 0.13028126200989532, 0.7098475794403235, 0.23710257818554703, 0.3755359185606939, 0.006154049717027155, 0.22462339870775283]",25.0,25.0,88.0,3.6081,3.6081,33.1652,33.1652,0.1539,0.1539,False,0,2.1968,0.224685,2.449,0.3347453433030724,1.7411931329560428,plus,False,0.3279612444777428,0.5656862202629971,0.2377249757852543,True,True,1.0,False,100.0,63.20000000000027,0.0,False,"[""block_count_per_ring != 7 (missing or extra blocks)""]",0.2351150678691305,0.0992493787184083,2.599773932716545e-05
52,1-1,20,1-1/r20,bo,1478.3656744507507,"{""0"": {""K"": 0.0, ""B1"": 61.53897449553193, ""A1"": 1225.8781967504287, ""A2"": 1394.0816034718398, ""A3"": 1783.2432650746318, ""B2"": 1254.1361905678286}}",2.7353,0.0976137266987636,0.5333374422857214,0.3494625577142786,"[0.4277678456165367, 0.6878023072120634, 0.017806416231346045, 0.35471012637454535, 0.40338009359717586, 0.5159847410516875, 0.3628866292152282, 0.9562386093342939, 0.7141729038498137, 0.18448864745370397, 0.3778149841254832, 0.9373431433209509, 0.753233917604218]",87.0,87.0,89.0,3.0294,3.0294,33.3361,33.3361,23.4336,23.4336,False,0,2.5767,0.75318,2.449,0.4277678456165366,1.322766705442294,minus,True,0.5596580223440313,1.1115217551689247,0.5518637328248934,True,True,1.0,False,100.0,28.300000000000185,0.0,False,"[""block_count_per_ring != 7 (missing or extra blocks)""]",0.2828453381250425,0.0995513633173263,0.0001381854075464
53,1-1,20,1-1/r20,bo,1839.82752220204,"{""0"": {""K"": 0.0, ""B1"": 921.9619230666848, ""A1"": 1258.3620032637753, ""A2"": 1585.2387280895002, ""A3"": 2059.935982235647, ""B2"": 2775.9058090469366}}",2.7353,0.2665593323609453,0.5333374422857214,0.3494625577142786,"[0.5323575006371642, 0.18563119517213267, 0.2667713897762398, 0.3641093759443794, 0.45869176159997116, 0.5960462911561478, 0.8032134864140442, 0.3818458500847166, 0.9903975854377512, 0.24167124947362462, 0.7182439751086531, 0.07842314255918759, 0.8276680644816722]",44.0,44.0,119.0,3.6584,3.6584,58.8683,58.8683,1.9606,1.9606,False,0,2.6302,0.827606,2.449,0.5323575006371642,1.721015944822308,plus,False,-1.4868057518898534,-2.022086972593872,0.5352812207040185,True,True,1.0,False,100.0,326.9000000000001,0.0,False,"[""block_count_per_ring != 7 (missing or extra blocks)""]",0.4513512827936745,0.0664271153244313,0.0025186306775087
54,1-1,20,1-1/r20,bo,1437.0101535747203,"{""0"": {""K"": 0.0, ""B1"": 2343.8519554290456, ""A1"": 463.07513133065584, ""A2"": 272.0331717773105, ""A3"": 753.7483939599267, ""B2"": 297.78607328524606}}",2.7353,0.3937436508231747,0.5333374422857214,0.3494625577142786,"[0.41580154906675937, 0.6827192585697993, 0.6781979037699785, 0.13399164679706477, 0.0787133020188977, 0.21809849362266398, 0.08616495176077721, 0.18358148207077218, 0.8093252150189885, 0.18727412894227435, 0.3747600881205331, 0.7418763900943545, 0.09902337978375719]",29.0,29.0,99.0,3.06,3.06,33.107,33.107,18.5469,18.5469,False,0,2.1065,0.099065,2.449,0.4158015490667593,1.6750499970813308,minus,True,0.6899655439284323,1.246997510865465,0.5570319669370326,True,True,1.0,False,100.0,25.799999999999955,0.0,False,"[""block_count_per_ring != 7 (missing or extra blocks)""]",0.2338055705267875,0.1045729169466122,4.600159214281465e-05
55,1-1,20,1-1/r20,bo,1388.992863451363,"{""0"": {""K"": 0.0, ""B1"": 374.2530390692775, ""A1"": 107.40630162373435, ""A2"": 754.160203537502, ""A3"": 2383.0889169058487, ""B2"": 2951.0925479563307}}",2.7353,0.3990244393595049,0.5333374422857214,0.3494625577142786,"[0.4019076572486583, 0.9233839668054082, 0.10829080991587892, 0.031078212275386097, 0.2182176514865457, 0.6895511912343312, 0.8539040937373642, 0.1680387841797939, 0.17768163137223558, 0.22313792783202713, 0.9553843333454817, 0.4118509912860211, 0.8579196195515971]",28.0,28.0,30.0,3.4545,3.4545,76.6538,76.6538,10.2963,10.2963,False,0,2.652,0.857933,2.449,0.4019076572486583,1.4735608667022997,plus,False,1.7276592732331868,1.6427097357267662,0.0849495375064206,True,True,1.0,False,100.0,107.40000000000008,0.0,False,"[""block_count_per_ring != 7 (missing or extra blocks)""]",0.3050153447507543,0.0973482111198392,0.0002288446704421
56,1-1,20,1-1/r20,bo,1739.4552263827095,"{""0"": {""K"": 0.0, ""B1"": 715.1801429080508, ""A1"": 1796.2635538331224, ""A2"": 2239.4817617630683, ""A3"": 3103.5369072641247, ""B2"": 824.0667929647557}}",2.7353,0.0648658162997805,0.5333374422857214,0.3494625577142786,"[0.5033145909672192, 0.7811208377734203, 0.20693869875811655, 0.5197521857156026, 0.6479981949545915, 0.8980141514074435, 0.23844525259396865, 0.18500704113990551, 0.192338843102969, 0.2466656314115514, 0.91890943673983, 0.8869707335279213, 0.643950804620028]",29.0,29.0,31.0,3.7133,3.7133,73.9182,73.9182,22.1743,22.1743,False,0,2.4982,0.643975,2.449,0.5033145909672192,1.6300353204053446,plus,False,0.4818733531220478,-0.4814833459971613,0.9633566991192092,True,True,1.0,False,100.0,108.90000000000008,0.0,False,"[""block_count_per_ring != 7 (missing or extra blocks)""]",0.3617831270757412,0.0890959929722917,0.0006833345967925
57,1-1,20,1-1/r20,bo,1535.4488528184008,"{""0"": {""K"": 0.0, ""B1"": 137.0700571778135, ""A1"": 522.804230587338, ""A2"": 2613.357938954524, ""A3"": 2177.981087076778, ""B2"": 2806.651563346882}}",2.7353,0.5063576433907427,0.5333374422857214,0.3494625577142786,"[0.4442849689868058, 0.34299301004770655, 0.03966147487783955, 0.15127437227642881, 0.7561799591882303, 0.630202860843975, 0.8121098273573154, 0.9677656013065059, 0.05975457173277332, 0.1124573147576875, 0.7600869996827747, 0.1445166909138873, 0.0031611740600318017]",88.0,88.0,17.0,2.237,2.237,62.0065,62.0065,3.6129,3.6129,False,0,2.0376,0.003215,2.449,0.4442849689868058,1.4024720608446348,plus,False,1.7452635150906242,1.571721920994357,0.1735415940962672,True,True,1.0,False,100.0,137.0999999999999,0.0,False,"[""block_count_per_ring != 7 (missing or extra blocks)""]",0.5065920215183327,0.0465585683260507,0.0057036926621538
58,1-1,20,1-1/r20,bo,1592.9637596627304,"{""0"": {""K"": 0.0, ""B1"": 1520.2135246824878, ""A1"": 533.9040194528791, ""A2"": 2650.482478527185, ""A3"": 2751.4071004687385, ""B2"": 1790.7849188496652}}",2.7353,0.2028863079377047,0.5333374422857214,0.3494625577142786,"[0.4609270137912993, 0.2269178846131754, 0.4398765985771087, 0.1544861167398377, 0.766922013462727, 0.7961247397189637, 0.5181669325375189, 0.5483478329258877, 0.8356675410146724, 0.4485627644005016, 0.3684609180862881, 0.07759163448165118, 0.2794720678500263]",56.0,56.0,102.0,5.9342,5.9342,32.6346,32.6346,1.9398,1.9398,False,0,2.2362,0.279496,2.449,0.4609270137912993,1.6292157423666251,plus,False,0.8224296942184419,0.1883563967747356,0.6340732974437063,True,True,1.0,False,100.0,101.0,0.0,False,"[""block_count_per_ring != 7 (missing or extra blocks)""]",0.4696287119597395,0.0614931215403899,0.0034594782766198
59,1-1,20,1-1/r20,bo,1637.0435255290697,"{""0"": {""K"": 0.0, ""B1"": 206.0379284352845, ""A1"": 1931.9967561013584, ""A2"": 54.543689651622586, ""A3"": 1430.1344927370506, ""B2"": 2634.440602175052}}",2.7353,0.2104951495993494,0.5333374422857214,0.3494625577142786,"[0.47368157567392055, 0.015607634613874044, 0.059617456144468894, 0.5590268391496986, 0.015782317607529683, 0.4138120638706744, 0.762280266833059, 0.6301729260953248, 0.6565814368305674, 0.2793044744388937, 0.7034541337976251, 0.850887208404958, 0.6224566350553771]",62.0,62.0,82.0,4.0723,4.0723,57.7591,57.7591,21.2722,21.2722,False,0,2.4827,0.622412,2.449,0.4736815756739205,1.6673164634954432,minus,True,2.3744164271769552,2.714034511625776,0.339618084448821,True,True,1.0,False,100.0,54.59999999999991,0.0,False,"[""block_count_per_ring != 7 (missing or extra blocks)""]",0.4725849293370523,0.0614832263408785,0.003812476143242
0,1-4,206,1-4/r206,sam4tun_static,1119.0077525328509,"{""0"": {""K"": 0.0, ""B1"": 215.98449493429825, ""A1"": 863.937979737193, ""A2"": 1511.8914645400878, ""A3"": 2159.8449493429825, ""B2"": 2807.7984341458773}}",2.7397,0.1719663166806335,0.1719663166806335,0.7631336833193665,"[0.3237869654319592, 0.0, 0.062495513580526116, 0.24998205432210446, 0.4374685950636828, 0.6249551358052612, 0.8124416765468395, 0.29333333333333333, 0.24545454545454545, 1.0, 0.4266666666666667, 0.0, 0.0]",37.0,37.0,37.0,12.0,12.0,37.0,37.0,0.0,0.0,False,0,2.7397,0.00139,2.4101,0.3237869654319592,1.7426347616144442,plus,False,3.6245065443868,3.62387980112914,0.0006267432576603,True,True,1.0,False,100.0,216.0,0.0,False,"[""block_count_per_ring != 7 (missing or extra blocks)""]",,,
1,1-4,206,1-4/r206,intrinsic_r_otsu,2160.329932585729,"{""0"": {""K"": 0.0, ""B1"": 2680.7697454873887, ""A1"": 778.3160486074855, ""A2"": 1037.3746806531951, ""A3"": 3019.000707289481, ""B2"": 18.196892578626247}}",2.7397,0.1705960578563554,0.1719663166806335,0.7631336833193665,"[0.625095466604667, 0.8972138009695755, 0.7756856902451935, 0.22520718999059186, 0.30016628491122543, 0.8735534453962619, 0.005265304565574724, 0.8212284183827663, 0.7970694287520462, 0.4679349528437208, 0.3030324268193135, 0.2784256121007733, 0.0]",77.0,77.0,98.0,6.1473,6.1473,27.7274,27.7274,6.9606,6.9606,False,0,2.7397,0.00139,2.4101,0.625095466604667,1.5458869746539976,plus,False,1.69348335549244,1.423753365951796,0.269729989540644,True,True,1.0,False,100.0,18.199999999999815,0.0,False,"[""block_count_per_ring != 7 (missing or extra blocks)""]",,,
2,1-4,206,1-4/r206,random,1538.1837131304264,"{""0"": {""K"": 0.0, ""B1"": 1912.886848769446, ""A1"": 3440.448979549261, ""A2"": 2739.4395928027307, ""A3"": 2150.251416948658, ""B2"": 3417.8462703885943}}",2.7397,0.0781404490157136,0.1719663166806335,0.7631336833193665,"[0.4450763058826466, 0.5045482589579533, 0.5534973520744925, 0.9955002834343927, 0.7926619192137531, 0.6221792294411627, 0.9889601476818849, 0.21530869823559895, 0.16021203385784455, 0.6125396042730308, 0.04394200796138337, 0.03568027877359614, 0.5148888202713703]",31.0,31.0,28.0,7.7379,7.7379,8.2957,8.2957,0.892,0.892,False,0,2.7468,0.515187,2.4101,0.4450763058826465,1.5791616556368795,plus,False,-2.3084330362704657,-2.1972911222737403,0.1111419139967253,True,True,1.0,False,100.0,15.600000000000136,0.0,False,"[""block_count_per_ring != 7 (missing or extra blocks)""]",,,
3,1-4,206,1-4/r206,random,1611.2080235241992,"{""0"": {""K"": 0.0, ""B1"": 2174.6059355209322, ""A1"": 1776.79058664792, ""A2"": 1717.1945927199508, ""A3"": 855.4115705264553, ""B2"": 40.76015227490025}}",2.7397,0.0583624451624953,0.1719663166806335,0.7631336833193665,"[0.4662060253252891, 0.9171677731928523, 0.6292262544910104, 0.5141176465995139, 0.49687343539350426, 0.24751492202733083, 0.01179402554250586, 0.19240214398531064, 0.6920321208818392, 0.2006067239869952, 0.3695363106022067, 0.0037342420520759534, 0.8300477298017456]",29.0,29.0,86.0,3.2067,3.2067,32.7152,32.7152,0.0934,0.0934,False,0,2.7512,0.833596,2.4101,0.4662060253252891,1.7792959576398664,minus,True,1.931814627943528,2.279849897513741,0.3480352695702131,True,True,1.0,False,100.00000000000004,40.79999999999996,0.0,False,"[""block_count_per_ring != 7 (missing or extra blocks)""]",,,
4,1-4,206,1-4/r206,random,533.8174961483361,"{""0"": {""K"": 0.0, ""B1"": 3042.4279241577437, ""A1"": 1761.8370389052704, ""A2"": 2927.7512514404443, ""A3"": 2210.8625289533707, ""B2"": 2563.560394082578}}",2.7397,0.1007510769333717,0.1719663166806335,0.7631336833193665,"[0.15446108106143985, 0.26759930456378545, 0.8803321539808286, 0.5097908098684232, 0.8471502463658693, 0.6397171669425262, 0.7417709473618571, 0.09149560506304566, 0.5411438213764888, 0.50777223630035, 0.8713393766928806, 0.3612640590141576, 0.5981840672072131]",22.0,22.0,70.0,6.5855,6.5855,70.3505,70.3505,9.0316,9.0316,False,0,2.7479,0.594789,2.4101,0.1544610810614398,1.6109255292733478,plus,False,-2.4701526455881737,-2.439443498707172,0.0307091468810019,True,True,1.0,False,100.0,114.6,0.0,False,"[""block_count_per_ring != 7 (missing or extra blocks)""]",,,
5,1-4,206,1-4/r206,random,204.7736759460605,"{""0"": {""K"": 0.0, ""B1"": 1116.4136126683622, ""A1"": 519.0902636674816, ""A2"": 2821.2644867987256, ""A3"": 1311.3659688778798, ""B2"": 3382.552688525182}}",2.7397,0.1581267276821824,0.1719663166806335,0.7631336833193665,"[0.05925164234550362, 0.3876318011107287, 0.32303634625820665, 0.15019972907045187, 0.8163381038190757, 0.37944617155031246, 0.9787478844112216, 0.5899916930106103, 0.6050562538298513, 0.6379965807883322, 0.6764502438127883, 0.1507880191683687, 0.44031346718818754]",59.0,59.0,77.0,8.018,8.018,55.7338,55.7338,3.7697,3.7697,False,0,2.7458,0.442821,2.4101,0.0592516423455036,1.6001713874068244,plus,False,0.3589848801473625,0.4476037624639807,0.0886188823166181,True,True,1.0,False,100.0,73.5,0.0,False,"[""block_count_per_ring != 7 (missing or extra blocks)""]",,,
6,1-4,206,1-4/r206,random,827.9330520828327,"{""0"": {""K"": 0.0, ""B1"": 334.2093486281128, ""A1"": 3344.813744424727, ""A2"": 743.0539531019214, ""A3"": 2321.620401984601, ""B2"": 1038.251801591667}}",2.7397,0.0565354719299418,0.1719663166806335,0.7631336833193665,"[0.23956396182952333, 0.40249829810398163, 0.09670409393174562, 0.9678280510488214, 0.21500403735588003, 0.6717651626112849, 0.3004200814790703, 0.8740770261495044, 0.6622147383384538, 0.13161581580830573, 0.8450743208745529, 0.9449481711449795, 0.9039167881959268]",81.0,81.0,83.0,2.4478,2.4478,68.3806,68.3806,23.6237,23.6237,False,0,2.7522,0.905961,2.4101,0.2395639618295233,1.6290221587531393,plus,False,1.873953289442704,1.1811818016022744,0.6927714878404292,True,True,1.0,False,100.0,111.19999999999992,0.0,False,"[""block_count_per_ring != 7 (missing or extra blocks)""]",,,
7,1-4,206,1-4/r206,random,1968.9493750016625,"{""0"": {""K"": 0.0, ""B1"": 665.1538386105567, ""A1"": 3206.842046477076, ""A2"": 1908.8403413780636, ""A3"": 623.9894346394386, ""B2"": 3055.300626343}}",2.7397,0.1275827122515548,0.1719663166806335,0.7631336833193665,"[0.5697191478592772, 0.1454599537609269, 0.19246349496833237, 0.9279056847445244, 0.5523264876672638, 0.18055249844891164, 0.8840568941964699, 0.6415717052224807, 0.5696942744738079, 0.3762878361299201, 0.41095528215712984, 0.23948921268184487, 0.03805728669123909]",63.0,63.0,73.0,5.1392,5.1392,35.8216,35.8216,5.9872,5.9872,False,0,2.7402,0.037573,2.4101,0.5697191478592772,1.6407655329791455,minus,True,0.1148722039047457,0.8902847249625917,0.775412521057846,True,True,1.0,False,100.0,41.19999999999982,0.0,False,"[""block_count_per_ring != 7 (missing or extra blocks)""]",,,
8,1-4,206,1-4/r206,random,3028.2122008256406,"{""0"": {""K"": 0.0, ""B1"": 1892.627248482669, ""A1"": 1113.396398600458, ""A2"": 2596.5789230186306, ""A3"": 87.08038549088381, ""B2"": 1286.272301985345}}",2.7397,0.0878547991219629,0.1719663166806335,0.7631336833193665,"[0.876218808109271, 0.4677302168140961, 0.5476351992137353, 0.3221633097802251, 0.7513249198549279, 0.025196870801760363, 0.37218527256520395, 0.03035029438411163, 0.12289210220500935, 0.9671482353973677, 0.6577607300385144, 0.4282202463894813, 0.5237401079104803]",17.0,17.0,24.0,11.6386,11.6386,54.3321,54.3321,10.7055,10.7055,False,0,2.7469,0.522423,2.4101,0.876218808109271,1.7335807277825284,plus,False,2.129746325874196,2.2258230955702403,0.0960767696960442,True,True,1.0,False,100.0,87.10000000000036,0.0,False,"[""block_count_per_ring != 7 (missing or extra blocks)""]",,,
9,1-4,206,1-4/r206,random,3016.42862479986,"{""0"": {""K"": 0.0, ""B1"": 2040.0456347932538, ""A1"": 2362.8131942614627, ""A2"": 1228.3100133932578, ""A3"": 1794.0043693301418, ""B2"": 2644.694956610574}}",2.7397,0.0575780490439667,0.1719663166806335,0.7631336833193665,"[0.8728092085647744, 0.3442106669960262, 0.5902909822897147, 0.6836843733395437, 0.35541377702351207, 0.5190984864959901, 0.7652473832785226, 0.9091793139905502, 0.1510622780768155, 0.9334193923074285, 0.005178865815432143, 0.752977503597754, 0.8105268303172452]",83.0,83.0,27.0,11.2676,11.2676,5.3884,5.3884,18.8244,18.8244,False,0,2.7509,0.811886,2.4101,0.8728092085647744,1.5838372349525842,plus,False,-1.318587833320925,-1.786393105228956,0.4678052719080305,True,True,1.0,False,100.0,246.0999999999999,0.0,False,"[""block_count_per_ring != 7 (missing or extra blocks)""]",,,
10,1-4,206,1-4/r206,random,472.65656213116176,"{""0"": {""K"": 0.0, ""B1"": 2817.5256967508776, ""A1"": 49.32123155001426, ""A2"": 2171.964491825901, ""A3"": 2740.689762386806, ""B2"": 1772.9403822335526}}",2.7397,0.1074527816670622,0.1719663166806335,0.7631336833193665,"[0.13676405154258153, 0.41890365091318515, 0.8152562779950456, 0.014271189684610608, 0.6284619478662907, 0.7930236580980341, 0.5130035828222085, 0.7258494205510871, 0.22642348269714407, 0.19852114799267284, 0.3631269505503516, 0.17940602756714652, 0.34606143911247844]",69.0,69.0,35.0,3.1837,3.1837,32.2345,32.2345,4.4852,4.4852,False,0,2.7445,0.348746,2.4101,0.1367640515425815,1.655634448192509,plus,False,1.1037114023698984,1.2476668990926396,0.1439554967227412,True,True,1.0,False,100.0,49.30000000000001,0.0,False,"[""block_count_per_ring != 7 (missing or extra blocks)""]",,,
11,1-4,206,1-4/r206,random,3276.716756235776,"{""0"": {""K"": 0.0, ""B1"": 1175.2752410064224, ""A1"": 938.389086059162, ""A2"": 3290.248479885197, ""A3"": 1536.1166925404234, ""B2"": 3388.244259043317}}",2.7397,0.1519350479681407,0.1719663166806335,0.7631336833193665,"[0.9481240614108147, 0.5733327176111209, 0.34006806742083984, 0.2715246198087853, 0.9520394907075223, 0.44447820964711326, 0.9803947508805895, 0.515522669106271, 0.521166129026224, 0.8965405237160008, 0.7427674182150396, 0.5806528638528226, 0.4266495038362583]",54.0,54.0,67.0,10.8619,10.8619,60.7076,60.7076,14.5163,14.5163,False,0,2.7456,0.428348,2.4101,0.9481240614108148,1.5836419726509166,plus,False,-0.9603178794885252,-0.7963028337762139,0.1640150457123113,True,True,1.0,False,100.0,67.69999999999982,0.0,False,"[""block_count_per_ring != 7 (missing or extra blocks)""]",,,
12,1-4,206,1-4/r206,random,3035.017242149577,"{""0"": {""K"": 0.0, ""B1"": 3189.0570952382236, ""A1"": 237.48025693315344, ""A2"": 1486.0691547304195, ""A3"": 1795.4432174978806, ""B2"": 3286.442403930873}}",2.7397,0.206719291699049,0.206719291699049,0.728380708300951,"[0.8781878594182805, 0.4116461499068884, 0.9227595761684675, 0.06871535212186153, 0.42999686190116304, 0.519514819877859, 0.9509381955818498, 0.25099924666475815, 0.8060391472621088, 0.6764711999985934, 0.717085904281123, 0.6296221828402035, 0.97156070846158]",34.0,34.0,99.0,8.4412,8.4412,58.7814,58.7814,15.7406,15.7406,False,0,2.7531,0.97109,2.4101,0.8781878594182805,1.4178998762571424,plus,False,0.3746853469774316,0.3291374953195967,0.0455478516578349,True,True,1.0,False,100.0,97.40000000000008,0.0,False,"[""block_count_per_ring != 7 (missing or extra blocks)""]",,,
13,1-4,206,1-4/r206,random,1149.7471230343388,"{""0"": {""K"": 0.0, ""B1"": 701.263015649912, ""A1"": 175.2332150209669, ""A2"": 735.8107218347723, ""A3"": 3163.844956460227, ""B2"": 2903.6234320993944}}",2.7397,0.1047846035842894,0.206719291699049,0.728380708300951,"[0.33268145921132486, 0.39827555967937056, 0.2029117522135162, 0.05070405527227051, 0.2129081949753392, 0.9154643971239083, 0.8401688171583896, 0.11240574149257898, 0.6037790253168653, 0.4791964948896248, 0.5946848704882786, 0.6592750066090632, 0.3066594908888719]",23.0,23.0,76.0,6.2712,6.2712,49.6014,49.6014,16.4819,16.4819,False,0,2.7439,0.305326,2.4101,0.3326814592113248,1.555993565137454,plus,False,1.0683057101316629,0.9639182221632472,0.1043874879684156,True,True,1.0,False,100.0,34.59999999999991,0.0,False,"[""block_count_per_ring != 7 (missing or extra blocks)""]",,,
14,1-4,206,1-4/r206,random,3322.428519409196,"{""0"": {""K"": 0.0, ""B1"": 2170.716554413118, ""A1"": 2195.341691557409, ""A2"": 635.5217543374927, ""A3"": 213.80688514842905, ""B2"": 1422.2021420090014}}",2.7397,0.0742938817916763,0.206719291699049,0.728380708300951,"[0.9613508447364569, 0.4658400350611249, 0.6281008548649069, 0.6352261838997132, 0.18388939650969116, 0.06186541815637414, 0.4115168234979749, 0.7640300884384686, 0.8152217882917717, 0.729989249002065, 0.113204952525223, 0.9133548615310455, 0.8020365779972838]",72.0,72.0,100.0,9.0299,9.0299,13.4904,13.4904,22.8339,22.8339,False,0,2.7508,0.804649,2.4101,0.961350844736457,1.5820690096617689,plus,False,1.5099406150887953,0.914120931057472,0.5958196840313232,True,True,1.0,False,100.0,24.700000000000276,0.0,False,"[""block_count_per_ring != 7 (missing or extra blocks)""]",,,
15,1-4,206,1-4/r206,random,3033.301363140788,"{""0"": {""K"": 0.0, ""B1"": 3164.4360637081313, ""A1"": 161.23013436863408, ""A2"": 104.67821006761643, ""A3"": 69.8650215188436, ""B2"": 873.5685510036893}}",2.7397,0.2714963146413305,0.2714963146413305,0.6636036853586695,"[0.8776913666495335, 0.5233041529751773, 0.9156354351007324, 0.04665223795388718, 0.030288833931601977, 0.020215573356146876, 0.2527686779524564, 0.24856977320898288, 0.18750333435596656, 0.5670558183853956, 0.038985841033045365, 0.5903878678348518, 0.16601115304721703]",34.0,34.0,31.0,7.2376,7.2376,7.9239,7.9239,14.7597,14.7597,False,0,2.742,0.167831,2.4101,0.8776913666495335,1.618837870394788,plus,False,1.032264448964045,0.1938017892892327,0.8384626596748119,True,True,1.0,False,100.0,34.80000000000018,0.0,False,"[""block_count_per_ring != 7 (missing or extra blocks)""]",,,
16,1-4,206,1-4/r206,random,2342.731536808621,"{""0"": {""K"": 0.0, ""B1"": 1073.3306010158415, ""A1"": 3242.9074874041057, ""A2"": 1860.6978888557576, ""A3"": 2804.846063892771, ""B2"": 2274.1381380501243}}",2.7397,0.0881262928301317,0.2714963146413305,0.6636036853586695,"[0.6778737085673094, 0.02107535444389108, 0.3105701970531949, 0.9383412868646139, 0.5383963798772446, 0.8115874027467508, 0.6580260816117258, 0.6107507856135262, 0.19125268008489738, 0.574394748257806, 0.039686418459000006, 0.8016644050918733, 0.9600709170261761]",61.0,61.0,31.0,7.3183,7.3183,7.9765,7.9765,20.0416,20.0416,False,0,2.7529,0.956617,2.4101,0.6778737085673094,1.706765384548771,minus,True,-1.5300948789996456,-1.2221371421469844,0.3079577368526611,True,True,1.0,False,100.0,213.0999999999999,0.0,False,"[""block_count_per_ring != 7 (missing or extra blocks)""]",,,
17,1-4,206,1-4/r206,random,2951.455350557417,"{""0"": {""K"": 0.0, ""B1"": 1170.409248162035, ""A1"": 1099.0190518120476, ""A2"": 389.54992339423865, ""A3"": 2165.5704475979865, ""B2"": 2756.015454066048}}",2.7397,0.054546569696964,0.2714963146413305,0.6636036853586695,"[0.8540090713418452, 0.0507096459660612, 0.33866008338021847, 0.31800319786228226, 0.11271699172286997, 0.626611819328121, 0.7974581753663333, 0.3137214720022439, 0.8628092349187347, 0.7971269128461297, 0.12913794147432478, 0.7668591567381553, 0.8826207199019183]",39.0,39.0,105.0,9.7684,9.7684,14.6853,14.6853,19.1715,19.1715,False,0,2.7519,0.884252,2.4101,0.8540090713418452,1.610997676967973,minus,True,1.2640916605266626,1.6084551542606234,0.3443634937339608,True,True,1.0,False,100.0,71.39999999999998,0.0,False,"[""block_count_per_ring != 7 (missing or extra blocks)""]",,,
18,1-4,206,1-4/r206,random,681.808561338516,"{""0"": {""K"": 0.0, ""B1"": 2207.5198825723874, ""A1"": 2105.859193894425, ""A2"": 332.62506188251825, ""A3"": 2285.0776892676645, ""B2"": 2184.0355284924162}}",2.7397,0.0577315569279472,0.2714963146413305,0.6636036853586695,"[0.19728256983174652, 0.5736411794985231, 0.6387499660221029, 0.6093342574925998, 0.09624567762804348, 0.6611914610149492, 0.6319547246795186, 0.8238854890020143, 0.8035126991303283, 0.32716820793265566, 0.7220473329265539, 0.867273387572356, 0.8929477581907895]",77.0,77.0,98.0,4.5989,4.5989,59.1535,59.1535,21.6818,21.6818,False,0,2.752,0.891488,2.4101,0.1972825698317465,1.7325427239987723,plus,False,-0.0543847771623223,-0.0269955226603564,0.0273892545019659,True,True,1.0,False,100.0,23.5,0.0,False,"[""block_count_per_ring != 7 (missing or extra blocks)""]",,,
19,1-4,206,1-4/r206,random,558.1866019288294,"{""0"": {""K"": 0.0, ""B1"": 2249.190524467222, ""A1"": 741.9211986024461, ""A2"": 1948.1808070669913, ""A3"": 3265.2444550124424, ""B2"": 1310.928621416874}}",2.7397,0.2440290288694259,0.2714963146413305,0.6636036853586695,"[0.16151232694699924, 0.026702350086284632, 0.6508074434222286, 0.21467627274376333, 0.5637097242670692, 0.9448045298068409, 0.3793196242525677, 0.25277455038430674, 0.4565100499618694, 0.6572439132707336, 0.10109896785465877, 0.3805847635005427, 0.1337211888385227]",34.0,34.0,60.0,8.2297,8.2297,12.5824,12.5824,9.5146,9.5146,False,0,2.7415,0.131649,2.4101,0.1615123269469992,1.7638946300465357,minus,True,0.0181983577830668,0.4838551071570206,0.4656567493739537,True,True,1.0,False,100.0,190.80000000000007,0.0,False,"[""block_count_per_ring != 7 (missing or extra blocks)""]",,,
20,1-4,206,1-4/r206,random,2289.414141898861,"{""0"": {""K"": 0.0, ""B1"": 1302.4066685487521, ""A1"": 1284.6779807883895, ""A2"": 1864.5868533223338, ""A3"": 743.2396864292514, ""B2"": 855.0475486275602}}",2.7397,0.145034749627174,0.2714963146413305,0.6636036853586695,"[0.6624462216142538, 0.8305525322631839, 0.37685378140878245, 0.3717239527744183, 0.5395216589474345, 0.21505777963809358, 0.2474095916167709, 0.3298522832824141, 0.45742569813821743, 0.08153146030257341, 0.7527321363670056, 0.5790545744292542, 0.2996938728905012]",40.0,40.0,60.0,1.8968,1.8968,61.4549,61.4549,14.4764,14.4764,False,0,2.7438,0.29809,2.4101,0.6624462216142538,1.5193781600253418,plus,False,-0.4759962746187225,-0.3898403728668785,0.086155901751844,True,True,1.0,False,100.0,17.700000000000017,0.0,False,"[""block_count_per_ring != 7 (missing or extra blocks)""]",,,
21,1-4,206,1-4/r206,random,268.0009540450657,"{""0"": {""K"": 0.0, ""B1"": 453.0089835348043, ""A1"": 460.3621559604881, ""A2"": 451.64475350994815, ""A3"": 280.84254721686307, ""B2"": 3132.492014823288}}",2.7397,0.0831997435075344,0.2714963146413305,0.6636036853586695,"[0.07754657235100282, 0.7631809514014812, 0.1310789882913207, 0.13320664234967827, 0.13068424580727667, 0.08126231111599047, 0.906392365400257, 0.2692442996733905, 0.3064105792068602, 0.8327943100020676, 0.6199234597118014, 0.18714338654071883, 0.4348134123765889]",35.0,35.0,44.0,10.1607,10.1607,51.4943,51.4943,4.6786,4.6786,False,0,2.7457,0.435584,2.4101,0.0775465723510028,1.3354328346252025,plus,False,0.2966678631952555,0.1842035041688423,0.1124643590264131,True,True,1.0,False,100.0,1.3999999999999773,0.0,False,"[""block_count_per_ring != 7 (missing or extra blocks)""]",,,
22,1-4,206,1-4/r206,random,3054.836038079739,"{""0"": {""K"": 0.0, ""B1"": 2456.8066478472206, ""A1"": 334.5674417388336, ""A2"": 2513.6344284084075, ""A3"": 2683.492499169492, ""B2"": 2853.84999756257}}",2.7397,0.1331268667550949,0.2714963146413305,0.6636036853586695,"[0.8839224647221466, 0.3753740170194637, 0.7108815531965337, 0.09680770883646805, 0.7273247767385439, 0.7764735240652465, 0.8257667817021326, 0.6742009904352112, 0.37073279482625254, 0.06421200016610362, 0.5187762340602949, 0.7574599063822021, 0.19083820348967717]",66.0,66.0,51.0,1.7063,1.7063,43.9082,43.9082,18.9365,18.9365,False,0,2.7423,0.189541,2.4101,0.8839224647221466,1.444014977149734,plus,False,0.7368682869614015,0.479613968581891,0.2572543183795105,True,True,1.0,False,100.0,56.90000000000009,0.0,False,"[""block_count_per_ring != 7 (missing or extra blocks)""]",,,
23,1-4,206,1-4/r206,random,920.115855174333,"{""0"": {""K"": 0.0, ""B1"": 2586.233881375209, ""A1"": 3098.6037415037245, ""A2"": 434.5626845980887, ""A3"": 636.8378556666122, ""B2"": 2763.1997731174215}}",2.7397,0.1681747093302934,0.2714963146413305,0.6636036853586695,"[0.2662372266129436, 0.5361200423793722, 0.7483315628979192, 0.8965867307591795, 0.12574151753416918, 0.18427021286649659, 0.7995369713881428, 0.6445216230234747, 0.7209727918099774, 0.9967711650313137, 0.9391799586908811, 0.8430250668415862, 0.777115809053182]",63.0,63.0,89.0,11.9645,11.9645,75.4385,75.4385,21.0756,21.0756,False,0,2.7504,0.775703,2.4101,0.2662372266129436,1.505492109182922,plus,False,0.8276078278774752,0.741752693751544,0.0858551341259312,True,True,1.0,False,100.0,177.0,0.0,False,"[""block_count_per_ring != 7 (missing or extra blocks)""]",,,
24,1-4,206,1-4/r206,perturb_ambiguous_lines,3033.301363140788,"{""0"": {""K"": 0.0, ""B1"": 3164.4360637081313, ""A1"": 161.23013436863408, ""A2"": 104.67821006761643, ""A3"": 69.8650215188436, ""B2"": 873.5685510036893}}",2.7397,0.2714963146413305,0.2714963146413305,0.6636036853586695,"[0.8776913666495335, 0.0, 0.9156354351007324, 0.04665223795388718, 0.030288833931601977, 0.020215573356146876, 0.2527686779524564, 0.24856977320898288, 0.18750333435596656, 0.8550008852666869, 0.9766480174617239, 0.5903878678348518, 0.16601115304721703]",34.0,34.0,31.0,10.405,10.405,78.2486,78.2486,14.7597,14.7597,False,0,2.742,0.167831,2.4101,0.8776913666495335,1.618837870394788,plus,False,1.032264448964045,0.1938017892892327,0.8384626596748119,True,True,1.0,False,100.0,34.80000000000018,0.0,False,"[""block_count_per_ring != 7 (missing or extra blocks)""]",,,
25,1-4,206,1-4/r206,perturb_wrong_k,3456.0,"{""0"": {""K"": 0.0, ""B1"": 3164.4360637081313, ""A1"": 161.23013436863408, ""A2"": 104.67821006761643, ""A3"": 69.8650215188436, ""B2"": 873.5685510036893}}",2.7397,0.1933295373451866,0.2714963146413305,0.6636036853586695,"[1.0, 0.0, 0.9156354351007324, 0.04665223795388718, 0.030288833931601977, 0.020215573356146876, 0.2527686779524564, 0.24856977320898288, 0.18750333435596656, 0.5670558183853956, 0.038985841033045365, 0.5903878678348518, 0.16601115304721703]",34.0,34.0,31.0,7.2376,7.2376,7.9239,7.9239,14.7597,14.7597,False,0,2.742,0.167831,2.4101,0.0,1.618837870394788,plus,False,2.032264448964044,1.1938017892892314,0.8384626596748124,True,True,1.0,False,100.00000000000004,34.8,0.0,False,"[""block_count_per_ring != 7 (missing or extra blocks)""]",,,
26,1-4,206,1-4/r206,perturb_guardrail_smoke,69.12,"{""0"": {""K"": 0.0, ""B1"": 1611.289805851676, ""A1"": 1352.4877888300086, ""A2"": 1997.9550332826211, ""A3"": 2239.089376750555, ""B2"": 1363.0341126365086}}",2.7397,0.2088130391513961,0.2714963146413305,0.6636036853586695,"[0.02, 0.0, 0.4662296891931933, 0.39134484630497934, 0.5781119887970547, 0.6478846576245818, 0.3943964446286194, 0.24856977320898288, 0.18750333435596656, 0.5670558183853956, 0.038985841033045365, 0.5903878678348518, 0.16601115304721703]",34.0,34.0,31.0,7.2376,7.2376,7.9239,7.9239,14.7597,14.7597,False,0,2.742,0.167831,2.4101,0.02,1.5815754558662158,plus,False,-1.8146117191027624,-1.7240857850470557,0.0905259340557069,True,True,1.0,False,100.0,10.600000000000136,0.0,False,"[""block_count_per_ring != 7 (missing or extra blocks)""]",,,
27,1-4,206,1-4/r206,perturb_offset_shift,3033.301363140788,"{""0"": {""K"": 0.0, ""B1"": 2902.7026573790217, ""A1"": 376.46522365114566, ""A2"": 318.41715484574877, ""A3"": 253.41612351602492, ""B2"": 827.7826538242368}}",2.7397,0.290034180800457,0.290034180800457,0.645065819199543,"[0.8776913666495335, 0.0, 0.8399023892879114, 0.10893090962128057, 0.09213459341601526, 0.07332642462847944, 0.23952044381488335, 0.24856977320898288, 0.18750333435596656, 0.5670558183853956, 0.038985841033045365, 0.5903878678348518, 0.16601115304721703]",34.0,34.0,31.0,7.2376,7.2376,7.9239,7.9239,14.7597,14.7597,False,0,2.742,0.167831,2.4101,0.8776913666495335,1.6466732090781424,plus,False,1.1063846721533588,0.3697546059724022,0.7366300661809566,True,True,1.0,False,100.0,58.10000000000037,0.0,False,"[""block_count_per_ring != 7 (missing or extra blocks)""]",,,
28,1-4,206,1-4/r206,perturb_small_segment,3033.301363140788,"{""0"": {""K"": 0.0, ""B1"": 241.92000000000002, ""A1"": 864.0, ""A2"": 1486.08, ""A3"": 2108.16, ""B2"": 2730.2400000000002}}",2.7397,0.1860106566820843,0.290034180800457,0.645065819199543,"[0.8776913666495335, 0.0, 0.07, 0.25, 0.43, 0.61, 0.79, 0.24856977320898288, 0.18750333435596656, 0.5670558183853956, 0.038985841033045365, 0.5903878678348518, 0.16601115304721703]",34.0,34.0,31.0,7.2376,7.2376,7.9239,7.9239,14.7597,14.7597,False,0,2.742,0.167831,2.4101,0.8776913666495335,1.748539097947062,plus,False,3.491899909179089,3.2656179424569136,0.2262819667221758,True,True,1.0,False,100.0,241.89999999999964,0.0,False,"[""block_count_per_ring != 7 (missing or extra blocks)""]",,,
29,1-4,206,1-4/r206,perturb_wrong_r_low,3033.301363140788,"{""0"": {""K"": 0.0, ""B1"": 3164.4360637081313, ""A1"": 161.23013436863408, ""A2"": 104.67821006761643, ""A3"": 69.8650215188436, ""B2"": 873.5685510036893}}",2.7397,0.2822395240275678,0.290034180800457,0.645065819199543,"[0.8776913666495335, 0.0, 0.9156354351007324, 0.04665223795388718, 0.030288833931601977, 0.020215573356146876, 0.2527686779524564, 0.24856977320898288, 0.18750333435596656, 0.5670558183853956, 0.038985841033045365, 0.5903878678348518, 0.05]",34.0,34.0,31.0,7.2376,7.2376,7.9239,7.9239,14.7597,14.7597,False,0,2.7404,0.052046,2.4101,0.8776913666495335,1.618837870394788,plus,False,1.032264448964045,0.1938017892892327,0.8384626596748119,True,True,1.0,False,100.0,34.80000000000018,0.0,False,"[""block_count_per_ring != 7 (missing or extra blocks)""]",,,
30,1-4,206,1-4/r206,perturb_weak_hough,3033.301363140788,"{""0"": {""K"": 0.0, ""B1"": 3164.4360637081313, ""A1"": 161.23013436863408, ""A2"": 104.67821006761643, ""A3"": 69.8650215188436, ""B2"": 873.5685510036893}}",2.7397,0.2714963146413305,0.290034180800457,0.645065819199543,"[0.8776913666495335, 0.0, 0.9156354351007324, 0.04665223795388718, 0.030288833931601977, 0.020215573356146876, 0.2527686779524564, 0.9067270493186231, 0.9129656398554912, 0.5670558183853956, 0.038985841033045365, 0.5903878678348518, 0.16601115304721703]",83.0,83.0,110.0,7.2376,7.2376,7.9239,7.9239,14.7597,14.7597,False,0,2.742,0.167831,2.4101,0.8776913666495335,1.618837870394788,plus,False,1.032264448964045,0.1938017892892327,0.8384626596748119,True,True,1.0,False,100.0,34.80000000000018,0.0,False,"[""block_count_per_ring != 7 (missing or extra blocks)""]",,,
31,1-4,206,1-4/r206,perturb_misaligned,3056.730210633474,"{""0"": {""K"": 0.0, ""B1"": 3117.787793674929, ""A1"": 181.1486251439257, ""A2"": 196.59684149209076, ""A3"": 20.70447327574628, ""B2"": 1010.6918510811106}}",2.7397,0.1632936976065196,0.290034180800457,0.645065819199543,"[0.884470547058297, 0.0, 0.9021376717809402, 0.052415690145811836, 0.056885660153961445, 0.005990877683954364, 0.29244555876189543, 0.24856977320898288, 0.18750333435596656, 0.5670558183853956, 0.038985841033045365, 0.5903878678348518, 0.16601115304721703]",34.0,34.0,31.0,7.2376,7.2376,7.9239,7.9239,14.7597,14.7597,False,0,2.742,0.167831,2.4101,0.8844705470582969,1.450071716621073,plus,False,1.1449280731629536,0.3368791247950602,0.8080489483678934,True,True,1.0,False,100.0,15.400000000000093,0.0,False,"[""block_count_per_ring != 7 (missing or extra blocks)""]",,,
32,1-4,206,1-4/r206,perturb_wrong_r_high,3033.301363140788,"{""0"": {""K"": 0.0, ""B1"": 3164.4360637081313, ""A1"": 161.23013436863408, ""A2"": 104.67821006761643, ""A3"": 69.8650215188436, ""B2"": 873.5685510036893}}",2.7397,0.1488403547451668,0.290034180800457,0.645065819199543,"[0.8776913666495335, 0.0, 0.9156354351007324, 0.04665223795388718, 0.030288833931601977, 0.020215573356146876, 0.2527686779524564, 0.24856977320898288, 0.18750333435596656, 0.5670558183853956, 0.038985841033045365, 0.5903878678348518, 0.95]",34.0,34.0,31.0,7.2376,7.2376,7.9239,7.9239,14.7597,14.7597,False,0,2.7528,0.949381,2.4101,0.8776913666495335,1.618837870394788,plus,False,1.032264448964045,0.1938017892892327,0.8384626596748119,True,True,1.0,False,100.0,34.80000000000018,0.0,False,"[""block_count_per_ring != 7 (missing or extra blocks)""]",,,
33,1-4,206,1-4/r206,perturb_wrong_k,2510.414338639386,"{""0"": {""K"": 0.0, ""B1"": 3164.4360637081313, ""A1"": 161.23013436863408, ""A2"": 104.67821006761643, ""A3"": 69.8650215188436, ""B2"": 873.5685510036893}}",2.7397,0.1567941080977444,0.290034180800457,0.645065819199543,"[0.7263930378007483, 0.0, 0.9156354351007324, 0.04665223795388718, 0.030288833931601977, 0.020215573356146876, 0.2527686779524564, 0.24856977320898288, 0.18750333435596656, 0.5670558183853956, 0.038985841033045365, 0.5903878678348518, 0.16601115304721703]",34.0,34.0,31.0,7.2376,7.2376,7.9239,7.9239,14.7597,14.7597,False,0,2.742,0.167831,2.4101,0.7263930378007483,1.618837870394788,plus,False,1.78222880979386,0.9437257116305692,0.8385030981632906,True,True,1.0,False,100.0,34.79999999999973,0.0,False,"[""block_count_per_ring != 7 (missing or extra blocks)""]",,,
34,1-4,206,1-4/r206,perturb_ambiguous_lines,3033.301363140788,"{""0"": {""K"": 0.0, ""B1"": 3164.4360637081313, ""A1"": 161.23013436863408, ""A2"": 104.67821006761643, ""A3"": 69.8650215188436, ""B2"": 873.5685510036893}}",2.7397,0.2714963146413305,0.290034180800457,0.645065819199543,"[0.8776913666495335, 0.0, 0.9156354351007324, 0.04665223795388718, 0.030288833931601977, 0.020215573356146876, 0.2527686779524564, 0.24856977320898288, 0.18750333435596656, 0.8550008852666869, 0.9766480174617239, 0.5903878678348518, 0.16601115304721703]",34.0,34.0,31.0,10.405,10.405,78.2486,78.2486,14.7597,14.7597,False,0,2.742,0.167831,2.4101,0.8776913666495335,1.618837870394788,plus,False,1.032264448964045,0.1938017892892327,0.8384626596748119,True,True,1.0,False,100.0,34.80000000000018,0.0,False,"[""block_count_per_ring != 7 (missing or extra blocks)""]",,,
35,1-4,206,1-4/r206,perturb_wrong_k,3456.0,"{""0"": {""K"": 0.0, ""B1"": 3164.4360637081313, ""A1"": 161.23013436863408, ""A2"": 104.67821006761643, ""A3"": 69.8650215188436, ""B2"": 873.5685510036893}}",2.7397,0.1933295373451866,0.290034180800457,0.645065819199543,"[1.0, 0.0, 0.9156354351007324, 0.04665223795388718, 0.030288833931601977, 0.020215573356146876, 0.2527686779524564, 0.24856977320898288, 0.18750333435596656, 0.5670558183853956, 0.038985841033045365, 0.5903878678348518, 0.16601115304721703]",34.0,34.0,31.0,7.2376,7.2376,7.9239,7.9239,14.7597,14.7597,False,0,2.742,0.167831,2.4101,0.0,1.618837870394788,plus,False,2.032264448964044,1.1938017892892314,0.8384626596748124,True,True,1.0,False,100.00000000000004,34.8,0.0,False,"[""block_count_per_ring != 7 (missing or extra blocks)""]",,,
36,1-4,206,1-4/r206,perturb_guardrail_smoke,69.12,"{""0"": {""K"": 0.0, ""B1"": 1611.289805851676, ""A1"": 1352.4877888300086, ""A2"": 1997.9550332826211, ""A3"": 2239.089376750555, ""B2"": 1363.0341126365086}}",2.7397,0.2088130391513961,0.290034180800457,0.645065819199543,"[0.02, 0.0, 0.4662296891931933, 0.39134484630497934, 0.5781119887970547, 0.6478846576245818, 0.3943964446286194, 0.24856977320898288, 0.18750333435596656, 0.5670558183853956, 0.038985841033045365, 0.5903878678348518, 0.16601115304721703]",34.0,34.0,31.0,7.2376,7.2376,7.9239,7.9239,14.7597,14.7597,False,0,2.742,0.167831,2.4101,0.02,1.5815754558662158,plus,False,-1.8146117191027624,-1.7240857850470557,0.0905259340557069,True,True,1.0,False,100.0,10.600000000000136,0.0,False,"[""block_count_per_ring != 7 (missing or extra blocks)""]",,,
37,1-4,206,1-4/r206,perturb_offset_shift,3033.301363140788,"{""0"": {""K"": 0.0, ""B1"": 2902.7026573790217, ""A1"": 376.46522365114566, ""A2"": 318.41715484574877, ""A3"": 253.41612351602492, ""B2"": 827.7826538242368}}",2.7397,0.290034180800457,0.290034180800457,0.645065819199543,"[0.8776913666495335, 0.0, 0.8399023892879114, 0.10893090962128057, 0.09213459341601526, 0.07332642462847944, 0.23952044381488335, 0.24856977320898288, 0.18750333435596656, 0.5670558183853956, 0.038985841033045365, 0.5903878678348518, 0.16601115304721703]",34.0,34.0,31.0,7.2376,7.2376,7.9239,7.9239,14.7597,14.7597,False,0,2.742,0.167831,2.4101,0.8776913666495335,1.6466732090781424,plus,False,1.1063846721533588,0.3697546059724022,0.7366300661809566,True,True,1.0,False,100.0,58.10000000000037,0.0,False,"[""block_count_per_ring != 7 (missing or extra blocks)""]",,,
38,1-4,206,1-4/r206,perturb_small_segment,3033.301363140788,"{""0"": {""K"": 0.0, ""B1"": 241.92000000000002, ""A1"": 864.0, ""A2"": 1486.08, ""A3"": 2108.16, ""B2"": 2730.2400000000002}}",2.7397,0.1860106566820843,0.290034180800457,0.645065819199543,"[0.8776913666495335, 0.0, 0.07, 0.25, 0.43, 0.61, 0.79, 0.24856977320898288, 0.18750333435596656, 0.5670558183853956, 0.038985841033045365, 0.5903878678348518, 0.16601115304721703]",34.0,34.0,31.0,7.2376,7.2376,7.9239,7.9239,14.7597,14.7597,False,0,2.742,0.167831,2.4101,0.8776913666495335,1.748539097947062,plus,False,3.491899909179089,3.2656179424569136,0.2262819667221758,True,True,1.0,False,100.0,241.89999999999964,0.0,False,"[""block_count_per_ring != 7 (missing or extra blocks)""]",,,
39,1-4,206,1-4/r206,perturb_wrong_r_low,3033.301363140788,"{""0"": {""K"": 0.0, ""B1"": 3164.4360637081313, ""A1"": 161.23013436863408, ""A2"": 104.67821006761643, ""A3"": 69.8650215188436, ""B2"": 873.5685510036893}}",2.7397,0.2822395240275678,0.290034180800457,0.645065819199543,"[0.8776913666495335, 0.0, 0.9156354351007324, 0.04665223795388718, 0.030288833931601977, 0.020215573356146876, 0.2527686779524564, 0.24856977320898288, 0.18750333435596656, 0.5670558183853956, 0.038985841033045365, 0.5903878678348518, 0.05]",34.0,34.0,31.0,7.2376,7.2376,7.9239,7.9239,14.7597,14.7597,False,0,2.7404,0.052046,2.4101,0.8776913666495335,1.618837870394788,plus,False,1.032264448964045,0.1938017892892327,0.8384626596748119,True,True,1.0,False,100.0,34.80000000000018,0.0,False,"[""block_count_per_ring != 7 (missing or extra blocks)""]",,,
40,1-4,206,1-4/r206,perturb_weak_hough,3033.301363140788,"{""0"": {""K"": 0.0, ""B1"": 3164.4360637081313, ""A1"": 161.23013436863408, ""A2"": 104.67821006761643, ""A3"": 69.8650215188436, ""B2"": 873.5685510036893}}",2.7397,0.2714963146413305,0.290034180800457,0.645065819199543,"[0.8776913666495335, 0.0, 0.9156354351007324, 0.04665223795388718, 0.030288833931601977, 0.020215573356146876, 0.2527686779524564, 0.9067270493186231, 0.9129656398554912, 0.5670558183853956, 0.038985841033045365, 0.5903878678348518, 0.16601115304721703]",83.0,83.0,110.0,7.2376,7.2376,7.9239,7.9239,14.7597,14.7597,False,0,2.742,0.167831,2.4101,0.8776913666495335,1.618837870394788,plus,False,1.032264448964045,0.1938017892892327,0.8384626596748119,True,True,1.0,False,100.0,34.80000000000018,0.0,False,"[""block_count_per_ring != 7 (missing or extra blocks)""]",,,
41,1-4,206,1-4/r206,perturb_misaligned,3056.730210633474,"{""0"": {""K"": 0.0, ""B1"": 3117.787793674929, ""A1"": 181.1486251439257, ""A2"": 196.59684149209076, ""A3"": 20.70447327574628, ""B2"": 1010.6918510811106}}",2.7397,0.1632936976065196,0.290034180800457,0.645065819199543,"[0.884470547058297, 0.0, 0.9021376717809402, 0.052415690145811836, 0.056885660153961445, 0.005990877683954364, 0.29244555876189543, 0.24856977320898288, 0.18750333435596656, 0.5670558183853956, 0.038985841033045365, 0.5903878678348518, 0.16601115304721703]",34.0,34.0,31.0,7.2376,7.2376,7.9239,7.9239,14.7597,14.7597,False,0,2.742,0.167831,2.4101,0.8844705470582969,1.450071716621073,plus,False,1.1449280731629536,0.3368791247950602,0.8080489483678934,True,True,1.0,False,100.0,15.400000000000093,0.0,False,"[""block_count_per_ring != 7 (missing or extra blocks)""]",,,
42,1-4,206,1-4/r206,perturb_wrong_r_high,3033.301363140788,"{""0"": {""K"": 0.0, ""B1"": 3164.4360637081313, ""A1"": 161.23013436863408, ""A2"": 104.67821006761643, ""A3"": 69.8650215188436, ""B2"": 873.5685510036893}}",2.7397,0.1488403547451668,0.290034180800457,0.645065819199543,"[0.8776913666495335, 0.0, 0.9156354351007324, 0.04665223795388718, 0.030288833931601977, 0.020215573356146876, 0.2527686779524564, 0.24856977320898288, 0.18750333435596656, 0.5670558183853956, 0.038985841033045365, 0.5903878678348518, 0.95]",34.0,34.0,31.0,7.2376,7.2376,7.9239,7.9239,14.7597,14.7597,False,0,2.7528,0.949381,2.4101,0.8776913666495335,1.618837870394788,plus,False,1.032264448964045,0.1938017892892327,0.8384626596748119,True,True,1.0,False,100.0,34.80000000000018,0.0,False,"[""block_count_per_ring != 7 (missing or extra blocks)""]",,,
43,1-4,206,1-4/r206,perturb_wrong_k,2510.414338639386,"{""0"": {""K"": 0.0, ""B1"": 3164.4360637081313, ""A1"": 161.23013436863408, ""A2"": 104.67821006761643, ""A3"": 69.8650215188436, ""B2"": 873.5685510036893}}",2.7397,0.1567941080977444,0.290034180800457,0.645065819199543,"[0.7263930378007483, 0.0, 0.9156354351007324, 0.04665223795388718, 0.030288833931601977, 0.020215573356146876, 0.2527686779524564, 0.24856977320898288, 0.18750333435596656, 0.5670558183853956, 0.038985841033045365, 0.5903878678348518, 0.16601115304721703]",34.0,34.0,31.0,7.2376,7.2376,7.9239,7.9239,14.7597,14.7597,False,0,2.742,0.167831,2.4101,0.7263930378007483,1.618837870394788,plus,False,1.78222880979386,0.9437257116305692,0.8385030981632906,True,True,1.0,False,100.0,34.79999999999973,0.0,False,"[""block_count_per_ring != 7 (missing or extra blocks)""]",,,
44,1-4,206,1-4/r206,perturb_ambiguous_lines,3033.301363140788,"{""0"": {""K"": 0.0, ""B1"": 3164.4360637081313, ""A1"": 161.23013436863408, ""A2"": 104.67821006761643, ""A3"": 69.8650215188436, ""B2"": 873.5685510036893}}",2.7397,0.2714963146413305,0.290034180800457,0.645065819199543,"[0.8776913666495335, 0.0, 0.9156354351007324, 0.04665223795388718, 0.030288833931601977, 0.020215573356146876, 0.2527686779524564, 0.24856977320898288, 0.18750333435596656, 0.8550008852666869, 0.9766480174617239, 0.5903878678348518, 0.16601115304721703]",34.0,34.0,31.0,10.405,10.405,78.2486,78.2486,14.7597,14.7597,False,0,2.742,0.167831,2.4101,0.8776913666495335,1.618837870394788,plus,False,1.032264448964045,0.1938017892892327,0.8384626596748119,True,True,1.0,False,100.0,34.80000000000018,0.0,False,"[""block_count_per_ring != 7 (missing or extra blocks)""]",,,
45,1-4,206,1-4/r206,perturb_wrong_k,3456.0,"{""0"": {""K"": 0.0, ""B1"": 3164.4360637081313, ""A1"": 161.23013436863408, ""A2"": 104.67821006761643, ""A3"": 69.8650215188436, ""B2"": 873.5685510036893}}",2.7397,0.1933295373451866,0.290034180800457,0.645065819199543,"[1.0, 0.0, 0.9156354351007324, 0.04665223795388718, 0.030288833931601977, 0.020215573356146876, 0.2527686779524564, 0.24856977320898288, 0.18750333435596656, 0.5670558183853956, 0.038985841033045365, 0.5903878678348518, 0.16601115304721703]",34.0,34.0,31.0,7.2376,7.2376,7.9239,7.9239,14.7597,14.7597,False,0,2.742,0.167831,2.4101,0.0,1.618837870394788,plus,False,2.032264448964044,1.1938017892892314,0.8384626596748124,True,True,1.0,False,100.00000000000004,34.8,0.0,False,"[""block_count_per_ring != 7 (missing or extra blocks)""]",,,
46,1-4,206,1-4/r206,perturb_guardrail_smoke,69.12,"{""0"": {""K"": 0.0, ""B1"": 1611.289805851676, ""A1"": 1352.4877888300086, ""A2"": 1997.9550332826211, ""A3"": 2239.089376750555, ""B2"": 1363.0341126365086}}",2.7397,0.2088130391513961,0.290034180800457,0.645065819199543,"[0.02, 0.0, 0.4662296891931933, 0.39134484630497934, 0.5781119887970547, 0.6478846576245818, 0.3943964446286194, 0.24856977320898288, 0.18750333435596656, 0.5670558183853956, 0.038985841033045365, 0.5903878678348518, 0.16601115304721703]",34.0,34.0,31.0,7.2376,7.2376,7.9239,7.9239,14.7597,14.7597,False,0,2.742,0.167831,2.4101,0.02,1.5815754558662158,plus,False,-1.8146117191027624,-1.7240857850470557,0.0905259340557069,True,True,1.0,False,100.0,10.600000000000136,0.0,False,"[""block_count_per_ring != 7 (missing or extra blocks)""]",,,
47,1-4,206,1-4/r206,perturb_offset_shift,3033.301363140788,"{""0"": {""K"": 0.0, ""B1"": 2902.7026573790217, ""A1"": 376.46522365114566, ""A2"": 318.41715484574877, ""A3"": 253.41612351602492, ""B2"": 827.7826538242368}}",2.7397,0.290034180800457,0.290034180800457,0.645065819199543,"[0.8776913666495335, 0.0, 0.8399023892879114, 0.10893090962128057, 0.09213459341601526, 0.07332642462847944, 0.23952044381488335, 0.24856977320898288, 0.18750333435596656, 0.5670558183853956, 0.038985841033045365, 0.5903878678348518, 0.16601115304721703]",34.0,34.0,31.0,7.2376,7.2376,7.9239,7.9239,14.7597,14.7597,False,0,2.742,0.167831,2.4101,0.8776913666495335,1.6466732090781424,plus,False,1.1063846721533588,0.3697546059724022,0.7366300661809566,True,True,1.0,False,100.0,58.10000000000037,0.0,False,"[""block_count_per_ring != 7 (missing or extra blocks)""]",,,
48,1-4,206,1-4/r206,bo,3077.1703199405165,"{""0"": {""K"": 0.0, ""B1"": 2372.908849949067, ""A1"": 476.00785184123333, ""A2"": 856.2692244323516, ""A3"": 256.8159198120908, ""B2"": 2028.0174494461075}}",2.7397,0.0980381530457402,0.290034180800457,0.645065819199543,"[0.8903849305383439, 0.6105909216365647, 0.6866055700084106, 0.1377337534262828, 0.2477630857732499, 0.07431016198266516, 0.5868106045851006, 0.567574083306924, 0.3359185515215949, 0.7804082508281988, 0.12740861016298455, 0.742669278708214, 0.2053336303209241]",58.0,58.0,47.0,9.5845,9.5845,14.5556,14.5556,18.5667,18.5667,False,0,2.7425,0.204014,2.4101,0.8903849305383439,1.673722846757964,minus,True,1.2703417215324682,1.8999625230179027,0.6296208014854345,True,True,1.0,False,100.0,219.19999999999985,0.0,False,"[""block_count_per_ring != 7 (missing or extra blocks)""]",0.2145572958458698,0.0657310417378922,0.0029900331093715
49,1-4,206,1-4/r206,bo,3091.814856123264,"{""0"": {""K"": 0.0, ""B1"": 1045.152801371021, ""A1"": 1627.7359315401122, ""A2"": 474.75531992888284, ""A3"": 61.77848263532168, ""B2"": 793.4461783412695}}",2.7397,0.1637395346142699,0.290034180800457,0.645065819199543,"[0.8946223542023333, 0.7211676407711307, 0.30241689854485565, 0.4709884061169306, 0.13737133099794063, 0.0178757183551278, 0.22958512104782103, 0.6174862219212479, 0.46637403301073266, 0.19929794881604967, 0.36838945956671487, 0.32943721840099016, 0.021763783628363842]",61.0,61.0,61.0,3.1923,3.1923,32.6292,32.6292,8.2359,8.2359,False,0,2.74,0.0231,2.4101,0.8946223542023333,1.6232665605887906,plus,False,1.214414514085614,1.4057380312920258,0.1913235172064118,True,True,1.0,False,100.0,61.79999999999973,0.0,False,"[""block_count_per_ring != 7 (missing or extra blocks)""]",0.2997010329193921,0.0161729216666653,0.0062868571425258
50,1-4,206,1-4/r206,bo,3126.277321146086,"{""0"": {""K"": 0.0, ""B1"": 1683.4230803923647, ""A1"": 1730.9790768005266, ""A2"": 2035.1525995040138, ""A3"": 526.7114562952195, ""B2"": 747.0892027145175}}",2.7397,0.1339214848509155,0.290034180800457,0.645065819199543,"[0.9045941322760666, 0.20919337173778907, 0.4871015857616796, 0.5008620013890412, 0.5888751734675965, 0.1524049352706075, 0.21617164430396918, 0.9431575994891266, 0.6802739574908623, 0.7066721911533117, 0.8945339365370648, 0.23831922867535682, 0.015009807054170432]",86.0,86.0,85.0,8.7734,8.7734,72.09,72.09,5.958,5.958,False,0,2.7399,0.015864,2.4101,0.9045941322760664,1.349583565731047,plus,False,0.9347608128310168,0.2988506088581405,0.6359102039728762,True,True,1.0,False,100.0,47.59999999999991,0.0,False,"[""block_count_per_ring != 7 (missing or extra blocks)""]",0.3059946302525611,0.0279706623306375,0.0143913085418265
51,1-4,206,1-4/r206,bo,3033.1970260190965,"{""0"": {""K"": 0.0, ""B1"": 699.0523652733336, ""A1"": 2857.106515745512, ""A2"": 762.1455190070157, ""A3"": 1926.235364010019, ""B2"": 572.2464329517977}}",2.7397,0.1605590326910409,0.290034180800457,0.645065819199543,"[0.8776611765101553, 0.7768204257656617, 0.20227209643325628, 0.8267090612689559, 0.22052821730527072, 0.557359769678825, 0.16558056509021923, 0.9964800853207251, 0.4302904693646913, 0.5069824258274451, 0.10584036398022267, 0.4689935958391882, 0.24511236773600575]",90.0,90.0,57.0,6.5768,6.5768,12.938,12.938,11.7248,11.7248,False,0,2.7431,0.247434,2.4101,0.8776611765101552,1.7000423070245687,plus,False,0.1926747856319181,0.1384641419914371,0.054210643640481,True,True,1.0,False,100.00000000000004,63.10000000000002,0.0,False,"[""block_count_per_ring != 7 (missing or extra blocks)""]",0.217592326668984,0.059430579476842,0.0022413951207954
52,1-4,206,1-4/r206,bo,2816.4735163757323,"{""0"": {""K"": 0.0, ""B1"": 1922.2551527246278, ""A1"": 1225.3093615757994, ""A2"": 539.5019198351109, ""A3"": 2314.293495191927, ""B2"": 793.9884101391423}}",2.7397,0.1652248084903958,0.290034180800457,0.645065819199543,"[0.8149518276550152, 0.2636434947208699, 0.5562080881726353, 0.3545455328633679, 0.15610587958191868, 0.6696451085624788, 0.22974201682266848, 0.8845387769968671, 0.5602893243987596, 0.9875970469404871, 0.9161809939331989, 0.043916715394085926, 0.7759143399928118]",81.0,81.0,72.0,11.8636,11.8636,73.7136,73.7136,1.0979,1.0979,False,0,2.7504,0.775703,2.4101,0.8149518276550152,1.7741293302796466,plus,False,0.4917632949946888,0.4458173898221556,0.0459459051725332,True,True,1.0,False,100.0,254.5,0.0,False,"[""block_count_per_ring != 7 (missing or extra blocks)""]",0.2090164360781143,0.0632644015146698,0.0021290914084992
53,1-4,206,1-4/r206,bo,2980.560351813881,"{""0"": {""K"": 0.0, ""B1"": 1119.2559741464145, ""A1"": 2983.996876628853, ""A2"": 1135.6186101138385, ""A3"": 19.877572436134656, ""B2"": 3366.32029557548}}",2.7397,0.0828210343487899,0.290034180800457,0.645065819199543,"[0.8624306573535535, 0.46192242858780075, 0.32385878881551344, 0.8634250221727006, 0.3285933478338653, 0.005751612394714889, 0.9740510114512384, 0.6426011954043523, 0.920442596068765, 0.6741350230073576, 0.7096752115357531, 0.5619945171993599, 0.41291343440316985]",63.0,63.0,111.0,8.4155,8.4155,58.2256,58.2256,14.0499,14.0499,False,0,2.7454,0.413875,2.4101,0.8624306573535535,1.579945288025177,plus,False,0.5325263609365303,0.4963683142836119,0.0361580466529183,True,True,1.0,False,100.0,16.40000000000009,0.0,False,"[""block_count_per_ring != 7 (missing or extra blocks)""]",0.1752959659494569,0.0656853925764473,0.0007279501936686
54,1-4,206,1-4/r206,bo,634.2290839532532,"{""0"": {""K"": 0.0, ""B1"": 218.4931190445584, ""A1"": 1608.2550002979476, ""A2"": 2856.6827795662375, ""A3"": 2314.748023747421, ""B2"": 1296.5098135374958}}",2.7397,0.1607332662249572,0.290034180800457,0.645065819199543,"[0.18351535994017742, 0.15802433813679495, 0.0632213886124301, 0.4653515625862117, 0.8265864524207863, 0.6697766272417306, 0.37514751549117353, 0.6277781390021366, 0.9049946711440553, 0.6519751987821247, 0.1358498762240007, 0.21326902576681706, 0.5905340144723414]",62.0,62.0,110.0,8.1717,8.1717,15.1887,15.1887,5.3317,5.3317,False,0,2.7478,0.587552,2.4101,0.1835153599401774,1.6294645260745628,minus,True,1.9785040027167455,2.900904461535408,0.9224004588186616,True,True,1.0,False,100.00000000000004,218.5,0.0,False,"[""block_count_per_ring != 7 (missing or extra blocks)""]",0.1740202608528241,0.0663373094709707,0.0007340907008479
55,1-4,206,1-4/r206,bo,3075.498612781785,"{""0"": {""K"": 0.0, ""B1"": 1912.063820310429, ""A1"": 1857.1311333093515, ""A2"": 3232.6385824893173, ""A3"": 2321.050855360992, ""B2"": 1343.8431364579565}}",2.7397,0.1735908093104428,0.290034180800457,0.645065819199543,"[0.889901218976211, 0.21933864283163795, 0.5532592072657492, 0.5373643325547892, 0.9353699602110292, 0.6716003632410278, 0.38884350013251057, 0.7308087111626951, 0.81990862959509, 0.8465267615559171, 0.9867786912599209, 0.17648232496436422, 0.932035343113889]",70.0,70.0,100.0,10.3118,10.3118,79.0084,79.0084,4.4121,4.4121,False,0,2.7526,0.934908,2.4101,0.889901218976211,1.754964986153995,plus,False,-1.925761795365435,-2.006684043052859,0.0809222476874242,True,True,1.0,False,100.0,55.0,0.0,False,"[""block_count_per_ring != 7 (missing or extra blocks)""]",0.1699026169389993,0.0655489383768005,0.0005789286459704
56,1-4,206,1-4/r206,bo,2910.1839433951704,"{""0"": {""K"": 0.0, ""B1"": 2459.631024766216, ""A1"": 3307.338264298266, ""A2"": 218.8981785666403, ""A3"": 316.5668072015493, ""B2"": 978.4673136111325}}",2.7397,0.1845975154994039,0.290034180800457,0.645065819199543,"[0.8420671132509174, 0.8420678876093418, 0.7116987918883727, 0.9569844514751927, 0.06333859333525471, 0.09159919189859644, 0.28312132916988786, 0.3728208994237946, 0.42136871068879755, 0.5743654476481628, 0.033914877675545796, 0.585552001578115, 0.05266645823474336]",43.0,43.0,56.0,7.318,7.318,7.5436,7.5436,14.6388,14.6388,False,0,2.7404,0.052046,2.4101,0.8420671132509173,1.433662441868545,plus,False,1.3684498371721163,0.9334724399667014,0.4349773972054152,True,True,1.0,False,100.0,97.70000000000029,0.0,False,"[""block_count_per_ring != 7 (missing or extra blocks)""]",0.1687330110759267,0.0647558134362528,0.0005104207232768
57,1-4,206,1-4/r206,bo,3018.940776782033,"{""0"": {""K"": 0.0, ""B1"": 2966.4900696686764, ""A1"": 3088.32148660588, ""A2"": 2393.127169623471, ""A3"": 440.779508300916, ""B2"": 987.3328038034991}}",2.7397,0.1825568797399783,0.290034180800457,0.645065819199543,"[0.8735361043929494, 0.3055286862283445, 0.8583593951587606, 0.8936115412632756, 0.6924557782475321, 0.12754036698521876, 0.2856865751746236, 0.8484594635426342, 0.9142935150971268, 0.5742382709453926, 0.26572959859599965, 0.9904025709759857, 0.05562489437960216]",79.0,79.0,111.0,7.3166,7.3166,24.9297,24.9297,24.7601,24.7601,False,0,2.7404,0.052046,2.4101,0.8735361043929494,1.5394453658304066,plus,False,1.4880319043732204,0.4069562980576916,1.081075606315529,True,True,1.0,False,100.0,121.90000000000008,0.0,False,"[""block_count_per_ring != 7 (missing or extra blocks)""]",0.1962508369196901,0.0583522922242468,0.0008790260941618
58,1-4,206,1-4/r206,bo,3033.816118075348,"{""0"": {""K"": 0.0, ""B1"": 3272.834902617891, ""A1"": 732.8476867864231, ""A2"": 2980.451068298066, ""A3"": 2341.4516269097544, ""B2"": 759.0290964213527}}",2.7397,0.3082702333225179,0.3082702333225179,0.626829766677482,"[0.8778403119430983, 0.9385347740785804, 0.9470008398778621, 0.21205083529699742, 0.8623990359658755, 0.6775033642678687, 0.21962647465895624, 0.7005855221845694, 0.8652451607286522, 0.708245187601694, 0.5645556307644423, 0.6916269443178062, 0.12692349914601175]",68.0,68.0,105.0,8.7907,8.7907,47.3417,47.3417,17.2907,17.2907,False,0,2.7414,0.124412,2.4101,0.8778403119430983,1.7301450415067363,plus,False,0.3088315721316115,-0.6087346663678694,0.9175662384994808,True,True,1.0,False,100.0,26.100000000000023,0.0,False,"[""block_count_per_ring != 7 (missing or extra blocks)""]",0.2842546660251625,0.0343328648573558,0.0072287664583412
59,1-4,206,1-4/r206,bo,3085.86664833066,"{""0"": {""K"": 0.0, ""B1"": 317.1648932253266, ""A1"": 1456.0926723265477, ""A2"": 2031.5770325412827, ""A3"": 2770.4206510529903, ""B2"": 914.9337757471498}}",2.7397,0.1040749378330698,0.3082702333225179,0.626829766677482,"[0.8929012292623436, 0.4768879612212833, 0.09177224919714311, 0.4213231112055983, 0.58784057654551, 0.8016263457907957, 0.2647377823342447, 0.6096899691370441, 0.6857379510611843, 0.7078490591036389, 0.5868990171919062, 0.3142741608222892, 0.8370907713942841]",61.0,61.0,85.0,8.7863,8.7863,49.0174,49.0174,7.8569,7.8569,False,0,2.7512,0.833596,2.4101,0.8929012292623436,1.5911205472941885,plus,False,2.8675748457896777,3.009955246305473,0.1423804005157958,True,True,1.0,False,100.0,317.0999999999999,0.0,False,"[""block_count_per_ring != 7 (missing or extra blocks)""]",0.1749473070656437,0.0671967278560465,0.0003967345478889
60,1-4,206,1-4/r206,bo,2975.3958174503828,"{""0"": {""K"": 0.0, ""B1"": 2454.937246236241, ""A1"": 1306.4473829679312, ""A2"": 1653.0391304830214, ""A3"": 2691.6925825651165, ""B2"": 431.7475217057861}}",2.7397,0.1249106741839942,0.3082702333225179,0.626829766677482,"[0.8609362897715228, 0.8057267595124604, 0.710340638378542, 0.37802296960877635, 0.4783099335888372, 0.7788462333811101, 0.12492694493801682, 0.8476086201422877, 0.46230470043330285, 0.8582939567772877, 0.965756850830206, 0.44547740350540255, 0.5596844012931161]",79.0,79.0,61.0,10.4412,10.4412,77.4318,77.4318,11.1369,11.1369,False,0,2.7474,0.558606,2.4101,0.8609362897715228,1.6281387142012478,plus,False,1.6168805375666893,0.7460441339501267,0.8708364036165626,True,True,1.0,False,100.0,236.79999999999995,0.0,False,"[""block_count_per_ring != 7 (missing or extra blocks)""]",0.1722162533850624,0.0667957258605995,0.0003391129261004
61,1-4,206,1-4/r206,bo,3395.391993454695,"{""0"": {""K"": 0.0, ""B1"": 186.25370867372243, ""A1"": 254.72723144017783, ""A2"": 1979.101447659003, ""A3"": 412.5832813011459, ""B2"": 979.5183493733953}}",2.7397,0.181559690636739,0.3082702333225179,0.626829766677482,"[0.9824629610690668, 0.6371328973284334, 0.0538928555190169, 0.07370579613431072, 0.5726566688828134, 0.11938173648760009, 0.28342544831406113, 0.002749998089810024, 0.362369685356545, 0.5655993947425344, 0.0406256800246646, 0.9321502689213227, 0.5890255446642491]",15.0,15.0,50.0,7.2216,7.2216,8.0469,8.0469,23.3038,23.3038,False,0,2.7478,0.587552,2.4101,0.9824629610690668,1.4168766262122456,plus,False,1.7846963314810262,1.173535029583795,0.6111613018972313,True,True,1.0,False,100.0,68.5,0.0,False,"[""block_count_per_ring != 7 (missing or extra blocks)""]",0.1726581503523967,0.0653142854709502,0.0002934681962537
62,1-4,206,1-4/r206,bo,2981.6006510666225,"{""0"": {""K"": 0.0, ""B1"": 2691.359980421689, ""A1"": 2086.084695346766, ""A2"": 77.53059949014227, ""A3"": 1776.0026531468834, ""B2"": 683.8412925593791}}",2.7397,0.0779160931285822,0.3082702333225179,0.626829766677482,"[0.8627316698688143, 0.7682886222259921, 0.7787499943349795, 0.6036124697183929, 0.022433622537656905, 0.5138896565818528, 0.19787074437482033, 0.6100181232905609, 0.5832896170271689, 0.7204019291196545, 0.5823973802340786, 0.32147603781480383, 0.4851017787637203]",61.0,61.0,74.0,8.9244,8.9244,48.6798,48.6798,8.0369,8.0369,False,0,2.7464,0.48624,2.4101,0.8627316698688143,1.7622528244625442,plus,False,2.774176157298061,2.43223088811922,0.3419452691788418,True,True,1.0,False,100.0,77.5,0.0,False,"[""block_count_per_ring != 7 (missing or extra blocks)""]",0.1748206023219938,0.0653468137436529,0.0003237339429489
63,1-4,206,1-4/r206,bo,3033.281794411175,"{""0"": {""K"": 0.0, ""B1"": 1892.528666436772, ""A1"": 499.78381647971906, ""A2"": 1453.7986308426712, ""A3"": 1669.851254162409, ""B2"": 71.80856023795371}}",2.7397,0.1555807783929262,0.3082702333225179,0.626829766677482,"[0.8776857044013816, 0.01666981131741463, 0.5476066743161956, 0.14461337282399278, 0.4206593260540137, 0.4831745527090304, 0.020777939883667162, 0.6698693371782579, 0.1709227802090515, 0.5564449485107226, 0.03642835434461067, 0.747356477618417, 0.038345735716981744]",65.0,65.0,29.0,7.1209,7.1209,7.7321,7.7321,18.6839,18.6839,False,0,2.7402,0.037573,2.4101,0.8776857044013816,1.605469687763289,minus,True,1.413095759349277,2.1417028316363917,0.7286070722871143,True,True,1.0,False,100.0,71.79999999999973,0.0,False,"[""block_count_per_ring != 7 (missing or extra blocks)""]",0.1682213667307192,0.0671797402374092,0.0002982856177492
64,1-4,206,1-4/r206,bo,134.50144908483549,"{""0"": {""K"": 0.0, ""B1"": 1640.55759053877, ""A1"": 548.7272832706319, ""A2"": 498.9729269244865, ""A3"": 659.410512921672, ""B2"": 1214.0313317492369}}",2.7397,0.0621589595099528,0.3082702333225179,0.626829766677482,"[0.03891824336945471, 0.019076952941511682, 0.4746983768920052, 0.15877525557599304, 0.1443787404295389, 0.19080165304446528, 0.35128221404781157, 0.040233797154168194, 0.03867703797200195, 0.6149388918075502, 0.015040095297215172, 0.7070981255468468, 0.7899083832453604]",18.0,18.0,14.0,7.7643,7.7643,6.128,6.128,17.6775,17.6775,False,0,2.7506,0.790176,2.4101,0.0389182433694547,1.5468052216095054,minus,True,0.6260377842918021,1.4235647263012403,0.7975269420094382,True,True,1.0,False,100.0,49.700000000000045,0.0,False,"[""block_count_per_ring != 7 (missing or extra blocks)""]",0.1675758447906033,0.0664105818814496,0.0002660696061093
65,1-4,206,1-4/r206,bo,2949.973460760796,"{""0"": {""K"": 0.0, ""B1"": 660.7585409775943, ""A1"": 207.86094511245824, ""A2"": 2684.4756463590047, ""A3"": 672.6139631909246, ""B2"": 3378.271999570837}}",2.7397,0.1691538354451946,0.3082702333225179,0.626829766677482,"[0.8535802837849524, 0.402058659151294, 0.19119170745879466, 0.06014494939596593, 0.776757999525175, 0.19462209583070733, 0.9775092591350802, 0.8510905302333831, 0.8508846722208776, 0.7056412226703355, 0.6699380983839385, 0.8427810129166112, 0.15014642520992805]",79.0,79.0,104.0,8.7621,8.7621,55.2454,55.2454,21.0695,21.0695,False,0,2.7418,0.153358,2.4101,0.8535802837849524,1.538201375861701,plus,False,0.181885122387917,0.1493952731563895,0.0324898492315274,True,True,1.0,False,100.0,11.900000000000006,0.0,False,"[""block_count_per_ring != 7 (missing or extra blocks)""]",0.165952853397333,0.0669065024229087,0.0002623243127287
66,1-4,206,1-4/r206,bo,634.0326517559402,"{""0"": {""K"": 0.0, ""B1"": 2973.6298593118586, ""A1"": 333.3452283389366, ""A2"": 560.2980627208872, ""A3"": 2200.975731594631, ""B2"": 1717.257652215092}}",2.7397,0.1376997682329048,0.3082702333225179,0.626829766677482,"[0.18345852192012158, 0.0870414420012603, 0.860425306513848, 0.0964540591258497, 0.16212328203729376, 0.6368564038178909, 0.49689168177520027, 0.690862540633023, 0.6687510540276196, 0.6506241379881429, 0.12212538041863075, 0.8096006751150472, 0.21760506630093712]",67.0,67.0,84.0,8.1569,8.1569,14.1594,14.1594,20.24,20.24,False,0,2.7427,0.218487,2.4101,0.1834585219201215,1.5912509059615072,plus,False,1.593635475372881,1.5921134245318198,0.0015220508410611,True,True,1.0,False,100.0,226.9,0.0,False,"[""block_count_per_ring != 7 (missing or extra blocks)""]",0.1659998048169743,0.0662319220704114,0.0002431901770165
67,1-4,206,1-4/r206,bo,3041.91400062166,"{""0"": {""K"": 0.0, ""B1"": 1480.1399195905674, ""A1"": 736.2120419339859, ""A2"": 3402.7817657109067, ""A3"": 1185.3527888974209, ""B2"": 3023.633704746172}}",2.7397,0.1651571060462539,0.3082702333225179,0.626829766677482,"[0.8801834492539525, 0.014404100599400005, 0.42828122673338176, 0.21302431768923202, 0.9846012053561651, 0.3429840245652259, 0.8748940117899804, 0.07726749194409321, 0.2472365670031026, 0.5892359638467672, 0.03606271734682864, 0.4575930901635247, 0.23045169949189914]",21.0,21.0,37.0,7.4816,7.4816,7.7047,7.7047,11.4398,11.4398,False,0,2.7429,0.232961,2.4101,0.8801834492539525,1.670966373722255,minus,True,-0.2490424622594265,0.5708002750045684,0.819842737263995,True,True,1.0,False,100.0,53.20000000000027,0.0,False,"[""block_count_per_ring != 7 (missing or extra blocks)""]",0.1660831375108398,0.0655244028745662,0.0002245070342126
68,1-4,206,1-4/r206,bo,1094.8269193634749,"{""0"": {""K"": 0.0, ""B1"": 246.49105575056672, ""A1"": 3242.1583163767614, ""A2"": 2741.4829607237407, ""A3"": 1295.1520944146755, ""B2"": 1894.9117983629292}}",2.7397,0.0751347192673723,0.3082702333225179,0.626829766677482,"[0.31679019657507956, 0.008606999682070016, 0.07132264344634454, 0.9381245128404981, 0.7932531715057121, 0.3747546569486908, 0.5482962379522365, 0.5365316797453972, 0.15897119910984936, 0.945643900051204, 0.4295327435535222, 0.5214292857667052, 0.8659024083509581]",55.0,55.0,27.0,11.4021,11.4021,37.215,37.215,13.0357,13.0357,False,0,2.7516,0.862542,2.4101,0.3167901965750795,1.5733569250849715,plus,False,2.3676539795205165,2.593682802590031,0.2260288230695146,True,True,1.0,False,100.0,213.79999999999995,0.0,False,"[""block_count_per_ring != 7 (missing or extra blocks)""]",0.1655707329735521,0.0648946550281418,0.0002031899641145
69,1-4,206,1-4/r206,bo,976.181845870685,"{""0"": {""K"": 0.0, ""B1"": 410.91771505110034, ""A1"": 1217.253368368513, ""A2"": 306.17635467068783, ""A3"": 2212.0344009397654, ""B2"": 2650.122581448159}}",2.7397,0.1939436281923616,0.3082702333225179,0.626829766677482,"[0.28246002484684174, 0.5220571084582266, 0.11889980180876747, 0.3522145163103336, 0.08859269521721291, 0.6400562502719229, 0.7668178765764349, 0.9761157359394833, 0.32729330980533833, 0.9674753199676619, 0.9385121046545687, 0.7057517910375819, 0.20157891459902633]",88.0,88.0,46.0,11.6422,11.6422,75.3884,75.3884,17.6438,17.6438,False,0,2.7425,0.204014,2.4101,0.2824600248468417,1.5669622381036925,plus,False,1.9066274750594776,1.9070546282980485,0.0004271532385704,True,True,1.0,False,100.0,104.69999999999982,0.0,False,"[""block_count_per_ring != 7 (missing or extra blocks)""]",0.1643749503060375,0.0650220679938977,0.0001953999220385
70,1-4,206,1-4/r206,bo,2980.074166581543,"{""0"": {""K"": 0.0, ""B1"": 272.04898761788775, ""A1"": 2649.46183636276, ""A2"": 1662.8296550624761, ""A3"": 288.7506947707901, ""B2"": 2872.9800770982442}}",2.7397,0.0937864530678902,0.3082702333225179,0.626829766677482,"[0.8622899787562335, 0.40101070548060735, 0.07871787836165733, 0.7666266887623727, 0.48114284000650354, 0.08355054825543695, 0.8313021056418531, 0.6996572970939394, 0.9397012440606808, 0.7365695551314125, 0.7262831750222414, 0.5150978376567731, 0.32846602855075335]",67.0,67.0,113.0,9.1023,9.1023,59.4712,59.4712,12.8774,12.8774,False,0,2.7442,0.327036,2.4101,0.8622899787562335,1.6054513555396095,plus,False,0.8164993145622845,0.4127016754806011,0.4037976390816834,True,True,1.0,False,100.0,16.700000000000273,0.0,False,"[""block_count_per_ring != 7 (missing or extra blocks)""]",0.1657907958138481,0.0647149892754875,0.0002007481536487
71,1-4,206,1-4/r206,bo,3235.138569981384,"{""0"": {""K"": 0.0, ""B1"": 1175.1034632618955, ""A1"": 649.1358366878259, ""A2"": 2170.7850219271722, ""A3"": 985.4391688285046, ""B2"": 1340.78635094781}}",2.7397,0.1869685618187021,0.3082702333225179,0.626829766677482,"[0.9360933362214653, 0.9224754885545872, 0.340018363212354, 0.1878286564490237, 0.6281206660668901, 0.2851386483878775, 0.38795901358443574, 0.7758477546846516, 0.8905490875472104, 0.7154958147938918, 0.5553388385956146, 0.2771500668127559, 0.3917026341843105]",73.0,73.0,108.0,8.8705,8.8705,46.6504,46.6504,6.9288,6.9288,False,0,2.7451,0.392165,2.4101,0.9360933362214652,1.6580464151617238,plus,False,0.6535148098197512,0.0913882933795358,0.5621265164402153,True,True,1.0,False,100.0,165.70000000000005,0.0,False,"[""block_count_per_ring != 7 (missing or extra blocks)""]",0.1636883059595159,0.0644896708187481,0.0001770314860328
72,1-4,206,1-4/r206,bo,2921.783663863461,"{""0"": {""K"": 0.0, ""B1"": 3299.7285770393787, ""A1"": 1716.1892327161863, ""A2"": 3449.5156666716157, ""A3"": 2197.674977545406, ""B2"": 611.6842827808631}}",2.7397,0.2108336499807299,0.3082702333225179,0.626829766677482,"[0.8454235138493811, 0.8946909950936015, 0.9547825743748203, 0.49658253261463725, 0.9981237461434073, 0.6359013245212402, 0.17699197997131455, 0.636903308985609, 0.6630375262612322, 0.6994429172285775, 0.5794656019122785, 0.2221867125776219, 0.08632462718558642]",63.0,63.0,83.0,8.6939,8.6939,48.4599,48.4599,5.5547,5.5547,False,0,2.7409,0.088229,2.4101,0.845423513849381,1.7617465531493175,plus,False,0.3228561185234198,-0.4367645715025065,0.7596206900259264,True,True,1.0,False,100.0,6.5,0.0,False,"[""block_count_per_ring != 7 (missing or extra blocks)""]",0.1640351950958782,0.0640732500091331,0.0001705797174003
73,1-4,206,1-4/r206,bo,1157.5978996773813,"{""0"": {""K"": 0.0, ""B1"": 2031.4229505001344, ""A1"": 1241.6032149788641, ""A2"": 303.12086003379795, ""A3"": 1340.4431862308957, ""B2"": 3416.6255036543744}}",2.7397,0.1194106307076461,0.3082702333225179,0.626829766677482,"[0.3349530959714645, 0.017192979963330024, 0.5877959926215667, 0.35926018951934724, 0.08770858218570543, 0.3878597182381064, 0.9886069165666592, 0.7462546004390447, 0.6910372697527493, 0.9915291960931301, 0.4246127472320794, 0.061720749024640975, 0.3302628447566156]",71.0,71.0,86.0,11.9068,11.9068,36.846,36.846,1.543,1.543,False,0,2.7442,0.327036,2.4101,0.3349530959714645,1.5858262808726753,minus,True,0.8637176873008419,1.8043112012067548,0.940593513905913,True,True,1.0,False,100.0,39.39999999999986,0.0,False,"[""block_count_per_ring != 7 (missing or extra blocks)""]",0.1647019759062108,0.0639950227658418,0.0001742572375943
74,1-4,206,1-4/r206,bo,2985.839265813978,"{""0"": {""K"": 0.0, ""B1"": 1611.118973682028, ""A1"": 1746.55520306936, ""A2"": 1759.9049653302109, ""A3"": 1358.1690519336328, ""B2"": 711.8112418764606}}",2.7397,0.1044691129996809,0.3082702333225179,0.626829766677482,"[0.8639581208952481, 0.5296876437535835, 0.4661802585885497, 0.5053689823696065, 0.5092317608015656, 0.3929887303048706, 0.20596390100592032, 0.20967918786027073, 0.8069365791241728, 0.47343792828410325, 0.04802332486571348, 0.7975637261942632, 0.13885647153838365]",31.0,31.0,99.0,6.2078,6.2078,8.6017,8.6017,19.9391,19.9391,False,0,2.7416,0.138885,2.4101,0.8639581208952483,1.4202306533848856,plus,False,0.0070192936388347,-0.2989008299123791,0.3059201235512138,True,True,1.0,False,100.0,13.299999999999956,0.0,False,"[""block_count_per_ring != 7 (missing or extra blocks)""]",0.1640466701669975,0.063524488328044,0.0001588848257417
75,1-4,206,1-4/r206,bo,852.6785066529284,"{""0"": {""K"": 0.0, ""B1"": 1110.5607155262994, ""A1"": 2877.7715188123398, ""A2"": 101.3305353799159, ""A3"": 891.0825736334244, ""B2"": 1316.237474217657}}",2.7397,0.1060311843701074,0.3082702333225179,0.626829766677482,"[0.24672410493429642, 0.9222603348515946, 0.3213427996314524, 0.8326885181748668, 0.02932017806131826, 0.2578363928337455, 0.3808557506416832, 0.2544171225608619, 0.40632935535068515, 0.2624037604172462, 0.5161442894862491, 0.36562446823078165, 0.3921971813617686]",34.0,34.0,55.0,3.8864,3.8864,43.7108,43.7108,9.1406,9.1406,False,0,2.7451,0.392165,2.4101,0.2467241049342964,1.6528984306538776,plus,False,2.4310580233061603,1.5210003462990722,0.910057677007088,True,True,1.0,False,100.0,101.29999999999995,0.0,False,"[""block_count_per_ring != 7 (missing or extra blocks)""]",0.1789630634559529,0.0605098379584547,0.0002201232769741
76,1-4,206,1-4/r206,bo,2761.680385389401,"{""0"": {""K"": 0.0, ""B1"": 69.30962888758029, ""A1"": 1348.1437462809406, ""A2"": 749.598611059128, ""A3"": 374.02619132297616, ""B2"": 883.8486102998731}}",2.7397,0.0603575528948663,0.3082702333225179,0.626829766677482,"[0.7990973337353592, 0.5811327243942528, 0.020054869469785963, 0.3900878895488833, 0.2168977462555347, 0.1082251711003982, 0.25574323214695405, 0.7115229282926977, 0.1830569645877579, 0.4560297265159621, 0.859548545739893, 0.7136400048139656, 0.7635158004740644]",68.0,68.0,30.0,6.0163,6.0163,69.4661,69.4661,17.841,17.841,False,0,2.7502,0.76123,2.4101,0.7990973337353592,1.5013486530204987,plus,False,0.9105029807084788,0.833618319317416,0.0768846613910627,True,True,1.0,False,100.0,69.30000000000018,0.0,False,"[""block_count_per_ring != 7 (missing or extra blocks)""]",0.1633929351905964,0.0613455805096266,0.0001138681339126
77,1-4,206,1-4/r206,bo,3144.041698545686,"{""0"": {""K"": 0.0, ""B1"": 791.250607771781, ""A1"": 2048.079282362625, ""A2"": 2957.460165377286, ""A3"": 2054.9628731969237, ""B2"": 146.04019328582837}}",2.7397,0.1326082815242903,0.3082702333225179,0.626829766677482,"[0.909734287773636, 0.7901283221208426, 0.2289498286376681, 0.5926155330910373, 0.8557465756300018, 0.5946073128463321, 0.04225700037205682, 0.5056592779699434, 0.9580298477468175, 0.3938210250490186, 0.7832205417183489, 0.25879540501220466, 0.434965989165503]",53.0,53.0,115.0,5.332,5.332,63.7415,63.7415,6.4699,6.4699,False,0,2.7457,0.435584,2.4101,0.909734287773636,1.6590964375654784,minus,True,1.055666341004697,1.5383922566281982,0.4827259156235013,True,True,1.0,False,100.0,6.900000000000091,0.0,False,"[""block_count_per_ring != 7 (missing or extra blocks)""]",0.2679849610982938,0.0424894254882077,0.0024656779112967
78,1-4,206,1-4/r206,bo,3102.866465639528,"{""0"": {""K"": 0.0, ""B1"": 122.06787091742729, ""A1"": 457.5318422068844, ""A2"": 2978.0297316257597, ""A3"": 1684.2948276636735, ""B2"": 3394.584222654358}}",2.7397,0.1849182038078757,0.3082702333225179,0.626829766677482,"[0.8978201578818078, 0.08339878283956648, 0.035320564501570395, 0.13238768582375127, 0.8616984177157869, 0.4873538274489796, 0.9822292310921176, 0.9626789801725651, 0.8650711547560022, 0.036641804315085014, 0.26424635159320353, 0.6263689307840973, 0.29620542947699946]",87.0,87.0,105.0,1.4031,1.4031,24.8185,24.8185,15.6592,15.6592,False,0,2.7438,0.29809,2.4101,0.8978201578818078,1.3370654595521891,plus,False,0.5869005755720185,0.7717287372127553,0.1848281616407368,True,True,1.0,False,100.0,61.40000000000009,0.0,False,"[""block_count_per_ring != 7 (missing or extra blocks)""]",0.2716824291474631,0.0402386448243069,0.002460020056165
79,1-4,206,1-4/r206,bo,2960.595917734679,"{""0"": {""K"": 0.0, ""B1"": 2600.0194002740054, ""A1"": 2365.0536716346032, ""A2"": 2663.761868167471, ""A3"": 2105.5782215538443, ""B2"": 809.8420119658092}}",2.7397,0.1346481281408161,0.3082702333225179,0.626829766677482,"[0.8566539113815622, 0.4738301964300581, 0.7523204283200247, 0.684332659616494, 0.7707644294466063, 0.6092529576255337, 0.23432928586973645, 0.9674514694187959, 0.5494353495949587, 0.35971271763306556, 0.8236172428105724, 0.696695449483006, 0.24268466000845212]",88.0,88.0,70.0,4.9568,4.9568,66.7713,66.7713,17.4174,17.4174,False,0,2.743,0.240197,2.4101,0.8566539113815622,1.6705940282915523,plus,False,0.4557356965406964,-0.5127552481382257,0.9684909446789222,True,True,1.0,False,100.0,63.80000000000018,0.0,False,"[""block_count_per_ring != 7 (missing or extra blocks)""]",0.2642768249288107,0.0342329719957158,0.0008393453159782
80,1-4,206,1-4/r206,bo,3127.4690498116024,"{""0"": {""K"": 0.0, ""B1"": 1535.0629663293353, ""A1"": 1173.9282617143842, ""A2"": 2117.468867256279, ""A3"": 3197.3104461457565, ""B2"": 683.4555928037693}}",2.7397,0.0812592821156275,0.3082702333225179,0.626829766677482,"[0.9049389611723386, 0.18471974514019596, 0.44417331201659005, 0.3396783164682825, 0.6126935379792473, 0.9251476985375453, 0.19775914143627582, 0.23033812135199083, 0.35152903852662476, 0.5455972844420598, 0.9770835401300506, 0.61173832060852, 0.481950952482896]",32.0,32.0,49.0,7.0016,7.0016,78.2813,78.2813,15.2935,15.2935,False,0,2.7463,0.479004,2.4101,0.9049389611723386,1.668045089293563,plus,False,-0.1008635379742035,0.0160129259102724,0.116876463884476,True,True,1.0,False,100.0,258.6999999999998,0.0,False,"[""block_count_per_ring != 7 (missing or extra blocks)""]",0.1710638822794477,0.0615514574805664,0.0001717356087047
81,1-4,206,1-4/r206,bo,554.0526124343338,"{""0"": {""K"": 0.0, ""B1"": 3366.9176542251316, ""A1"": 86.91806130973276, ""A2"": 451.547694731001, ""A3"": 1589.9663171745817, ""B2"": 1032.4188359176114}}",2.7397,0.1725891345426689,0.3082702333225179,0.626829766677482,"[0.16031614943123085, 0.8719921042625395, 0.9742238582827348, 0.02514990199934397, 0.13065616166984984, 0.46005969825653403, 0.2987323020594941, 0.8534793972254558, 0.7816966158532985, 0.2062718088359189, 0.84277574142423, 0.42068228991222867, 0.5406761820878023]",79.0,79.0,96.0,3.269,3.269,68.2082,68.2082,10.5171,10.5171,False,0,2.7472,0.544133,2.4101,0.1603161494312308,1.4907956577282184,plus,False,1.630380934664814,1.354998857252239,0.275382077412575,True,True,1.0,False,100.0,86.89999999999998,0.0,False,"[""block_count_per_ring != 7 (missing or extra blocks)""]",0.1919380370281257,0.0541402470931698,0.0001796675377157
82,1-4,206,1-4/r206,bo,3029.999942223996,"{""0"": {""K"": 0.0, ""B1"": 1664.423223527474, ""A1"": 3170.1941769881046, ""A2"": 2968.295327513811, ""A3"": 1224.0139715997477, ""B2"": 2179.381704947265}}",2.7397,0.071507757824514,0.3082702333225179,0.626829766677482,"[0.8767360943935173, 0.007998641173523224, 0.48160394199290335, 0.9173015558414654, 0.8588817498593203, 0.354170709374927, 0.6306081322185373, 0.3706584267316577, 0.06054504789185167, 0.5876581558866891, 0.2732211991250726, 0.7158856094269136, 0.8167208704350565]",43.0,43.0,17.0,7.4642,7.4642,25.4916,25.4916,17.8971,17.8971,False,0,2.751,0.819123,2.4101,0.8767360943935173,1.7125602681159005,plus,False,-1.660854587532786,-1.928379658738569,0.2675250712057835,True,True,1.0,False,100.0,201.89999999999964,0.0,False,"[""block_count_per_ring != 7 (missing or extra blocks)""]",0.2376000084740157,0.0510286307710244,0.0012405121560118
83,1-4,206,1-4/r206,bo,581.598536601956,"{""0"": {""K"": 0.0, ""B1"": 2365.422966173129, ""A1"": 2451.1763243014925, ""A2"": 2437.272890312245, ""A3"": 531.0586352565224, ""B2"": 1338.5572015415487}}",2.7397,0.2133024253462248,0.3082702333225179,0.626829766677482,"[0.168286613600103, 0.10487668107227033, 0.6844395156750952, 0.7092524086520522, 0.7052294242801636, 0.1536627995533919, 0.3873140050756796, 0.2829678035669886, 0.07996885670646114, 0.39083317733407097, 0.2566122466077555, 0.7493662731873079, 0.05568565501424472]",36.0,36.0,19.0,5.2992,5.2992,24.2459,24.2459,18.7342,18.7342,False,0,2.7405,0.059283,2.4101,0.168286613600103,1.550196015393724,plus,False,0.5177333252365883,-0.2640092554952832,0.7817425807318715,True,True,1.0,False,100.0,13.900000000000093,0.0,False,"[""block_count_per_ring != 7 (missing or extra blocks)""]",0.1998327110630661,0.0505707255455725,0.0001636064191658
84,1-4,206,1-4/r206,bo,3038.141997453484,"{""0"": {""K"": 0.0, ""B1"": 1407.1871300748455, ""A1"": 850.5468901801632, ""A2"": 291.5887123383964, ""A3"": 1055.171295386565, ""B2"": 529.9022074549775}}",2.7397,0.1799554293055092,0.3082702333225179,0.626829766677482,"[0.8790920131520498, 0.01701486898534299, 0.4071722019892493, 0.2461073177604639, 0.08437173389421193, 0.3053157683410199, 0.1533281850274819, 0.3317018875295503, 0.14840937466204673, 0.2861589486953543, 0.3193119412967035, 0.6534178538529843, 0.08613347834411234]",40.0,40.0,26.0,4.1477,4.1477,28.9484,28.9484,16.3354,16.3354,False,0,2.7409,0.088229,2.4101,0.8790920131520497,1.7051423685307816,minus,True,0.8556335830486603,1.735666770180584,0.8800331871319236,True,True,1.0,False,100.00000000000004,204.6,0.0,False,"[""block_count_per_ring != 7 (missing or extra blocks)""]",0.2684831327838968,0.0278894086622851,0.0004132513899895
85,1-4,206,1-4/r206,bo,559.313238621738,"{""0"": {""K"": 0.0, ""B1"": 172.60362546225028, ""A1"": 1272.2425811961775, ""A2"": 1579.7418754700536, ""A3"": 2063.0342351547024, ""B2"": 1376.3824571796963}}",2.7397,0.2014689232435714,0.3082702333225179,0.626829766677482,"[0.16183832136045662, 0.7326308133923528, 0.04994317866384557, 0.368125746873894, 0.4571012371151776, 0.596942776375782, 0.39825881284134734, 0.9148518227520845, 0.9434717819628179, 0.42230164412581284, 0.25340906318695233, 0.1400139859676064, 0.5817893156514735]",84.0,84.0,114.0,5.6453,5.6453,24.0057,24.0057,3.5003,3.5003,False,0,2.7477,0.580316,2.4101,0.1618383213604566,1.436914920100398,minus,True,1.354835375063572,1.962936456521712,0.6081010814581396,True,True,1.0,False,100.0,104.10000000000014,0.0,False,"[""block_count_per_ring != 7 (missing or extra blocks)""]",0.2044260685389155,0.0483038187568088,0.0001495429804307
86,1-4,206,1-4/r206,bo,3023.8793269458406,"{""0"": {""K"": 0.0, ""B1"": 3424.0407127329104, ""A1"": 1563.4151228167211, ""A2"": 2685.977586448289, ""A3"": 3117.354198180161, ""B2"": 728.7555379640282}}",2.7397,0.1360678099486212,0.3082702333225179,0.626829766677482,"[0.8749650830283103, 0.16664571715496923, 0.9907525210454023, 0.4523770610002087, 0.77719258867138, 0.9020122101215744, 0.2108667644571841, 0.861951075284361, 0.5174576428661175, 0.7468162145393715, 0.6521162253338676, 0.03763585121881641, 0.11580570948883939]",80.0,80.0,67.0,9.215,9.215,53.9087,53.9087,0.9409,0.9409,False,0,2.7413,0.117176,2.4101,0.8749650830283103,1.6122065525256035,plus,False,-0.2492626571327569,-0.9988295060054796,0.7495668488727225,True,True,1.0,False,100.0,32.0,0.0,False,"[""block_count_per_ring != 7 (missing or extra blocks)""]",0.2807302183950342,0.0181011405679866,0.0001257987495792
87,1-4,206,1-4/r206,bo,546.0558108121963,"{""0"": {""K"": 0.0, ""B1"": 1311.3107269061345, ""A1"": 373.55224867423294, ""A2"": 940.3228709091837, ""A3"": 3079.7309059971976, ""B2"": 1407.6553274998644}}",2.7397,0.0722061457902714,0.3082702333225179,0.626829766677482,"[0.15800226007297347, 0.23204214457495265, 0.379430187183488, 0.10808803491731278, 0.27208416403622215, 0.8911258408556706, 0.40730767578121074, 0.013368710268472861, 0.08696242911635887, 0.41632962545117325, 0.46800954720516397, 0.8724959781617484, 0.4712854773970867]",16.0,16.0,20.0,5.5796,5.5796,40.1007,40.1007,21.8124,21.8124,False,0,2.7462,0.471767,2.4101,0.1580022600729734,1.7129803389353584,plus,False,1.8112194095182703,0.7699543135110417,1.041265096007229,True,True,1.0,False,100.0,96.29999999999995,0.0,False,"[""block_count_per_ring != 7 (missing or extra blocks)""]",0.1957984433912268,0.0502806476600758,0.0001227444668125
88,1-4,206,1-4/r206,bo,3010.54026043522,"{""0"": {""K"": 0.0, ""B1"": 732.0622888546503, ""A1"": 2318.616922333305, ""A2"": 3248.0382653018, ""A3"": 2973.9138429154627, ""B2"": 801.0163042142938}}",2.7397,0.1355578116414029,0.3082702333225179,0.626829766677482,"[0.8711053994314872, 0.5314815829076465, 0.21182357895099835, 0.6708961002121832, 0.9398258869507523, 0.8605074776954464, 0.23177555098793223, 0.22186514057559126, 0.847846069028031, 0.8696228262014626, 0.8192629689171799, 0.6026743698057387, 0.3504118482472399]",32.0,32.0,103.0,10.5659,10.5659,66.4447,66.4447,15.0669,15.0669,False,0,2.7445,0.348746,2.4101,0.8711053994314872,1.6605646771385132,plus,False,0.5760101069181021,-0.4323085015902392,1.008318608508341,True,True,1.0,False,100.0,69.0,0.0,False,"[""block_count_per_ring != 7 (missing or extra blocks)""]",0.2112130944394528,0.0523332217217621,0.0003928171619452
89,1-4,206,1-4/r206,bo,3042.513728184926,"{""0"": {""K"": 0.0, ""B1"": 3413.825185519113, ""A1"": 1653.0607988832262, ""A2"": 2963.933029261378, ""A3"": 1910.3624988259232, ""B2"": 1783.788231257157}}",2.7397,0.2633539449336724,0.3082702333225179,0.626829766677482,"[0.8803569815349902, 0.342622386768453, 0.987796639328447, 0.47831620338056313, 0.8576195107816488, 0.552766926743612, 0.5161424280257977, 0.19429927728510255, 0.3298686065671259, 0.6883799744444999, 0.23042863069425934, 0.15286281990353, 0.048113138944126055]",30.0,30.0,46.0,8.5722,8.5722,22.2821,22.2821,3.8216,3.8216,False,0,2.7403,0.04481,2.4101,0.8803569815349902,1.728597133504871,plus,False,-2.2150502320063485,-2.2631573346596685,0.0481071026533199,True,True,1.0,False,100.0,42.19999999999982,0.0,False,"[""block_count_per_ring != 7 (missing or extra blocks)""]",0.2778798442238398,0.0342212134928672,0.0019988768758829
90,1-4,206,1-4/r206,bo,584.4267388122571,"{""0"": {""K"": 0.0, ""B1"": 2310.518589070886, ""A1"": 78.44738125048173, ""A2"": 2312.8512351027407, ""A3"": 2668.944827480379, ""B2"": 1587.2546111931206}}",2.7397,0.116468480208503,0.3082702333225179,0.626829766677482,"[0.16910495914706514, 0.3623621186408299, 0.6685528324857887, 0.02269889503775513, 0.6692277879348209, 0.7722641283218689, 0.45927506110912053, 0.3889556720161679, 0.9226576302148924, 0.17178625696612326, 0.2714148641357169, 0.34302694229963904, 0.11270750077553737]",44.0,44.0,111.0,2.8896,2.8896,25.3561,25.3561,8.5757,8.5757,False,0,2.7412,0.109939,2.4101,0.1691049591470651,1.67971843148892,plus,False,1.3022762248399875,0.8269964107357302,0.4752798141042575,True,True,1.0,False,100.0,2.400000000000091,0.0,False,"[""block_count_per_ring != 7 (missing or extra blocks)""]",0.1947793824421637,0.0523036780709557,0.0001599130304345
91,1-4,206,1-4/r206,bo,2709.168822968525,"{""0"": {""K"": 0.0, ""B1"": 1450.0306286852767, ""A1"": 1642.4182460647585, ""A2"": 919.2178487128051, ""A3"": 1428.747942208228, ""B2"": 627.7007880876439}}",2.7397,0.0938030878177018,0.3082702333225179,0.626829766677482,"[0.7839030159052445, 0.8517593352340521, 0.41956904765198977, 0.4752367610141084, 0.26597738678032556, 0.4134108629074734, 0.18162638544202658, 0.37513323592607095, 0.3643293137315423, 0.9335176924248786, 0.4077353069285312, 0.6930435816494004, 0.6824963650428109]",43.0,43.0,50.0,11.2687,11.2687,35.5801,35.5801,17.3261,17.3261,False,0,2.7491,0.681628,2.4101,0.7839030159052446,1.551842815903432,plus,False,-0.2498697010536839,-0.3065556468582544,0.0566859458045705,True,True,1.0,False,100.00000000000004,21.300000000000068,0.0,False,"[""block_count_per_ring != 7 (missing or extra blocks)""]",0.1874204813240857,0.0586447494913483,0.0002621273669637
92,1-4,206,1-4/r206,bo,2872.28131766578,"{""0"": {""K"": 0.0, ""B1"": 1039.1805296377054, ""A1"": 378.98932901044066, ""A2"": 1947.6398616330484, ""A3"": 2772.402320549856, ""B2"": 578.8668045482641}}",2.7397,0.0825492591948624,0.3082702333225179,0.626829766677482,"[0.8310999183060707, 0.299776968767251, 0.3006888106590583, 0.10966126418126176, 0.563553200704007, 0.8021997455294723, 0.1674961818716042, 0.9850627205928768, 0.20427167696638127, 0.6532021499448345, 0.5744163251774351, 0.6877942056047254, 0.5564067328172712]",89.0,89.0,32.0,8.1852,8.1852,48.0812,48.0812,17.1949,17.1949,False,0,2.7474,0.558606,2.4101,0.8310999183060707,1.683199723750988,minus,True,1.2632006639791842,1.8637997697851525,0.6005991058059681,True,True,1.0,False,100.0,199.79999999999973,0.0,False,"[""block_count_per_ring != 7 (missing or extra blocks)""]",0.2044216800906757,0.0557933699819468,0.0004246777436187
93,1-4,206,1-4/r206,bo,3117.3321126525816,"{""0"": {""K"": 0.0, ""B1"": 3346.936028569512, ""A1"": 2255.449539330665, ""A2"": 844.262094815885, ""A3"": 2863.219936451892, ""B2"": 1853.3347596568144}}",2.7397,0.1844017224380714,0.3082702333225179,0.626829766677482,"[0.9020058196332701, 0.19388072363643027, 0.9684421378962709, 0.6526185009637342, 0.24428880058330005, 0.8284779908714965, 0.536265844808106, 0.23295643863375937, 0.3440938295979792, 0.3116831784394054, 0.211193767927504, 0.16200925233468633, 0.1516728162892217]",32.0,32.0,48.0,4.4285,4.4285,20.8395,20.8395,4.0502,4.0502,False,0,2.7418,0.153358,2.4101,0.90200581963327,1.765352065175043,plus,False,-0.966937415776706,-1.302640487959965,0.3357030721832588,True,True,1.0,False,100.0,109.0,0.0,False,"[""block_count_per_ring != 7 (missing or extra blocks)""]",0.2073862484405249,0.0508520911400989,0.0002626347820247
94,1-4,206,1-4/r206,bo,3010.5708656549077,"{""0"": {""K"": 0.0, ""B1"": 585.883711882639, ""A1"": 2042.6139075824228, ""A2"": 2848.6475869884493, ""A3"": 2695.470498241385, ""B2"": 1569.1399888976969}}",2.7397,0.1528606175965187,0.3082702333225179,0.626829766677482,"[0.8711142551084801, 0.23307414570530005, 0.1695265370030784, 0.5910341167773214, 0.824261454568417, 0.7799393802781786, 0.45403356160234287, 0.18769165338638172, 0.09527486175544742, 0.16453935385464968, 0.9809158457094567, 0.12521800446834253, 0.6646394712662214]",29.0,29.0,20.0,2.8099,2.8099,78.5687,78.5687,3.1305,3.1305,False,0,2.7489,0.667155,2.4101,0.8711142551084801,1.6466551705271792,minus,True,0.4631531252921111,1.161041396463658,0.697888271171547,True,True,1.0,False,100.0,153.19999999999982,0.0,False,"[""block_count_per_ring != 7 (missing or extra blocks)""]",0.1775842542313395,0.0570969623708666,0.0001278688399484
95,1-4,206,1-4/r206,bo,3090.6722353229443,"{""0"": {""K"": 0.0, ""B1"": 2498.7429093703095, ""A1"": 1125.8625402609762, ""A2"": 1127.5202805946706, ""A3"": 2848.414262333643, ""B2"": 785.0245159034064}}",2.7397,0.0864492845698907,0.3082702333225179,0.626829766677482,"[0.8942917347577963, 0.4423834809244369, 0.723015888127983, 0.3257704109551436, 0.3262500811905875, 0.8241939416474661, 0.22714829742575415, 0.13194977204376446, 0.8375990150441315, 0.21731733442306778, 0.8095636804766575, 0.7229892298872653, 0.35193257318463256]",25.0,25.0,102.0,3.3905,3.3905,65.7173,65.7173,18.0747,18.0747,False,0,2.7445,0.348746,2.4101,0.8942917347577963,1.583911134681375,plus,False,-0.5302995968168939,-0.5233504557548521,0.0069491410620418,True,True,1.0,False,100.0,1.7000000000000457,0.0,False,"[""block_count_per_ring != 7 (missing or extra blocks)""]",0.1920718325814593,0.0563147847282871,0.0002447765198263
96,1-4,206,1-4/r206,bo,3192.777681363855,"{""0"": {""K"": 0.0, ""B1"": 619.1055017921192, ""A1"": 1967.9806460560642, ""A2"": 224.4496711304881, ""A3"": 481.3537038107703, ""B2"": 939.8988252729608}}",2.7397,0.2292285996962525,0.3082702333225179,0.626829766677482,"[0.9238361346538932, 0.30344750366258155, 0.17913932343521966, 0.569438844344926, 0.06494492798914586, 0.13928058559339418, 0.27196146564611134, 0.663266452543664, 0.8582579422155536, 0.7198489174114325, 0.3405721593091482, 0.6893338496027395, 0.03436249951969672]",65.0,65.0,104.0,8.9183,8.9183,30.5429,30.5429,17.2333,17.2333,False,0,2.7402,0.037573,2.4101,0.9238361346538932,1.5508818902241284,plus,False,1.5519116702255211,1.0790602463752308,0.4728514238502905,True,True,1.0,False,100.0,137.79999999999998,0.0,False,"[""block_count_per_ring != 7 (missing or extra blocks)""]",0.2047869742532236,0.0561328136192528,0.0004496085424867
97,1-4,206,1-4/r206,bo,3355.889245655763,"{""0"": {""K"": 0.0, ""B1"": 617.3633703120041, ""A1"": 1307.5177332800076, ""A2"": 2872.7058517533446, ""A3"": 2540.6349872373917, ""B2"": 975.0002014242469}}",2.7397,0.1753408107741143,0.3082702333225179,0.626829766677482,"[0.9710327678402092, 0.814573364853511, 0.17863523446527896, 0.3783326774537059, 0.8312227580304816, 0.7351374384367453, 0.2821181138380344, 0.08613520095642069, 0.38809317929119125, 0.7281783411129811, 0.3705814238876888, 0.6917172960804813, 0.1814586903437636]",21.0,21.0,53.0,9.01,9.01,32.7936,32.7936,17.2929,17.2929,False,0,2.7422,0.182305,2.4101,0.9710327678402092,1.6477439529459847,plus,False,0.1616604922683746,0.1883567524354978,0.0266962601671232,True,True,1.0,False,100.0,332.0999999999999,0.0,False,"[""block_count_per_ring != 7 (missing or extra blocks)""]",0.1966265635824709,0.0502351306247789,0.0001280690629893
98,1-4,206,1-4/r206,bo,3061.854541068049,"{""0"": {""K"": 0.0, ""B1"": 2058.219468597055, ""A1"": 750.5015389513536, ""A2"": 3107.0637525388074, ""A3"": 3342.580910239071, ""B2"": 1809.768059292474}}",2.7397,0.1379103447999262,0.3082702333225179,0.626829766677482,"[0.8859532815590421, 0.9740346290507697, 0.5955496147560922, 0.2171590101132389, 0.8990346506188679, 0.9671819763423237, 0.5236597393786093, 0.2691177345535659, 0.6699233605615513, 0.8055685268116297, 0.050762704685087146, 0.1525561327403605, 0.13465848587137752]",35.0,35.0,84.0,9.8613,9.8613,8.8072,8.8072,3.8139,3.8139,False,0,2.7415,0.131649,2.4101,0.8859532815590421,1.674536617248803,minus,True,-0.7153323335559245,-0.0296178092160139,0.6857145243399105,True,True,1.0,False,100.0,113.5,0.0,False,"[""block_count_per_ring != 7 (missing or extra blocks)""]",0.2308841745588704,0.0419808523433135,0.0002856852294989
99,1-4,206,1-4/r206,bo,3062.587169624485,"{""0"": {""K"": 0.0, ""B1"": 1722.7566121257223, ""A1"": 2283.470685592716, ""A2"": 3.7834293970407913, ""A3"": 2289.7722382761785, ""B2"": 811.2867819657122}}",2.7397,0.2349425940324403,0.3082702333225179,0.626829766677482,"[0.8861652689885662, 0.715736395533313, 0.4984828160086002, 0.6607264715256702, 0.0010947423023844882, 0.6625498374641721, 0.23474733274470838, 0.050839950080187046, 0.3051417784411894, 0.680527689530368, 0.31017137726580524, 0.6900243130044165, 0.20290650992080117]",19.0,19.0,44.0,8.4858,8.4858,28.2629,28.2629,17.2506,17.2506,False,0,2.7425,0.204014,2.4101,0.8861652689885662,1.700778462249803,plus,False,1.8599867997029131,1.592557990880448,0.2674288088224652,True,True,1.0,False,100.0,3.800000000000182,0.0,False,"[""block_count_per_ring != 7 (missing or extra blocks)""]",0.1650518321676122,0.0587686621404301,8.409340125761788e-05
100,1-4,206,1-4/r206,bo,3033.0457533051167,"{""0"": {""K"": 0.0, ""B1"": 986.8540222330153, ""A1"": 1164.0987548935927, ""A2"": 1559.8894500642134, ""A3"": 2431.6387922155463, ""B2"": 1026.9147879727282}}",2.7397,0.1824041357482381,0.3082702333225179,0.626829766677482,"[0.8776174054702305, 0.6841503290484544, 0.28554803884057156, 0.33683413046689603, 0.45135690106024695, 0.7035991875623687, 0.2971396955939607, 0.8996393380239387, 0.0969085722211609, 0.5693112697354056, 0.4994058673342595, 0.5368100797157519, 0.48048926022682303]",82.0,82.0,21.0,7.2624,7.2624,42.4554,42.4554,13.4203,13.4203,False,0,2.7463,0.479004,2.4101,0.8776174054702305,1.524783388059821,plus,False,-1.087708210557911,-1.1688671368630117,0.0811589263051006,True,True,1.0,False,100.00000000000004,40.10000000000002,0.0,False,"[""block_count_per_ring != 7 (missing or extra blocks)""]",0.2089075540030421,0.0532061460943155,0.0003888925566036
101,1-4,206,1-4/r206,bo,569.24158679412,"{""0"": {""K"": 0.0, ""B1"": 2103.432305393385, ""A1"": 2425.146280714478, ""A2"": 2253.0842374341437, ""A3"": 428.57006842076333, ""B2"": 1412.113152909757}}",2.7397,0.1424358353955774,0.3082702333225179,0.626829766677482,"[0.1647111072899653, 0.6502699875795167, 0.608632032810586, 0.7017205673363652, 0.651934096479787, 0.12400754294582272, 0.4085975558187954, 0.2786904658827515, 0.12585463044240341, 0.1208722428362935, 0.5606498609626447, 0.7506461930956067, 0.8512497428395142]",36.0,36.0,24.0,2.3296,2.3296,47.0487,47.0487,18.7662,18.7662,False,0,2.7514,0.848069,2.4101,0.1647111072899653,1.630072756083275,plus,False,0.7722253376076975,0.2579019318504325,0.514323405757265,True,True,1.0,False,100.0,149.60000000000036,0.0,False,"[""block_count_per_ring != 7 (missing or extra blocks)""]",0.183774306709798,0.0553016303209533,0.0001365385863749
102,1-4,206,1-4/r206,bo,2798.4397375431454,"{""0"": {""K"": 0.0, ""B1"": 3301.275878668989, ""A1"": 1919.4162421290082, ""A2"": 3004.482951313831, ""A3"": 2580.5250674637723, ""B2"": 2189.78209559657}}",2.7397,0.2892489243921705,0.3082702333225179,0.626829766677482,"[0.8097337203539194, 0.8558437988809316, 0.9552302889667215, 0.555386644134551, 0.8693527058199743, 0.7466797070207675, 0.6336175045128964, 0.4660748709326794, 0.5692072190090345, 0.3879067567770418, 0.30041812584639094, 0.6999904124538814, 0.4481257761329567]",50.0,50.0,73.0,5.267,5.267,27.5314,27.5314,17.4998,17.4998,False,0,2.7459,0.450058,2.4101,0.8097337203539193,1.7120452786814346,plus,False,-2.427164173121768,-2.557971288884816,0.1308071157630479,True,True,1.0,False,100.0,154.70000000000027,0.0,False,"[""block_count_per_ring != 7 (missing or extra blocks)""]",0.2583735856788265,0.042401732496897,0.0015121517113764
103,1-4,206,1-4/r206,bo,3193.7935709324424,"{""0"": {""K"": 0.0, ""B1"": 3427.101652427114, ""A1"": 1595.5750783608612, ""A2"": 2955.320403959469, ""A3"": 2364.3422169733335, ""B2"": 3377.994714174364}}",2.7397,0.1859177519971571,0.3082702333225179,0.626829766677482,"[0.924130084181841, 0.8908208270209359, 0.9916382096143269, 0.4616826036923788, 0.8551274317012352, 0.684126798892747, 0.9774290260921192, 0.3346838136181558, 0.5639511996951726, 0.29225821689693965, 0.8303583133094781, 0.5429712404209919, 0.35664744671052195]",40.0,40.0,72.0,4.2148,4.2148,67.2769,67.2769,13.5743,13.5743,False,0,2.7446,0.355982,2.4101,0.924130084181841,1.542270144676404,plus,False,-2.93446586972133,-2.947315675657821,0.0128498059364909,True,True,1.0,False,100.0,28.90000000000009,0.0,False,"[""block_count_per_ring != 7 (missing or extra blocks)""]",0.2707786683165137,0.0339781416005241,0.0012522142590286
104,1-4,206,1-4/r206,bo,3231.9255044459383,"{""0"": {""K"": 0.0, ""B1"": 1713.654715976798, ""A1"": 2797.452677182198, ""A2"": 1382.3211638075707, ""A3"": 867.4193200310558, ""B2"": 828.213910091303}}",2.7397,0.1047292366618064,0.3082702333225179,0.626829766677482,"[0.9351636297586626, 0.2046065850664709, 0.49584916550254565, 0.8094481126105897, 0.3999771886017276, 0.25098938658306014, 0.23964522861438164, 0.8335463876835868, 0.9118552018009272, 0.5526930001580802, 0.7624899947793091, 0.6496999126410558, 0.5715094373224959]",78.0,78.0,110.0,7.0796,7.0796,62.1867,62.1867,16.2425,16.2425,False,0,2.7476,0.573079,2.4101,0.9351636297586629,1.7311523693899216,minus,True,-0.9210242332487656,0.122640115187804,1.0436643484365695,True,True,1.0,False,100.0,39.19999999999993,0.0,False,"[""block_count_per_ring != 7 (missing or extra blocks)""]",0.234764645421083,0.0528523926369172,0.0012875721793423
105,1-4,206,1-4/r206,bo,2817.3426943196137,"{""0"": {""K"": 0.0, ""B1"": 634.6403894601481, ""A1"": 2099.9116233728973, ""A2"": 3392.661576159572, ""A3"": 611.3242668353669, ""B2"": 2208.3795941754}}",2.7397,0.199859415354852,0.3082702333225179,0.626829766677482,"[0.815203325902666, 0.5262283059022083, 0.18363437195027432, 0.6076133169481763, 0.9816729097683947, 0.17688780869078902, 0.6389987251664931, 0.23138597135139516, 0.4991861817749499, 0.2759417811496023, 0.6357140246289207, 0.31619715931926495, 0.4583605712112534]",32.0,32.0,65.0,4.0354,4.0354,52.6786,52.6786,7.9049,7.9049,False,0,2.746,0.457294,2.4101,0.815203325902666,1.7363033028702288,plus,False,0.3056733674243909,0.4714976438010964,0.1658242763767055,True,True,1.0,False,100.0,23.300000000000185,0.0,False,"[""block_count_per_ring != 7 (missing or extra blocks)""]",0.2275875485145981,0.0509383089420388,0.0007641238186372
106,1-4,206,1-4/r206,bo,3115.308102230566,"{""0"": {""K"": 0.0, ""B1"": 496.0141470505805, ""A1"": 3260.021846020507, ""A2"": 1260.5875262454945, ""A3"": 144.85426274549127, ""B2"": 283.7109332331189}}",2.7397,0.1142077258267122,0.3082702333225179,0.626829766677482,"[0.9014201684694925, 0.16137410849329148, 0.14352261199380223, 0.9432933582235263, 0.3647533351404787, 0.04191384917404262, 0.08209228392162005, 0.4981292380148704, 0.8819806590372246, 0.5044385946307551, 0.5488773511925894, 0.8186805336222157, 0.11707121125494158]",52.0,52.0,107.0,6.5488,6.5488,46.1658,46.1658,20.467,20.467,False,0,2.7413,0.117176,2.4101,0.9014201684694924,1.529688386039027,minus,True,0.4972750727266737,0.7734137602097808,0.2761386874831071,True,True,1.0,False,100.0,138.80000000000018,0.0,False,"[""block_count_per_ring != 7 (missing or extra blocks)""]",0.2587459529509242,0.0485132706880353,0.0025745504069362
107,1-4,206,1-4/r206,bo,3042.493485322442,"{""0"": {""K"": 0.0, ""B1"": 892.7050426587925, ""A1"": 1103.7458847973317, ""A2"": 163.2169456334913, ""A3"": 325.62826692983515, ""B2"": 791.6541747421584}}",2.7397,0.1560672382495155,0.3082702333225179,0.626829766677482,"[0.8803511242252438, 0.5367227717700653, 0.258305857250808, 0.3193709157399687, 0.04722712547265373, 0.09422114205145693, 0.22906660148789304, 0.262065412917165, 0.6432415183423889, 0.22071119913657844, 0.5911572321382177, 0.47084553928873907, 0.0904807867831281]",35.0,35.0,81.0,3.4278,3.4278,49.3368,49.3368,11.7711,11.7711,False,0,2.7409,0.088229,2.4101,0.8803511242252436,1.3761536975036657,plus,False,0.5362439165605593,0.5822844638119364,0.0460405472513771,True,True,1.0,False,100.0,101.09999999999997,0.0,False,"[""block_count_per_ring != 7 (missing or extra blocks)""]",0.2112013054875491,0.0546155269653986,0.0005152854101369
108,1-4,206,1-4/r206,bo,2789.3168757120225,"{""0"": {""K"": 0.0, ""B1"": 2788.2787119402115, ""A1"": 3072.7155346030177, ""A2"": 2722.6680094026797, ""A3"": 2865.6323098971443, ""B2"": 1952.7660339798779}}",2.7397,0.0957574822917486,0.3082702333225179,0.626829766677482,"[0.8070940033888954, 0.046577117093823284, 0.8067936087789964, 0.8890959301513361, 0.7878090304984605, 0.8291760155952386, 0.5650364681654739, 0.5765056615751954, 0.4144984612461047, 0.3582152120917669, 0.9063817991651196, 0.7336571161218757, 0.9253366268042533]",58.0,58.0,56.0,4.9404,4.9404,72.9786,72.9786,18.3414,18.3414,False,0,2.7525,0.927671,2.4101,0.8070940033888954,1.4967089496811483,plus,False,-1.907308541181532,-2.2601324156908733,0.3528238745093413,True,True,1.0,False,100.0,65.59999999999991,0.0,False,"[""block_count_per_ring != 7 (missing or extra blocks)""]",0.216589366324978,0.0540366187622322,0.0006263324980236
109,1-4,206,1-4/r206,bo,2843.3242135520904,"{""0"": {""K"": 0.0, ""B1"": 2765.257296397638, ""A1"": 2469.95739330984, ""A2"": 370.32240712662826, ""A3"": 275.25623490358385, ""B2"": 1909.1793684613212}}",2.7397,0.1337344493342933,0.3082702333225179,0.626829766677482,"[0.8227211266065076, 0.81684580352296, 0.8001323195595018, 0.714686745749375, 0.10715347428432531, 0.07964590130312033, 0.5524245857816323, 0.35335592169515206, 0.06514794156926274, 0.38668773041291116, 0.5117108779409044, 0.437378644445404, 0.5281866519783803]",42.0,42.0,17.0,5.2536,5.2536,43.3783,43.3783,10.9345,10.9345,False,0,2.747,0.52966,2.4101,0.8227211266065076,1.7283648288839413,plus,False,0.8685724291741532,0.9609856524503152,0.092413223276162,True,True,1.0,False,100.0,95.0,0.0,False,"[""block_count_per_ring != 7 (missing or extra blocks)""]",0.2246930004712543,0.0487534044398132,0.0005123727257863
110,1-4,206,1-4/r206,bo,3012.369271333539,"{""0"": {""K"": 0.0, ""B1"": 2462.204692282645, ""A1"": 2700.641652308614, ""A2"": 744.4876407168015, ""A3"": 1369.0265497528912, ""B2"": 732.2029260216029}}",2.7397,0.1251799963490963,0.3082702333225179,0.626829766677482,"[0.871634627121973, 0.5403390460962475, 0.7124434873503023, 0.7814356632837425, 0.21541887752222266, 0.39613036740535046, 0.2118642725756953, 0.8001800149500363, 0.8580707586909336, 0.8013361030997357, 0.8983631737415391, 0.04681618146859534, 0.13653654487023237]",75.0,75.0,104.0,9.8147,9.8147,72.3772,72.3772,1.1704,1.1704,False,0,2.7416,0.138885,2.4101,0.8716346271219731,1.582360787538292,plus,False,-0.5629872176844246,-0.3490525918799059,0.2139346258045187,True,True,1.0,False,100.0,12.299999999999956,0.0,False,"[""block_count_per_ring != 7 (missing or extra blocks)""]",0.289073290382096,0.0248325154275559,0.0014638767105976
111,1-4,206,1-4/r206,bo,2831.6476344750613,"{""0"": {""K"": 0.0, ""B1"": 3366.2020480231126, ""A1"": 1087.2255210831254, ""A2"": 3387.709938585427, ""A3"": 2679.6465828665882, ""B2"": 2230.8506686277365}}",2.7397,0.1406952959611466,0.3082702333225179,0.626829766677482,"[0.8193424868272747, 0.27907480316998345, 0.974016796302984, 0.3145907179059969, 0.9802401442666167, 0.7753607010609341, 0.6455007721723774, 0.4625785962592154, 0.05257036213676636, 0.9113778189191687, 0.3522134309985604, 0.2891877150522346, 0.9755400603673748]",50.0,50.0,16.0,11.0252,11.0252,31.416,31.416,7.2297,7.2297,False,0,2.7532,0.978327,2.4101,0.8193424868272747,1.7198838308024933,plus,False,-1.4985691370887375,-1.82295828211162,0.3243891450228822,True,True,1.0,False,100.0,21.59999999999991,0.0,False,"[""block_count_per_ring != 7 (missing or extra blocks)""]",0.2036239817485114,0.0552228920818103,0.0003815200970695
112,1-4,206,1-4/r206,bo,2894.4444949132007,"{""0"": {""K"": 0.0, ""B1"": 1436.3493438648793, ""A1"": 307.42630911947776, ""A2"": 2364.3725899837373, ""A3"": 227.14506231747697, ""B2"": 1481.716347581413}}",2.7397,0.2595049979679463,0.3082702333225179,0.626829766677482,"[0.8375128746855326, 0.030179538415226248, 0.41561034255349516, 0.08895437185170074, 0.6841355873795536, 0.06572484442056625, 0.428737369091844, 0.2555334886340085, 0.1762665691559826, 0.4167981849510539, 0.6547013179766971, 0.5615715226864236, 0.004281706340343194]",34.0,34.0,29.0,5.5848,5.5848,54.1026,54.1026,14.0393,14.0393,False,0,2.7397,0.00139,2.4101,0.8375128746855326,1.763737809747925,plus,False,1.1847654486394064,0.5831528974888511,0.6016125511505552,True,True,1.0,False,100.0,45.40000000000009,0.0,False,"[""block_count_per_ring != 7 (missing or extra blocks)""]",0.2787494680269033,0.0480367325795783,0.0055467179175952
113,1-4,206,1-4/r206,bo,3144.132872706837,"{""0"": {""K"": 0.0, ""B1"": 2314.274762454782, ""A1"": 539.2075028104216, ""A2"": 2531.9375505301728, ""A3"": 2400.0162436708106, ""B2"": 885.7560383796383}}",2.7397,0.2581642930575012,0.3082702333225179,0.626829766677482,"[0.9097606691860061, 0.9134328100163861, 0.6696396882102957, 0.1560206894706081, 0.7326208190191472, 0.6944491445806744, 0.2562951499941083, 0.6746923435394663, 0.4902852859530389, 0.16772117967495648, 0.39911564705703306, 0.6605960038446974, 0.056444764683740045]",66.0,66.0,64.0,2.8449,2.8449,34.9337,34.9337,16.5149,16.5149,False,0,2.7405,0.059283,2.4101,0.909760669186006,1.7658327417975643,plus,False,1.2886416810038084,0.3327188278978625,0.9559228531059458,True,True,1.0,False,100.0,85.69999999999982,0.0,False,"[""block_count_per_ring != 7 (missing or extra blocks)""]",0.2701856172273289,0.0382477439817727,0.0019059665957383
114,1-4,206,1-4/r206,bo,2586.0685154506928,"{""0"": {""K"": 0.0, ""B1"": 1157.352303485672, ""A1"": 116.67012351041858, ""A2"": 761.8723712905993, ""A3"": 290.2137414835193, ""B2"": 1407.348921977209}}",2.7397,0.1955196336641018,0.3082702333225179,0.626829766677482,"[0.7482837139614273, 0.07496329929883516, 0.3348820322585857, 0.033758716293523894, 0.22044918150769655, 0.0839738835311109, 0.40721901677581285, 0.6461353253024735, 0.5651221852541979, 0.21904235753019574, 0.5472917585458388, 0.8127502930453432, 0.12178002030952495]",63.0,63.0,72.0,3.4095,3.4095,46.0469,46.0469,20.3188,20.3188,False,0,2.7414,0.124412,2.4101,0.7482837139614273,1.675884363168158,plus,False,1.7020621840719414,0.798793167393421,0.9032690166785204,True,True,1.0,False,100.0,116.59999999999992,0.0,False,"[""block_count_per_ring != 7 (missing or extra blocks)""]",0.2544821696438146,0.0486978647253789,0.0021709741105482
115,1-4,206,1-4/r206,bo,3179.3813305635817,"{""0"": {""K"": 0.0, ""B1"": 3057.1029997572623, ""A1"": 1056.675586661261, ""A2"": 2188.731270606431, ""A3"": 332.44950576577224, ""B2"": 2293.7295096610424}}",2.7397,0.1158520733134017,0.3082702333225179,0.626829766677482,"[0.9199598757417771, 0.7706150083885542, 0.8845784142816152, 0.3057510378070778, 0.6333134463560275, 0.0961948801405591, 0.6636948812676627, 0.4485408288192577, 0.5497344222958219, 0.2355437714946168, 0.28055969258825364, 0.5497334867078606, 0.04175238029232631]",49.0,49.0,70.0,3.591,3.591,26.042,26.042,13.7433,13.7433,False,0,2.7403,0.04481,2.4101,0.9199598757417772,1.7262114859475826,plus,False,1.4355816365827223,1.0710878307948248,0.3644938057878975,True,True,1.0,False,100.00000000000004,105.0,0.0,False,"[""block_count_per_ring != 7 (missing or extra blocks)""]",0.1821423533183776,0.0586774726860696,0.0002026338711155
116,1-4,206,1-4/r206,bo,3308.7059347530617,"{""0"": {""K"": 0.0, ""B1"": 1742.8464535269522, ""A1"": 308.08488458482435, ""A2"": 2485.243435235021, ""A3"": 132.90394956270825, ""B2"": 545.0517849402054}}",2.7397,0.258624715409484,0.3082702333225179,0.626829766677482,"[0.9573801894540109, 0.13193240706852738, 0.5042958488214561, 0.08914493188218298, 0.7191097902879112, 0.038456003924394744, 0.15771174332760574, 0.12312561751098494, 0.21508968146843277, 0.7836775382177714, 0.654750866371025, 0.6136685445620262, 0.05223590077817897]",24.0,24.0,34.0,9.6205,9.6205,54.1063,54.1063,15.3417,15.3417,False,0,2.7404,0.052046,2.4101,0.9573801894540108,1.669525374067335,plus,False,2.4460021083152768,2.0783777992400005,0.3676243090752762,True,True,1.0,False,100.00000000000004,132.9000000000001,0.0,False,"[""block_count_per_ring != 7 (missing or extra blocks)""]",0.281433656066656,0.0343484199741797,0.0024882755684191
117,1-4,206,1-4/r206,bo,1128.8541113553745,"{""0"": {""K"": 0.0, ""B1"": 3405.042441430999, ""A1"": 1311.530221968353, ""A2"": 100.72042869052284, ""A3"": 2267.8051803206254, ""B2"": 2404.662940635093}}",2.7397,0.1406143274478955,0.3082702333225179,0.626829766677482,"[0.3266360275912542, 0.9807543666609831, 0.9852553360622104, 0.3794936984862133, 0.029143642560915173, 0.6561936285649957, 0.6957936749522838, 0.511371122366959, 0.689167198970747, 0.0916569261090302, 0.7390509997225285, 0.6753382241532854, 0.17127373925915457]",53.0,53.0,86.0,2.0082,2.0082,60.4288,60.4288,16.8835,16.8835,False,0,2.742,0.167831,2.4101,0.3266360275912542,1.5800619055871976,plus,False,2.0482068657459167,1.39230521304769,0.6559016526982266,True,True,1.0,False,100.0,51.0,0.0,False,"[""block_count_per_ring != 7 (missing or extra blocks)""]",0.252557126018147,0.0458272842779234,0.0015587195871491
118,1-4,206,1-4/r206,bo,3377.7539889680984,"{""0"": {""K"": 0.0, ""B1"": 1965.661406347913, ""A1"": 526.2191911023765, ""A2"": 2077.560942181168, ""A3"": 304.1027730838564, ""B2"": 1017.7234525871099}}",2.7397,0.2152628790414199,0.3082702333225179,0.626829766677482,"[0.9773593718078989, 0.17153057636534963, 0.5687677680404841, 0.15226249742545617, 0.601146105955199, 0.08799270054509734, 0.2944801656791406, 0.5898279035688927, 0.9735581636434091, 0.4879930037920376, 0.36596773187218057, 0.29699366483980894, 0.06540671751165883]",59.0,59.0,117.0,6.3679,6.3679,32.4476,32.4476,7.4248,7.4248,False,0,2.7406,0.06652,2.4101,0.9773593718078988,1.7376490688155268,plus,False,1.6396937393958837,1.0119952300682462,0.6276985093276375,True,True,1.0,False,100.0,111.89999999999986,0.0,False,"[""block_count_per_ring != 7 (missing or extra blocks)""]",0.2383708811158839,0.0462811790177841,0.0007934437322498
119,1-4,206,1-4/r206,bo,2626.1321368143763,"{""0"": {""K"": 0.0, ""B1"": 312.7024670690903, ""A1"": 2323.821601615061, ""A2"": 3109.4521083292293, ""A3"": 2572.518907918063, ""B2"": 1699.1700560916256}}",2.7397,0.122260017560885,0.3082702333225179,0.626829766677482,"[0.7598761969949006, 0.9679508939894507, 0.090481037925084, 0.6724020838006542, 0.8997257257897076, 0.7443631099299951, 0.49165800234132684, 0.3885091207768201, 0.41859507890538694, 0.3730064516291208, 0.3205958206430003, 0.5419081473457713, 0.44477713002172725]",44.0,44.0,56.0,5.1031,5.1031,29.0447,29.0447,13.5477,13.5477,False,0,2.7458,0.442821,2.4101,0.7598761969949005,1.6230960600682474,minus,True,1.3843823326430589,2.049692089092719,0.6653097564496602,True,True,1.0,False,100.0,248.70000000000005,0.0,False,"[""block_count_per_ring != 7 (missing or extra blocks)""]",0.2641156408980253,0.0360037990111494,0.0010452485199762
0,5-5,258,5-5/r258,sam4tun_static,498.0180746720405,"{""0"": {""K"": 0.0, ""B1"": 290.59732045705584, ""A1"": 1017.1644337142133, ""A2"": 1743.7315469713708, ""A3"": 2470.298660228528, ""A4"": 3196.8657734856856, ""B2"": 3923.432886742843}}",3.7349,0.16318067643102,0.16318067643102,0.71131932356898,"[0.10710066121979367, 0.0, 0.06249404741011954, 0.21874503950843296, 0.3749960316067464, 0.5312470237050598, 0.6874980158033732, 0.8437490079016867, 0.29333333333333333, 0.24545454545454545, 1.0, 0.4266666666666667, 0.0, 0.0]",37.0,37.0,37.0,12.0,12.0,37.0,37.0,0.0,0.0,False,0,3.5949,0.0,3.157,0.1071006612197936,1.9135607065024491,plus,False,3.623754814359133,3.624022418905105,0.0002676045459724,True,True,1.0,True,100.0,290.6,1.0,True,[],,,
1,5-5,258,5-5/r258,intrinsic_r_otsu,2906.6939197117013,"{""0"": {""K"": 0.0, ""B1"": 3606.9384596401496, ""A1"": 1047.2134334562522, ""A2"": 1395.7732248371983, ""A3"": 4062.023521092618, ""A4"": 24.48366622992247, ""B2"": 3818.712145479863}}",3.7349,0.2324341652048754,0.2324341652048754,0.6420658347951246,"[0.625095466604667, 0.8972138009695755, 0.7756856902451935, 0.22520718999059186, 0.30016628491122543, 0.8735534453962619, 0.005265304565574724, 0.8212284183827663, 0.7970694287520462, 0.4679349528437208, 0.3030324268193135, 0.2784256121007733, 0.2548695876541246, 0.0]",75.0,75.0,61.0,4.3334,4.3334,25.8819,25.8819,6.3717,6.3717,False,0,3.5949,0.0,3.157,0.625095466604667,1.7020488428809706,plus,False,1.275319856767592,1.2569161137013436,0.0184037430662482,True,True,1.0,True,100.0,24.5,0.0,True,[],,,
2,5-5,258,5-5/r258,random,2346.149404154483,"{""0"": {""K"": 0.0, ""B1"": 4629.076317969926, ""A1"": 3685.8779243439517, ""A2"": 2893.1334169014062, ""A3"": 4598.664686720765, ""A4"": 1001.1854467955351, ""B2"": 744.9859574389772}}",3.7349,0.0685339896696363,0.2324341652048754,0.6420658347951246,"[0.5045482589579533, 0.5534973520744925, 0.9955002834343927, 0.7926619192137531, 0.6221792294411627, 0.9889601476818849, 0.21530869823559895, 0.16021203385784455, 0.6125396042730308, 0.04394200796138337, 0.03568027877359614, 0.5148888202713703, 0.4662060253252891, 0.9171677731928523]",61.0,61.0,15.0,1.3925,1.3925,43.6167,43.6167,11.6552,11.6552,False,0,3.7396,0.916898,3.157,0.5045482589579533,1.858356258546,plus,False,-0.3987182945825119,-0.557121011126735,0.158402716544223,True,True,1.0,True,100.0,20.90000000000009,0.0,True,[],,,
3,5-5,258,5-5/r258,random,2925.9020833831987,"{""0"": {""K"": 0.0, ""B1"": 2310.461474579795, ""A1"": 1150.9443874270883, ""A2"": 54.842218772652245, ""A3"": 894.6699695316945, ""A4"": 3217.949362100552, ""B2"": 932.8212665395276}}",3.7349,0.1548455806150175,0.2324341652048754,0.6420658347951246,"[0.6292262544910104, 0.5141176465995139, 0.49687343539350426, 0.24751492202733083, 0.01179402554250586, 0.19240214398531064, 0.6920321208818392, 0.2006067239869952, 0.3695363106022067, 0.0037342420520759534, 0.8300477298017456, 0.15446108106143985, 0.26759930456378545, 0.8803321539808286]",43.0,43.0,10.0,10.1305,10.1305,16.5846,16.5846,6.69,6.69,False,0,3.7338,0.880138,3.157,0.6292262544910104,1.8730249625200213,minus,True,1.4651391713753994,2.00715905319381,0.5420198818184105,True,True,1.0,True,100.0,38.09999999999991,0.0,True,[],,,
4,5-5,258,5-5/r258,random,2370.527265888168,"{""0"": {""K"": 0.0, ""B1"": 2974.684826282747, ""A1"": 3449.2349052326354, ""A2"": 425.4545635431623, ""A3"": 2516.318769400673, ""A4"": 2361.1408987966274, ""B2"": 4051.728101621895}}",3.7349,0.1246326814884803,0.2324341652048754,0.6420658347951246,"[0.5097908098684232, 0.8471502463658693, 0.6397171669425262, 0.7417709473618571, 0.09149560506304566, 0.5411438213764888, 0.50777223630035, 0.8713393766928806, 0.3612640590141576, 0.5981840672072131, 0.05925164234550362, 0.3876318011107287, 0.32303634625820665, 0.15019972907045187]",42.0,42.0,76.0,1.6518,1.6518,34.0724,34.0724,8.0759,8.0759,False,0,3.6186,0.150017,3.157,0.5097908098684232,1.7352813753567913,plus,False,1.0888691935996375,0.9949212188572916,0.0939479747423458,True,True,1.0,True,100.0,155.10000000000002,0.0,True,[],,,
5,5-5,258,5-5/r258,random,3795.972182758702,"{""0"": {""K"": 0.0, ""B1"": 4551.17766251218, ""A1"": 2743.461372499338, ""A2"": 2813.5115803088083, ""A3"": 2966.6841006657446, ""A4"": 3145.4936337294657, ""B2"": 701.1642891329145}}",3.7349,0.0983848879835958,0.2324341652048754,0.6420658347951246,"[0.8163381038190757, 0.37944617155031246, 0.9787478844112216, 0.5899916930106103, 0.6050562538298513, 0.6379965807883322, 0.6764502438127883, 0.1507880191683687, 0.44031346718818754, 0.23956396182952333, 0.40249829810398163, 0.09670409393174562, 0.9678280510488214, 0.21500403735588003]",48.0,48.0,36.0,5.4275,5.4275,12.2528,12.2528,24.1957,24.1957,False,0,3.6289,0.215297,3.157,0.8163381038190757,1.4704178581757068,plus,False,1.296722533367341,0.1933697088662705,1.1033528245010704,True,True,1.0,True,100.0,70.09999999999991,0.0,True,[],,,
6,5-5,258,5-5/r258,random,3123.708006142475,"{""0"": {""K"": 0.0, ""B1"": 4064.458171595196, ""A1"": 3079.2985332738103, ""A2"": 612.0135435086216, ""A3"": 3929.595592066671, ""A4"": 4394.008995824155, ""B2"": 4203.213065111059}}",3.7349,0.0706440455981904,0.2324341652048754,0.6420658347951246,"[0.6717651626112849, 0.3004200814790703, 0.8740770261495044, 0.6622147383384538, 0.13161581580830573, 0.8450743208745529, 0.9449481711449795, 0.9039167881959268, 0.5697191478592772, 0.1454599537609269, 0.19246349496833237, 0.9279056847445244, 0.5523264876672638, 0.18055249844891164]",58.0,58.0,26.0,3.1171,3.1171,74.5929,74.5929,13.8082,13.8082,False,0,3.6234,0.180439,3.157,0.6717651626112849,1.7354254627337802,plus,False,0.4595772934494836,0.432233729012701,0.0273435644367826,True,True,1.0,True,100.0,134.89999999999964,0.0,True,[],,,
7,5-5,258,5-5/r258,random,4110.864558013585,"{""0"": {""K"": 0.0, ""B1"": 2649.078376303207, ""A1"": 1749.7384380041285, ""A2"": 1910.9420620306537, ""A3"": 1113.6248389705786, ""A4"": 176.96638311426176, ""B2"": 4074.4174577081103}}",3.7349,0.0795920168715937,0.2324341652048754,0.6420658347951246,"[0.8840568941964699, 0.6415717052224807, 0.5696942744738079, 0.3762878361299201, 0.41095528215712984, 0.23948921268184487, 0.03805728669123909, 0.876218808109271, 0.4677302168140961, 0.5476351992137353, 0.3221633097802251, 0.7513249198549279, 0.025196870801760363, 0.37218527256520395]",50.0,50.0,70.0,4.5438,4.5438,61.3494,61.3494,0.6299,0.6299,False,0,3.6537,0.372476,3.157,0.8840568941964699,1.7244218378159588,minus,True,1.8766001655914537,2.7294812044379104,0.8528810388464567,True,True,1.0,True,100.0,161.20000000000005,0.0,True,[],,,
8,5-5,258,5-5/r258,random,141.12886888611908,"{""0"": {""K"": 0.0, ""B1"": 4497.23929459776, ""A1"": 3058.587394679092, ""A2"": 1991.224145711088, ""A3"": 2435.3915017837335, ""A4"": 4058.562819826201, ""B2"": 1600.5796015315218}}",3.7349,0.1911204297667768,0.2324341652048754,0.6420658347951246,"[0.03035029438411163, 0.12289210220500935, 0.9671482353973677, 0.6577607300385144, 0.4282202463894813, 0.5237401079104803, 0.8728092085647744, 0.3442106669960262, 0.5902909822897147, 0.6836843733395437, 0.35541377702351207, 0.5190984864959901, 0.7652473832785226, 0.9091793139905502]",59.0,59.0,85.0,4.9096,4.9096,43.9324,43.9324,19.1312,19.1312,False,0,3.7384,0.909293,3.157,0.0303502943841116,1.8142393329605413,plus,False,-1.8522850456967568,-2.06748188266673,0.2151968369699726,True,True,1.0,True,100.0,152.70000000000073,0.0,True,[],,,
9,5-5,258,5-5/r258,random,702.439593057192,"{""0"": {""K"": 0.0, ""B1"": 24.081726041759467, ""A1"": 3501.345391729556, ""A2"": 3768.9497609751897, ""A3"": 635.9528396730042, ""A4"": 1947.901976746311, ""B2"": 3790.9416926769622}}",3.7349,0.1041110019606233,0.2324341652048754,0.6420658347951246,"[0.1510622780768155, 0.9334193923074285, 0.005178865815432143, 0.752977503597754, 0.8105268303172452, 0.13676405154258153, 0.41890365091318515, 0.8152562779950456, 0.014271189684610608, 0.6284619478662907, 0.7930236580980341, 0.5130035828222085, 0.7258494205510871, 0.22642348269714407]",16.0,16.0,79.0,9.7233,9.7233,43.4753,43.4753,18.1462,18.1462,False,0,3.6307,0.226705,3.157,0.1510622780768155,1.5982099193957546,plus,False,1.39748309058874,1.2187743642339612,0.1787087263547786,True,True,1.0,True,100.0,22.0,0.0,True,[],,,
10,5-5,258,5-5/r258,random,923.1233381659288,"{""0"": {""K"": 0.0, ""B1"": 834.2380281872313, ""A1"": 1609.1856918730248, ""A2"": 4408.776885560288, ""A3"": 2665.997136891712, ""A4"": 1581.3165135069053, ""B2"": 1262.5894821108516}}",3.7349,0.0705132932630259,0.2324341652048754,0.6420658347951246,"[0.19852114799267284, 0.3631269505503516, 0.17940602756714652, 0.34606143911247844, 0.9481240614108147, 0.5733327176111209, 0.34006806742083984, 0.2715246198087853, 0.9520394907075223, 0.44447820964711326, 0.9803947508805895, 0.515522669106271, 0.521166129026224, 0.8965405237160008]",86.0,86.0,59.0,11.7843,11.7843,43.6642,43.6642,13.0292,13.0292,False,0,3.7364,0.896617,3.157,0.1985211479926728,1.812933477081816,plus,False,-0.0668613344532113,0.0147273250122528,0.0815886594654642,True,True,1.0,True,100.0,27.90000000000009,0.0,True,[],,,
11,5-5,258,5-5/r258,random,3453.8684946999338,"{""0"": {""K"": 0.0, ""B1"": 1983.9201928386012, ""A1"": 4083.5735462950042, ""A2"": 1914.154597067031, ""A3"": 4290.832029183373, ""A4"": 319.5263873666561, ""B2"": 1999.4854078404082}}",3.7349,0.0917233649339661,0.2324341652048754,0.6420658347951246,"[0.7427674182150396, 0.5806528638528226, 0.4266495038362583, 0.8781878594182805, 0.4116461499068884, 0.9227595761684675, 0.06871535212186153, 0.42999686190116304, 0.519514819877859, 0.9509381955818498, 0.25099924666475815, 0.8060391472621088, 0.6764711999985934, 0.717085904281123]",54.0,54.0,115.0,3.761,3.761,65.4529,65.4529,16.9118,16.9118,False,0,3.7081,0.717255,3.157,0.7427674182150396,1.8885443468618484,plus,False,1.517037933131731,0.4104470239936031,1.106590909138128,True,True,1.0,True,100.0,15.600000000000025,0.0,True,[],,,
12,5-5,258,5-5/r258,perturb_wrong_r_low,2906.6939197117013,"{""0"": {""K"": 0.0, ""B1"": 3606.9384596401496, ""A1"": 1047.2134334562522, ""A2"": 1395.7732248371983, ""A3"": 4062.023521092618, ""A4"": 24.48366622992247, ""B2"": 3818.712145479863}}",3.7349,0.2324341652048754,0.2324341652048754,0.6420658347951246,"[0.625095466604667, 0.0, 0.7756856902451935, 0.22520718999059186, 0.30016628491122543, 0.8735534453962619, 0.005265304565574724, 0.8212284183827663, 0.7970694287520462, 0.4679349528437208, 0.3030324268193135, 0.2784256121007733, 0.2548695876541246, 0.05]",75.0,75.0,61.0,4.3334,4.3334,25.8819,25.8819,6.3717,6.3717,False,0,3.6028,0.049879,3.157,0.625095466604667,1.7020488428809706,plus,False,1.275319856767592,1.2569161137013436,0.0184037430662482,True,True,1.0,True,100.0,24.5,0.0,True,[],,,
13,5-5,258,5-5/r258,perturb_misaligned,2977.1394633549808,"{""0"": {""K"": 0.0, ""B1"": 3695.8139133280074, ""A1"": 939.3294293722428, ""A2"": 1653.2069962001412, ""A3"": 4042.9622606567254, ""A4"": 95.96394324454049, ""B2"": 3894.168356095903}}",3.7349,0.245944737602976,0.245944737602976,0.6285552623970241,"[0.6402450458827915, 0.0, 0.7947986910382812, 0.2020063288972565, 0.35552838627960026, 0.8694542496035969, 0.020637407149363546, 0.8374555604507319, 0.7970694287520462, 0.4679349528437208, 0.3030324268193135, 0.2784256121007733, 0.2548695876541246, 0.0]",75.0,75.0,61.0,4.3334,4.3334,25.8819,25.8819,6.3717,6.3717,False,0,3.5949,0.0,3.157,0.6402450458827915,1.7400762948796062,plus,False,1.248054033716154,1.2803325528719127,0.0322785191557586,True,True,1.0,True,100.0,96.0,0.0,True,[],,,
14,5-5,258,5-5/r258,perturb_weak_hough,2906.6939197117013,"{""0"": {""K"": 0.0, ""B1"": 3606.9384596401496, ""A1"": 1047.2134334562522, ""A2"": 1395.7732248371983, ""A3"": 4062.023521092618, ""A4"": 24.48366622992247, ""B2"": 3818.712145479863}}",3.7349,0.2324341652048754,0.245944737602976,0.6285552623970241,"[0.625095466604667, 0.0, 0.7756856902451935, 0.22520718999059186, 0.30016628491122543, 0.8735534453962619, 0.005265304565574724, 0.8212284183827663, 0.9760253225737584, 0.8668608612238868, 0.3030324268193135, 0.2784256121007733, 0.2548695876541246, 0.0]",88.0,88.0,105.0,4.3334,4.3334,25.8819,25.8819,6.3717,6.3717,False,0,3.5949,0.0,3.157,0.625095466604667,1.7020488428809706,plus,False,1.275319856767592,1.2569161137013436,0.0184037430662482,True,True,1.0,True,100.0,24.5,0.0,True,[],,,
15,5-5,258,5-5/r258,perturb_offset_shift,2906.6939197117013,"{""0"": {""K"": 0.0, ""B1"": 3420.2109681199886, ""A1"": 933.6889580584298, ""A2"": 1064.2227403074824, ""A3"": 3560.609246776472, ""A4"": 0.0, ""B2"": 4282.370412670145}}",3.7349,0.1004011094853804,0.245944737602976,0.6285552623970241,"[0.625095466604667, 0.0, 0.7355292404559115, 0.2007933243136408, 0.22886510544246932, 0.7657224186616068, 0.0, 0.9209398736925043, 0.7970694287520462, 0.4679349528437208, 0.3030324268193135, 0.2784256121007733, 0.2548695876541246, 0.0]",75.0,75.0,61.0,4.3334,4.3334,25.8819,25.8819,6.3717,6.3717,False,0,3.5949,0.0,3.157,0.625095466604667,1.642821064175673,plus,False,0.5438298653578828,0.4215318358839619,0.1222980294739208,True,True,1.0,True,100.0,0.0,0.0,True,[],,,
16,5-5,258,5-5/r258,perturb_guardrail_smoke,93.0,"{""0"": {""K"": 0.0, ""B1"": 1713.802258328142, ""A1"": 2201.5659687796747, ""A2"": 2693.3219733716637, ""A3"": 2764.7343946670217, ""A4"": 2645.8350023578805, ""B2"": 1785.420908772686}}",3.7349,0.0944055469626146,0.245944737602976,0.6285552623970241,"[0.02, 0.0, 0.36855962544691223, 0.47345504704939245, 0.5792090265315406, 0.5945665364875315, 0.5689967747006195, 0.3839614857575669, 0.7970694287520462, 0.4679349528437208, 0.3030324268193135, 0.2784256121007733, 0.2548695876541246, 0.0]",75.0,75.0,61.0,4.3334,4.3334,25.8819,25.8819,6.3717,6.3717,False,0,3.5949,0.0,3.157,0.02,1.564128987353704,plus,False,-1.143919039712012,-1.3352229726997298,0.1913039329877177,True,True,1.0,True,100.0,47.5,0.0,True,[],,,
17,5-5,258,5-5/r258,perturb_wrong_r_high,2906.6939197117013,"{""0"": {""K"": 0.0, ""B1"": 3606.9384596401496, ""A1"": 1047.2134334562522, ""A2"": 1395.7732248371983, ""A3"": 4062.023521092618, ""A4"": 24.48366622992247, ""B2"": 3818.712145479863}}",3.7349,0.1865317885599499,0.245944737602976,0.6285552623970241,"[0.625095466604667, 0.0, 0.7756856902451935, 0.22520718999059186, 0.30016628491122543, 0.8735534453962619, 0.005265304565574724, 0.8212284183827663, 0.7970694287520462, 0.4679349528437208, 0.3030324268193135, 0.2784256121007733, 0.2548695876541246, 0.95]",75.0,75.0,61.0,4.3334,4.3334,25.8819,25.8819,6.3717,6.3717,False,0,3.7448,0.949855,3.157,0.625095466604667,1.7020488428809706,plus,False,1.275319856767592,1.2569161137013436,0.0184037430662482,True,True,1.0,True,100.0,24.5,0.0,True,[],,,
18,5-5,258,5-5/r258,perturb_ambiguous_lines,2906.6939197117013,"{""0"": {""K"": 0.0, ""B1"": 3606.9384596401496, ""A1"": 1047.2134334562522, ""A2"": 1395.7732248371983, ""A3"": 4062.023521092618, ""A4"": 24.48366622992247, ""B2"": 3818.712145479863}}",3.7349,0.2324341652048754,0.245944737602976,0.6285552623970241,"[0.625095466604667, 0.0, 0.7756856902451935, 0.22520718999059186, 0.30016628491122543, 0.8735534453962619, 0.005265304565574724, 0.8212284183827663, 0.7970694287520462, 0.4679349528437208, 0.9405668537975298, 0.9218794742334437, 0.2548695876541246, 0.0]",75.0,75.0,61.0,11.3462,11.3462,74.141,74.141,6.3717,6.3717,False,0,3.5949,0.0,3.157,0.625095466604667,1.7020488428809706,plus,False,1.275319856767592,1.2569161137013436,0.0184037430662482,True,True,1.0,True,100.0,24.5,0.0,True,[],,,
19,5-5,258,5-5/r258,perturb_small_segment,2906.6939197117013,"{""0"": {""K"": 0.0, ""B1"": 325.50000000000006, ""A1"": 1023.0, ""A2"": 1720.5, ""A3"": 2418.0, ""A4"": 3115.5, ""B2"": 3813.0000000000005}}",3.7349,0.2119556153511374,0.245944737602976,0.6285552623970241,"[0.625095466604667, 0.0, 0.07, 0.22, 0.37, 0.52, 0.67, 0.8200000000000001, 0.7970694287520462, 0.4679349528437208, 0.3030324268193135, 0.2784256121007733, 0.2548695876541246, 0.0]",75.0,75.0,61.0,4.3334,4.3334,25.8819,25.8819,6.3717,6.3717,False,0,3.5949,0.0,3.157,0.625095466604667,1.917651908306252,plus,False,3.825499999999999,3.4366111111111106,0.3888888888888884,True,True,1.0,True,100.0,325.5,1.0,True,[],,,
20,5-5,258,5-5/r258,perturb_wrong_k,2080.273336163994,"{""0"": {""K"": 0.0, ""B1"": 3606.9384596401496, ""A1"": 1047.2134334562522, ""A2"": 1395.7732248371983, ""A3"": 4062.023521092618, ""A4"": 24.48366622992247, ""B2"": 3818.712145479863}}",3.7349,0.1480027632289961,0.245944737602976,0.6285552623970241,"[0.4473706099277406, 0.0, 0.7756856902451935, 0.22520718999059186, 0.30016628491122543, 0.8735534453962619, 0.005265304565574724, 0.8212284183827663, 0.7970694287520462, 0.4679349528437208, 0.3030324268193135, 0.2784256121007733, 0.2548695876541246, 0.0]",75.0,75.0,61.0,4.3334,4.3334,25.8819,25.8819,6.3717,6.3717,False,0,3.5949,0.0,3.157,0.4473706099277406,1.7020488428809706,plus,False,1.2752789434897678,1.2568762032705354,0.0184027402192323,True,True,1.0,True,100.0,24.5,0.0,True,[],,,
21,5-5,258,5-5/r258,perturb_wrong_k,3605.913371728257,"{""0"": {""K"": 0.0, ""B1"": 3606.9384596401496, ""A1"": 1047.2134334562522, ""A2"": 1395.7732248371983, ""A3"": 4062.023521092618, ""A4"": 24.48366622992247, ""B2"": 3818.712145479863}}",3.7349,0.0714993328211556,0.245944737602976,0.6285552623970241,"[0.7754652412318832, 0.0, 0.7756856902451935, 0.22520718999059186, 0.30016628491122543, 0.8735534453962619, 0.005265304565574724, 0.8212284183827663, 0.7970694287520462, 0.4679349528437208, 0.3030324268193135, 0.2784256121007733, 0.2548695876541246, 0.0]",75.0,75.0,61.0,4.3334,4.3334,25.8819,25.8819,6.3717,6.3717,False,0,3.5949,0.0,3.157,0.7754652412318832,1.7020488428809706,plus,False,1.275275938848223,1.256814851113634,0.0184610877345892,True,True,1.0,True,100.0,24.5,0.0,True,[],,,
22,5-5,258,5-5/r258,perturb_wrong_r_low,2906.6939197117013,"{""0"": {""K"": 0.0, ""B1"": 3606.9384596401496, ""A1"": 1047.2134334562522, ""A2"": 1395.7732248371983, ""A3"": 4062.023521092618, ""A4"": 24.48366622992247, ""B2"": 3818.712145479863}}",3.7349,0.2324341652048754,0.245944737602976,0.6285552623970241,"[0.625095466604667, 0.0, 0.7756856902451935, 0.22520718999059186, 0.30016628491122543, 0.8735534453962619, 0.005265304565574724, 0.8212284183827663, 0.7970694287520462, 0.4679349528437208, 0.3030324268193135, 0.2784256121007733, 0.2548695876541246, 0.05]",75.0,75.0,61.0,4.3334,4.3334,25.8819,25.8819,6.3717,6.3717,False,0,3.6028,0.049879,3.157,0.625095466604667,1.7020488428809706,plus,False,1.275319856767592,1.2569161137013436,0.0184037430662482,True,True,1.0,True,100.0,24.5,0.0,True,[],,,
23,5-5,258,5-5/r258,perturb_misaligned,2977.1394633549808,"{""0"": {""K"": 0.0, ""B1"": 3695.8139133280074, ""A1"": 939.3294293722428, ""A2"": 1653.2069962001412, ""A3"": 4042.9622606567254, ""A4"": 95.96394324454049, ""B2"": 3894.168356095903}}",3.7349,0.245944737602976,0.245944737602976,0.6285552623970241,"[0.6402450458827915, 0.0, 0.7947986910382812, 0.2020063288972565, 0.35552838627960026, 0.8694542496035969, 0.020637407149363546, 0.8374555604507319, 0.7970694287520462, 0.4679349528437208, 0.3030324268193135, 0.2784256121007733, 0.2548695876541246, 0.0]",75.0,75.0,61.0,4.3334,4.3334,25.8819,25.8819,6.3717,6.3717,False,0,3.5949,0.0,3.157,0.6402450458827915,1.7400762948796062,plus,False,1.248054033716154,1.2803325528719127,0.0322785191557586,True,True,1.0,True,100.0,96.0,0.0,True,[],,,
24,5-5,258,5-5/r258,bo,2982.026678989712,"{""0"": {""K"": 0.0, ""B1"": 4006.735321281128, ""A1"": 1361.3414067480799, ""A2"": 4630.8344096736055, ""A3"": 819.3573064999333, ""A4"": 210.61455607783677, ""B2"": 3827.6120692204277}}",3.7349,0.0708443413002884,0.245944737602976,0.6285552623970241,"[0.6412960599977875, 0.6530534984599377, 0.8616635099529307, 0.29276159284904946, 0.9958783676717431, 0.17620587236557705, 0.045293452919964894, 0.8231423804775113, 0.17437577102696922, 0.3354899724374736, 0.5130873509619429, 0.1111590493508341, 0.42377796301087345, 0.3538691712204599]",28.0,28.0,47.0,6.644,6.644,13.3369,13.3369,10.5944,10.5944,False,0,3.6508,0.354096,3.157,0.6412960599977875,1.804127398098383,plus,False,0.6545791186919376,0.8912143034554596,0.2366351847635219,True,True,1.0,True,100.0,19.09999999999991,0.0,True,[],0.2144306847263948,0.0316975146691776,0.0014136321977509
25,5-5,258,5-5/r258,bo,2974.6133277516133,"{""0"": {""K"": 0.0, ""B1"": 4556.100240489942, ""A1"": 4504.211314259, ""A2"": 1537.1050514626975, ""A3"": 4163.839060083672, ""A4"": 677.6992916280191, ""B2"": 1506.764635594105}}",3.7349,0.1445668877927858,0.245944737602976,0.6285552623970241,"[0.6397017909143254, 0.9022370561444689, 0.9798065033311704, 0.968647594464301, 0.3305602261210102, 0.8954492602330477, 0.14574178314581054, 0.3240354055041086, 0.8118652071281192, 0.4123748764211832, 0.7879254628286285, 0.006864739714199319, 0.8880368149278324, 0.288479198024004]",76.0,76.0,55.0,9.6672,9.6672,5.5149,5.5149,22.2009,22.2009,False,0,3.6404,0.288182,3.157,0.6397017909143254,1.7963888905149277,plus,False,-0.0404744139595932,-0.0100137418407418,0.0304606721188513,True,True,1.0,True,100.0,30.300000000000185,0.0,True,[],0.1910441025549065,0.0464993380309671,0.0017211330927893
26,5-5,258,5-5/r258,bo,3030.082026664016,"{""0"": {""K"": 0.0, ""B1"": 3602.1980519460517, ""A1"": 503.84838709413367, ""A2"": 3806.654405654818, ""A3"": 2403.347619650611, ""A4"": 3644.5365069577833, ""B2"": 4484.908274889032}}",3.7349,0.1420494415376312,0.245944737602976,0.6285552623970241,"[0.6516305433686056, 0.9950850727456587, 0.7746662477303337, 0.10835449184820078, 0.8186353560547996, 0.5168489504624969, 0.7837712918188782, 0.9644964032019424, 0.48510883442475805, 0.7564214918174129, 0.88324075448732, 0.47996406030571315, 0.13410240697232023, 0.20913537402215354]",51.0,51.0,93.0,10.7156,10.7156,40.9973,40.9973,3.3526,3.3526,False,0,3.6279,0.208959,3.157,0.6516305433686056,1.711304977160918,plus,False,0.4957033566262224,0.4153641014732528,0.0803392551529695,True,True,1.0,True,100.0,42.29999999999996,0.0,True,[],0.1817570853857902,0.046321313663014,0.0010725744520817
27,5-5,258,5-5/r258,bo,2870.0587862054545,"{""0"": {""K"": 0.0, ""B1"": 3080.955471137717, ""A1"": 1441.416995980838, ""A2"": 2366.1133631778393, ""A3"": 4085.9740809086816, ""A4"": 696.8048872536231, ""B2"": 2739.687091976905}}",3.7349,0.1768776347025125,0.245944737602976,0.6285552623970241,"[0.6172169432699902, 0.5085933600635767, 0.6625710690618746, 0.3099821496732985, 0.5088415834791052, 0.8787041034212218, 0.14985051338787592, 0.5891800197799796, 0.08877280977114077, 0.7847037167782209, 0.38351960086327586, 0.9206202235935154, 0.22783844199537084, 0.22950475478067145]",22.0,22.0,96.0,5.2187,5.2187,74.0465,74.0465,5.696,5.696,False,0,3.6311,0.22924,3.157,0.6172169432699902,1.873266232372985,minus,True,0.132999781183247,1.2804486054759472,1.1474488242927,True,True,1.0,True,100.0,341.29999999999995,0.0,True,[],0.1914096488026439,0.042551725564641,0.0012005439987201
28,5-5,258,5-5/r258,bo,2981.7635547313785,"{""0"": {""K"": 0.0, ""B1"": 26.04459603981606, ""A1"": 1080.2722732855636, ""A2"": 1378.542060052226, ""A3"": 643.4756861964966, ""A4"": 4483.845226211767, ""B2"": 3801.5439660346824}}",3.7349,0.1137742993948942,0.245944737602976,0.6285552623970241,"[0.6412394741357803, 0.06631570964317146, 0.005600988395659368, 0.23231661791087388, 0.2964606580757475, 0.13838186799924657, 0.9642677905831758, 0.8175363367816522, 0.39770499156152217, 0.7943769261231267, 0.09209784053218062, 0.25522752607991783, 0.2449039161870984, 0.2929808707211561]",45.0,45.0,97.0,2.0131,2.0131,24.1421,24.1421,6.1226,6.1226,False,0,3.6412,0.293253,3.157,0.6412394741357803,1.528726833133501,plus,False,1.462393214225476,1.4270629525403702,0.0353302616851056,True,True,1.0,True,100.0,26.0,0.0,True,[],0.1810304760779303,0.0445183257735519,0.0008489460594938
29,5-5,258,5-5/r258,bo,2855.640609796612,"{""0"": {""K"": 0.0, ""B1"": 1249.002926385582, ""A1"": 4022.499280557619, ""A2"": 746.3199436902845, ""A3"": 3735.9368286779913, ""A4"": 85.86836575553089, ""B2"": 3750.880987803313}}",3.7349,0.0910911941801268,0.245944737602976,0.6285552623970241,"[0.6141162601713144, 0.6986242229161587, 0.26860277986786707, 0.8650536087220686, 0.16049891262156657, 0.8034272749845143, 0.0184663152162432, 0.8066410726458738, 0.4459944750879943, 0.8681191644014158, 0.16231417287847227, 0.7442408633449958, 0.6232826622985463, 0.2745283893246292]",48.0,48.0,105.0,2.7855,2.7855,60.8181,60.8181,15.5821,15.5821,False,0,3.6382,0.274239,3.157,0.6141162601713144,1.812403051418466,minus,True,0.8665339765345361,2.0258690333582727,1.1593350568237366,True,True,1.0,True,100.0,14.900000000000093,0.0,True,[],0.2147135778860252,0.0326974041442599,0.001616447398215
30,5-5,258,5-5/r258,bo,509.6169098408423,"{""0"": {""K"": 0.0, ""B1"": 1305.892999821587, ""A1"": 1825.8192806525253, ""A2"": 397.5038814926765, ""A3"": 3334.9509970355157, ""A4"": 3120.7847420348494, ""B2"": 1716.3474053619464}}",3.7349,0.161449622491606,0.245944737602976,0.6285552623970241,"[0.10959503437437468, 0.7283612441787629, 0.28083720426270686, 0.39264930766720973, 0.08548470569734978, 0.7171937628033367, 0.6711365036634085, 0.36910696889504224, 0.6284063448893175, 0.8887497762139768, 0.5137497235051487, 0.5042009461688607, 0.7622632711021828, 0.6481323600850345]",62.0,62.0,108.0,6.6512,6.6512,42.8151,42.8151,19.0566,19.0566,False,0,3.6972,0.648173,3.157,0.1095950343743746,1.81944251795178,minus,True,0.7462372736201945,1.0094348658900285,0.2631975922698339,True,True,1.0,True,100.0,109.40000000000008,0.0,True,[],0.1557429480951358,0.049896270893521,0.0004144340782975
31,5-5,258,5-5/r258,bo,160.66107609915633,"{""0"": {""K"": 0.0, ""B1"": 11.134296420747447, ""A1"": 4526.951138847911, ""A2"": 706.6681720222439, ""A3"": 2022.1650301550794, ""A4"": 267.85701240441364, ""B2"": 1686.7643073142215}}",3.7349,0.1608048959819365,0.245944737602976,0.6285552623970241,"[0.03455076905358201, 0.40514404867889453, 0.002394472348547838, 0.9735378793221314, 0.15197164989725676, 0.4348742000333504, 0.05760365858159433, 0.36274501232563905, 0.3614927963967369, 0.17930925189979785, 0.9064760059240565, 0.28532887584736943, 0.7750419693545458, 0.23359863795943037]",42.0,42.0,30.0,10.9712,10.9712,26.3997,26.3997,19.376,19.376,False,0,3.6318,0.233677,3.157,0.034550769053582,1.649251264913698,plus,False,0.9779987055020234,0.9380679129453466,0.0399307925566767,True,True,1.0,True,100.0,11.100000000000025,0.0,True,[],0.1656705050632229,0.0457457364016581,0.0004169958519357
32,5-5,258,5-5/r258,bo,2991.615387138708,"{""0"": {""K"": 0.0, ""B1"": 4629.200703506824, ""A1"": 3697.7859488128493, ""A2"": 1554.5525785939383, ""A3"": 4038.4262418977505, ""A4"": 535.1133965880873, ""B2"": 4258.9808807231175}}",3.7349,0.0938787296532801,0.245944737602976,0.6285552623970241,"[0.643358147771765, 0.6293086096355457, 0.9955270330122201, 0.7952227846909353, 0.33431238249332007, 0.868478761698441, 0.11507814980388975, 0.9159098668221758, 0.11301036246237939, 0.8984564359181827, 0.9951321014330863, 0.444308460587853, 0.37927277042044516, 0.06304996078950365]",23.0,23.0,109.0,11.9465,11.9465,38.3231,38.3231,9.4818,9.4818,False,0,3.6049,0.063188,3.157,0.643358147771765,1.7819323823817967,plus,False,0.5515650937813656,0.3383251550779907,0.2132399387033748,True,True,1.0,True,100.0,20.799999999999727,0.0,True,[],0.226482924447702,0.0268439339127345,0.0018510592722453
33,5-5,258,5-5/r258,bo,2864.029250231407,"{""0"": {""K"": 0.0, ""B1"": 968.2588777740492, ""A1"": 1189.3250229119758, ""A2"": 1164.0886530823273, ""A3"": 2591.3479510105362, ""A4"": 3421.0481641892025, ""B2"": 2638.094782719712}}",3.7349,0.2267963492522772,0.245944737602976,0.6285552623970241,"[0.6159202688669693, 0.1755227470772902, 0.20822771565033316, 0.2557688221316077, 0.2503416458241564, 0.5572791292495777, 0.7357092826213338, 0.5673322113375725, 0.09021131944948768, 0.7124237627724433, 0.14765517006768392, 0.8444371218282634, 0.3907306854010222, 0.6201148814621897]",22.0,22.0,88.0,2.6242,2.6242,68.3328,68.3328,9.7683,9.7683,False,0,3.6928,0.620286,3.157,0.6159202688669693,1.6528927022997832,plus,False,-0.0060503792639833,-0.4569365596944896,0.4508861804305063,True,True,1.0,True,100.0,25.300000000000185,0.0,True,[],0.1726028413506197,0.0443325782581754,0.000516219388527
34,5-5,258,5-5/r258,bo,3012.242699433136,"{""0"": {""K"": 0.0, ""B1"": 2426.617786168253, ""A1"": 2349.7372753321874, ""A2"": 3806.679748756247, ""A3"": 2484.0264537094627, ""A4"": 4103.580325950967, ""B2"": 521.7724098636255}}",3.7349,0.0717150649767367,0.245944737602976,0.6285552623970241,"[0.6477941289103518, 0.9350477056409705, 0.5218532873480114, 0.5053198441574597, 0.8186408061841391, 0.5341992373568737, 0.8824903926776272, 0.11220912040077968, 0.7724112227207462, 0.34096199606208133, 0.3213785086324925, 0.25841137392154445, 0.37953009187853226, 0.5480821939643198]",73.0,73.0,48.0,4.5352,4.5352,24.3809,24.3809,9.4883,9.4883,False,0,3.6814,0.548035,3.157,0.6477941289103518,1.8287463462904412,plus,False,1.577786798634909,0.4074008868682426,1.1703859117666664,True,True,1.0,True,100.0,57.39999999999998,0.0,True,[],0.1908440342584034,0.0432852853006845,0.0012570548600796
35,5-5,258,5-5/r258,bo,2799.5521558390706,"{""0"": {""K"": 0.0, ""B1"": 550.4272234613704, ""A1"": 4640.264031069765, ""A2"": 215.4526771803358, ""A3"": 4344.089272982957, ""A4"": 2238.045150389795, ""B2"": 3955.6421912992673}}",3.7349,0.074412406884151,0.245944737602976,0.6285552623970241,"[0.6020542270621657, 0.8736486892302456, 0.11837144590567106, 0.9979062432408098, 0.04633390907103996, 0.9342127468780551, 0.48130003234189134, 0.8506757400643585, 0.8759999687537615, 0.33264925178750526, 0.11005264044978647, 0.09768179725713222, 0.016550771429057587, 0.34558265156637025]",81.0,81.0,47.0,2.2106,2.2106,12.3261,12.3261,0.4138,0.4138,False,0,3.6495,0.345857,3.157,0.6020542270621657,1.6317842784826464,minus,True,1.0742989733625508,1.8704806519215431,0.7961816785589924,True,True,1.0,True,100.0,9.799999999999727,0.0,True,[],0.1866979810289683,0.0460762288418969,0.0013415249804325
36,5-5,258,5-5/r258,bo,2790.523552680283,"{""0"": {""K"": 0.0, ""B1"": 4561.647356890477, ""A1"": 1120.9647312311688, ""A2"": 1134.0867388674749, ""A3"": 2400.2113128953806, ""A4"": 1170.98012165454, ""B2"": 2336.3738735357015}}",3.7349,0.0801373242603534,0.245944737602976,0.6285552623970241,"[0.6001125919742544, 0.4936688204630958, 0.9809994315893499, 0.2410676841357352, 0.24388962126182256, 0.5161744758914797, 0.25182368207624517, 0.502445994308753, 0.03406716585765568, 0.12169095967440058, 0.20198556295507153, 0.05251502366953664, 0.5768023748051606, 0.19488007892051284]",18.0,18.0,23.0,3.2218,3.2218,8.9386,8.9386,14.4201,14.4201,False,0,3.6257,0.195016,3.157,0.6001125919742544,1.6518928376650857,plus,False,-0.6939833288937338,-0.681088110916668,0.0128952179770658,True,True,1.0,True,100.0,13.099999999999907,0.0,True,[],0.1977678428820606,0.0401146240761964,0.0013155009610374
37,5-5,258,5-5/r258,bo,2510.4539768194327,"{""0"": {""K"": 0.0, ""B1"": 1460.0326636936697, ""A1"": 1962.1383183199848, ""A2"": 3400.185233198651, ""A3"": 2567.4413917379798, ""A4"": 1530.0822908172952, ""B2"": 348.28933944073526}}",3.7349,0.0693849121303043,0.245944737602976,0.6285552623970241,"[0.539882575660093, 0.4721627546019189, 0.3139855190739075, 0.4219652297462333, 0.7312226307954088, 0.5521379337070924, 0.3290499550144721, 0.07490093321306135, 0.9292810280687194, 0.015552205060771152, 0.25654312374340793, 0.3724553898257512, 0.42170042106125305, 0.664291806445588]",85.0,85.0,12.0,3.822,3.822,32.9342,32.9342,10.5425,10.5425,False,0,3.6997,0.664017,3.157,0.539882575660093,1.7902551959545403,plus,False,1.909914068176456,0.8281470395937667,1.081767028582689,True,True,1.0,True,100.0,70.0,0.0,True,[],0.1543820580390046,0.0502434395592938,0.0004027405313704
38,5-5,258,5-5/r258,bo,2790.401092482236,"{""0"": {""K"": 0.0, ""B1"": 1817.1031484329385, ""A1"": 1333.960150228639, ""A2"": 836.6755677499932, ""A3"": 2239.5657003875604, ""A4"": 2658.461098917938, ""B2"": 2728.8167779598334}}",3.7349,0.1858020524862048,0.245944737602976,0.6285552623970241,"[0.6000862564477927, 0.07790344111241743, 0.39077487063073946, 0.28687315058680407, 0.17993022962365446, 0.4816270323414108, 0.5717120642834276, 0.5868423178408244, 0.4422181924070602, 0.2646326330375329, 0.11003417694975637, 0.6149143657809856, 0.5503780061428111, 0.3423718524993644]",48.0,48.0,39.0,2.2104,2.2104,51.1186,51.1186,13.7595,13.7595,False,0,3.649,0.342688,3.157,0.6000862564477927,1.6231047866478403,plus,False,1.1586334249148678,0.0525138680260897,1.106119556888778,True,True,1.0,True,100.0,70.30000000000007,0.0,True,[],0.2109381884010011,0.0331959331205102,0.0013407237942493
39,5-5,258,5-5/r258,bo,2910.391218067241,"{""0"": {""K"": 0.0, ""B1"": 740.400794018893, ""A1"": 506.25113271788354, ""A2"": 549.9369815836346, ""A3"": 2478.7509988069282, ""A4"": 909.930334669218, ""B2"": 3108.599192205781}}",3.7349,0.0904865852739404,0.245944737602976,0.6285552623970241,"[0.6258905845305894, 0.6950307526465908, 0.15922597720836407, 0.10887121133717925, 0.11826601754486765, 0.5330647309262211, 0.19568394293961677, 0.6685159553130712, 0.7838284350168502, 0.2611693822680228, 0.866090950706947, 0.6290960078534856, 0.9418422063378913, 0.7167684230125348]",74.0,74.0,39.0,10.527,10.527,52.1822,52.1822,23.5461,23.5461,False,0,3.708,0.716622,3.157,0.6258905845305894,1.6797353318541206,plus,False,1.1865865628544898,0.2433559988669292,0.9432305639875608,True,True,1.0,True,100.0,43.70000000000027,0.0,True,[],0.2031495031774533,0.0390589190972893,0.0015916081044765
40,5-5,258,5-5/r258,bo,3112.7695814441004,"{""0"": {""K"": 0.0, ""B1"": 810.5407967255065, ""A1"": 1174.554859508629, ""A2"": 3269.22950318558, ""A3"": 4149.739518769614, ""A4"": 18.637095074426423, ""B2"": 962.0952091902438}}",3.7349,0.144834252158876,0.245944737602976,0.6285552623970241,"[0.669412813213785, 0.19006930562867008, 0.17430984875817346, 0.25259244290508154, 0.7030601082119528, 0.8924171008106697, 0.004007977435360521, 0.20690219552478362, 0.4619833858436895, 0.2581053658435747, 0.5625074924420592, 0.005612439216027831, 0.04715586530758242, 0.2062362868808112]",50.0,50.0,38.0,7.1876,7.1876,5.4209,5.4209,1.1789,1.1789,False,0,3.6275,0.206424,3.157,0.669412813213785,1.658376634138196,plus,False,1.3079260246284024,1.2701361177617432,0.0377899068666591,True,True,1.0,True,100.0,18.59999999999991,0.0,True,[],0.2024133396584543,0.0364233690850251,0.0011433829674996
41,5-5,258,5-5/r258,bo,2662.816460645965,"{""0"": {""K"": 0.0, ""B1"": 1815.0028821444475, ""A1"": 106.70989912044229, ""A2"": 416.5321677772022, ""A3"": 2476.020395525099, ""A4"": 3293.327357195648, ""B2"": 2382.53504575474}}",3.7349,0.0747990526491783,0.245944737602976,0.6285552623970241,"[0.5726487012141861, 0.03589468451234479, 0.3903232004611715, 0.022948365402245652, 0.08957681027466713, 0.5324775044139998, 0.7082424424076662, 0.5123731281192989, 0.8607045496678379, 0.8785560677625057, 0.7525642333529104, 0.2541058145466977, 0.9740380460770487, 0.3883966534522897]",80.0,80.0,107.0,9.2782,9.2782,24.0579,24.0579,24.351,24.351,False,0,3.6562,0.388321,3.157,0.5726487012141861,1.7749937683809227,minus,True,1.3280586830455705,1.7083769422394024,0.3803182591938321,True,True,1.0,True,100.0,93.40000000000003,0.0,True,[],0.1770939554193954,0.0453673019026306,0.0007557546007611
42,5-5,258,5-5/r258,bo,3071.168727286244,"{""0"": {""K"": 0.0, ""B1"": 1033.854387836184, ""A1"": 1799.9054196058369, ""A2"": 280.5169427341907, ""A3"": 2230.4885255965814, ""A4"": 421.1270461971248, ""B2"": 2661.95302282955}}",3.7349,0.1395467161289125,0.245944737602976,0.6285552623970241,"[0.6604663929647836, 0.4613084398742855, 0.22233427695401808, 0.38707643432383587, 0.060326224243911986, 0.47967495174120034, 0.09056495617142468, 0.5724630156622688, 0.4899828711720613, 0.9141989717544686, 0.8332968766739477, 0.21704385839235085, 0.22554531490182506, 0.8480530303994086]",52.0,52.0,111.0,10.1663,10.1663,21.2783,21.2783,5.6386,5.6386,False,0,3.7287,0.847815,3.157,0.6604663929647836,1.8580583780168056,plus,False,2.3138292967959533,1.4427280409278171,0.8711012558681361,True,True,1.0,True,100.0,140.60000000000036,0.0,True,[],0.1622261793812104,0.0473677183926725,0.0004259171483544
43,5-5,258,5-5/r258,bo,3078.8120171173177,"{""0"": {""K"": 0.0, ""B1"": 4081.253903414598, ""A1"": 609.8069318129857, ""A2"": 1502.3946280103178, ""A3"": 4144.604025776611, ""A4"": 106.1225535302743, ""B2"": 2230.8189286938477}}",3.7349,0.2798888190606782,0.2798888190606782,0.5946111809393217,"[0.6621101112080253, 0.0400543476827091, 0.8776890114870103, 0.1311412756587066, 0.32309561892695005, 0.8913126937154001, 0.022822054522639634, 0.47974600617071994, 0.13836072376290065, 0.8938086017839484, 0.5415363476319125, 0.028776586966252737, 0.15696089752505038, 0.24826988592890653]",25.0,25.0,108.0,6.9569,6.9569,7.1582,7.1582,3.924,3.924,False,0,3.6341,0.248254,3.157,0.6621101112080253,1.786952105679798,plus,False,2.516796894594368,1.2115001440722797,1.3052967505220885,True,True,1.0,True,100.0,63.30000000000018,0.0,True,[],0.2000646782317299,0.0367134082626746,0.0010229864319614
44,5-5,258,5-5/r258,bo,2815.349655416522,"{""0"": {""K"": 0.0, ""B1"": 2603.202695845134, ""A1"": 387.83067299161326, ""A2"": 2063.2425208297054, ""A3"": 4206.258208137816, ""A4"": 17.691949641045007, ""B2"": 4181.777364928072}}",3.7349,0.1064575868197762,0.2798888190606782,0.5946111809393217,"[0.6054515387992522, 0.9454013276342975, 0.559828536740889, 0.08340444580464801, 0.44370806899563553, 0.9045716576640463, 0.0038047203529129048, 0.8993069601995853, 0.7929541896991663, 0.5555694959049512, 0.9423567487065772, 0.0800009017543688, 0.15576164522684233, 0.38680600306255697]",74.0,74.0,71.0,11.3659,11.3659,11.0001,11.0001,3.894,3.894,False,0,3.656,0.387053,3.157,0.6054515387992522,1.7478206828454794,minus,True,0.9632318020223932,1.9599246320996664,0.9966928300772732,True,True,1.0,True,100.0,17.699999999999818,0.0,True,[],0.2017058878654101,0.0439683822733744,0.0003677592017759
45,5-5,258,5-5/r258,bo,2990.443242797888,"{""0"": {""K"": 0.0, ""B1"": 4105.067958381893, ""A1"": 528.7327149087417, ""A2"": 130.94490345741593, ""A3"": 3889.653566453877, ""A4"": 2789.522947591169, ""B2"": 481.1198331522369}}",3.7349,0.0740404125803178,0.2798888190606782,0.5946111809393217,"[0.6431060737199759, 0.998561526136313, 0.8828103136305147, 0.11370596019542833, 0.028160194291917406, 0.8364846379470703, 0.5998974080841224, 0.10346663078542728, 0.12247218208156663, 0.9430709739230431, 0.6695298774828667, 0.701325947946274, 0.06697886656294183, 0.626391568104118]",24.0,24.0,114.0,8.3648,8.3648,57.5994,57.5994,1.6745,1.6745,False,0,3.6938,0.626624,3.157,0.6431060737199759,1.879785447071547,minus,True,0.9987718567936404,1.277347857884657,0.278576001091017,True,True,1.0,True,100.0,47.59999999999991,0.0,True,[],0.1759682570153194,0.0476011218879965,0.0001321614083396
46,5-5,258,5-5/r258,bo,3073.2533391254306,"{""0"": {""K"": 0.0, ""B1"": 1536.3257865947749, ""A1"": 1630.0653584077886, ""A2"": 4166.07753750373, ""A3"": 4249.898423638979, ""A4"": 1221.7148194433876, ""B2"": 2218.9461689817567}}",3.7349,0.1620925537511583,0.2798888190606782,0.5946111809393217,"[0.6609146965861141, 0.603177511106036, 0.3303926422784462, 0.3505516899801696, 0.8959306532266087, 0.9139566502449417, 0.26273436977277154, 0.47719272451220573, 0.6389941027500524, 0.19597598316702292, 0.8999792914628274, 0.7426220846738872, 0.35009062482626285, 0.6362607278497984]",63.0,63.0,32.0,10.8998,10.8998,60.6967,60.6967,8.7523,8.7523,False,0,3.6953,0.636131,3.157,0.6609146965861141,1.6352825222083618,plus,False,0.4528468744807248,-0.7400090268279258,1.1928559013086506,True,True,1.0,True,100.0,83.89999999999964,0.0,True,[],0.2308013113674575,0.039726529895036,0.001198227489495
47,5-5,258,5-5/r258,bo,2833.7354780067385,"{""0"": {""K"": 0.0, ""B1"": 3972.4462052238614, ""A1"": 3912.5010395956465, ""A2"": 2833.1432115640378, ""A3"": 4148.7849426384455, ""A4"": 1442.9650673457872, ""B2"": 2241.1647447014157}}",3.7349,0.1698538952428746,0.2798888190606782,0.5946111809393217,"[0.6094054791412341, 0.17459062992900032, 0.8542895064997551, 0.8413980730313219, 0.6092781100137715, 0.892211815621171, 0.31031506824640587, 0.48197091283901417, 0.39168435666656376, 0.13658318038328565, 0.5885800694009733, 0.08894280299753987, 0.12145417002263448, 0.0491061221780521]",44.0,44.0,25.0,7.4744,7.4744,11.6707,11.6707,3.0364,3.0364,False,0,3.6027,0.049245,3.157,0.6094054791412341,1.815093316553646,plus,False,-1.3798049713352176,-1.7550634799170783,0.3752585085818607,True,True,1.0,True,100.0,60.0,0.0,True,[],0.236624655192023,0.0395626289800571,0.0016309248289826
48,5-5,258,5-5/r258,bo,2981.1599847565644,"{""0"": {""K"": 0.0, ""B1"": 4631.377395880548, ""A1"": 788.6690707164429, ""A2"": 644.890875481426, ""A3"": 3915.516084320869, ""A4"": 40.596672924194664, ""B2"": 2584.2518639797236}}",3.7349,0.2539022661445569,0.2798888190606782,0.5946111809393217,"[0.6411096741411967, 0.979575515751001, 0.9959951388990426, 0.16960625176697697, 0.1386862097809518, 0.8420464697464235, 0.008730467295525735, 0.5557530890278976, 0.4108616690929052, 0.4739115505700008, 0.707538069924068, 0.9690436963503479, 0.49005429082621177, 0.770238855637946]",46.0,46.0,62.0,8.7829,8.7829,77.6783,77.6783,12.2514,12.2514,False,0,3.7165,0.770493,3.157,0.6411096741411967,1.7800467149540982,plus,False,1.7707299046967973,0.924628884111692,0.8461010205851054,True,True,1.0,True,100.0,18.699999999999815,0.0,True,[],0.1661208519961172,0.0492649111477671,9.503711221883628e-05
49,5-5,258,5-5/r258,bo,3063.797376151081,"{""0"": {""K"": 0.0, ""B1"": 4448.050765711192, ""A1"": 142.38747927602475, ""A2"": 2375.744092141485, ""A3"": 4172.464224450405, ""A4"": 3598.0333605027113, ""B2"": 2265.6019231011433}}",3.7349,0.1908442407341694,0.2798888190606782,0.5946111809393217,"[0.6588811561615229, 0.5578693883734153, 0.9565700571421919, 0.030620963285166614, 0.5109127079874162, 0.8973041342904097, 0.7737706151618734, 0.4872262200217512, 0.3700023932145805, 0.8946312101082725, 0.20062080547399674, 0.05060625864611734, 0.953512425057097, 0.017940946524029]",43.0,43.0,108.0,3.2068,3.2068,8.7955,8.7955,23.8378,23.8378,False,0,3.5978,0.01819,3.157,0.6588811561615229,1.7997504184432775,plus,False,1.1012578225568102,1.1551526173140771,0.0538947947572669,True,True,1.0,True,100.0,110.10000000000002,0.0,True,[],0.256002996879135,0.031867639640376,0.0023500091852066
50,5-5,258,5-5/r258,bo,3009.6671181015786,"{""0"": {""K"": 0.0, ""B1"": 4229.670188868281, ""A1"": 355.50951272964227, ""A2"": 2022.06763194054, ""A3"": 3818.190040070024, ""A4"": 169.28871084060776, ""B2"": 1862.3706709291712}}",3.7349,0.1518294074435665,0.2798888190606782,0.5946111809393217,"[0.6472402404519524, 0.3937703389245303, 0.9096064922297378, 0.07645365865153597, 0.43485325418076126, 0.8211161376494676, 0.03640617437432425, 0.4005098217051981, 0.22964847035493585, 0.1568151881118265, 0.8792113479918242, 0.416686288840463, 0.33457099409684077, 0.861203545876446]",32.0,32.0,27.0,10.6713,10.6713,36.2515,36.2515,8.3643,8.3643,False,0,3.7308,0.861125,3.157,0.6472402404519524,1.8070698171437145,plus,False,1.182057453947833,1.3490706557494083,0.1670132018015755,True,True,1.0,True,100.0,159.7,0.0,True,[],0.2041778413135369,0.044528153420191,0.0004613162262496
51,5-5,258,5-5/r258,bo,3188.1860516349925,"{""0"": {""K"": 0.0, ""B1"": 1347.1904191316303, ""A1"": 336.5800423143116, ""A2"": 1490.9286131511567, ""A3"": 4261.098693539341, ""A4"": 2625.099294544189, ""B2"": 2292.7416566757083}}",3.7349,0.2580077454395321,0.2798888190606782,0.5946111809393217,"[0.6856314089537618, 0.3912146484503338, 0.28971836970572695, 0.07238280479877668, 0.32062980927981866, 0.916365310438568, 0.564537482697675, 0.49306272186574374, 0.23737391294606502, 0.886550774883191, 0.4302384372727709, 0.5562570695989076, 0.6535583485217457, 0.44289388622706327]",33.0,33.0,108.0,5.7326,5.7326,46.7193,46.7193,16.339,16.339,False,0,3.6648,0.442826,3.157,0.6856314089537618,1.861161079566151,plus,False,1.0997593840735262,0.940963295813636,0.1587960882598903,True,True,1.0,True,100.0,143.70000000000073,0.0,True,[],0.2228987176995462,0.0377724627954469,0.0005762287209185
52,5-5,258,5-5/r258,bo,2685.0992662073404,"{""0"": {""K"": 0.0, ""B1"": 1492.38828094734, ""A1"": 3055.636213296426, ""A2"": 3684.637756090201, ""A3"": 2586.746383826871, ""A4"": 3011.7800593629763, ""B2"": 2653.558298569269}}",3.7349,0.1198277113174412,0.2798888190606782,0.5946111809393217,"[0.5774407024101808, 0.4988286926330203, 0.3209437163327613, 0.6571260673755754, 0.7923952163634841, 0.5562895449090045, 0.6476946364221454, 0.5706576986170471, 0.3146525114247687, 0.5079050402016578, 0.5774993117728142, 0.07993020908746351, 0.10235991710551895, 0.3372214752667474]",39.0,39.0,66.0,7.3525,7.3525,10.9948,10.9948,2.559,2.559,False,0,3.6481,0.336984,3.157,0.5774407024101808,1.719693954366975,minus,True,-1.7315114373617266,-1.138591696709229,0.5929197406524973,True,True,1.0,True,100.0,43.79999999999996,0.0,True,[],0.1824812911035105,0.0515192655968853,0.0003474937725045
53,5-5,258,5-5/r258,bo,3054.650336260078,"{""0"": {""K"": 0.0, ""B1"": 2175.452625039564, ""A1"": 2436.722949273476, ""A2"": 3664.3795854580785, ""A3"": 3015.716458915723, ""A4"": 1981.0839666392612, ""B2"": 2216.5545142100564}}",3.7349,0.0826347679715916,0.2798888190606782,0.5946111809393217,"[0.6569140508086189, 0.09857003220243687, 0.46783927420205673, 0.5240264407039733, 0.7880386205286191, 0.6485411739603705, 0.4260395627181207, 0.4766783901527003, 0.31868985732706856, 0.7986077554416054, 0.10402496282046125, 0.8173702791569559, 0.4601323423743856, 0.08208885404514843]",39.0,39.0,98.0,2.1443,2.1443,66.3028,66.3028,11.5033,11.5033,False,0,3.6079,0.082202,3.157,0.6569140508086189,1.6598283785277252,plus,False,-2.082855298752444,-2.201669943681133,0.1188146449286891,True,True,1.0,True,100.0,41.10000000000002,0.0,True,[],0.2583003142751701,0.0337367069280601,0.0031685136192889
54,5-5,258,5-5/r258,bo,3141.697442317336,"{""0"": {""K"": 0.0, ""B1"": 1773.8800776564742, ""A1"": 1048.9050043175848, ""A2"": 610.3401859607659, ""A3"": 4133.544636064281, ""A4"": 2106.69201536946, ""B2"": 2364.159395930053}}",3.7349,0.2140368817378814,0.2798888190606782,0.5946111809393217,"[0.6756338585628678, 0.5913207302097397, 0.38147958659279013, 0.22557096867044835, 0.13125595397005718, 0.8889343303364046, 0.4530520463160129, 0.5084213754688286, 0.6546146525962329, 0.43010205636034304, 0.01814287224959954, 0.757264214096915, 0.522759361242225, 0.9615793190803675]",64.0,64.0,57.0,1.1996,1.1996,61.7948,61.7948,13.069,13.069,False,0,3.7466,0.961263,3.157,0.6756338585628678,1.7970285469127836,plus,False,1.8321782994672693,0.5961456281029366,1.2360326713643328,True,True,1.0,True,100.0,257.5,0.0,True,[],0.229966066448375,0.0376730694484205,0.0008951894854449
55,5-5,258,5-5/r258,bo,2981.041515744894,"{""0"": {""K"": 0.0, ""B1"": 3433.981167553415, ""A1"": 454.5247620282704, ""A2"": 399.35448140668353, ""A3"": 4351.369060721811, ""A4"": 382.02192871622026, ""B2"": 2252.9702110545745}}",3.7349,0.2145793340497518,0.2798888190606782,0.5946111809393217,"[0.6410841969343858, 0.36325512053478537, 0.7384905736674011, 0.09774726065124095, 0.08588268417348033, 0.9357782926283464, 0.08215525348735919, 0.48450972280743543, 0.6186378989963405, 0.24301598929285428, 0.36896573733557325, 0.11614662596463543, 0.7424339651870497, 0.9428605350753848]",61.0,61.0,37.0,5.0586,5.0586,13.711,13.711,18.5608,18.5608,False,0,3.7437,0.942883,3.157,0.6410841969343858,1.8190043326871967,plus,False,1.1142133163704682,0.9383193083227006,0.1758940080477675,True,True,1.0,True,100.0,17.300000000000182,0.0,True,[],0.2265362207467517,0.0420418518305624,0.0012128787171001
56,5-5,258,5-5/r258,bo,3267.699699515041,"{""0"": {""K"": 0.0, ""B1"": 2937.535671489957, ""A1"": 492.90589482488485, ""A2"": 1171.508602277155, ""A3"": 2610.549429951586, ""A4"": 544.5461419108133, ""B2"": 2262.783700987136}}",3.7349,0.1674259646983794,0.2798888190606782,0.5946111809393217,"[0.7027311181752777, 0.7613899810335865, 0.6317281013956897, 0.10600126770427631, 0.25193733382304406, 0.5614084795594808, 0.11710669718512112, 0.4866201507499217, 0.38012063450222866, 0.6195210621967909, 0.022462680850926953, 0.19280123981071162, 0.32765320079115823, 0.013749097851887715]",44.0,44.0,78.0,1.2471,1.2471,19.4601,19.4601,8.1913,8.1913,False,0,3.5971,0.013753,3.157,0.7027311181752777,1.8734265289910412,minus,True,0.6616159780607755,1.730732698639993,1.0691167205792171,True,True,1.0,True,100.0,51.59999999999991,0.0,True,[],0.225519383475655,0.0424781709579343,0.0012019722057322
57,5-5,258,5-5/r258,bo,3307.821076705633,"{""0"": {""K"": 0.0, ""B1"": 2990.2433350720607, ""A1"": 429.83875081918967, ""A2"": 3081.6646634295726, ""A3"": 4092.9099148546634, ""A4"": 3376.0875653359776, ""B2"": 1654.0733724415657}}",3.7349,0.2428436343896495,0.2798888190606782,0.5946111809393217,"[0.7113593713345447, 0.029207747370843307, 0.6430630828111958, 0.09243844103638488, 0.6627235835332415, 0.8801956806139061, 0.726040336631393, 0.35571470375087433, 0.16651372248387064, 0.27680881494059295, 0.6195510556413398, 0.7681581394204083, 0.020621766722119683, 0.37480461818336774]",27.0,27.0,40.0,7.8151,7.8151,62.6119,62.6119,0.5155,0.5155,False,0,3.6541,0.375011,3.157,0.7113593713345447,1.8891833458998653,plus,False,1.820426735089152,0.6408123277055437,1.179614407383608,True,True,1.0,True,100.0,91.40000000000008,0.0,True,[],0.2077904764306058,0.043876416362924,0.0005226270473422
58,5-5,258,5-5/r258,bo,3258.6819047573035,"{""0"": {""K"": 0.0, ""B1"": 4087.6236421277326, ""A1"": 703.0733155360132, ""A2"": 1386.883565530138, ""A3"": 4224.237946237012, ""A4"": 553.7275385511716, ""B2"": 2821.226755057007}}",3.7349,0.14588101047105,0.2798888190606782,0.5946111809393217,"[0.7007918074746889, 0.10871814835194382, 0.8790588477694049, 0.15119856248086305, 0.29825453022153503, 0.9084382680079595, 0.11908119108627346, 0.6067154311950552, 0.8427951396804071, 0.3481514185475739, 0.008937071816413455, 0.9541566544940469, 0.4729455952165399, 0.4436471024608789]",78.0,78.0,48.0,1.0983,1.0983,76.5617,76.5617,11.8236,11.8236,False,0,3.6649,0.44346,3.157,0.7007918074746889,1.7973268961098363,plus,False,1.4102187750418471,0.4358316934751666,0.9743870815666807,True,True,1.0,True,100.0,136.5999999999999,0.0,True,[],0.2484428910162128,0.0403004867933031,0.0031798252738123
59,5-5,258,5-5/r258,bo,2947.192942032993,"{""0"": {""K"": 0.0, ""B1"": 908.9790801288149, ""A1"": 239.3331506226701, ""A2"": 4292.290246850129, ""A3"": 4153.213778674439, ""A4"": 163.37371034379365, ""B2"": 2573.2884809759794}}",3.7349,0.1742932208320373,0.2798888190606782,0.5946111809393217,"[0.6338049337705361, 0.3621761786662461, 0.19547937207071286, 0.05146949475756346, 0.9230731713656191, 0.8931642534783739, 0.03513413125672982, 0.5533953722528988, 0.4088415297911857, 0.17728537899919372, 0.7333025234525068, 0.36513058433071344, 0.1067387018686955, 0.9246847849501768]",46.0,46.0,30.0,9.0663,9.0663,32.3848,32.3848,2.6685,2.6685,False,0,3.7408,0.924503,3.157,0.6338049337705361,1.781095175794596,plus,False,2.027738955937625,2.0821673704160526,0.0544284144784277,True,True,1.0,True,100.0,75.90000000000009,0.0,True,[],0.221608751133305,0.0441481296853436,0.0011624278996883
0,4-6,283,4-6/r283,sam4tun_static,1668.106294028332,"{""0"": {""K"": 0.0, ""B1"": 290.59732045705584, ""A1"": 1017.1644337142133, ""A2"": 1743.7315469713708, ""A3"": 2470.298660228528, ""A4"": 3196.8657734856856, ""B2"": 3923.432886742843}}",3.7343,0.8055310465609322,0.8055310465609322,0.0630689534390678,"[0.35873253635017893, 0.0, 0.06249404741011954, 0.21874503950843296, 0.3749960316067464, 0.5312470237050598, 0.6874980158033732, 0.8437490079016867, 0.29333333333333333, 0.24545454545454545, 1.0, 0.4266666666666667, 0.0, 0.0]",37.0,37.0,37.0,12.0,12.0,37.0,37.0,0.0,0.0,False,0,3.7343,0.0,2.9953,0.3587325363501789,1.9135607065024491,plus,False,3.624022418905105,3.624022418905105,8.881784197001252e-16,True,True,1.0,True,100.0,290.60000000000014,1.0,True,[],,,
1,4-6,283,4-6/r283,intrinsic_r_otsu,2906.6939197117013,"{""0"": {""K"": 0.0, ""B1"": 3606.9384596401496, ""A1"": 1047.2134334562522, ""A2"": 1395.7732248371983, ""A3"": 4062.023521092618, ""A4"": 24.48366622992247, ""B2"": 3818.712145479863}}",3.7343,0.1106703889432004,0.8055310465609322,0.0630689534390678,"[0.625095466604667, 0.8972138009695755, 0.7756856902451935, 0.22520718999059186, 0.30016628491122543, 0.8735534453962619, 0.005265304565574724, 0.8212284183827663, 0.7970694287520462, 0.4679349528437208, 0.3030324268193135, 0.2784256121007733, 0.2548695876541246, 0.0]",75.0,75.0,61.0,4.3334,4.3334,25.8819,25.8819,6.3717,6.3717,False,0,3.7343,0.0,2.9953,0.625095466604667,1.7020488428809706,plus,False,1.275319856767592,1.2569161137013436,0.0184037430662482,True,True,1.0,True,100.0,24.5,0.0,True,[],,,
2,4-6,283,4-6/r283,random,2346.149404154483,"{""0"": {""K"": 0.0, ""B1"": 4629.076317969926, ""A1"": 3685.8779243439517, ""A2"": 2893.1334169014062, ""A3"": 4598.664686720765, ""A4"": 1001.1854467955351, ""B2"": 744.9859574389772}}",3.7343,0.037105168700646,0.8055310465609322,0.0630689534390678,"[0.5045482589579533, 0.5534973520744925, 0.9955002834343927, 0.7926619192137531, 0.6221792294411627, 0.9889601476818849, 0.21530869823559895, 0.16021203385784455, 0.6125396042730308, 0.04394200796138337, 0.03568027877359614, 0.5148888202713703, 0.4662060253252891, 0.9171677731928523]",61.0,61.0,15.0,1.3925,1.3925,43.6167,43.6167,11.6552,11.6552,False,0,3.755,0.918952,2.9953,0.5045482589579533,1.858356258546,plus,False,-0.3987182945825119,-0.557121011126735,0.158402716544223,True,True,1.0,True,100.0,20.90000000000009,0.0,True,[],,,
3,4-6,283,4-6/r283,random,2925.9020833831987,"{""0"": {""K"": 0.0, ""B1"": 2310.461474579795, ""A1"": 1150.9443874270883, ""A2"": 54.842218772652245, ""A3"": 894.6699695316945, ""A4"": 3217.949362100552, ""B2"": 932.8212665395276}}",3.7343,0.1157960836133048,0.8055310465609322,0.0630689534390678,"[0.6292262544910104, 0.5141176465995139, 0.49687343539350426, 0.24751492202733083, 0.01179402554250586, 0.19240214398531064, 0.6920321208818392, 0.2006067239869952, 0.3695363106022067, 0.0037342420520759534, 0.8300477298017456, 0.15446108106143985, 0.26759930456378545, 0.8803321539808286]",43.0,43.0,10.0,10.1305,10.1305,16.5846,16.5846,6.69,6.69,False,0,3.7541,0.878984,2.9953,0.6292262544910104,1.8730249625200213,minus,True,1.4651391713753994,2.00715905319381,0.5420198818184105,True,True,1.0,True,100.0,38.09999999999991,0.0,True,[],,,
4,4-6,283,4-6/r283,random,2370.527265888168,"{""0"": {""K"": 0.0, ""B1"": 2974.684826282747, ""A1"": 3449.2349052326354, ""A2"": 425.4545635431623, ""A3"": 2516.318769400673, ""A4"": 2361.1408987966274, ""B2"": 4051.728101621895}}",3.7343,0.1052290198590647,0.8055310465609322,0.0630689534390678,"[0.5097908098684232, 0.8471502463658693, 0.6397171669425262, 0.7417709473618571, 0.09149560506304566, 0.5411438213764888, 0.50777223630035, 0.8713393766928806, 0.3612640590141576, 0.5981840672072131, 0.05925164234550362, 0.3876318011107287, 0.32303634625820665, 0.15019972907045187]",42.0,42.0,76.0,1.6518,1.6518,34.0724,34.0724,8.0759,8.0759,False,0,3.7377,0.150673,2.9953,0.5097908098684232,1.7352813753567913,plus,False,1.0888691935996375,0.9949212188572916,0.0939479747423458,True,True,1.0,True,100.0,155.10000000000002,0.0,True,[],,,
5,4-6,283,4-6/r283,random,3795.972182758702,"{""0"": {""K"": 0.0, ""B1"": 4551.17766251218, ""A1"": 2743.461372499338, ""A2"": 2813.5115803088083, ""A3"": 2966.6841006657446, ""A4"": 3145.4936337294657, ""B2"": 701.1642891329145}}",3.7343,0.1350062026611212,0.8055310465609322,0.0630689534390678,"[0.8163381038190757, 0.37944617155031246, 0.9787478844112216, 0.5899916930106103, 0.6050562538298513, 0.6379965807883322, 0.6764502438127883, 0.1507880191683687, 0.44031346718818754, 0.23956396182952333, 0.40249829810398163, 0.09670409393174562, 0.9678280510488214, 0.21500403735588003]",48.0,48.0,36.0,5.4275,5.4275,12.2528,12.2528,24.1957,24.1957,False,0,3.7391,0.212846,2.9953,0.8163381038190757,1.4704178581757068,plus,False,1.296722533367341,0.1933697088662705,1.1033528245010704,True,True,1.0,True,100.0,70.09999999999991,0.0,True,[],,,
6,4-6,283,4-6/r283,random,3123.708006142475,"{""0"": {""K"": 0.0, ""B1"": 4064.458171595196, ""A1"": 3079.2985332738103, ""A2"": 612.0135435086216, ""A3"": 3929.595592066671, ""A4"": 4394.008995824155, ""B2"": 4203.213065111059}}",3.7343,0.1058546703419457,0.8055310465609322,0.0630689534390678,"[0.6717651626112849, 0.3004200814790703, 0.8740770261495044, 0.6622147383384538, 0.13161581580830573, 0.8450743208745529, 0.9449481711449795, 0.9039167881959268, 0.5697191478592772, 0.1454599537609269, 0.19246349496833237, 0.9279056847445244, 0.5523264876672638, 0.18055249844891164]",58.0,58.0,26.0,3.1171,3.1171,74.5929,74.5929,13.8082,13.8082,False,0,3.7384,0.181759,2.9953,0.6717651626112849,1.7354254627337802,plus,False,0.4595772934494836,0.432233729012701,0.0273435644367826,True,True,1.0,True,100.0,134.89999999999964,0.0,True,[],,,
7,4-6,283,4-6/r283,random,4110.864558013585,"{""0"": {""K"": 0.0, ""B1"": 2649.078376303207, ""A1"": 1749.7384380041285, ""A2"": 1910.9420620306537, ""A3"": 1113.6248389705786, ""A4"": 176.96638311426176, ""B2"": 4074.4174577081103}}",3.7343,0.058223992502343,0.8055310465609322,0.0630689534390678,"[0.8840568941964699, 0.6415717052224807, 0.5696942744738079, 0.3762878361299201, 0.41095528215712984, 0.23948921268184487, 0.03805728669123909, 0.876218808109271, 0.4677302168140961, 0.5476351992137353, 0.3221633097802251, 0.7513249198549279, 0.025196870801760363, 0.37218527256520395]",50.0,50.0,70.0,4.5438,4.5438,61.3494,61.3494,0.6299,0.6299,False,0,3.7427,0.372719,2.9953,0.8840568941964699,1.7244218378159588,minus,True,1.8766001655914537,2.7294812044379104,0.8528810388464567,True,True,1.0,True,100.0,161.20000000000005,0.0,True,[],,,
8,4-6,283,4-6/r283,random,141.12886888611908,"{""0"": {""K"": 0.0, ""B1"": 4497.23929459776, ""A1"": 3058.587394679092, ""A2"": 1991.224145711088, ""A3"": 2435.3915017837335, ""A4"": 4058.562819826201, ""B2"": 1600.5796015315218}}",3.7343,0.0528052533786492,0.8055310465609322,0.0630689534390678,"[0.03035029438411163, 0.12289210220500935, 0.9671482353973677, 0.6577607300385144, 0.4282202463894813, 0.5237401079104803, 0.8728092085647744, 0.3442106669960262, 0.5902909822897147, 0.6836843733395437, 0.35541377702351207, 0.5190984864959901, 0.7652473832785226, 0.9091793139905502]",59.0,59.0,85.0,4.9096,4.9096,43.9324,43.9324,19.1312,19.1312,False,0,3.7548,0.91007,2.9953,0.0303502943841116,1.8142393329605413,plus,False,-1.8522850456967568,-2.06748188266673,0.2151968369699726,True,True,1.0,True,100.0,152.70000000000073,0.0,True,[],,,
9,4-6,283,4-6/r283,random,702.439593057192,"{""0"": {""K"": 0.0, ""B1"": 24.081726041759467, ""A1"": 3501.345391729556, ""A2"": 3768.9497609751897, ""A3"": 635.9528396730042, ""A4"": 1947.901976746311, ""B2"": 3790.9416926769622}}",3.7343,0.0640391952826916,0.8055310465609322,0.0630689534390678,"[0.1510622780768155, 0.9334193923074285, 0.005178865815432143, 0.752977503597754, 0.8105268303172452, 0.13676405154258153, 0.41890365091318515, 0.8152562779950456, 0.014271189684610608, 0.6284619478662907, 0.7930236580980341, 0.5130035828222085, 0.7258494205510871, 0.22642348269714407]",16.0,16.0,79.0,9.7233,9.7233,43.4753,43.4753,18.1462,18.1462,False,0,3.7394,0.226169,2.9953,0.1510622780768155,1.5982099193957546,plus,False,1.39748309058874,1.2187743642339612,0.1787087263547786,True,True,1.0,True,100.0,22.0,0.0,True,[],,,
10,4-6,283,4-6/r283,random,923.1233381659288,"{""0"": {""K"": 0.0, ""B1"": 834.2380281872313, ""A1"": 1609.1856918730248, ""A2"": 4408.776885560288, ""A3"": 2665.997136891712, ""A4"": 1581.3165135069053, ""B2"": 1262.5894821108516}}",3.7343,0.0767666884867967,0.8055310465609322,0.0630689534390678,"[0.19852114799267284, 0.3631269505503516, 0.17940602756714652, 0.34606143911247844, 0.9481240614108147, 0.5733327176111209, 0.34006806742083984, 0.2715246198087853, 0.9520394907075223, 0.44447820964711326, 0.9803947508805895, 0.515522669106271, 0.521166129026224, 0.8965405237160008]",86.0,86.0,59.0,11.7843,11.7843,43.6642,43.6642,13.0292,13.0292,False,0,3.7545,0.896748,2.9953,0.1985211479926728,1.812933477081816,plus,False,-0.0668613344532113,0.0147273250122528,0.0815886594654642,True,True,1.0,True,100.0,27.90000000000009,0.0,True,[],,,
11,4-6,283,4-6/r283,random,3453.8684946999338,"{""0"": {""K"": 0.0, ""B1"": 1983.9201928386012, ""A1"": 4083.5735462950042, ""A2"": 1914.154597067031, ""A3"": 4290.832029183373, ""A4"": 319.5263873666561, ""B2"": 1999.4854078404082}}",3.7343,0.1469542520443841,0.8055310465609322,0.0630689534390678,"[0.7427674182150396, 0.5806528638528226, 0.4266495038362583, 0.8781878594182805, 0.4116461499068884, 0.9227595761684675, 0.06871535212186153, 0.42999686190116304, 0.519514819877859, 0.9509381955818498, 0.25099924666475815, 0.8060391472621088, 0.6764711999985934, 0.717085904281123]",54.0,54.0,115.0,3.761,3.761,65.4529,65.4529,16.9118,16.9118,False,0,3.7505,0.719111,2.9953,0.7427674182150396,1.8885443468618484,plus,False,1.517037933131731,0.4104470239936031,1.106590909138128,True,True,1.0,True,100.0,15.600000000000025,0.0,True,[],,,
12,4-6,283,4-6/r283,random,2927.7431502069467,"{""0"": {""K"": 0.0, ""B1"": 1546.9687853326607, ""A1"": 1851.981352509073, ""A2"": 943.5396477928504, ""A3"": 235.77385701605786, ""A4"": 990.0231066353273, ""B2"": 4256.909446626173}}",3.7343,0.0467170327892195,0.8055310465609322,0.0630689534390678,"[0.6296221828402035, 0.97156070846158, 0.33268145921132486, 0.39827555967937056, 0.2029117522135162, 0.05070405527227051, 0.2129081949753392, 0.9154643971239083, 0.8401688171583896, 0.11240574149257898, 0.6037790253168653, 0.4791964948896248, 0.5946848704882786, 0.6592750066090632]",78.0,78.0,22.0,7.6416,7.6416,40.9397,40.9397,14.8671,14.8671,False,0,3.7492,0.661379,2.9953,0.6296221828402035,1.635822503506163,plus,False,1.0285778739694238,0.9798911227537034,0.0486867512157204,True,True,1.0,True,100.0,46.5,0.0,True,[],,,
13,4-6,283,4-6/r283,random,1425.9666326332542,"{""0"": {""K"": 0.0, ""B1"": 2166.1561630342308, ""A1"": 2920.668975121817, ""A2"": 2953.801755133666, ""A3"": 855.0856937700639, ""A4"": 287.67419442713975, ""B2"": 1913.5532292655835}}",3.7343,0.0395530296847236,0.8055310465609322,0.0630689534390678,"[0.3066594908888719, 0.9613508447364569, 0.4658400350611249, 0.6281008548649069, 0.6352261838997132, 0.18388939650969116, 0.06186541815637414, 0.4115168234979749, 0.7640300884384686, 0.8152217882917717, 0.729989249002065, 0.113204952525223, 0.9133548615310455, 0.8020365779972838]",72.0,72.0,100.0,9.0299,9.0299,13.4904,13.4904,22.8339,22.8339,False,0,3.7524,0.803488,2.9953,0.3066594908888719,1.7016821941429168,minus,True,0.742048451632441,1.130530803255927,0.3884823516234859,True,True,1.0,True,100.0,33.19999999999982,0.0,True,[],,,
14,4-6,283,4-6/r283,random,4081.264854920331,"{""0"": {""K"": 0.0, ""B1"": 4257.7047732184055, ""A1"": 216.93290648557536, ""A2"": 140.8430777819492, ""A3"": 94.00241610608298, ""A4"": 1175.3743524789222, ""B2"": 1155.8494454217705}}",3.7343,0.0589209713862401,0.8055310465609322,0.0630689534390678,"[0.8776913666495335, 0.5233041529751773, 0.9156354351007324, 0.04665223795388718, 0.030288833931601977, 0.020215573356146876, 0.2527686779524564, 0.24856977320898288, 0.18750333435596656, 0.5670558183853956, 0.038985841033045365, 0.5903878678348518, 0.16601115304721703, 0.6778737085673094]",29.0,29.0,72.0,1.4288,1.4288,49.2791,49.2791,4.1503,4.1503,False,0,3.7496,0.679143,2.9953,0.8776913666495335,1.7957132949951884,plus,False,0.8658011630568975,1.0131808235901714,0.1473796605332739,True,True,1.0,True,100.0,19.5,0.0,True,[],,,
15,4-6,283,4-6/r283,random,98.00039816409353,"{""0"": {""K"": 0.0, ""B1"": 4363.286983920455, ""A1"": 2503.5431664291877, ""A2"": 3773.881422772391, ""A3"": 3059.8212794945252, ""A4"": 2839.991153102897, ""B2"": 889.3249623947728}}",3.7343,0.203559034767146,0.8055310465609322,0.0630689534390678,"[0.02107535444389108, 0.3105701970531949, 0.9383412868646139, 0.5383963798772446, 0.8115874027467508, 0.6580260816117258, 0.6107507856135262, 0.19125268008489738, 0.574394748257806, 0.039686418459000006, 0.8016644050918733, 0.9600709170261761, 0.8540090713418452, 0.0507096459660612]",58.0,58.0,14.0,9.8183,9.8183,77.0053,77.0053,21.3502,21.3502,False,0,3.7354,0.048532,2.9953,0.021075354443891,1.8885009093896168,plus,False,1.0382107999430292,-0.1699032370512524,1.2081140369942818,True,True,1.0,True,100.0,219.80000000000015,0.0,True,[],,,
16,4-6,283,4-6/r283,random,1574.769387718016,"{""0"": {""K"": 0.0, ""B1"": 524.1340115113454, ""A1"": 2913.744959875763, ""A2"": 3708.18051545345, ""A3"": 1458.804844810434, ""A4"": 4012.0629423721166, ""B2"": 3706.640144734503}}",3.7343,0.1091887386956459,0.8055310465609322,0.0630689534390678,"[0.33866008338021847, 0.31800319786228226, 0.11271699172286997, 0.626611819328121, 0.7974581753663333, 0.3137214720022439, 0.8628092349187347, 0.7971269128461297, 0.12913794147432478, 0.7668591567381553, 0.8826207199019183, 0.19728256983174652, 0.5736411794985231, 0.6387499660221029]",25.0,25.0,94.0,10.7088,10.7088,19.7962,19.7962,14.341,14.341,False,0,3.7487,0.639174,2.9953,0.3386600833802184,1.7478262868042485,minus,True,-0.0217924939104854,0.8608178226074625,0.882610316517948,True,True,1.0,True,100.0,1.5,0.0,True,[],,,
17,4-6,283,4-6/r283,random,2833.404297340589,"{""0"": {""K"": 0.0, ""B1"": 3074.5402937195136, ""A1"": 2938.5894697597614, ""A2"": 3831.0675238593667, ""A3"": 3736.3340509560267, ""A4"": 1521.3321668868489, ""B2"": 3357.5200981084754}}",3.7343,0.155094580377594,0.8055310465609322,0.0630689534390678,"[0.6093342574925998, 0.09624567762804348, 0.6611914610149492, 0.6319547246795186, 0.8238854890020143, 0.8035126991303283, 0.32716820793265566, 0.7220473329265539, 0.867273387572356, 0.8929477581907895, 0.16151232694699924, 0.026702350086284632, 0.6508074434222286, 0.21467627274376333]",80.0,80.0,108.0,2.7766,2.7766,7.0027,7.0027,16.2702,16.2702,False,0,3.7391,0.212846,2.9953,0.6093342574925998,1.8115084845968752,plus,False,-1.2964438013817658,-1.3669188010042717,0.0704749996225058,True,True,1.0,True,100.0,94.79999999999995,0.0,True,[],,,
18,4-6,283,4-6/r283,random,2621.250217841872,"{""0"": {""K"": 0.0, ""B1"": 1763.8362527744398, ""A1"": 1175.4016592870264, ""A2"": 2122.7717323226925, ""A3"": 3056.1841967089113, ""A4"": 470.1102005241633, ""B2"": 1769.7191502775236}}",3.7343,0.0493296230710852,0.8055310465609322,0.0630689534390678,"[0.5637097242670692, 0.9448045298068409, 0.3793196242525677, 0.25277455038430674, 0.4565100499618694, 0.6572439132707336, 0.10109896785465877, 0.3805847635005427, 0.1337211888385227, 0.6624462216142538, 0.8305525322631839, 0.37685378140878245, 0.3717239527744183, 0.5395216589474345]",25.0,25.0,83.0,10.1361,10.1361,33.264,33.264,9.2931,9.2931,False,0,3.7465,0.541474,2.9953,0.5637097242670692,1.8138939100443463,plus,False,0.4373219271766823,0.1324382251008861,0.3048837020757961,True,True,1.0,True,100.0,5.899999999999636,0.0,True,[],,,
19,4-6,283,4-6/r283,random,1000.0186753171351,"{""0"": {""K"": 0.0, ""B1"": 1533.8131172632256, ""A1"": 2127.029496342711, ""A2"": 379.12129040696635, ""A3"": 3500.204434106576, ""A4"": 2692.6037710960322, ""B2"": 1393.5765089408305}}",3.7343,0.0911937330600799,0.8055310465609322,0.0630689534390678,"[0.21505777963809358, 0.2474095916167709, 0.3298522832824141, 0.45742569813821743, 0.08153146030257341, 0.7527321363670056, 0.5790545744292542, 0.2996938728905012, 0.07754657235100282, 0.7631809514014812, 0.1310789882913207, 0.13320664234967827, 0.13068424580727667, 0.08126231111599047]",21.0,21.0,94.0,2.4419,2.4419,14.9905,14.9905,3.2671,3.2671,False,0,3.7361,0.079618,2.9953,0.2150577796380935,1.844683229962505,minus,True,0.935113089622986,1.5002156601389305,0.5651025705159443,True,True,1.0,True,100.0,140.20000000000027,0.0,True,[],,,
20,4-6,283,4-6/r283,random,4214.724499111195,"{""0"": {""K"": 0.0, ""B1"": 1424.8091933119, ""A1"": 3872.4935415096143, ""A2"": 2882.6440876598767, ""A3"": 870.2167474143425, ""A4"": 2021.8823675511383, ""B2"": 4110.2394609579815}}",3.7343,0.0401412119544298,0.8055310465609322,0.0630689534390678,"[0.906392365400257, 0.2692442996733905, 0.3064105792068602, 0.8327943100020676, 0.6199234597118014, 0.18714338654071883, 0.4348134123765889, 0.8839224647221466, 0.3753740170194637, 0.7108815531965337, 0.09680770883646805, 0.7273247767385439, 0.7764735240652465, 0.8257667817021326]",43.0,43.0,88.0,2.0649,2.0649,59.5494,59.5494,19.4118,19.4118,False,0,3.7529,0.825693,2.9953,0.9063923654002568,1.8204106720250324,plus,False,-0.4114036799189016,-0.3134888457945511,0.0979148341243505,True,True,1.0,True,100.0,237.80000000000015,0.0,True,[],,,
21,4-6,283,4-6/r283,random,3135.034605523732,"{""0"": {""K"": 0.0, ""B1"": 298.58580077238184, ""A1"": 2412.3094883803715, ""A2"": 3522.18856467724, ""A3"": 887.3976462269989, ""A4"": 1238.0031037501876, ""B2"": 2492.9581970640807}}",3.7343,0.2183688993664355,0.8055310465609322,0.0630689534390678,"[0.6742009904352112, 0.37073279482625254, 0.06421200016610362, 0.5187762340602949, 0.7574599063822021, 0.19083820348967717, 0.2662372266129436, 0.5361200423793722, 0.7483315628979192, 0.8965867307591795, 0.12574151753416918, 0.18427021286649659, 0.7995369713881428, 0.6445216230234747]",71.0,71.0,109.0,2.3832,2.3832,18.8203,18.8203,19.9884,19.9884,False,0,3.7488,0.643615,2.9953,0.6742009904352112,1.7649971554709298,plus,False,1.909518863613289,1.4728184493425605,0.4367004142707285,True,True,1.0,True,100.0,80.70000000000005,0.0,True,[],,,
22,4-6,283,4-6/r283,random,3352.523481916395,"{""0"": {""K"": 0.0, ""B1"": 4367.186807912597, ""A1"": 3920.066560813376, ""A2"": 3613.588512097296, ""A3"": 1836.8393507099315, ""A4"": 2981.7153643356405, ""B2"": 857.672237376592}}",3.7343,0.1060210020316441,0.8055310465609322,0.0630689534390678,"[0.7209727918099774, 0.9967711650313137, 0.9391799586908811, 0.8430250668415862, 0.777115809053182, 0.3950192152064369, 0.6412291106098151, 0.1844456424465789, 0.7594944652808059, 0.7576906645183887, 0.721295213634719, 0.444799024426779, 0.3781803287908211, 0.41977093236994134]",72.0,72.0,93.0,8.9342,8.9342,38.3599,38.3599,9.4545,9.4545,False,0,3.7438,0.421569,2.9953,0.7209727918099774,1.8803033325549456,plus,False,0.5214772807396474,-0.3845653877172321,0.9060426684568796,True,True,1.0,True,100.0,282.8000000000002,0.0,True,[],,,
23,4-6,283,4-6/r283,random,155.02744326729663,"{""0"": {""K"": 0.0, ""B1"": 2522.0199306296868, ""A1"": 1801.9616713580508, ""A2"": 2548.333772437081, ""A3"": 3355.6270161164293, ""A4"": 1773.79304270254, ""B2"": 3862.4791313657624}}",3.7343,0.0903809809483204,0.8055310465609322,0.0630689534390678,"[0.03333923511124659, 0.844320116411493, 0.5423698775547714, 0.38751863900173134, 0.5480287682660389, 0.7216402185196622, 0.38146086939839574, 0.8306406734119919, 0.9194633463053871, 0.38743229731064444, 0.1378161543499311, 0.7603732959901822, 0.9929488587486061, 0.14798814876206468]",84.0,84.0,53.0,2.516,2.516,62.028,62.028,24.8237,24.8237,False,0,3.7376,0.146232,2.9953,0.0333392351112465,1.7673489647679796,plus,False,-2.084004065578728,-2.650476973105457,0.566472907526729,True,True,1.0,True,100.0,26.40000000000009,0.0,True,[],,,
24,4-6,283,4-6/r283,perturb_small_segment,1668.106294028332,"{""0"": {""K"": 0.0, ""B1"": 325.50000000000006, ""A1"": 1023.0, ""A2"": 1720.5, ""A3"": 2418.0, ""A4"": 3115.5, ""B2"": 3813.0000000000005}}",3.7343,0.7235825253941496,0.8055310465609322,0.0630689534390678,"[0.35873253635017893, 0.0, 0.07, 0.22, 0.37, 0.52, 0.67, 0.8200000000000001, 0.29333333333333333, 0.24545454545454545, 1.0, 0.4266666666666667, 0.0, 0.0]",37.0,37.0,37.0,12.0,12.0,37.0,37.0,0.0,0.0,False,0,3.7343,0.0,2.9953,0.3587325363501789,1.917651908306252,plus,False,3.8255,3.4366111111111115,0.3888888888888884,True,True,1.0,True,100.0,325.5,1.0,True,[],,,
25,4-6,283,4-6/r283,perturb_wrong_k,896.0859891167171,"{""0"": {""K"": 0.0, ""B1"": 290.59732045705584, ""A1"": 1017.1644337142133, ""A2"": 1743.7315469713708, ""A3"": 2470.298660228528, ""A4"": 3196.8657734856856, ""B2"": 3923.432886742843}}",3.7343,0.082825679475164,0.8055310465609322,0.0630689534390678,"[0.19270666432617573, 0.0, 0.06249404741011954, 0.21874503950843296, 0.3749960316067464, 0.5312470237050598, 0.6874980158033732, 0.8437490079016867, 0.29333333333333333, 0.24545454545454545, 1.0, 0.4266666666666667, 0.0, 0.0]",37.0,37.0,37.0,12.0,12.0,37.0,37.0,0.0,0.0,False,0,3.7343,0.0,2.9953,0.1927066643261757,1.9135607065024491,plus,False,3.624022418905105,3.624022418905105,4.440892098500626e-16,True,True,1.0,True,100.0,290.6,1.0,True,[],,,
26,4-6,283,4-6/r283,perturb_wrong_r_low,1668.106294028332,"{""0"": {""K"": 0.0, ""B1"": 290.59732045705584, ""A1"": 1017.1644337142133, ""A2"": 1743.7315469713708, ""A3"": 2470.298660228528, ""A4"": 3196.8657734856856, ""B2"": 3923.432886742843}}",3.7343,0.7920261394765765,0.8055310465609322,0.0630689534390678,"[0.35873253635017893, 0.0, 0.06249404741011954, 0.21874503950843296, 0.3749960316067464, 0.5312470237050598, 0.6874980158033732, 0.8437490079016867, 0.29333333333333333, 0.24545454545454545, 1.0, 0.4266666666666667, 0.0, 0.05]",37.0,37.0,37.0,12.0,12.0,37.0,37.0,0.0,0.0,False,0,3.7354,0.048532,2.9953,0.3587325363501789,1.9135607065024491,plus,False,3.624022418905105,3.624022418905105,8.881784197001252e-16,True,True,1.0,True,100.0,290.60000000000014,1.0,True,[],,,
27,4-6,283,4-6/r283,perturb_wrong_k,2398.2216455231974,"{""0"": {""K"": 0.0, ""B1"": 290.59732045705584, ""A1"": 1017.1644337142133, ""A2"": 1743.7315469713708, ""A3"": 2470.298660228528, ""A4"": 3196.8657734856856, ""B2"": 3923.432886742843}}",3.7343,0.0858369653161312,0.8055310465609322,0.0630689534390678,"[0.5157465904350962, 0.0, 0.06249404741011954, 0.21874503950843296, 0.3749960316067464, 0.5312470237050598, 0.6874980158033732, 0.8437490079016867, 0.29333333333333333, 0.24545454545454545, 1.0, 0.4266666666666667, 0.0, 0.0]",37.0,37.0,37.0,12.0,12.0,37.0,37.0,0.0,0.0,False,0,3.7343,0.0,2.9953,0.5157465904350962,1.9135607065024491,plus,False,3.623754814359132,3.624022418905105,0.0002676045459732,True,True,1.0,True,100.0,290.6000000000004,1.0,True,[],,,
28,4-6,283,4-6/r283,perturb_weak_hough,1668.106294028332,"{""0"": {""K"": 0.0, ""B1"": 290.59732045705584, ""A1"": 1017.1644337142133, ""A2"": 1743.7315469713708, ""A3"": 2470.298660228528, ""A4"": 3196.8657734856856, ""B2"": 3923.432886742843}}",3.7343,0.8055310465609322,0.8055310465609322,0.0630689534390678,"[0.35873253635017893, 0.0, 0.06249404741011954, 0.21874503950843296, 0.3749960316067464, 0.5312470237050598, 0.6874980158033732, 0.8437490079016867, 0.9362429400743528, 0.9169409554434452, 1.0, 0.4266666666666667, 0.0, 0.0]",85.0,85.0,111.0,12.0,12.0,37.0,37.0,0.0,0.0,False,0,3.7343,0.0,2.9953,0.3587325363501789,1.9135607065024491,plus,False,3.624022418905105,3.624022418905105,8.881784197001252e-16,True,True,1.0,True,100.0,290.60000000000014,1.0,True,[],,,
29,4-6,283,4-6/r283,perturb_offset_shift,1668.106294028332,"{""0"": {""K"": 0.0, ""B1"": 759.9556110729948, ""A1"": 596.8580920479862, ""A2"": 1288.191410048567, ""A3"": 3014.7633455692594, ""A4"": 2769.166010859058, ""B2"": 3562.750122739619}}",3.7343,0.297406364436915,0.8055310465609322,0.0630689534390678,"[0.35873253635017893, 0.0, 0.1634313142092462, 0.1283565789350508, 0.2770304107631327, 0.6483362033482278, 0.5955195722277544, 0.7661828220945418, 0.29333333333333333, 0.24545454545454545, 1.0, 0.4266666666666667, 0.0, 0.0]",37.0,37.0,37.0,12.0,12.0,37.0,37.0,0.0,0.0,False,0,3.7343,0.0,2.9953,0.3587325363501789,1.656828406037462,plus,False,0.9820164692213832,0.454271231668058,0.5277452375533253,True,True,1.0,True,99.99999999999996,163.0999999999999,0.0,True,[],,,
30,4-6,283,4-6/r283,perturb_ambiguous_lines,1668.106294028332,"{""0"": {""K"": 0.0, ""B1"": 290.59732045705584, ""A1"": 1017.1644337142133, ""A2"": 1743.7315469713708, ""A3"": 2470.298660228528, ""A4"": 3196.8657734856856, ""B2"": 3923.432886742843}}",3.7343,0.8055310465609322,0.8055310465609322,0.0630689534390678,"[0.35873253635017893, 0.0, 0.06249404741011954, 0.21874503950843296, 0.3749960316067464, 0.5312470237050598, 0.6874980158033732, 0.8437490079016867, 0.29333333333333333, 0.24545454545454545, 0.962558828699175, 0.878583587223717, 0.0, 0.0]",37.0,37.0,37.0,11.5881,11.5881,70.8938,70.8938,0.0,0.0,False,0,3.7343,0.0,2.9953,0.3587325363501789,1.9135607065024491,plus,False,3.624022418905105,3.624022418905105,8.881784197001252e-16,True,True,1.0,True,100.0,290.60000000000014,1.0,True,[],,,
31,4-6,283,4-6/r283,perturb_wrong_r_high,1668.106294028332,"{""0"": {""K"": 0.0, ""B1"": 290.59732045705584, ""A1"": 1017.1644337142133, ""A2"": 1743.7315469713708, ""A3"": 2470.298660228528, ""A4"": 3196.8657734856856, ""B2"": 3923.432886742843}}",3.7343,0.2846541423497096,0.8055310465609322,0.0630689534390678,"[0.35873253635017893, 0.0, 0.06249404741011954, 0.21874503950843296, 0.3749960316067464, 0.5312470237050598, 0.6874980158033732, 0.8437490079016867, 0.29333333333333333, 0.24545454545454545, 1.0, 0.4266666666666667, 0.0, 0.95]",37.0,37.0,37.0,12.0,12.0,37.0,37.0,0.0,0.0,False,0,3.7557,0.950039,2.9953,0.3587325363501789,1.9135607065024491,plus,False,3.624022418905105,3.624022418905105,8.881784197001252e-16,True,True,1.0,True,100.0,290.60000000000014,1.0,True,[],,,
32,4-6,283,4-6/r283,perturb_guardrail_smoke,93.0,"{""0"": {""K"": 0.0, ""B1"": 2631.5490725983127, ""A1"": 2262.2493889975976, ""A2"": 1706.7002355381187, ""A3"": 3016.029514903451, ""A4"": 2867.235532858124, ""B2"": 2905.7718892878975}}",3.7343,0.1187505907408633,0.8055310465609322,0.0630689534390678,"[0.02, 0.0, 0.5659245317415726, 0.48650524494571995, 0.367032308717875, 0.6486084978286991, 0.6166097920124998, 0.6248971804920209, 0.29333333333333333, 0.24545454545454545, 1.0, 0.4266666666666667, 0.0, 0.0]",37.0,37.0,37.0,12.0,12.0,37.0,37.0,0.0,0.0,False,0,3.7343,0.0,2.9953,0.02,1.7128588326763623,plus,False,-1.5376574743195797,-1.4594986625104462,0.0781588118091334,True,True,1.0,True,100.0,38.60000000000037,0.0,True,[],,,
33,4-6,283,4-6/r283,perturb_misaligned,1976.440548628912,"{""0"": {""K"": 0.0, ""B1"": 132.792044696765, ""A1"": 1167.328366238358, ""A2"": 1502.4543140742965, ""A3"": 2455.4573041970266, ""A4"": 2936.033319753703, ""B2"": 3819.5392609124265}}",3.7343,0.1162332155712263,0.8055310465609322,0.0630689534390678,"[0.42504097819976605, 0.0, 0.028557428967046238, 0.2510383583308297, 0.32310845463963367, 0.5280553342359197, 0.6314050150007964, 0.8214062926693391, 0.29333333333333333, 0.24545454545454545, 1.0, 0.4266666666666667, 0.0, 0.0]",37.0,37.0,37.0,12.0,12.0,37.0,37.0,0.0,0.0,False,0,3.7343,0.0,2.9953,0.425040978199766,1.8080687464474945,minus,True,2.6473771344892016,2.9071814647505003,0.2598043302612987,True,True,1.0,True,100.0,132.79999999999973,0.0,True,[],,,
34,4-6,283,4-6/r283,perturb_small_segment,1668.106294028332,"{""0"": {""K"": 0.0, ""B1"": 325.50000000000006, ""A1"": 1023.0, ""A2"": 1720.5, ""A3"": 2418.0, ""A4"": 3115.5, ""B2"": 3813.0000000000005}}",3.7343,0.7235825253941496,0.8055310465609322,0.0630689534390678,"[0.35873253635017893, 0.0, 0.07, 0.22, 0.37, 0.52, 0.67, 0.8200000000000001, 0.29333333333333333, 0.24545454545454545, 1.0, 0.4266666666666667, 0.0, 0.0]",37.0,37.0,37.0,12.0,12.0,37.0,37.0,0.0,0.0,False,0,3.7343,0.0,2.9953,0.3587325363501789,1.917651908306252,plus,False,3.8255,3.4366111111111115,0.3888888888888884,True,True,1.0,True,100.0,325.5,1.0,True,[],,,
35,4-6,283,4-6/r283,perturb_wrong_k,896.0859891167171,"{""0"": {""K"": 0.0, ""B1"": 290.59732045705584, ""A1"": 1017.1644337142133, ""A2"": 1743.7315469713708, ""A3"": 2470.298660228528, ""A4"": 3196.8657734856856, ""B2"": 3923.432886742843}}",3.7343,0.082825679475164,0.8055310465609322,0.0630689534390678,"[0.19270666432617573, 0.0, 0.06249404741011954, 0.21874503950843296, 0.3749960316067464, 0.5312470237050598, 0.6874980158033732, 0.8437490079016867, 0.29333333333333333, 0.24545454545454545, 1.0, 0.4266666666666667, 0.0, 0.0]",37.0,37.0,37.0,12.0,12.0,37.0,37.0,0.0,0.0,False,0,3.7343,0.0,2.9953,0.1927066643261757,1.9135607065024491,plus,False,3.624022418905105,3.624022418905105,4.440892098500626e-16,True,True,1.0,True,100.0,290.6,1.0,True,[],,,
36,4-6,283,4-6/r283,perturb_wrong_r_low,1668.106294028332,"{""0"": {""K"": 0.0, ""B1"": 290.59732045705584, ""A1"": 1017.1644337142133, ""A2"": 1743.7315469713708, ""A3"": 2470.298660228528, ""A4"": 3196.8657734856856, ""B2"": 3923.432886742843}}",3.7343,0.7920261394765765,0.8055310465609322,0.0630689534390678,"[0.35873253635017893, 0.0, 0.06249404741011954, 0.21874503950843296, 0.3749960316067464, 0.5312470237050598, 0.6874980158033732, 0.8437490079016867, 0.29333333333333333, 0.24545454545454545, 1.0, 0.4266666666666667, 0.0, 0.05]",37.0,37.0,37.0,12.0,12.0,37.0,37.0,0.0,0.0,False,0,3.7354,0.048532,2.9953,0.3587325363501789,1.9135607065024491,plus,False,3.624022418905105,3.624022418905105,8.881784197001252e-16,True,True,1.0,True,100.0,290.60000000000014,1.0,True,[],,,
37,4-6,283,4-6/r283,perturb_wrong_k,2398.2216455231974,"{""0"": {""K"": 0.0, ""B1"": 290.59732045705584, ""A1"": 1017.1644337142133, ""A2"": 1743.7315469713708, ""A3"": 2470.298660228528, ""A4"": 3196.8657734856856, ""B2"": 3923.432886742843}}",3.7343,0.0858369653161312,0.8055310465609322,0.0630689534390678,"[0.5157465904350962, 0.0, 0.06249404741011954, 0.21874503950843296, 0.3749960316067464, 0.5312470237050598, 0.6874980158033732, 0.8437490079016867, 0.29333333333333333, 0.24545454545454545, 1.0, 0.4266666666666667, 0.0, 0.0]",37.0,37.0,37.0,12.0,12.0,37.0,37.0,0.0,0.0,False,0,3.7343,0.0,2.9953,0.5157465904350962,1.9135607065024491,plus,False,3.623754814359132,3.624022418905105,0.0002676045459732,True,True,1.0,True,100.0,290.6000000000004,1.0,True,[],,,
38,4-6,283,4-6/r283,perturb_weak_hough,1668.106294028332,"{""0"": {""K"": 0.0, ""B1"": 290.59732045705584, ""A1"": 1017.1644337142133, ""A2"": 1743.7315469713708, ""A3"": 2470.298660228528, ""A4"": 3196.8657734856856, ""B2"": 3923.432886742843}}",3.7343,0.8055310465609322,0.8055310465609322,0.0630689534390678,"[0.35873253635017893, 0.0, 0.06249404741011954, 0.21874503950843296, 0.3749960316067464, 0.5312470237050598, 0.6874980158033732, 0.8437490079016867, 0.9362429400743528, 0.9169409554434452, 1.0, 0.4266666666666667, 0.0, 0.0]",85.0,85.0,111.0,12.0,12.0,37.0,37.0,0.0,0.0,False,0,3.7343,0.0,2.9953,0.3587325363501789,1.9135607065024491,plus,False,3.624022418905105,3.624022418905105,8.881784197001252e-16,True,True,1.0,True,100.0,290.60000000000014,1.0,True,[],,,
39,4-6,283,4-6/r283,perturb_offset_shift,1668.106294028332,"{""0"": {""K"": 0.0, ""B1"": 759.9556110729948, ""A1"": 596.8580920479862, ""A2"": 1288.191410048567, ""A3"": 3014.7633455692594, ""A4"": 2769.166010859058, ""B2"": 3562.750122739619}}",3.7343,0.297406364436915,0.8055310465609322,0.0630689534390678,"[0.35873253635017893, 0.0, 0.1634313142092462, 0.1283565789350508, 0.2770304107631327, 0.6483362033482278, 0.5955195722277544, 0.7661828220945418, 0.29333333333333333, 0.24545454545454545, 1.0, 0.4266666666666667, 0.0, 0.0]",37.0,37.0,37.0,12.0,12.0,37.0,37.0,0.0,0.0,False,0,3.7343,0.0,2.9953,0.3587325363501789,1.656828406037462,plus,False,0.9820164692213832,0.454271231668058,0.5277452375533253,True,True,1.0,True,99.99999999999996,163.0999999999999,0.0,True,[],,,
40,4-6,283,4-6/r283,perturb_ambiguous_lines,1668.106294028332,"{""0"": {""K"": 0.0, ""B1"": 290.59732045705584, ""A1"": 1017.1644337142133, ""A2"": 1743.7315469713708, ""A3"": 2470.298660228528, ""A4"": 3196.8657734856856, ""B2"": 3923.432886742843}}",3.7343,0.8055310465609322,0.8055310465609322,0.0630689534390678,"[0.35873253635017893, 0.0, 0.06249404741011954, 0.21874503950843296, 0.3749960316067464, 0.5312470237050598, 0.6874980158033732, 0.8437490079016867, 0.29333333333333333, 0.24545454545454545, 0.962558828699175, 0.878583587223717, 0.0, 0.0]",37.0,37.0,37.0,11.5881,11.5881,70.8938,70.8938,0.0,0.0,False,0,3.7343,0.0,2.9953,0.3587325363501789,1.9135607065024491,plus,False,3.624022418905105,3.624022418905105,8.881784197001252e-16,True,True,1.0,True,100.0,290.60000000000014,1.0,True,[],,,
41,4-6,283,4-6/r283,perturb_wrong_r_high,1668.106294028332,"{""0"": {""K"": 0.0, ""B1"": 290.59732045705584, ""A1"": 1017.1644337142133, ""A2"": 1743.7315469713708, ""A3"": 2470.298660228528, ""A4"": 3196.8657734856856, ""B2"": 3923.432886742843}}",3.7343,0.2846541423497096,0.8055310465609322,0.0630689534390678,"[0.35873253635017893, 0.0, 0.06249404741011954, 0.21874503950843296, 0.3749960316067464, 0.5312470237050598, 0.6874980158033732, 0.8437490079016867, 0.29333333333333333, 0.24545454545454545, 1.0, 0.4266666666666667, 0.0, 0.95]",37.0,37.0,37.0,12.0,12.0,37.0,37.0,0.0,0.0,False,0,3.7557,0.950039,2.9953,0.3587325363501789,1.9135607065024491,plus,False,3.624022418905105,3.624022418905105,8.881784197001252e-16,True,True,1.0,True,100.0,290.60000000000014,1.0,True,[],,,
42,4-6,283,4-6/r283,perturb_guardrail_smoke,93.0,"{""0"": {""K"": 0.0, ""B1"": 2631.5490725983127, ""A1"": 2262.2493889975976, ""A2"": 1706.7002355381187, ""A3"": 3016.029514903451, ""A4"": 2867.235532858124, ""B2"": 2905.7718892878975}}",3.7343,0.1187505907408633,0.8055310465609322,0.0630689534390678,"[0.02, 0.0, 0.5659245317415726, 0.48650524494571995, 0.367032308717875, 0.6486084978286991, 0.6166097920124998, 0.6248971804920209, 0.29333333333333333, 0.24545454545454545, 1.0, 0.4266666666666667, 0.0, 0.0]",37.0,37.0,37.0,12.0,12.0,37.0,37.0,0.0,0.0,False,0,3.7343,0.0,2.9953,0.02,1.7128588326763623,plus,False,-1.5376574743195797,-1.4594986625104462,0.0781588118091334,True,True,1.0,True,100.0,38.60000000000037,0.0,True,[],,,
43,4-6,283,4-6/r283,perturb_misaligned,1976.440548628912,"{""0"": {""K"": 0.0, ""B1"": 132.792044696765, ""A1"": 1167.328366238358, ""A2"": 1502.4543140742965, ""A3"": 2455.4573041970266, ""A4"": 2936.033319753703, ""B2"": 3819.5392609124265}}",3.7343,0.1162332155712263,0.8055310465609322,0.0630689534390678,"[0.42504097819976605, 0.0, 0.028557428967046238, 0.2510383583308297, 0.32310845463963367, 0.5280553342359197, 0.6314050150007964, 0.8214062926693391, 0.29333333333333333, 0.24545454545454545, 1.0, 0.4266666666666667, 0.0, 0.0]",37.0,37.0,37.0,12.0,12.0,37.0,37.0,0.0,0.0,False,0,3.7343,0.0,2.9953,0.425040978199766,1.8080687464474945,minus,True,2.6473771344892016,2.9071814647505003,0.2598043302612987,True,True,1.0,True,100.0,132.79999999999973,0.0,True,[],,,
44,4-6,283,4-6/r283,perturb_small_segment,1668.106294028332,"{""0"": {""K"": 0.0, ""B1"": 325.50000000000006, ""A1"": 1023.0, ""A2"": 1720.5, ""A3"": 2418.0, ""A4"": 3115.5, ""B2"": 3813.0000000000005}}",3.7343,0.7235825253941496,0.8055310465609322,0.0630689534390678,"[0.35873253635017893, 0.0, 0.07, 0.22, 0.37, 0.52, 0.67, 0.8200000000000001, 0.29333333333333333, 0.24545454545454545, 1.0, 0.4266666666666667, 0.0, 0.0]",37.0,37.0,37.0,12.0,12.0,37.0,37.0,0.0,0.0,False,0,3.7343,0.0,2.9953,0.3587325363501789,1.917651908306252,plus,False,3.8255,3.4366111111111115,0.3888888888888884,True,True,1.0,True,100.0,325.5,1.0,True,[],,,
45,4-6,283,4-6/r283,perturb_wrong_k,896.0859891167171,"{""0"": {""K"": 0.0, ""B1"": 290.59732045705584, ""A1"": 1017.1644337142133, ""A2"": 1743.7315469713708, ""A3"": 2470.298660228528, ""A4"": 3196.8657734856856, ""B2"": 3923.432886742843}}",3.7343,0.082825679475164,0.8055310465609322,0.0630689534390678,"[0.19270666432617573, 0.0, 0.06249404741011954, 0.21874503950843296, 0.3749960316067464, 0.5312470237050598, 0.6874980158033732, 0.8437490079016867, 0.29333333333333333, 0.24545454545454545, 1.0, 0.4266666666666667, 0.0, 0.0]",37.0,37.0,37.0,12.0,12.0,37.0,37.0,0.0,0.0,False,0,3.7343,0.0,2.9953,0.1927066643261757,1.9135607065024491,plus,False,3.624022418905105,3.624022418905105,4.440892098500626e-16,True,True,1.0,True,100.0,290.6,1.0,True,[],,,
46,4-6,283,4-6/r283,perturb_wrong_r_low,1668.106294028332,"{""0"": {""K"": 0.0, ""B1"": 290.59732045705584, ""A1"": 1017.1644337142133, ""A2"": 1743.7315469713708, ""A3"": 2470.298660228528, ""A4"": 3196.8657734856856, ""B2"": 3923.432886742843}}",3.7343,0.7920261394765765,0.8055310465609322,0.0630689534390678,"[0.35873253635017893, 0.0, 0.06249404741011954, 0.21874503950843296, 0.3749960316067464, 0.5312470237050598, 0.6874980158033732, 0.8437490079016867, 0.29333333333333333, 0.24545454545454545, 1.0, 0.4266666666666667, 0.0, 0.05]",37.0,37.0,37.0,12.0,12.0,37.0,37.0,0.0,0.0,False,0,3.7354,0.048532,2.9953,0.3587325363501789,1.9135607065024491,plus,False,3.624022418905105,3.624022418905105,8.881784197001252e-16,True,True,1.0,True,100.0,290.60000000000014,1.0,True,[],,,
47,4-6,283,4-6/r283,perturb_wrong_k,2398.2216455231974,"{""0"": {""K"": 0.0, ""B1"": 290.59732045705584, ""A1"": 1017.1644337142133, ""A2"": 1743.7315469713708, ""A3"": 2470.298660228528, ""A4"": 3196.8657734856856, ""B2"": 3923.432886742843}}",3.7343,0.0858369653161312,0.8055310465609322,0.0630689534390678,"[0.5157465904350962, 0.0, 0.06249404741011954, 0.21874503950843296, 0.3749960316067464, 0.5312470237050598, 0.6874980158033732, 0.8437490079016867, 0.29333333333333333, 0.24545454545454545, 1.0, 0.4266666666666667, 0.0, 0.0]",37.0,37.0,37.0,12.0,12.0,37.0,37.0,0.0,0.0,False,0,3.7343,0.0,2.9953,0.5157465904350962,1.9135607065024491,plus,False,3.623754814359132,3.624022418905105,0.0002676045459732,True,True,1.0,True,100.0,290.6000000000004,1.0,True,[],,,
48,4-6,283,4-6/r283,bo,1682.6200617786153,"{""0"": {""K"": 0.0, ""B1"": 2021.3342104789326, ""A1"": 3512.0588433661283, ""A2"": 3195.830581681782, ""A3"": 1732.1379848706133, ""A4"": 3392.907465736215, ""B2"": 2590.968183537163}}",3.7343,0.1205710451265549,0.8055310465609322,0.0630689534390678,"[0.3618537767265839, 0.514967661008803, 0.43469552913525433, 0.7552814716916405, 0.6872753939100607, 0.37250279244529316, 0.7296575195131645, 0.5571974588251963, 0.3804259009888198, 0.3738430945066128, 0.4621321913405275, 0.4539073687889287, 0.009122460778200892, 0.015331103269724533]",44.0,44.0,51.0,6.0835,6.0835,39.0431,39.0431,0.2281,0.2281,False,0,3.7347,0.017445,2.9953,0.3618537767265839,1.870444736401108,plus,False,-1.5828629585968088,-1.6096013902049713,0.0267384316081624,True,True,1.0,True,100.0,119.20000000000005,0.0,True,[],0.8015285118932001,0.0598519326864987,0.0175266891768214
49,4-6,283,4-6/r283,bo,1556.4976058941552,"{""0"": {""K"": 0.0, ""B1"": 2145.022557203667, ""A1"": 4205.263849088928, ""A2"": 5.8216815451845205, ""A3"": 2242.2117787880156, ""A4"": 1378.5812349961236, ""B2"": 4030.52901891996}}",3.7343,0.1061171883102843,0.8055310465609322,0.0630689534390678,"[0.3347306679342269, 0.04555341130876711, 0.4612951735921864, 0.9043578170083715, 0.0012519745258461334, 0.4821960814597883, 0.2964690827948653, 0.8667804341763354, 0.769771673865942, 0.45488341276520194, 0.9636849526293026, 0.2734861559300058, 0.9624024065468585, 0.047692359757286695]",73.0,73.0,60.0,11.6005,11.6005,25.5115,25.5115,24.0601,24.0601,False,0,3.7354,0.048532,2.9953,0.3347306679342269,1.7825828110379298,plus,False,1.0705715363783288,1.0206485518813315,0.049922984496997,True,True,1.0,True,100.0,5.7999999999999545,0.0,True,[],0.6187698132414878,0.1193347973480798,0.0024697055304285
50,4-6,283,4-6/r283,bo,1526.7991839913782,"{""0"": {""K"": 0.0, ""B1"": 466.334027622393, ""A1"": 896.277192779926, ""A2"": 4527.616040729675, ""A3"": 3492.8114342736667, ""A4"": 3288.4480809923025, ""B2"": 4259.3086661513735}}",3.7343,0.2604857739215554,0.8055310465609322,0.0630689534390678,"[0.32834391053578027, 0.8148304580626953, 0.10028688766072968, 0.1927477833935325, 0.9736808689741235, 0.7511422439298208, 0.7071931356972694, 0.9159803583121233, 0.9832837572190531, 0.38128374524164443, 0.6930739124805664, 0.13996058091119257, 0.8215312850195085, 0.12049642768121349]",89.0,89.0,52.0,8.6238,8.6238,15.497,15.497,20.5383,20.5383,False,0,3.737,0.119587,2.9953,0.3283439105357802,1.571176725875685,plus,False,0.695994966832945,0.7861650656511414,0.0901700988181963,True,True,1.0,True,100.0,122.39999999999986,0.0,True,[],0.6946734798415714,0.1150389158419921,0.0086963684763398
51,4-6,283,4-6/r283,bo,1692.0430685529896,"{""0"": {""K"": 0.0, ""B1"": 2981.713572675995, ""A1"": 138.26003419020137, ""A2"": 2205.652756091607, ""A3"": 4035.908994690005, ""A4"": 368.41037024510956, ""B2"": 4030.0379047068946}}",3.7343,0.2277929660270033,0.8055310465609322,0.0630689534390678,"[0.3638802297963418, 0.06525212556867155, 0.6412287253066655, 0.029733340686064813, 0.47433392604120583, 0.8679374182129043, 0.07922803661185152, 0.8666748182165365, 0.554161875029292, 0.5400718222769431, 0.533879257019863, 0.25776713249364325, 0.6547771202430043, 0.18274973772418956]",57.0,57.0,69.0,6.8727,6.8727,24.3325,24.3325,16.3694,16.3694,False,0,3.7384,0.181759,2.9953,0.3638802297963418,1.8202480153741325,minus,True,0.7708666419125529,1.492138230047669,0.7212715881351162,True,True,1.0,True,100.0,5.900000000000091,0.0,True,[],0.621213083383813,0.1227777071282445,0.0029721803515407
52,4-6,283,4-6/r283,bo,1654.151440397164,"{""0"": {""K"": 0.0, ""B1"": 4245.808118075956, ""A1"": 2077.023677156156, ""A2"": 1874.4848132796199, ""A3"": 2841.3086146190235, ""A4"": 3390.508563434144, ""B2"": 3825.5569887230195}}",3.7343,0.2019411571193843,0.8055310465609322,0.0630689534390678,"[0.35573149255852987, 0.40163523944187984, 0.9130770146399906, 0.4466717585282055, 0.4031150136085204, 0.6110341106707577, 0.7291416265449772, 0.8227004276823697, 0.09824067958507743, 0.5835138720515699, 0.40558826487112665, 0.009642484461408585, 0.2246233020104067, 0.24492052861823121]",22.0,22.0,74.0,5.4615,5.4615,5.7232,5.7232,5.6156,5.6156,False,0,3.7398,0.243932,2.9953,0.3557314925585298,1.6212824530810657,plus,False,-2.031304086832757,-2.043985273602403,0.0126811867696456,True,True,1.0,True,99.99999999999996,202.5999999999999,0.0,True,[],0.6309705849233624,0.0851892750110265,0.0004577687708604
53,4-6,283,4-6/r283,bo,1648.9531712526837,"{""0"": {""K"": 0.0, ""B1"": 1945.3275650506175, ""A1"": 839.7832207651303, ""A2"": 3323.673617334262, ""A3"": 575.2464065136115, ""A4"": 3236.3314211877723, ""B2"": 4599.5600670257545}}",3.7343,0.11709917704743,0.8055310465609322,0.0630689534390678,"[0.3546135852156309, 0.5261042198501015, 0.4183500139893801, 0.18059854210002801, 0.7147685198568305, 0.12370890462658313, 0.6959852518683382, 0.9891527025861837, 0.26490204043174936, 0.5467191599492842, 0.18394890017054033, 0.7381953282373839, 0.9043147518762439, 0.0627829080239598]",35.0,35.0,70.0,3.0234,3.0234,60.3646,60.3646,22.6079,22.6079,False,0,3.7357,0.061855,2.9953,0.3546135852156309,1.765384232176792,minus,True,0.0008409092810517,0.9888886952714032,0.9880477859903516,True,True,1.0,True,100.0,50.5,0.0,True,[],0.6934890428200355,0.1006586511101944,0.0055046767949459
54,4-6,283,4-6/r283,bo,1670.5911696041208,"{""0"": {""K"": 0.0, ""B1"": 1006.2535729673149, ""A1"": 1172.7876638660166, ""A2"": 3100.4067750409827, ""A3"": 642.009054599312, ""A4"": 3352.514954348998, ""B2"": 4424.482917822721}}",3.7343,0.2355548487494012,0.8055310465609322,0.0630689534390678,"[0.35926691819443457, 0.002060456091039664, 0.2163986178424333, 0.2522124008314014, 0.6667541451701038, 0.13806646335469075, 0.7209709579245157, 0.9515017027575744, 0.89590761360003, 0.9059262554094394, 0.6470412635557654, 0.6362218507236969, 0.7490587300763533, 0.17095699818585985]",82.0,82.0,110.0,8.1175,8.1175,52.7166,52.7166,18.7265,18.7265,False,0,3.7382,0.172878,2.9953,0.3592669181944345,1.677994367012298,plus,False,0.4055032120399907,0.3649646295975461,0.0405385824424446,True,True,1.0,True,100.0,166.5999999999999,0.0,True,[],0.7765957237671526,0.0452768483262229,0.004890844499928
55,4-6,283,4-6/r283,bo,1702.984447231456,"{""0"": {""K"": 0.0, ""B1"": 196.17156878812963, ""A1"": 4469.509243168943, ""A2"": 4035.8434730284116, ""A3"": 660.2816019983709, ""A4"": 140.94362073984277, ""B2"": 4168.672416571211}}",3.7343,0.22483451567904,0.8055310465609322,0.0630689534390678,"[0.36623321445837764, 0.7408411862175394, 0.04218743414798487, 0.9611847834771919, 0.8679233275329917, 0.14199604344050987, 0.03031045607308447, 0.8964886917357444, 0.8428354681350414, 0.5797461445638351, 0.20737632749572987, 0.45030047158780306, 0.985660661135459, 0.00024917265921109433]",78.0,78.0,74.0,3.2811,3.2811,38.7725,38.7725,24.6415,24.6415,False,0,3.7343,0.0,2.9953,0.3662332144583776,1.6660725212285885,plus,False,0.9336371443689176,0.9934917128943336,0.0598545685254161,True,True,1.0,True,100.0,55.29999999999996,0.0,True,[],0.7431532370342796,0.0797152065124537,0.0078898414654822
56,4-6,283,4-6/r283,bo,1521.5533020363716,"{""0"": {""K"": 0.0, ""B1"": 789.0852498409056, ""A1"": 1971.533385720226, ""A2"": 90.14362613577819, ""A3"": 496.68420710804827, ""A4"": 4485.083980800408, ""B2"": 4462.113732285115}}",3.7343,0.1159555242379336,0.8055310465609322,0.0630689534390678,"[0.3272157638787896, 0.05583648781220929, 0.1696957526539582, 0.4239856743484357, 0.019385726050704988, 0.10681380798022544, 0.9645341894194427, 0.9595943510290569, 0.21294921549354773, 0.5642090090444624, 0.9569811477128924, 0.6728080781585619, 0.0070146598917784075, 0.006353867634711352]",31.0,31.0,72.0,11.5268,11.5268,55.4606,55.4606,0.1754,0.1754,False,0,3.7345,0.008564,2.9953,0.3272157638787896,1.5776781516017426,minus,True,0.9616079210272536,1.5333536146841535,0.5717456936569001,True,True,1.0,True,100.0,22.899999999999864,0.0,True,[],0.4000244306471501,0.148477146812918,0.0001135915146534
57,4-6,283,4-6/r283,bo,1625.618810235124,"{""0"": {""K"": 0.0, ""B1"": 159.13889421459115, ""A1"": 1588.8689641249211, ""A2"": 1042.5349617707557, ""A3"": 4323.783644959032, ""A4"": 2639.3222461829396, ""B2"": 3768.3763600740735}}",3.7343,0.0686664916034917,0.8055310465609322,0.0630689534390678,"[0.34959544306131696, 0.794163951125089, 0.03422341811066476, 0.3416922503494454, 0.22420106704747433, 0.9298459451524801, 0.5675961819748258, 0.8104035182954997, 0.6738820944625777, 0.851684708769984, 0.9114170280974127, 0.19311490496937067, 0.521781671157103, 0.3977319278890733]",66.0,66.0,104.0,11.0256,11.0256,19.4836,19.4836,13.0445,13.0445,False,0,3.7433,0.399365,2.9953,0.3495954430613169,1.692035550470117,minus,True,2.1465079956030717,2.5405574864799,0.3940494908768284,True,True,1.0,True,100.0,159.20000000000005,0.0,True,[],0.4645969362768249,0.1342167613091877,0.0001874862704528
58,4-6,283,4-6/r283,bo,1462.9586316671516,"{""0"": {""K"": 0.0, ""B1"": 2454.235048512745, ""A1"": 1582.808776714452, ""A2"": 2966.569002805693, ""A3"": 3637.7648265523626, ""A4"": 3320.33395345106, ""B2"": 2334.777856935965}}",3.7343,0.075941608374743,0.8055310465609322,0.0630689534390678,"[0.3146147594983122, 0.031146401458570172, 0.527792483551128, 0.3403889842396671, 0.637971828560364, 0.7823150164628737, 0.7140503125701204, 0.5021027649324655, 0.7262160928818983, 0.30699711908547356, 0.4335109439699365, 0.14886053932537635, 0.027699108102615222, 0.3518771751141163]",69.0,69.0,44.0,5.7686,5.7686,16.1645,16.1645,0.6925,0.6925,False,0,3.7422,0.350514,2.9953,0.3146147594983122,1.8229924735075251,minus,True,-2.0131414943226216,-1.6677683126120768,0.3453731817105447,True,True,1.0,True,100.0,119.5,0.0,True,[],0.4502928398335721,0.1428174470356701,0.000239269706192
59,4-6,283,4-6/r283,bo,1700.3064265537143,"{""0"": {""K"": 0.0, ""B1"": 119.90547445424681, ""A1"": 892.8752601917447, ""A2"": 1150.936806390894, ""A3"": 1248.6473724136888, ""A4"": 3212.4410062575325, ""B2"": 1887.6410476074052}}",3.7343,0.2332428017549029,0.8055310465609322,0.0630689534390678,"[0.36565729603305686, 0.5974573363292486, 0.0257861235385477, 0.19201618498747197, 0.24751329169696645, 0.2685263166481051, 0.6908475282274263, 0.40594431131342046, 0.223911066453933, 0.007760063009105478, 0.3091098453289495, 0.6433591197383595, 0.897329962394989, 0.05040573848899865]",32.0,32.0,11.0,4.4002,4.4002,53.2519,53.2519,22.4332,22.4332,False,0,3.7354,0.048532,2.9953,0.3656572960330568,1.4668688452165577,plus,False,2.2847149049932023,1.844020156634899,0.4406947483583032,True,True,1.0,True,100.0,97.80000000000018,0.0,True,[],0.2532151533062876,0.1601150880507519,8.928474323987727e-06
60,4-6,283,4-6/r283,bo,1827.474702742449,"{""0"": {""K"": 0.0, ""B1"": 407.26903893051724, ""A1"": 1071.699371444748, ""A2"": 4125.238379238283, ""A3"": 2900.3479305602377, ""A4"": 2826.3669536958714, ""B2"": 4006.78809888126}}",3.7343,0.0561687129346327,0.8055310465609322,0.0630689534390678,"[0.39300531241773096, 0.36729696475372997, 0.08758473955494994, 0.2304729831063974, 0.8871480385458674, 0.6237307377548899, 0.6078208502571767, 0.8616748599744645, 0.3646641927442613, 0.7979803642877208, 0.7943823761916617, 0.34291887747815586, 0.2455206757524765, 0.5361467996488523]",42.0,42.0,98.0,9.7382,9.7382,30.7189,30.7189,6.138,6.138,False,0,3.7464,0.537033,2.9953,0.3930053124177309,1.6419839261778593,minus,True,0.6777063775059368,1.083173140043721,0.4054667625377842,True,True,1.0,True,100.0,74.0,0.0,True,[],0.2551889756499402,0.158094270777413,7.743205152664317e-06
61,4-6,283,4-6/r283,bo,1667.5308927458943,"{""0"": {""K"": 0.0, ""B1"": 514.7879529944537, ""A1"": 1104.8146098431473, ""A2"": 2509.431108052568, ""A3"": 3777.0056518112933, ""A4"": 2875.402054455549, ""B2"": 4641.807727443877}}",3.7343,0.1347098491160713,0.8055310465609322,0.0630689534390678,"[0.358608794138902, 0.40138947298740046, 0.11070708666547391, 0.23759453975121447, 0.5396626038822727, 0.8122592799594179, 0.6183660332162472, 0.9982382209556726, 0.0902623228097067, 0.7502697373846768, 0.06267916194812262, 0.4719796582363347, 0.4972756087840131, 0.36393730210177444]",22.0,22.0,93.0,1.6895,1.6895,40.3985,40.3985,12.4319,12.4319,False,0,3.7425,0.363837,2.9953,0.358608794138902,1.5802112556980406,minus,True,0.0035023882565708,0.5790664175464876,0.5755640292899167,True,True,1.0,True,100.0,8.200000000000045,0.0,True,[],0.2988614988617479,0.1550737175208201,1.7484822889386335e-05
62,4-6,283,4-6/r283,bo,1426.769537513882,"{""0"": {""K"": 0.0, ""B1"": 2082.5391863985096, ""A1"": 1023.2893808274185, ""A2"": 291.4100504099323, ""A3"": 62.78559574248253, ""A4"": 3378.5207487762923, ""B2"": 3157.5314429951827}}",3.7343,0.0488232348522784,0.8055310465609322,0.0630689534390678,"[0.3068321586051359, 0.13679149867193785, 0.4478578895480666, 0.22006223243600398, 0.06266882804514673, 0.013502278654297317, 0.7265636018873747, 0.679039019998964, 0.18917728534737743, 0.3873076466765588, 0.363556138724225, 0.9102359258414394, 0.7973875580776233, 0.5114619052509086]",29.0,29.0,53.0,4.9991,4.9991,73.2677,73.2677,19.9347,19.9347,False,0,3.7458,0.510388,2.9953,0.3068321586051359,1.8902158908656084,minus,True,1.6053460783556228,2.3724285413381923,0.7670824629825694,True,True,1.0,True,100.0,62.79999999999996,0.0,True,[],0.37185165460575,0.1420062483741315,3.473740756481194e-05
63,4-6,283,4-6/r283,bo,1618.4000644345638,"{""0"": {""K"": 0.0, ""B1"": 1638.2364800296164, ""A1"": 595.7716102052523, ""A2"": 2365.573926352169, ""A3"": 506.3312714621267, ""A4"": 3175.4158068741613, ""B2"": 1349.2404971480091}}",3.7343,0.1709453819560486,0.8055310465609322,0.0630689534390678,"[0.3480430246095836, 0.1813276336639189, 0.35230892043647666, 0.1281229269258607, 0.5087255755596063, 0.10888844547572618, 0.6828851197578841, 0.2901592466984966, 0.8430461829774606, 0.6556932077519309, 0.34004393784388254, 0.009488600128879976, 0.09932429735846515, 0.10728495896803525]",78.0,78.0,82.0,4.7405,4.7405,5.7116,5.7116,2.4831,2.4831,False,0,3.7367,0.106264,2.9953,0.3480430246095836,1.912136112430947,minus,True,0.6351351710427335,1.0699681649237265,0.4348329938809927,True,True,1.0,True,100.0,89.5,0.0,True,[],0.4172183927275928,0.1336372167783658,5.469263173661599e-05
64,4-6,283,4-6/r283,bo,1699.475800289555,"{""0"": {""K"": 0.0, ""B1"": 3775.5825243880927, ""A1"": 3872.1826103275107, ""A2"": 4110.760563531714, ""A3"": 884.4468751715212, ""A4"": 3012.117475764322, ""B2"": 2916.970206156239}}",3.7343,0.2029778906912187,0.8055310465609322,0.0630689534390678,"[0.3654786667289366, 0.06242262938876453, 0.8119532310512028, 0.8327274430811851, 0.8840345297917666, 0.19020362906914434, 0.6477671990891015, 0.627305420678761, 0.8188307351719826, 0.06454019018898349, 0.6648421744179337, 0.5191119268201444, 0.02568814398901742, 0.13389425291826562]",76.0,76.0,17.0,8.3133,8.3133,43.9334,43.9334,0.6422,0.6422,False,0,3.7373,0.132909,2.9953,0.3654786667289366,1.6020209479237797,plus,False,-0.1546092193577727,-0.1537011907939717,0.000908028563801,True,True,1.0,True,100.0,95.20000000000071,0.0,True,[],0.4024689252039701,0.1323029111502404,3.263255381712459e-05
65,4-6,283,4-6/r283,bo,1424.852986932637,"{""0"": {""K"": 0.0, ""B1"": 319.5625515770818, ""A1"": 3589.4034809006644, ""A2"": 381.84372935111725, ""A3"": 4390.845548756909, ""A4"": 3388.4119805979067, ""B2"": 1474.2887171689795}}",3.7343,0.0876327586791862,0.8055310465609322,0.0630689534390678,"[0.3064199971898144, 0.1388136762097565, 0.06872312937141545, 0.7719147270754116, 0.08211693104325102, 0.9442678599477223, 0.7286907485156788, 0.31705133702558697, 0.6736440049776817, 0.30465208723912873, 0.041280963147902305, 0.7498639186577974, 0.032321387648231115, 0.11466549955990546]",66.0,66.0,44.0,1.4541,1.4541,61.2398,61.2398,0.808,0.808,False,0,3.7369,0.115146,2.9953,0.3064199971898144,1.8076896061073515,plus,False,2.008704914483752,0.7739543759449433,1.234750538538809,True,True,1.0,True,100.0,62.29999999999996,0.0,True,[],0.5479307936953387,0.1149625802281324,0.0003879993727322
66,4-6,283,4-6/r283,bo,1995.9661125157925,"{""0"": {""K"": 0.0, ""B1"": 1391.1030484701812, ""A1"": 684.1598281661516, ""A2"": 1.9222445037115954, ""A3"": 4547.234273797196, ""A4"": 2691.1007792586365, ""B2"": 1223.9047709257259}}",3.7343,0.0408824124671119,0.8055310465609322,0.0630689534390678,"[0.4292400241969446, 0.03276284603025037, 0.29916194590756584, 0.14713114584218312, 0.0004133859147766872, 0.9778998438273538, 0.5787313503782014, 0.26320532708080124, 0.20034085206728047, 0.7950723951226738, 0.02943778971162092, 0.8139311464486424, 0.2654667188735216, 0.7667638349586186]",30.0,30.0,97.0,1.3238,1.3238,66.0448,66.0448,6.6367,6.6367,False,0,3.7516,0.767961,2.9953,0.4292400241969446,1.8992638331420764,minus,True,1.065211112437796,1.7910726980268925,0.7258615855890966,True,True,1.0,True,100.0,1.900000000000091,0.0,True,[],0.2383493787321367,0.1484446290765451,1.731096364039721e-06
67,4-6,283,4-6/r283,bo,1862.6094646115296,"{""0"": {""K"": 0.0, ""B1"": 2724.9382128237735, ""A1"": 1029.805609518123, ""A2"": 459.2649916521678, ""A3"": 3867.288666721281, ""A4"": 2535.3397413137363, ""B2"": 4637.168800917131}}",3.7343,0.0820689746531474,0.8055310465609322,0.0630689534390678,"[0.40056117518527523, 0.08334033742232161, 0.5860082178115642, 0.22146357193938127, 0.09876666487143393, 0.8316749820905981, 0.545234352970696, 0.9972406023477702, 0.6796130270691902, 0.0034696741113057206, 0.21457809922640314, 0.1475949412608435, 0.6671301266730686, 0.19658019653815995]",66.0,66.0,10.0,3.3604,3.3604,16.0696,16.0696,16.6783,16.6783,False,0,3.7387,0.195082,2.9953,0.4005611751852752,1.7762643210071958,minus,True,0.1745738090070601,1.1250126883250025,0.9504388793179424,True,True,1.0,True,100.0,12.799999999999956,0.0,True,[],0.2367338025135871,0.1477188581017787,1.511893275986569e-06
68,4-6,283,4-6/r283,bo,1682.355828702615,"{""0"": {""K"": 0.0, ""B1"": 1484.950325379783, ""A1"": 31.70187374631886, ""A2"": 2514.865998298375, ""A3"": 2190.801957745045, ""A4"": 3505.0515159161228, ""B2"": 1148.071218255292}}",3.7343,0.1762879585942274,0.8055310465609322,0.0630689534390678,"[0.36179695240916454, 0.8312140010652292, 0.31934415599565225, 0.006817607257272873, 0.5408313974835215, 0.4711402059666764, 0.7537745195518544, 0.24689703618393377, 0.11316912192428052, 0.47280164219970455, 0.1732990495893567, 0.872621810213971, 0.0615529380765083, 0.16167707338161286]",23.0,23.0,62.0,2.9063,2.9063,70.4466,70.4466,1.5388,1.5388,False,0,3.7379,0.159555,2.9953,0.3617969524091645,1.8722125368141016,minus,True,1.891309282834844,2.260336359570753,0.3690270767359092,True,True,1.0,True,100.0,31.699999999999815,0.0,True,[],0.285276498729666,0.1478239981062883,6.093419968795523e-06
69,4-6,283,4-6/r283,bo,1613.7510280989743,"{""0"": {""K"": 0.0, ""B1"": 3993.731307643521, ""A1"": 1042.239852209471, ""A2"": 1873.4000160944317, ""A3"": 4280.442644159846, ""A4"": 3192.3406635512197, ""B2"": 4342.713134599172}}",3.7343,0.2424668396087526,0.8055310465609322,0.0630689534390678,"[0.3470432318492418, 0.045739393952515583, 0.8588669478803271, 0.2241376026256927, 0.40288172389127563, 0.9205252998193217, 0.6865248738819827, 0.9339168031396069, 0.565501498625976, 0.9769187464244022, 0.8016548585990796, 0.10102879295848999, 0.48878881247528283, 0.8560577016187019]",57.0,57.0,117.0,9.8182,9.8182,12.5772,12.5772,12.2197,12.2197,False,0,3.7536,0.856779,2.9953,0.3470432318492418,1.724091655400548,plus,False,-0.7559716801387805,-0.7758700164493756,0.0198983363105951,True,True,1.0,True,100.0,62.29999999999996,0.0,True,[],0.2718488542247936,0.1354515028118502,9.101222660848296e-07
70,4-6,283,4-6/r283,bo,1799.0537186216209,"{""0"": {""K"": 0.0, ""B1"": 3876.2231148329797, ""A1"": 957.2289704470784, ""A2"": 4418.964045246882, ""A3"": 2760.7869089319747, ""A4"": 3386.0218059546623, ""B2"": 4192.117306208605}}",3.7343,0.2641434841682946,0.8055310465609322,0.0630689534390678,"[0.38689327282185393, 0.11238195019411945, 0.833596368781286, 0.20585569256926417, 0.9503148484401897, 0.5937176148240806, 0.7281767324633682, 0.9015306034857217, 0.7810465628066213, 0.8239114233990426, 0.05371287679614756, 0.8139903852969996, 0.7631490887583329, 0.08621872214147686]",74.0,74.0,101.0,1.5908,1.5908,66.0493,66.0493,19.0787,19.0787,False,0,3.7362,0.084059,2.9953,0.3868932728218539,1.706887226070536,plus,False,-0.2241341259900555,-0.1546044256672786,0.0695297003227768,True,True,1.0,True,100.0,226.79999999999995,0.0,True,[],0.2594136069384808,0.1433219711143454,1.7302072779512985e-06
71,4-6,283,4-6/r283,bo,1781.1934810527343,"{""0"": {""K"": 0.0, ""B1"": 2936.1785387014756, ""A1"": 806.2699794778118, ""A2"": 3786.405691665781, ""A3"": 3686.5387518946886, ""A4"": 3649.52421048642, ""B2"": 1971.858148643694}}",3.7343,0.1492595477372146,0.8055310465609322,0.0630689534390678,"[0.38305236151671707, 0.05942450360693963, 0.6314362448820378, 0.17339139343608856, 0.8142807939066196, 0.7928040326655245, 0.7848439162336387, 0.42405551583735357, 0.09888053112820427, 0.8589057669711373, 0.7743246601482527, 0.5463039135718365, 0.8427694218611691, 0.41334374368304305]",22.0,22.0,104.0,9.5176,9.5176,45.9728,45.9728,21.0692,21.0692,False,0,3.7436,0.412687,2.9953,0.383052361516717,1.917524275965513,plus,False,0.2065300811981406,-0.0501458292433734,0.256675910441514,True,True,1.0,True,100.0,37.0,0.0,True,[],0.2327177576440072,0.1428751583427846,7.166485935938951e-07
72,4-6,283,4-6/r283,bo,1536.5534032168016,"{""0"": {""K"": 0.0, ""B1"": 4329.421633512881, ""A1"": 603.1248582198045, ""A2"": 1936.108601453476, ""A3"": 1685.0777160027321, ""A4"": 2493.3429827677805, ""B2"": 2872.517330168521}}",3.7343,0.2586645375711371,0.8055310465609322,0.0630689534390678,"[0.33044159208963475, 0.5397262932492237, 0.9310584158092218, 0.1297042705849042, 0.41636744117279056, 0.3623823045167166, 0.5362027919930711, 0.6177456624018325, 0.33083873356194005, 0.20076843784725573, 0.10326545562772227, 0.12116834733199922, 0.3844159026326973, 0.28506054851415064]",40.0,40.0,32.0,2.1359,2.1359,14.0876,14.0876,9.6104,9.6104,False,0,3.7407,0.283901,2.9953,0.3304415920896347,1.6567378821385463,plus,False,1.6982691413628654,0.5722018611197768,1.1260672802430889,True,True,1.0,True,100.0,251.0999999999999,0.0,True,[],0.2403196975063074,0.1403452931721347,6.450343327739859e-07
73,4-6,283,4-6/r283,bo,1762.2910442247685,"{""0"": {""K"": 0.0, ""B1"": 1016.031510559448, ""A1"": 46.24480331567146, ""A2"": 2715.080582676012, ""A3"": 335.00920466693617, ""A4"": 3475.4022450971233, ""B2"": 1429.4526935163885}}",3.7343,0.1146783241390189,0.8055310465609322,0.0630689534390678,"[0.37898732133865987, 0.8951671988837209, 0.21850140012031138, 0.009945118992617519, 0.58388829734968, 0.07204499025095401, 0.7473983322789512, 0.30740918140137385, 0.7340671471839856, 0.2625491742241315, 0.6551246841454554, 0.8136740579573472, 0.044418522568588914, 0.1413077188579569]",70.0,70.0,39.0,8.2064,8.2064,66.0256,66.0256,1.1105,1.1105,False,0,3.7375,0.141791,2.9953,0.3789873213386598,1.8938855957873195,plus,False,2.7459004577384074,1.900481671585992,0.8454187861524154,True,True,1.0,True,100.0,46.200000000000045,0.0,True,[],0.3327672537821646,0.1546642094028532,3.8249020451306575e-05
74,4-6,283,4-6/r283,bo,1336.8966207049623,"{""0"": {""K"": 0.0, ""B1"": 4003.269338148321, ""A1"": 1474.6071466695848, ""A2"": 2713.1356914082944, ""A3"": 4518.025469936288, ""A4"": 3051.0512104184236, ""B2"": 2838.6878985055782}}",3.7343,0.1677990405395384,0.8055310465609322,0.0630689534390678,"[0.2875046496139704, 0.8335430557560224, 0.860918137236198, 0.31711981648808274, 0.5834700411630741, 0.9716183806314597, 0.6561400452512739, 0.6104705158076512, 0.3851985742890335, 0.24801002119039217, 0.08192298973845602, 0.9661918935594513, 0.311640801259112, 0.4809443415747333]",44.0,44.0,37.0,1.9012,1.9012,77.4644,77.4644,7.791,7.791,False,0,3.7451,0.479301,2.9953,0.2875046496139704,1.855790296883748,plus,False,-1.4384743182852482,-1.1995848564033094,0.2388894618819388,True,True,1.0,True,100.0,125.60000000000036,0.0,True,[],0.2427885271193625,0.1571471222886846,5.121180019680309e-06
75,4-6,283,4-6/r283,bo,1727.6823792571563,"{""0"": {""K"": 0.0, ""B1"": 3702.664738346243, ""A1"": 2795.7271983647156, ""A2"": 1057.310746262469, ""A3"": 4011.323922595625, ""A4"": 3090.6361715109842, ""B2"": 1752.4013425494124}}",3.7343,0.1891193880152563,0.8055310465609322,0.0630689534390678,"[0.37154459768971104, 0.6940860869041077, 0.7962719867411275, 0.6012316555623044, 0.22737865511020838, 0.862650305934543, 0.6646529401098891, 0.3768605037740672, 0.7532896168003141, 0.23201134374994015, 0.5123954369489182, 0.7902294192910356, 0.047564283402961816, 0.06456462723279444]",71.0,71.0,36.0,6.6363,6.6363,64.2672,64.2672,1.1891,1.1891,False,0,3.7358,0.066296,2.9953,0.371544597689711,1.939602281518036,plus,False,-0.1661838079612667,-1.221470862439737,1.0552870544784705,True,True,1.0,True,100.0,294.90000000000055,0.0,True,[],0.2557338447945176,0.1553903164260829,6.015392729188365e-06
76,4-6,283,4-6/r283,bo,1629.271268638926,"{""0"": {""K"": 0.0, ""B1"": 453.78841267010256, ""A1"": 2590.816875425842, ""A2"": 4040.247334929736, ""A3"": 1817.421954023054, ""A4"": 3307.9787999334017, ""B2"": 1141.4375534166782}}",3.7343,0.2353325650508546,0.8055310465609322,0.0630689534390678,"[0.35038091798686577, 0.3874119152375166, 0.09758890595055969, 0.5571649194464177, 0.8688703946085454, 0.3908434309726998, 0.7113932903082584, 0.24547044159498455, 0.23132710394108846, 0.1485663498417218, 0.4737604476178552, 0.1972120022996976, 0.10851475485863982, 0.272241707126032]",32.0,32.0,26.0,6.2114,6.2114,19.7909,19.7909,2.7129,2.7129,False,0,3.7404,0.270578,2.9953,0.3503809179868657,1.831710061226441,plus,False,3.340063291878022,3.3883707859694923,0.0483074940914702,True,True,1.0,True,100.0,453.8,0.0,True,[],0.2645325755255669,0.1540242527921483,6.603995630223073e-06
77,4-6,283,4-6/r283,bo,1824.5229559119105,"{""0"": {""K"": 0.0, ""B1"": 2784.02018916941, ""A1"": 3719.273234156712, ""A2"": 1663.2077495913838, ""A3"": 4307.9364773564685, ""A4"": 3056.8783040345675, ""B2"": 3894.5135475686598}}",3.7343,0.3151658616030778,0.8055310465609322,0.0630689534390678,"[0.39237052815309903, 0.042549732067895474, 0.5987140191762172, 0.7998437062702607, 0.35767908593363096, 0.9264379521196707, 0.6573931836633479, 0.8375297951760559, 0.8172953676892781, 0.9724570971601117, 0.47834510507107997, 0.057847808028777425, 0.003923019933136818, 0.16194134718345143]",76.0,76.0,117.0,6.2618,6.2618,9.3386,9.3386,0.0981,0.0981,False,0,3.738,0.163996,2.9953,0.392370528153099,1.8017273460047063,plus,False,-1.6941319601177238,-1.80842996741841,0.114298007300686,True,True,1.0,True,100.0,175.20000000000005,0.0,True,[],0.2656007402790255,0.1529834490558977,6.11355290146093e-06
78,4-6,283,4-6/r283,bo,1730.9634927638467,"{""0"": {""K"": 0.0, ""B1"": 981.7962499680993, ""A1"": 3475.675516686576, ""A2"": 1131.5744017446013, ""A3"": 1022.921331309108, ""A4"": 3709.4109050609864, ""B2"": 1886.6721556183618}}",3.7343,0.1063209668478521,0.8055310465609322,0.0630689534390678,"[0.37225021349760146, 0.1451231226396329, 0.2111389784877633, 0.7474571003627045, 0.2433493337085164, 0.2199830820019587, 0.7977227752819326, 0.405735947444809, 0.87708790417487, 0.913230989488704, 0.8216597465220405, 0.6554251092118726, 0.09659086012905682, 0.24653355963573376]",81.0,81.0,110.0,10.0383,10.0383,54.1569,54.1569,2.4148,2.4148,False,0,3.7399,0.248373,2.9953,0.3722502134976014,1.8768401806443935,plus,False,0.6018623210722764,-0.6038109377137799,1.2056732587860564,True,True,1.0,True,100.0,41.09999999999991,0.0,True,[],0.2986434570991096,0.1513337157973774,1.234389684879098e-05
79,4-6,283,4-6/r283,bo,1746.0891354934529,"{""0"": {""K"": 0.0, ""B1"": 111.70290093063518, ""A1"": 3369.1892094172954, ""A2"": 1141.2165997747372, ""A3"": 307.84027312929715, ""A4"": 3243.566702241016, ""B2"": 921.542321146395}}",3.7343,0.1085399478207818,0.8055310465609322,0.0630689534390678,"[0.37550303989106515, 0.012348266106245953, 0.024022129232394662, 0.7245568192295259, 0.24542292468273919, 0.06620220927511766, 0.6975412262883905, 0.19818114433255807, 0.6174902255135694, 0.9997347326738879, 0.3262102105223488, 0.4575157305187041, 0.4257300156309346, 0.6066967721127832]",61.0,61.0,120.0,4.5883,4.5883,39.3137,39.3137,10.6433,10.6433,False,0,3.748,0.608088,2.9953,0.3755030398910651,1.7999405506286543,plus,False,1.20892690653268,1.195229257233673,0.0136976492990072,True,True,1.0,True,100.0,111.70000000000005,0.0,True,[],0.2273813744736171,0.1522780171811206,1.9855499831763468e-06
80,4-6,283,4-6/r283,bo,1792.4771330361668,"{""0"": {""K"": 0.0, ""B1"": 2745.4663657274127, ""A1"": 4274.792611825256, ""A2"": 4414.95834213825, ""A3"": 2910.6200878930144, ""A4"": 3239.480924297033, ""B2"": 2302.976193019142}}",3.7343,0.1324852564285277,0.8055310465609322,0.0630689534390678,"[0.38547895334111115, 0.24305494110973824, 0.5904228743499812, 0.9193102391022056, 0.9494534069114517, 0.6259398038479601, 0.6966625643649533, 0.4952636974234714, 0.44282631127496197, 0.881347790471947, 0.6466724921886091, 0.5812199560504965, 0.005635914884120297, 0.15275312410897757]",48.0,48.0,107.0,8.1134,8.1134,48.5915,48.5915,0.1409,0.1409,False,0,3.7377,0.150673,2.9953,0.3854789533411111,1.6848911003990643,plus,False,-1.9408342677752832,-2.096641677267725,0.1558074094924422,True,True,1.0,True,100.0,140.10000000000014,0.0,True,[],0.2490080371680565,0.1501957231906596,2.880293807383804e-06
81,4-6,283,4-6/r283,bo,1700.6097718182534,"{""0"": {""K"": 0.0, ""B1"": 3594.834588099672, ""A1"": 2086.2445333831583, ""A2"": 542.343384666638, ""A3"": 2604.1712237654347, ""A4"": 2123.795846800086, ""B2"": 1521.9655404135494}}",3.7343,0.2031159491204884,0.8055310465609322,0.0630689534390678,"[0.36572253157381795, 0.9118242023485239, 0.773082707118209, 0.44865473836196956, 0.11663298594981464, 0.5600368223151473, 0.4567302896344271, 0.32730441729323645, 0.5745898735824891, 0.17799797976273868, 0.06732984490797778, 0.7196495842832815, 0.3729497168362865, 0.13356069939230586]",58.0,58.0,30.0,1.7406,1.7406,58.9737,58.9737,9.3237,9.3237,False,0,3.7373,0.132909,2.9953,0.3657225315738179,1.925278040590471,minus,True,0.8075413522887057,1.396599372265649,0.589058019976943,True,True,1.0,True,100.0,37.5,0.0,True,[],0.5297799440636665,0.0965938951195511,4.274332589255267e-05
82,4-6,283,4-6/r283,bo,1804.8956043839,"{""0"": {""K"": 0.0, ""B1"": 3290.015645804893, ""A1"": 792.0654532893575, ""A2"": 2269.3966390937903, ""A3"": 2365.4752560310985, ""A4"": 2573.0728357418106, ""B2"": 3502.936500607855}}",3.7343,0.1971913862846357,0.8055310465609322,0.0630689534390678,"[0.38814959234062363, 0.6643007465426598, 0.7075302464096545, 0.1703366566213672, 0.4880422879771592, 0.5087043561357201, 0.5533489969337227, 0.7533196775500763, 0.6872571313627519, 0.9448901934096076, 0.007914654761717599, 0.4551407266362907, 0.06747784110636046, 0.740351906863642]",67.0,67.0,114.0,1.0871,1.0871,39.1356,39.1356,1.6869,1.6869,False,0,3.751,0.741315,2.9953,0.3881495923406236,1.6190189610080097,plus,False,0.715543869528445,-0.0703939876518154,0.7859378571802604,True,True,1.0,True,100.0,96.09999999999944,0.0,True,[],0.2265035774130417,0.1478707587408538,1.1371356048839192e-06
83,4-6,283,4-6/r283,bo,1649.934382876568,"{""0"": {""K"": 0.0, ""B1"": 3634.046025013632, ""A1"": 3290.9092320321743, ""A2"": 2172.346551398698, ""A3"": 2469.0267680786355, ""A4"": 3602.3702714036613, ""B2"": 4357.931612435332}}",3.7343,0.1571013985727061,0.8055310465609322,0.0630689534390678,"[0.3548245984680791, 0.9381479231617625, 0.78151527419648, 0.7077224154907902, 0.4671713013760641, 0.5309734985115345, 0.7747032841728304, 0.9371895940721143, 0.5479339588541995, 0.44624289338135603, 0.7355241275930924, 0.3002793428461684, 0.2248903663232399, 0.2018410372098427]",56.0,56.0,59.0,9.0908,9.0908,27.521,27.521,5.6223,5.6223,False,0,3.7389,0.203964,2.9953,0.3548245984680791,1.5857408644411908,minus,True,-2.1633524040183185,-1.8984426823766816,0.2649097216416367,True,True,1.0,True,100.0,31.700000000000045,0.0,True,[],0.6112950232948567,0.0809827703281474,0.0001515893261492
84,4-6,283,4-6/r283,bo,1686.8759891785055,"{""0"": {""K"": 0.0, ""B1"": 434.4058042017779, ""A1"": 1108.9052323522658, ""A2"": 951.9355006556342, ""A3"": 3330.8893003995686, ""A4"": 885.0286863042172, ""B2"": 3932.0500123002967}}",3.7343,0.2733653688786616,0.8055310465609322,0.0630689534390678,"[0.36276902993086146, 0.7471702078591786, 0.09342060305414579, 0.23847424351661628, 0.2047173119689536, 0.7163202796558212, 0.19032874974284242, 0.8456021531828595, 0.16949863181747093, 0.9154523484327313, 0.030430717143590913, 0.8284754936852393, 0.8075935080683999, 0.26668604825342834]",28.0,28.0,111.0,1.3347,1.3347,67.1357,67.1357,20.1898,20.1898,False,0,3.7403,0.266137,2.9953,0.3627690299308614,1.6975696882625049,plus,False,0.972920205848243,0.8100841111219099,0.1628360947263331,True,True,1.0,True,100.0,66.90000000000009,0.0,True,[],0.6409796639568563,0.1012982911167362,0.0017505656357254
85,4-6,283,4-6/r283,bo,2014.0625476696928,"{""0"": {""K"": 0.0, ""B1"": 3603.9317341945325, ""A1"": 4170.397851459032, ""A2"": 1613.3908379253967, ""A3"": 2240.279567289046, ""A4"": 916.870039828074, ""B2"": 3845.5231690624046}}",3.7343,0.1668661477098006,0.8055310465609322,0.0630689534390678,"[0.43313173068165445, 0.17902729164705788, 0.7750390826224801, 0.8968597530019423, 0.3469657715968595, 0.48178055210517123, 0.1971763526511987, 0.8269942299058934, 0.2808309903891243, 0.3917548797389361, 0.042593261391097204, 0.4059928471886213, 0.7195522554615706, 0.7273556980480119]",36.0,36.0,53.0,1.4685,1.4685,35.4495,35.4495,17.9888,17.9888,False,0,3.7507,0.727993,2.9953,0.4331317306816544,1.737856545566575,plus,False,-0.4222923724584096,-0.5180233532859245,0.0957309808275148,True,True,1.0,True,100.0,241.5999999999999,0.0,True,[],0.2303458376265836,0.1303464035924631,9.527264560916528e-08
86,4-6,283,4-6/r283,bo,1575.379209723424,"{""0"": {""K"": 0.0, ""B1"": 918.7787369554933, ""A1"": 2342.469065778613, ""A2"": 618.4589342796476, ""A3"": 2683.634353629697, ""A4"": 4040.978178200757, ""B2"": 3954.3276143786816}}",3.7343,0.1025072931287726,0.8055310465609322,0.0630689534390678,"[0.3387912278975105, 0.662563630159234, 0.197586825151719, 0.5037567883394867, 0.13300192135046185, 0.5771256674472467, 0.8690275652044639, 0.8503930353502541, 0.843441649984737, 0.08598062735099887, 0.9089131709786596, 0.2201687198022534, 0.48908989868893127, 0.15972186098925634]",78.0,78.0,19.0,10.998,10.998,21.5127,21.5127,12.2272,12.2272,False,0,3.7379,0.159555,2.9953,0.3387912278975105,1.764230953542402,minus,True,0.1878620839838778,1.3591681509484292,1.1713060669645514,True,True,1.0,True,100.0,86.69999999999993,0.0,True,[],0.4512636197215043,0.1131495118794613,1.950590130177094e-05
87,4-6,283,4-6/r283,bo,1530.7336106109522,"{""0"": {""K"": 0.0, ""B1"": 961.1135606616826, ""A1"": 1664.1623786812731, ""A2"": 3110.9696117226504, ""A3"": 1437.272089552552, ""A4"": 3398.3777122145298, ""B2"": 4142.202610551726}}",3.7343,0.2986060603900599,0.8055310465609322,0.0630689534390678,"[0.32919002378730156, 0.036602995583462916, 0.20669108831434035, 0.35788438251210175, 0.6690257229511076, 0.30909077194678536, 0.7308339166052752, 0.8907962603337046, 0.5784829279426528, 0.9501899580901585, 0.5892962832817543, 0.7604149228150432, 0.0926538612333867, 0.25879570679804664]",58.0,58.0,115.0,7.4823,7.4823,62.0311,62.0311,2.3163,2.3163,False,0,3.7401,0.257255,2.9953,0.3291900237873015,1.7728819759079704,plus,False,-0.2494113471348458,-0.2819553856503367,0.0325440385154909,True,True,1.0,True,100.0,226.9000000000001,0.0,True,[],0.4901281404911082,0.0911558329212295,4.030515244989097e-06
88,4-6,283,4-6/r283,bo,1550.0261950028391,"{""0"": {""K"": 0.0, ""B1"": 3986.021516935332, ""A1"": 1062.8510493236165, ""A2"": 3918.678269882597, ""A3"": 2140.890492806221, ""A4"": 668.1736820735832, ""B2"": 4073.465810721246}}",3.7343,0.2832261909508309,0.8055310465609322,0.0630689534390678,"[0.33333896666727725, 0.5100749386437385, 0.8572089283731896, 0.2285701181341111, 0.8427265096521713, 0.46040655759273574, 0.14369326496206092, 0.8760141528432787, 0.345112550413601, 0.375295722442325, 0.7497060736701939, 0.9392965553231347, 0.8818672638471236, 0.31249830172854365]",41.0,41.0,51.0,9.2468,9.2468,75.4472,75.4472,22.0467,22.0467,False,0,3.7413,0.310546,2.9953,0.3333389666672772,1.8473266677926792,plus,False,0.4954531713177341,0.1377690273616615,0.3576841439560725,True,True,1.0,True,100.0,67.29999999999995,0.0,True,[],0.3177702100062123,0.140939219392203,7.261294642977521e-06
89,4-6,283,4-6/r283,bo,1605.264112857562,"{""0"": {""K"": 0.0, ""B1"": 2816.0986248363843, ""A1"": 4360.671537118523, ""A2"": 2212.501145744592, ""A3"": 2808.5888525524283, ""A4"": 157.66595833120974, ""B2"": 4146.920127808099}}",3.7343,0.1667160551565707,0.8055310465609322,0.0630689534390678,"[0.34521808878657245, 0.845069939434905, 0.6056126074916955, 0.9377788251867791, 0.47580669800958975, 0.6039976026994469, 0.0339066577056365, 0.8918107801737847, 0.8284637611794354, 0.7284777192951538, 0.5314334340625386, 0.4008799791389026, 0.9297657555304952, 0.33248453228133734]",77.0,77.0,90.0,6.8458,6.8458,35.066,35.066,23.2441,23.2441,False,0,3.7418,0.332751,2.9953,0.3452180887865724,1.7658269609700743,minus,True,0.7839280084727396,1.436924095293497,0.6529960868207574,True,True,1.0,True,100.0,7.5,0.0,True,[],0.3728928798037821,0.1304641071709656,1.1626826366433491e-05
90,4-6,283,4-6/r283,bo,1355.1920065833783,"{""0"": {""K"": 0.0, ""B1"": 1329.2617247178662, ""A1"": 3044.717165753223, ""A2"": 1021.1217084412297, ""A3"": 2068.8509578467697, ""A4"": 616.7905965635464, ""B2"": 4366.961241817437}}",3.7343,0.2024782352264648,0.8055310465609322,0.0630689534390678,"[0.29143914120072656, 0.34853898263820726, 0.28586273649846583, 0.65477788510822, 0.21959606633144724, 0.4449141844831763, 0.13264313904592395, 0.9391314498532124, 0.16512958437726288, 0.04884619000908075, 0.28920159232390086, 0.9249535558781814, 0.6402623491426405, 0.6106656954341609]",27.0,27.0,15.0,4.1812,4.1812,74.3715,74.3715,16.0066,16.0066,False,0,3.7481,0.612529,2.9953,0.2914391412007265,1.760465465862416,minus,True,0.4894110575766441,1.0157004469594746,0.5262893893828304,True,True,1.0,True,100.0,283.0,0.0,True,[],0.2283552414831694,0.1258542354690954,3.837003818793064e-08
91,4-6,283,4-6/r283,bo,2133.4146432747275,"{""0"": {""K"": 0.0, ""B1"": 1213.2532864202078, ""A1"": 590.7124454670887, ""A2"": 2008.0311470132845, ""A3"": 184.93204704395976, ""A4"": 3692.8658531675837, ""B2"": 4310.590384357775}}",3.7343,0.1114995453498097,0.8055310465609322,0.0630689534390678,"[0.4587988480160704, 0.2701181771822011, 0.2609146852516576, 0.12703493450905134, 0.4318346552716741, 0.039770332697625754, 0.794164699605932, 0.9270086848081237, 0.9771074720128275, 0.8713238950579875, 0.31643897185656544, 0.6868011519654652, 0.7545837771229749, 0.3441693653670719]",88.0,88.0,106.0,4.4808,4.4808,56.5101,56.5101,18.8646,18.8646,False,0,3.7421,0.346074,2.9953,0.4587988480160704,1.7024659252131558,minus,True,1.285846287897893,1.6921866336242135,0.4063403457263208,True,True,1.0,True,100.0,184.9000000000001,0.0,True,[],0.2261248510617099,0.1252354448258507,3.104001577905908e-08
92,4-6,283,4-6/r283,bo,1554.311441263475,"{""0"": {""K"": 0.0, ""B1"": 4361.970345268318, ""A1"": 4004.4227299096706, ""A2"": 3461.0556837163713, ""A3"": 2269.8143199230217, ""A4"": 3222.792504302182, ""B2"": 2425.706400916462}}",3.7343,0.0997593714546,0.8055310465609322,0.0630689534390678,"[0.3342605250028978, 0.3203360932086511, 0.9380581387673802, 0.8611661784751979, 0.7443130502615852, 0.4881321118114025, 0.6930736568391789, 0.5216572905196692, 0.48322460726095107, 0.1568433123195988, 0.4721852612362142, 0.23074582266547772, 0.015515634595292593, 0.004869803289284658]",51.0,51.0,27.0,6.194,6.194,22.3059,22.3059,0.3879,0.3879,False,0,3.7344,0.004123,2.9953,0.3342605250028978,1.868859534726792,plus,False,-1.8162134564212289,-2.1195847051048795,0.3033712486836506,True,True,1.0,True,100.0,155.9000000000001,0.0,True,[],0.2442756491183605,0.1387291996809155,5.843951064334154e-07
93,4-6,283,4-6/r283,bo,1310.6605052134269,"{""0"": {""K"": 0.0, ""B1"": 4120.134913416401, ""A1"": 2800.5663517678436, ""A2"": 1919.3113061779716, ""A3"": 2303.4577054063175, ""A4"": 982.1690506311738, ""B2"": 3714.383096514691}}",3.7343,0.1343000387513071,0.8055310465609322,0.0630689534390678,"[0.28186247423944666, 0.22952505744237617, 0.8860505190142798, 0.6022723337135147, 0.4127551196081659, 0.4953672484744769, 0.21121915067337071, 0.7987920637666002, 0.09047637620775717, 0.7016619764743011, 0.7496130407919291, 0.8940614792681745, 0.0011727005459654105, 0.003766135108860591]",22.0,22.0,87.0,9.2457,9.2457,72.0546,72.0546,0.0293,0.0293,False,0,3.7344,0.004123,2.9953,0.2818624742394466,1.7855221649098567,plus,False,-0.9396200897967202,-0.7349857208613448,0.2046343689353753,True,True,1.0,True,100.0,384.0999999999999,0.0,True,[],0.2740501892036235,0.1230072647756521,1.3732251651744428e-07
94,4-6,283,4-6/r283,bo,1752.6800117260482,"{""0"": {""K"": 0.0, ""B1"": 3602.005495956837, ""A1"": 903.6549042644642, ""A2"": 3820.5674184015284, ""A3"": 1008.1946377836896, ""A4"": 3345.661729768686, ""B2"": 4398.658115572171}}",3.7343,0.165619638044809,0.8055310465609322,0.0630689534390678,"[0.3769204326292577, 0.11890496870810985, 0.77462483784018, 0.19433438801386327, 0.8216274018067803, 0.21681605113627733, 0.7194971461868143, 0.9459479818434776, 0.34867281282931795, 0.4297648682085301, 0.17366343340520785, 0.6285776874539724, 0.03226299795356635, 0.32308000639465995]",41.0,41.0,57.0,2.9103,2.9103,52.1433,52.1433,0.8066,0.8066,False,0,3.7416,0.323869,2.9953,0.3769204326292577,1.785752445168474,plus,False,0.0154210205613566,-0.0030213529625403,0.0184423735238969,True,True,1.0,True,100.0,104.59999999999992,0.0,True,[],0.4194246278752501,0.0977657993938033,5.551035630140272e-07
95,4-6,283,4-6/r283,bo,1461.0472616999723,"{""0"": {""K"": 0.0, ""B1"": 2799.36978513896, ""A1"": 2682.206922082652, ""A2"": 1017.1177876630935, ""A3"": 4498.18958168677, ""A4"": 2450.5758275064704, ""B2"": 4128.793062859508}}",3.7343,0.1098492876486518,0.8055310465609322,0.0630689534390678,"[0.3142037121935425, 0.8648795078353696, 0.6020150075567656, 0.5768186929210004, 0.21873500809959, 0.9673525982122085, 0.5270055543024668, 0.8879124866364533, 0.624627063164163, 0.23171236056724787, 0.006225076354456682, 0.023362503779600696, 0.0029034155732559075, 0.07797689234715022]",62.0,62.0,35.0,1.0685,1.0685,6.7522,6.7522,0.0726,0.0726,False,0,3.7361,0.079618,2.9953,0.3142037121935425,1.828705624185083,minus,True,-0.3281793413756598,0.4060238626147125,0.7342032039903724,True,True,1.0,True,100.0,117.09999999999944,0.0,True,[],0.2294718643543776,0.1191880703012266,9.906583988099728e-09
96,4-6,283,4-6/r283,bo,4646.923161864574,"{""0"": {""K"": 0.0, ""B1"": 3758.0729566303894, ""A1"": 3698.594249054464, ""A2"": 205.55979851922584, ""A3"": 3805.336495392631, ""A4"": 4564.9489075644515, ""B2"": 4052.096329818578}}",3.7343,0.0506022515911189,0.8055310465609322,0.0630689534390678,"[0.9993383143794782, 0.46658567588225675, 0.8081877326086859, 0.7953966126998847, 0.04420640828370448, 0.818351934493039, 0.9817094424869788, 0.8714185655523824, 0.8791522780944817, 0.839621633379624, 0.9712891392274305, 0.9158733787128176, 0.9857981612457744, 0.6342253480421454]",81.0,81.0,102.0,11.6842,11.6842,73.6905,73.6905,24.645,24.645,False,0,3.7486,0.634733,2.9953,0.9993383143794782,1.7344945687579505,plus,False,0.4230631211991393,0.2598244611272203,0.163238660071919,True,True,1.0,True,100.0,47.30000000000018,0.0,True,[],0.2174615446986741,0.1225420329413126,1.2348825085267472e-08
97,4-6,283,4-6/r283,bo,1647.4556383595573,"{""0"": {""K"": 0.0, ""B1"": 1919.1784103778064, ""A1"": 1807.5697553660182, ""A2"": 1794.4252103097592, ""A3"": 3635.5245167489084, ""A4"": 3043.252526136905, ""B2"": 4522.507795507163}}",3.7343,0.0444533737201688,0.8055310465609322,0.0630689534390678,"[0.3542915351310876, 0.18997731903087678, 0.4127265398661949, 0.38872467857333726, 0.3858978946902708, 0.7818332294083674, 0.6544629088466463, 0.9725823216144437, 0.1742081397398495, 0.776433166787665, 0.6214978779129648, 0.25518104695270505, 0.012539608700087634, 0.7109381172805612]",28.0,28.0,95.0,7.8365,7.8365,24.1386,24.1386,0.3135,0.3135,False,0,3.7503,0.710229,2.9953,0.3542915351310876,1.7214123647089927,minus,True,-1.883235324096912,-1.210586673648815,0.6726486504480969,True,True,1.0,True,100.0,13.099999999999907,0.0,True,[],0.270309400812383,0.1118220883136694,1.1551729092253898e-08
98,4-6,283,4-6/r283,bo,1613.3339043116607,"{""0"": {""K"": 0.0, ""B1"": 898.965004154213, ""A1"": 2924.8714506864167, ""A2"": 433.814395465754, ""A3"": 445.913138409639, ""A4"": 3195.8372972378597, ""B2"": 3891.8997422770217}}",3.7343,0.1003666117377647,0.8055310465609322,0.0630689534390678,"[0.3469535278089593, 0.6092421914399502, 0.19332580734499205, 0.6290046130508423, 0.09329341837973204, 0.09589529858271806, 0.6872768381156688, 0.8369676865111875, 0.9942042106136415, 0.8982567255537625, 0.2182917835612871, 0.19198108992909002, 0.6997270987651838, 0.24570013753428133]",90.0,90.0,109.0,3.4012,3.4012,19.3986,19.3986,17.4932,17.4932,False,0,3.7398,0.243932,2.9953,0.3469535278089593,1.664172073749251,minus,True,0.7420869871078926,1.6010518226199215,0.858964835512029,True,True,1.0,True,100.0,12.099999999999907,0.0,True,[],0.6151691899884842,0.056421645010947,2.6889256210925357e-06
99,4-6,283,4-6/r283,bo,1519.6734617505522,"{""0"": {""K"": 0.0, ""B1"": 39.04968209763685, ""A1"": 1349.2620332266995, ""A2"": 2421.9195190203855, ""A3"": 611.8076581737735, ""A4"": 601.8789279665574, ""B2"": 408.4991813881962}}",3.7343,0.1469435211257895,0.8055310465609322,0.0630689534390678,"[0.3268114971506564, 0.01257816021985425, 0.008397781096265988, 0.2901638781132687, 0.520842907316212, 0.13157153939220934, 0.12943632859495857, 0.08784928632004219, 0.7197680894770989, 0.1471239727278686, 0.9431879325769499, 0.716813622817249, 0.10831327959053627, 0.13060808244060107]",69.0,69.0,26.0,11.3751,11.3751,58.761,58.761,2.7078,2.7078,False,0,3.7372,0.128468,2.9953,0.3268114971506564,1.6771086259554078,plus,False,1.1777007061036897,1.275983608084876,0.0982829019811863,True,True,1.0,True,100.0,9.900000000000093,0.0,True,[],0.2138983903383314,0.1209490639483646,7.420569079088256e-09
100,4-6,283,4-6/r283,bo,1639.11623122094,"{""0"": {""K"": 0.0, ""B1"": 167.13768566556257, ""A1"": 2727.6906008346837, ""A2"": 2951.324006606337, ""A3"": 2708.7442038731856, ""A4"": 654.4864881911091, ""B2"": 3830.8626689349835}}",3.7343,0.251067873846267,0.8055310465609322,0.0630689534390678,"[0.35249811424106237, 0.47552899168237195, 0.035943588315174746, 0.58660012921176, 0.634693334754051, 0.5825256352415453, 0.14074978240669012, 0.8238414341795663, 0.30772003275645077, 0.5822950191975252, 0.9814036281058459, 0.012072149223795403, 0.03210086765930176, 0.22214321044304974]",38.0,38.0,74.0,11.7954,11.7954,5.9054,5.9054,0.8025,0.8025,False,0,3.7393,0.221728,2.9953,0.3524981142410623,1.610771195985465,plus,False,1.4592195445209075,1.2484636387726014,0.2107559057483063,True,True,1.0,True,100.0,18.900000000000546,0.0,True,[],0.5652186777960676,0.0657045146276037,1.0735063542017505e-06
101,4-6,283,4-6/r283,bo,1782.0265302877624,"{""0"": {""K"": 0.0, ""B1"": 2750.473400863812, ""A1"": 1895.0359962875375, ""A2"": 3152.6245622780307, ""A3"": 483.2413751478267, ""A4"": 2718.2173148596876, ""B2"": 3770.083442271317}}",3.7343,0.2061820611212174,0.8055310465609322,0.0630689534390678,"[0.3832315118898414, 0.6484370140506023, 0.5914996560997445, 0.40753462285753494, 0.6779837768339851, 0.10392287637587672, 0.5845628634106855, 0.8107706327465197, 0.5779129516289989, 0.25049676039965163, 0.5190457406529673, 0.2567579108972282, 0.26298094640879466, 0.045655420520398615]",58.0,58.0,38.0,6.7095,6.7095,24.2568,24.2568,6.5745,6.5745,False,0,3.7353,0.044091,2.9953,0.3832315118898414,1.8309613089649797,plus,False,0.990672742307488,0.5060424227293613,0.4846303195781268,True,True,1.0,True,100.0,32.30000000000018,0.0,True,[],0.3391178835992006,0.1072632056169923,9.897521511269585e-08
102,4-6,283,4-6/r283,bo,1630.6446956393515,"{""0"": {""K"": 0.0, ""B1"": 1354.1590330454305, ""A1"": 2004.93922158181, ""A2"": 3008.4165451471918, ""A3"": 3484.948055484748, ""A4"": 3420.1535529816256, ""B2"": 2437.421776093401}}",3.7343,0.0429608637963524,0.8055310465609322,0.0630689534390678,"[0.3506762786321186, 0.6097555814245421, 0.291216996353856, 0.431169725071357, 0.6469713000316542, 0.7494511947279028, 0.7355168931143281, 0.5241767260415916, 0.5596407146516912, 0.22816734040145314, 0.007711007843828055, 0.4796328594274737, 0.0005803776975750186, 0.764270172151857]",57.0,57.0,35.0,1.0848,1.0848,40.9725,40.9725,0.0145,0.0145,False,0,3.7515,0.76352,2.9953,0.3506762786321186,1.6830545610547163,plus,False,-1.3313792186379003,-1.2531016042350211,0.0782776144028791,True,True,1.0,True,100.0,64.80000000000001,0.0,True,[],0.2329724756949776,0.13082059839475,1.1412774777509684e-07
103,4-6,283,4-6/r283,bo,1307.2964775698656,"{""0"": {""K"": 0.0, ""B1"": 3040.09063158465, ""A1"": 1312.9665493250586, ""A2"": 1554.0717019664653, ""A3"": 869.768577707757, ""A4"": 3054.741772061925, ""B2"": 1894.0568945064751}}",3.7343,0.0907744770521481,0.8055310465609322,0.0630689534390678,"[0.2811390274343797, 0.011910895904849061, 0.6537829315235807, 0.2823583977043137, 0.33420896816483125, 0.18704700595865742, 0.6569337144219194, 0.4073240633347258, 0.38478957968980565, 0.9442423470375824, 0.6263575120565241, 0.49680730120927263, 0.08358996788966755, 0.6496775256776763]",44.0,44.0,114.0,7.8899,7.8899,42.2605,42.2605,2.0897,2.0897,False,0,3.7489,0.648056,2.9953,0.2811390274343797,1.8211199223152976,plus,False,0.4625775907255933,-0.424858675008427,0.8874362657340202,True,True,1.0,True,100.0,14.600000000000364,0.0,True,[],0.2158876540149155,0.1158225218934694,2.358543830724808e-09
104,4-6,283,4-6/r283,bo,1491.7526352343102,"{""0"": {""K"": 0.0, ""B1"": 3583.8864451424192, ""A1"": 528.9753114419387, ""A2"": 1402.012180125308, ""A3"": 360.90431182115356, ""A4"": 3792.1419200249347, ""B2"": 3459.7625568239073}}",3.7343,0.1814656579025997,0.8055310465609322,0.0630689534390678,"[0.32080701832995917, 0.07600123172982742, 0.7707282677725633, 0.11375813149289005, 0.3015079957258727, 0.07761383049917281, 0.8155143914032118, 0.7440349584567543, 0.9337326450674454, 0.9129272042263191, 0.6590098376768896, 0.17666865959440425, 0.002826114167218008, 0.24485298856207893]",85.0,85.0,110.0,8.2491,8.2491,18.2501,18.2501,0.0707,0.0707,False,0,3.7398,0.243932,2.9953,0.3208070183299591,1.8164042918489507,plus,False,0.795784560771073,0.8495551543830983,0.0537705936120253,True,True,1.0,True,100.0,124.10000000000002,0.0,True,[],0.2315352272540923,0.1155630735416548,4.631703588409191e-09
105,4-6,283,4-6/r283,bo,1826.621764292391,"{""0"": {""K"": 0.0, ""B1"": 4213.052572006719, ""A1"": 3868.103177320355, ""A2"": 3178.804630979935, ""A3"": 2234.3382136941464, ""A4"": 4431.430537497014, ""B2"": 3985.463763983621}}",3.7343,0.1870798160791041,0.8055310465609322,0.0630689534390678,"[0.39282188479406255, 0.05141598987356044, 0.9060328111842407, 0.8318501456602914, 0.6836138991354699, 0.4805028416546552, 0.9529958145154869, 0.857088981501854, 0.1908461758758242, 0.4884982450342277, 0.9661179750902026, 0.21344114071467168, 0.3668753031973213, 0.09839173584615657]",29.0,29.0,64.0,11.6273,11.6273,21.0081,21.0081,9.1719,9.1719,False,0,3.7365,0.097382,2.9953,0.3928218847940625,1.8497959123973424,plus,False,-2.078516975226123,-2.083881221623673,0.0053642463975505,True,True,1.0,True,100.0,117.39999999999986,0.0,True,[],0.2274354743342078,0.1139676473664076,2.5500177182959716e-09
106,4-6,283,4-6/r283,bo,1654.936634429354,"{""0"": {""K"": 0.0, ""B1"": 1785.8821221620806, ""A1"": 3446.0473149116365, ""A2"": 1529.7158539841496, ""A3"": 2856.669433149959, ""A4"": 1348.590191237415, ""B2"": 3775.157045244644}}",3.7343,0.1374694333418373,0.8055310465609322,0.0630689534390678,"[0.3559003514901836, 0.32885876257761004, 0.3840606714327055, 0.7410854440670186, 0.3289711513944408, 0.6143375125053675, 0.29001939596503545, 0.8118617301601385, 0.6245548981058834, 0.6888281068485391, 0.16200647052064887, 0.7957006396801701, 0.8449822254104679, 0.8907281260073534]",62.0,62.0,86.0,2.7821,2.7821,64.6775,64.6775,21.1246,21.1246,False,0,3.7544,0.892307,2.9953,0.3559003514901836,1.8732719143094203,plus,False,-0.9133370364868552,-0.7197394092279146,0.1935976272589405,True,True,1.0,True,100.0,181.19999999999985,0.0,True,[],0.2194171319016457,0.1130276976144794,1.341874896114178e-09
107,4-6,283,4-6/r283,bo,1522.5638395929714,"{""0"": {""K"": 0.0, ""B1"": 1192.5956821398197, ""A1"": 2772.894784135436, ""A2"": 3395.3671593313825, ""A3"": 77.00271486224484, ""A4"": 598.1432541562365, ""B2"": 1695.14397342676}}",3.7343,0.0398332675611681,0.8055310465609322,0.0630689534390678,"[0.3274330837834347, 0.5412505854611122, 0.2564721897074881, 0.5963214589538572, 0.7301864858777166, 0.016559723626289213, 0.12863295788306162, 0.3645470910595183, 0.07260796537275782, 0.743422173666557, 0.038025236621131664, 0.8300531699469184, 0.8606091084724854, 0.731056751972219]",20.0,20.0,92.0,1.4183,1.4183,67.254,67.254,21.5152,21.5152,False,0,3.7508,0.732434,2.9953,0.3274330837834347,1.801747865711493,plus,False,2.808935016232657,2.1603059813673973,0.6486290348652597,True,True,1.0,True,100.0,77.0,0.0,True,[],0.2145275710053665,0.1128423442830729,9.989390426373603e-10
108,4-6,283,4-6/r283,bo,1618.2185737658322,"{""0"": {""K"": 0.0, ""B1"": 1777.283493273872, ""A1"": 2311.2252625273777, ""A2"": 681.7709871948009, ""A3"": 1133.798027352514, ""A4"": 891.8503883794411, ""B2"": 2054.311147308609}}",3.7343,0.1143799335124389,0.8055310465609322,0.0630689534390678,"[0.3480039943582435, 0.8155367584527794, 0.3822115039298649, 0.4970376908661027, 0.14661741660103245, 0.2438275327639815, 0.19179578244719164, 0.4417873435072278, 0.5140662198450643, 0.38307831066697706, 0.7095279633101015, 0.3297569432392483, 0.7862135902169043, 0.030680144436977863]",54.0,54.0,52.0,8.8048,8.8048,29.7318,29.7318,19.6553,19.6553,False,0,3.735,0.030768,2.9953,0.3480039943582435,1.713822361498907,plus,False,0.4481321765968972,0.4597280006154428,0.0115958240185456,True,True,1.0,True,100.0,210.0999999999999,0.0,True,[],0.2111946994818086,0.1129236363516806,8.639499940865528e-10
109,4-6,283,4-6/r283,bo,28.21164549390721,"{""0"": {""K"": 0.0, ""B1"": 2635.9255715064505, ""A1"": 932.3508511205561, ""A2"": 4437.210446898781, ""A3"": 1412.7319628991456, ""A4"": 4323.745228811943, ""B2"": 29.458208551702796}}",3.7343,0.0562462775461584,0.8055310465609322,0.0630689534390678,"[0.00606702053632413, 0.4520421128641935, 0.5668657143024625, 0.20050555938076475, 0.954238805784684, 0.303813325354655, 0.9298376836154717, 0.006335098613269419, 0.8194534799488138, 0.9048816247539421, 0.7919018912900202, 0.1649951487360447, 0.0904427049637534, 0.4103261943573705]",76.0,76.0,110.0,9.7109,9.7109,17.3746,17.3746,2.2611,2.2611,False,0,3.7435,0.408246,2.9953,0.0060670205363241,1.8081830182509864,minus,True,1.887098872668352,2.4388894147180085,0.5517905420496563,True,True,1.0,True,99.99999999999996,29.500000000000004,0.0,True,[],0.2061520950151681,0.1174545460980993,2.251147189252097e-09
110,4-6,283,4-6/r283,bo,1399.7827319657904,"{""0"": {""K"": 0.0, ""B1"": 4353.5826205941485, ""A1"": 466.03020490001825, ""A2"": 4421.304466133407, ""A3"": 3975.066232049201, ""A4"": 171.72509848478376, ""B2"": 4073.6334711217073}}",3.7343,0.1255620449229097,0.8055310465609322,0.0630689534390678,"[0.30102854450877214, 0.8721617297297868, 0.9362543270094943, 0.10022154944086414, 0.9508181647598725, 0.8548529531288604, 0.03693012870640511, 0.8760502088433779, 0.0826992534430051, 0.6792770905769884, 0.36354186187529103, 0.10669732095008189, 0.08343522980722384, 0.2714772835089754]",21.0,21.0,85.0,4.999,4.999,13.0023,13.0023,2.0859,2.0859,False,0,3.7404,0.270578,2.9953,0.3010285445087721,1.7120681455239652,plus,False,0.8936070124154529,0.8191511515584717,0.0744558608569811,True,True,1.0,True,100.0,67.69999999999982,0.0,True,[],0.3240884456480977,0.1026521935334556,1.679344774914568e-08
111,4-6,283,4-6/r283,bo,1638.8219609255814,"{""0"": {""K"": 0.0, ""B1"": 4117.882467263637, ""A1"": 2434.511003868057, ""A2"": 2420.8030474023303, ""A3"": 3645.7075463767114, ""A4"": 1785.3520845476924, ""B2"": 2705.400297151419}}",3.7343,0.0511185839628256,0.8055310465609322,0.0630689534390678,"[0.35243483030657663, 0.4216770383952839, 0.8855661219921801, 0.5235507535200122, 0.5206028058929743, 0.7840231282530562, 0.3839466848489661, 0.5818065155164343, 0.2498174014142962, 0.9740531678676166, 0.5692854827249334, 0.17356097370655466, 0.18808866917167233, 0.6201240266992306]",34.0,34.0,117.0,7.2621,7.2621,18.0171,18.0171,4.7022,4.7022,False,0,3.7483,0.621411,2.9953,0.3524348303065766,1.8213932197183755,plus,False,-1.5765498058519818,-1.890978050383971,0.3144282445319892,True,True,1.0,True,100.0,13.700000000000273,0.0,True,[],0.2087605232036699,0.1118840032791201,5.684126674223647e-10
112,4-6,283,4-6/r283,bo,1452.192209687857,"{""0"": {""K"": 0.0, ""B1"": 990.5996676534013, ""A1"": 3811.9864214555696, ""A2"": 3946.6512396659546, ""A3"": 3680.2272292540947, ""A4"": 2867.278913695229, ""B2"": 3806.381981314112}}",3.7343,0.0403711994202575,0.8055310465609322,0.0630689534390678,"[0.3122993999328725, 0.011419715526790997, 0.2130321865921293, 0.8197820261194774, 0.8487422020786999, 0.7914467159686225, 0.6166191212247805, 0.8185767701750779, 0.5730264363134134, 0.7844621380721176, 0.5365243348167146, 0.39665849574630596, 0.00792110636665877, 0.9227104259137873]",58.0,58.0,96.0,6.9018,6.9018,34.7494,34.7494,0.198,0.198,False,0,3.7551,0.923393,2.9953,0.3122993999328725,1.6259716075250967,minus,True,-0.5177366065876412,0.7346793784715016,1.2524159850591428,True,True,1.0,True,100.0,5.600000000000023,0.0,True,[],0.2079675857143377,0.1109367731820766,4.136566557357714e-10
113,4-6,283,4-6/r283,bo,1691.0376940731023,"{""0"": {""K"": 0.0, ""B1"": 3566.886773515142, ""A1"": 387.43110444645873, ""A2"": 2258.0965736486073, ""A3"": 1756.292102469128, ""A4"": 2808.412390398646, ""B2"": 4125.632705029091}}",3.7343,0.3537848102321216,0.8055310465609322,0.0630689534390678,"[0.3636640202307747, 0.07236418090737984, 0.7670724244118585, 0.08331851708525995, 0.48561216637604454, 0.37769722633744685, 0.6039596538491712, 0.8872328397912024, 0.673889301871719, 0.31379627994736903, 0.33288589108777333, 0.626891529498988, 0.4362474854977515, 0.10216501681424528]",66.0,66.0,45.0,4.6617,4.6617,52.0169,52.0169,10.9062,10.9062,False,0,3.7366,0.101823,2.9953,0.3636640202307747,1.757052352187502,plus,False,1.687633806068862,1.7337869188525448,0.0461531127836827,True,True,1.0,True,100.0,387.5,0.0,True,[],0.2543474503974134,0.1240041651046107,7.595353049363322e-08
114,4-6,283,4-6/r283,bo,1972.0799084172013,"{""0"": {""K"": 0.0, ""B1"": 1518.3075790913476, ""A1"": 2173.0942103722036, ""A2"": 1240.1922844358287, ""A3"": 645.8937366468617, ""A4"": 457.32560141437733, ""B2"": 4576.595378505149}}",3.7343,0.1111339099411004,0.8055310465609322,0.0630689534390678,"[0.4241032061112261, 0.6712725076607965, 0.32651775894437585, 0.46733208825208683, 0.26670801815824274, 0.13890187884878746, 0.09834959170201663, 0.9842140598935804, 0.3520636549354067, 0.598929959406812, 0.7538421587010045, 0.7116170019868016, 0.10590490218222293, 0.06928879906010876]",41.0,41.0,76.0,9.2923,9.2923,58.3713,58.3713,2.6476,2.6476,False,0,3.7359,0.070736,2.9953,0.4241032061112261,1.6743784115518725,minus,True,0.5518248617415692,0.8740899621238523,0.322265100382283,True,True,1.0,True,100.0,73.39999999999986,0.0,True,[],0.2058995220264826,0.1128373211114417,6.448563773886612e-10
115,4-6,283,4-6/r283,bo,1439.8816810019932,"{""0"": {""K"": 0.0, ""B1"": 1803.9923147592851, ""A1"": 291.707016434926, ""A2"": 2437.7685784941195, ""A3"": 3680.4445876507634, ""A4"": 3545.706985620672, ""B2"": 404.1194893916223}}",3.7343,0.1300162967754627,0.8055310465609322,0.0630689534390678,"[0.3096519744090308, 0.5779334345012153, 0.3879553365073731, 0.0627326917064357, 0.5242513072030365, 0.7914934597098416, 0.7625176313162736, 0.08690741707346716, 0.14673479293304514, 0.34318735227455976, 0.9454353678090929, 0.3863725587171942, 0.20246222310677675, 0.16791699608081723]",26.0,26.0,48.0,11.3998,11.3998,33.9779,33.9779,5.0616,5.0616,False,0,3.7381,0.168437,2.9953,0.3096519744090308,1.8410603333676463,plus,False,2.1097316577917686,1.4463488345998892,0.6633828231918795,True,True,1.0,True,100.0,112.40000000000008,0.0,True,[],0.2029308951039447,0.1123752662869614,4.852048476806392e-10
116,4-6,283,4-6/r283,bo,1452.8340029753033,"{""0"": {""K"": 0.0, ""B1"": 2147.780204300972, ""A1"": 3212.647119711701, ""A2"": 2116.480200813793, ""A3"": 2937.35370725752, ""A4"": 577.6830293533429, ""B2"": 3244.8908982644843}}",3.7343,0.1662964786650989,0.8055310465609322,0.0630689534390678,"[0.3124374199946889, 0.16988196680163448, 0.46188821597870366, 0.6908918537014411, 0.4551570324330738, 0.6316889693026925, 0.12423290953835331, 0.6978259996267708, 0.33794832828420895, 0.346601333468758, 0.25526421732869964, 0.6029770294336022, 0.725637305413813, 0.15422618891432127]",40.0,40.0,48.0,3.8079,3.8079,50.2233,50.2233,18.1409,18.1409,False,0,3.7378,0.155114,2.9953,0.3124374199946889,1.8436807782457751,plus,False,0.7251312447441138,0.2856448337580731,0.4394864109860407,True,True,1.0,True,100.0,31.299999999999727,0.0,True,[],0.205206010835264,0.1115480532217238,4.288298539821844e-10
117,4-6,283,4-6/r283,bo,4636.482211341963,"{""0"": {""K"": 0.0, ""B1"": 3315.5096540213735, ""A1"": 497.27325503066123, ""A2"": 3078.2717843111077, ""A3"": 2358.0254297107676, ""A4"": 241.73088903202427, ""B2"": 2361.1296545955756}}",3.7343,0.0498888046790072,0.8055310465609322,0.0630689534390678,"[0.9970929486756911, 0.023354185266930783, 0.7130128288218007, 0.10694048495283037, 0.6619939321099156, 0.5071022429485522, 0.05198513742624178, 0.5077698181925969, 0.5734531524748679, 0.5865255483070877, 0.8730894361060162, 0.8572439541489513, 0.8750161556228471, 0.8551230122658019]",58.0,58.0,75.0,10.604,10.604,69.2933,69.2933,21.8754,21.8754,False,0,3.7536,0.856779,2.9953,0.997092948675691,1.9150456061645431,minus,True,1.0081438447784363,1.403197924251164,0.3950540794727277,True,True,1.0,True,100.0,3.099999999999909,0.0,True,[],0.2008188997098455,0.1149064609264094,8.894469966196063e-10
118,4-6,283,4-6/r283,bo,3102.7971166967063,"{""0"": {""K"": 0.0, ""B1"": 3022.6958176916655, ""A1"": 955.805787864144, ""A2"": 690.5658687811988, ""A3"": 4288.478991622753, ""A4"": 2394.5339566071816, ""B2"": 2370.1265586805853}}",3.7343,0.1463164239371731,0.8055310465609322,0.0630689534390678,"[0.6672681971390766, 0.779995121981173, 0.650042111331541, 0.20554963179874064, 0.14850878898520403, 0.9222535465855382, 0.5149535390553078, 0.5097046362753946, 0.6625535029383715, 0.6874958961560335, 0.9030913990687662, 0.8357402348956103, 0.15677260178760088, 0.13326578542617562]",65.0,65.0,86.0,10.934,10.934,67.6805,67.6805,3.9193,3.9193,False,0,3.7373,0.132909,2.9953,0.6672681971390766,1.914462784329494,minus,True,-0.0844553272795443,0.9800125270166464,1.0644678542961907,True,True,1.0,True,100.0,24.399999999999977,0.0,True,[],0.1998354470119722,0.1108430802922367,2.6191244185471806e-10
119,4-6,283,4-6/r283,bo,1758.230302062184,"{""0"": {""K"": 0.0, ""B1"": 1042.8005092515511, ""A1"": 3369.2907662035896, ""A2"": 845.5557583735915, ""A3"": 682.7161630813999, ""A4"": 3778.667110508864, ""B2"": 4031.8642608326277}}",3.7343,0.187972925609317,0.8055310465609322,0.0630689534390678,"[0.37811404345423316, 0.033926660814862064, 0.22425817403259163, 0.7245786593986214, 0.1818399480373315, 0.14682068023255912, 0.8126165829051321, 0.8670675829747586, 0.273640155834314, 0.49788024954750765, 0.7982128823454503, 0.16654719959534425, 0.25909388431585967, 0.05548475360538441]",36.0,36.0,65.0,9.7803,9.7803,17.491,17.491,6.4773,6.4773,False,0,3.7356,0.057414,2.9953,0.3781140434542331,1.6891082986647752,minus,True,0.6076382945966142,1.598388905627564,0.9907506110309496,True,True,1.0,True,100.0,162.9000000000001,0.0,True,[],0.3109417257556621,0.0910186132898615,2.2924697660419487e-10
0,4-1,116,4-1/r116,sam4tun_static,4095.737844362978,"{""0"": {""K"": 0.0, ""B1"": 294.52431127404304, ""A1"": 1030.770259395036, ""A2"": 1767.0162075160285, ""A3"": 2503.262155637022, ""A4"": 3239.508103758015, ""B2"": 3975.754051879008}}",3.7136,0.2197577509271661,0.2197577509271661,0.6853422490728338,"[0.8692143133198172, 0.0, 0.06250515943846414, 0.21875429953205347, 0.37500343962564275, 0.5312525797192321, 0.6875017198128215, 0.8437508599064109, 0.29333333333333333, 0.24545454545454545, 1.0, 0.4266666666666667, 0.0, 0.0]",37.0,37.0,37.0,12.0,12.0,37.0,37.0,0.0,0.0,False,0,2.0736,2.6e-05,2.9748,0.8692143133198172,1.9135708884262572,plus,False,3.627845163389309,3.627845163389309,4.440892098500626e-16,True,True,1.0,True,100.0,294.6000000000004,1.0,True,[],,,
1,4-1,116,4-1/r116,intrinsic_r_otsu,2945.4498386411906,"{""0"": {""K"": 0.0, ""B1"": 3655.030972435352, ""A1"": 1061.1762792356687, ""A2"": 1414.3835345016942, ""A3"": 4116.183834707186, ""A4"": 24.8101151129881, ""B2"": 3869.628307419595}}",3.7136,0.1501603746954813,0.2197577509271661,0.6853422490728338,"[0.625095466604667, 0.8972138009695755, 0.7756856902451935, 0.22520718999059186, 0.30016628491122543, 0.8735534453962619, 0.005265304565574724, 0.8212284183827663, 0.7970694287520462, 0.4679349528437208, 0.3030324268193135, 0.2784256121007733, 0.2548695876541246, 0.5377573663424124]",75.0,75.0,61.0,4.3334,4.3334,25.8819,25.8819,6.3717,6.3717,False,0,2.9748,0.537737,2.9748,0.625095466604667,1.7020488428809704,plus,False,1.2755446057389153,1.2571533036302809,0.0183913021086346,True,True,1.0,True,100.0,24.90000000000009,0.0,True,[],,,
2,4-1,116,4-1/r116,random,2377.431396209876,"{""0"": {""K"": 0.0, ""B1"": 4690.7973355428585, ""A1"": 3735.0229633352046, ""A2"": 2931.7085291267585, ""A3"": 4659.980215877042, ""A4"": 1014.5345860861422, ""B2"": 754.9191035381635}}",3.7136,0.0984282873390782,0.2197577509271661,0.6853422490728338,"[0.5045482589579533, 0.5534973520744925, 0.9955002834343927, 0.7926619192137531, 0.6221792294411627, 0.9889601476818849, 0.21530869823559895, 0.16021203385784455, 0.6125396042730308, 0.04394200796138337, 0.03568027877359614, 0.5148888202713703, 0.4662060253252891, 0.9171677731928523]",61.0,61.0,15.0,1.3925,1.3925,43.6167,43.6167,11.6552,11.6552,False,0,3.6107,0.917154,2.9748,0.5045482589579533,1.858356258546,plus,False,-0.3985719234872021,-0.5569592315082392,0.1583873080210371,True,True,1.0,True,100.0,21.200000000000276,0.0,True,[],,,
3,4-1,116,4-1/r116,random,2964.9141111616414,"{""0"": {""K"": 0.0, ""B1"": 2341.267627574192, ""A1"": 1166.2903125927828, ""A2"": 55.57344835628761, ""A3"": 906.5989024587838, ""A4"": 3260.8553535952265, ""B2"": 945.2588834267214}}",3.7136,0.1940295401570811,0.2197577509271661,0.6853422490728338,"[0.6292262544910104, 0.5141176465995139, 0.49687343539350426, 0.24751492202733083, 0.01179402554250586, 0.19240214398531064, 0.6920321208818392, 0.2006067239869952, 0.3695363106022067, 0.0037342420520759534, 0.8300477298017456, 0.15446108106143985, 0.26759930456378545, 0.8803321539808286]",43.0,43.0,10.0,10.1305,10.1305,16.5846,16.5846,6.69,6.69,False,0,3.549,0.88034,2.9748,0.6292262544910104,1.873024962520021,minus,True,1.465656823854255,2.007722274241152,0.5420654503868969,True,True,1.0,True,100.0,38.69999999999982,0.0,True,[],,,
4,4-1,116,4-1/r116,random,2402.13429610001,"{""0"": {""K"": 0.0, ""B1"": 3014.3472906331835, ""A1"": 3495.2247039690706, ""A2"": 431.12729105707115, ""A3"": 2549.869686326015, ""A4"": 2392.622777447249, ""B2"": 4105.751142976854}}",3.7136,0.3017260119468371,0.3017260119468371,0.6033739880531629,"[0.5097908098684232, 0.8471502463658693, 0.6397171669425262, 0.7417709473618571, 0.09149560506304566, 0.5411438213764888, 0.50777223630035, 0.8713393766928806, 0.3612640590141576, 0.5981840672072131, 0.05925164234550362, 0.3876318011107287, 0.32303634625820665, 0.15019972907045187]",42.0,42.0,76.0,1.6518,1.6518,34.0724,34.0724,8.0759,8.0759,False,0,2.3253,0.150206,2.9748,0.5097908098684232,1.7352813753567915,plus,False,1.0909394242930328,0.9969512379188044,0.0939881863742284,True,True,1.0,True,100.0,157.2,0.0,True,[],,,
5,4-1,116,4-1/r116,random,3846.585145195485,"{""0"": {""K"": 0.0, ""B1"": 4611.860031345676, ""A1"": 2780.0408574659955, ""A2"": 2851.025068046259, ""A3"": 3006.2398886746214, ""A4"": 3187.4335488458582, ""B2"": 710.5131463213534}}",3.7136,0.1638982104627928,0.3017260119468371,0.6033739880531629,"[0.8163381038190757, 0.37944617155031246, 0.9787478844112216, 0.5899916930106103, 0.6050562538298513, 0.6379965807883322, 0.6764502438127883, 0.1507880191683687, 0.44031346718818754, 0.23956396182952333, 0.40249829810398163, 0.09670409393174562, 0.9678280510488214, 0.21500403735588003]",48.0,48.0,36.0,5.4275,5.4275,12.2528,12.2528,24.1957,24.1957,False,0,2.4339,0.215003,2.9748,0.8163381038190757,1.4704178581757068,plus,False,1.2975180847018015,0.1941865257253058,1.1033315589764956,True,True,1.0,True,100.0,71.0,0.0,True,[],,,
6,4-1,116,4-1/r116,random,3165.3574462243746,"{""0"": {""K"": 0.0, ""B1"": 4118.650947216465, ""A1"": 3120.355847050794, ""A2"": 620.1737240887365, ""A3"": 3981.9901999608933, ""A4"": 4452.5957824351435, ""B2"": 4259.2559059792075}}",3.7136,0.148204640963065,0.3017260119468371,0.6033739880531629,"[0.6717651626112849, 0.3004200814790703, 0.8740770261495044, 0.6622147383384538, 0.13161581580830573, 0.8450743208745529, 0.9449481711449795, 0.9039167881959268, 0.5697191478592772, 0.1454599537609269, 0.19246349496833237, 0.9279056847445244, 0.5523264876672638, 0.18055249844891164]",58.0,58.0,26.0,3.1171,3.1171,74.5929,74.5929,13.8082,13.8082,False,0,2.3762,0.180576,2.9748,0.6717651626112849,1.73542546273378,plus,False,0.2114872297439341,0.1841406010369823,0.0273466287069518,True,True,1.0,True,100.0,136.69999999999982,0.0,True,[],,,
7,4-1,116,4-1/r116,random,4165.676085453766,"{""0"": {""K"": 0.0, ""B1"": 2684.399421320583, ""A1"": 1773.0682838441835, ""A2"": 1936.421289524396, ""A3"": 1128.473170156853, ""A4"": 179.3259348891186, ""B2"": 4128.743023810885}}",3.7136,0.1786941922022171,0.3017260119468371,0.6033739880531629,"[0.8840568941964699, 0.6415717052224807, 0.5696942744738079, 0.3762878361299201, 0.41095528215712984, 0.23948921268184487, 0.03805728669123909, 0.876218808109271, 0.4677302168140961, 0.5476351992137353, 0.3221633097802251, 0.7513249198549279, 0.025196870801760363, 0.37218527256520395]",50.0,50.0,70.0,4.5438,4.5438,61.3494,61.3494,0.6299,0.6299,False,0,2.6973,0.372164,2.9748,0.8840568941964698,1.7244218378159588,minus,True,1.878869957566338,2.7317295459303086,0.8528595883639705,True,True,1.0,True,100.0,163.39999999999986,0.0,True,[],,,
8,4-1,116,4-1/r116,random,143.010587137934,"{""0"": {""K"": 0.0, ""B1"": 4557.202485192397, ""A1"": 3099.36855994148, ""A2"": 2017.773800987236, ""A3"": 2467.863388474183, ""A4"": 4112.676990757217, ""B2"": 1621.9206628852755}}",3.7136,0.1743864921157616,0.3017260119468371,0.6033739880531629,"[0.03035029438411163, 0.12289210220500935, 0.9671482353973677, 0.6577607300385144, 0.4282202463894813, 0.5237401079104803, 0.8728092085647744, 0.3442106669960262, 0.5902909822897147, 0.6836843733395437, 0.35541377702351207, 0.5190984864959901, 0.7652473832785226, 0.9091793139905502]",59.0,59.0,85.0,4.9096,4.9096,43.9324,43.9324,19.1312,19.1312,False,0,3.5973,0.909159,2.9748,0.0303502943841116,1.8142393329605413,plus,False,-1.850243802647387,-2.065387982744652,0.2151441800972646,True,True,1.0,True,100.0,154.80000000000018,0.0,True,[],,,
9,4-1,116,4-1/r116,random,711.8054542979546,"{""0"": {""K"": 0.0, ""B1"": 24.40281572231626, ""A1"": 3548.029996952617, ""A2"": 3819.2024244548593, ""A3"": 644.4322108686442, ""A4"": 1973.8740031029286, ""B2"": 3841.487581912655}}",3.7136,0.1925249117355645,0.3017260119468371,0.6033739880531629,"[0.1510622780768155, 0.9334193923074285, 0.005178865815432143, 0.752977503597754, 0.8105268303172452, 0.13676405154258153, 0.41890365091318515, 0.8152562779950456, 0.014271189684610608, 0.6284619478662907, 0.7930236580980341, 0.5130035828222085, 0.7258494205510871, 0.22642348269714407]",16.0,16.0,79.0,9.7233,9.7233,43.4753,43.4753,18.1462,18.1462,False,0,2.453,0.2264,2.9748,0.1510622780768155,1.5982099193957546,plus,False,1.397870374996648,1.2190847328781116,0.1787856421185365,True,True,1.0,True,100.0,22.300000000000185,0.0,True,[],,,
10,4-1,116,4-1/r116,random,935.4316493414744,"{""0"": {""K"": 0.0, ""B1"": 845.3612018963944, ""A1"": 1630.6415010979983, ""A2"": 4467.560577367759, ""A3"": 2701.5437653836016, ""A4"": 1602.4007336869972, ""B2"": 1279.4240085389963}}",3.7136,0.1469474442799982,0.3017260119468371,0.6033739880531629,"[0.19852114799267284, 0.3631269505503516, 0.17940602756714652, 0.34606143911247844, 0.9481240614108147, 0.5733327176111209, 0.34006806742083984, 0.2715246198087853, 0.9520394907075223, 0.44447820964711326, 0.9803947508805895, 0.515522669106271, 0.521166129026224, 0.8965405237160008]",86.0,86.0,59.0,11.7843,11.7843,43.6642,43.6642,13.0292,13.0292,False,0,3.5762,0.896569,2.9748,0.1985211479926728,1.812933477081816,plus,False,-0.3164661048276058,-0.2347734419453056,0.0816926628823001,True,True,1.0,True,100.0,28.299999999999727,0.0,True,[],,,
11,4-1,116,4-1/r116,random,3499.9200746292663,"{""0"": {""K"": 0.0, ""B1"": 2010.3724620764492, ""A1"": 4138.0211935789375, ""A2"": 1939.6766583612582, ""A3"": 4348.043122905819, ""A4"": 323.78673919821154, ""B2"": 2026.1452132782802}}",3.7136,0.1919295345056083,0.3017260119468371,0.6033739880531629,"[0.7427674182150396, 0.5806528638528226, 0.4266495038362583, 0.8781878594182805, 0.4116461499068884, 0.9227595761684675, 0.06871535212186153, 0.42999686190116304, 0.519514819877859, 0.9509381955818498, 0.25099924666475815, 0.8060391472621088, 0.6764711999985934, 0.717085904281123]",54.0,54.0,115.0,3.761,3.761,65.4529,65.4529,16.9118,16.9118,False,0,3.2754,0.717094,2.9748,0.7427674182150396,1.888544346861848,plus,False,1.5171658318447432,0.4105838438090184,1.1065819880357246,True,True,1.0,True,100.0,15.800000000000068,0.0,True,[],,,
12,4-1,116,4-1/r116,perturb_wrong_r_low,2402.13429610001,"{""0"": {""K"": 0.0, ""B1"": 3014.3472906331835, ""A1"": 3495.2247039690706, ""A2"": 431.12729105707115, ""A3"": 2549.869686326015, ""A4"": 2392.622777447249, ""B2"": 4105.751142976854}}",3.7136,0.3017260119468371,0.3017260119468371,0.6033739880531629,"[0.5097908098684232, 0.0, 0.6397171669425262, 0.7417709473618571, 0.09149560506304566, 0.5411438213764888, 0.50777223630035, 0.8713393766928806, 0.3612640590141576, 0.5981840672072131, 0.05925164234550362, 0.3876318011107287, 0.32303634625820665, 0.05]",42.0,42.0,76.0,1.6518,1.6518,34.0724,34.0724,8.0759,8.0759,False,0,2.1574,0.050027,2.9748,0.5097908098684232,1.7352813753567915,plus,False,1.0909394242930328,0.9969512379188044,0.0939881863742284,True,True,1.0,True,100.0,157.2,0.0,True,[],,,
13,4-1,116,4-1/r116,perturb_misaligned,2473.5191136585327,"{""0"": {""K"": 0.0, ""B1"": 3104.4077503702124, ""A1"": 3385.902246497274, ""A2"": 691.9935127048533, ""A3"": 2530.5542757509775, ""A4"": 2465.056124822062, ""B2"": 4182.213436401107}}",3.7136,0.2446237205345992,0.3017260119468371,0.6033739880531629,"[0.5249403891465477, 0.0, 0.6588301677356139, 0.7185700862685217, 0.1468577064314205, 0.5370446255838237, 0.5231443388841388, 0.8875665187608462, 0.3612640590141576, 0.5981840672072131, 0.05925164234550362, 0.3876318011107287, 0.32303634625820665, 0.15019972907045187]",42.0,42.0,76.0,1.6518,1.6518,34.0724,34.0724,8.0759,8.0759,False,0,2.3253,0.150206,2.9748,0.5249403891465477,1.6989524187599134,plus,False,0.4086729798429473,0.2075655254125407,0.2011074544304066,True,True,1.0,True,100.0,65.50000000000003,0.0,True,[],,,
14,4-1,116,4-1/r116,perturb_weak_hough,2402.13429610001,"{""0"": {""K"": 0.0, ""B1"": 3014.3472906331835, ""A1"": 3495.2247039690706, ""A2"": 431.12729105707115, ""A3"": 2549.869686326015, ""A4"": 2392.622777447249, ""B2"": 4105.751142976854}}",3.7136,0.3017260119468371,0.3017260119468371,0.6033739880531629,"[0.5097908098684232, 0.0, 0.6397171669425262, 0.7417709473618571, 0.09149560506304566, 0.5411438213764888, 0.50777223630035, 0.8713393766928806, 0.9760253225737584, 0.8668608612238868, 0.05925164234550362, 0.3876318011107287, 0.32303634625820665, 0.15019972907045187]",88.0,88.0,105.0,1.6518,1.6518,34.0724,34.0724,8.0759,8.0759,False,0,2.3253,0.150206,2.9748,0.5097908098684232,1.7352813753567915,plus,False,1.0909394242930328,0.9969512379188044,0.0939881863742284,True,True,1.0,True,100.0,157.2,0.0,True,[],,,
15,4-1,116,4-1/r116,perturb_offset_shift,2402.13429610001,"{""0"": {""K"": 0.0, ""B1"": 2825.1300992260867, ""A1"": 3380.1865688992775, ""A2"": 95.15613340029236, ""A3"": 2041.7698883523203, ""A4"": 2067.9563969809606, ""B2"": 4575.59152039634}}",3.7136,0.1965164057746649,0.3017260119468371,0.6033739880531629,"[0.5097908098684232, 0.0, 0.5995607171532442, 0.7173570816849061, 0.02019442559428955, 0.4333127946418337, 0.43887020309443137, 0.9710508320026187, 0.3612640590141576, 0.5981840672072131, 0.05925164234550362, 0.3876318011107287, 0.32303634625820665, 0.15019972907045187]",42.0,42.0,76.0,1.6518,1.6518,34.0724,34.0724,8.0759,8.0759,False,0,2.3253,0.150206,2.9748,0.5097908098684232,1.569498062617804,minus,True,0.907209530270798,1.1701830182573756,0.2629734879865775,True,True,1.0,True,100.0,26.200000000000728,0.0,True,[],,,
16,4-1,116,4-1/r116,perturb_guardrail_smoke,94.24,"{""0"": {""K"": 0.0, ""B1"": 1736.6529551058504, ""A1"": 2230.920181696737, ""A2"": 2729.2329330166194, ""A3"": 2801.597519929249, ""A4"": 2681.112802389319, ""B2"": 1809.2265208896551}}",3.7136,0.2127417540522059,0.3017260119468371,0.6033739880531629,"[0.02, 0.0, 0.36855962544691223, 0.47345504704939245, 0.5792090265315406, 0.5945665364875315, 0.5689967747006195, 0.3839614857575669, 0.3612640590141576, 0.5981840672072131, 0.05925164234550362, 0.3876318011107287, 0.32303634625820665, 0.15019972907045187]",42.0,42.0,76.0,1.6518,1.6518,34.0724,34.0724,8.0759,8.0759,False,0,2.3253,0.150206,2.9748,0.02,1.564128987353704,plus,False,-1.143406699957501,-1.3346574771544018,0.1912507771969007,True,True,1.0,True,100.0,48.09999999999991,0.0,True,[],,,
17,4-1,116,4-1/r116,perturb_wrong_r_high,2402.13429610001,"{""0"": {""K"": 0.0, ""B1"": 3014.3472906331835, ""A1"": 3495.2247039690706, ""A2"": 431.12729105707115, ""A3"": 2549.869686326015, ""A4"": 2392.622777447249, ""B2"": 4105.751142976854}}",3.7136,0.3230586240922682,0.3230586240922682,0.5820413759077319,"[0.5097908098684232, 0.0, 0.6397171669425262, 0.7417709473618571, 0.09149560506304566, 0.5411438213764888, 0.50777223630035, 0.8713393766928806, 0.3612640590141576, 0.5981840672072131, 0.05925164234550362, 0.3876318011107287, 0.32303634625820665, 0.95]",42.0,42.0,76.0,1.6518,1.6518,34.0724,34.0724,8.0759,8.0759,False,0,3.6657,0.949971,2.9748,0.5097908098684232,1.7352813753567915,plus,False,1.0909394242930328,0.9969512379188044,0.0939881863742284,True,True,1.0,True,100.0,157.2,0.0,True,[],,,
18,4-1,116,4-1/r116,perturb_ambiguous_lines,2402.13429610001,"{""0"": {""K"": 0.0, ""B1"": 3014.3472906331835, ""A1"": 3495.2247039690706, ""A2"": 431.12729105707115, ""A3"": 2549.869686326015, ""A4"": 2392.622777447249, ""B2"": 4105.751142976854}}",3.7136,0.3017260119468371,0.3230586240922682,0.5820413759077319,"[0.5097908098684232, 0.0, 0.6397171669425262, 0.7417709473618571, 0.09149560506304566, 0.5411438213764888, 0.50777223630035, 0.8713393766928806, 0.3612640590141576, 0.5981840672072131, 0.9405668537975298, 0.9218794742334437, 0.32303634625820665, 0.15019972907045187]",42.0,42.0,76.0,11.3462,11.3462,74.141,74.141,8.0759,8.0759,False,0,2.3253,0.150206,2.9748,0.5097908098684232,1.7352813753567915,plus,False,1.0909394242930328,0.9969512379188044,0.0939881863742284,True,True,1.0,True,100.0,157.2,0.0,True,[],,,
19,4-1,116,4-1/r116,perturb_small_segment,2402.13429610001,"{""0"": {""K"": 0.0, ""B1"": 329.84000000000003, ""A1"": 1036.64, ""A2"": 1743.44, ""A3"": 2450.2400000000002, ""A4"": 3157.04, ""B2"": 3863.84}}",3.7136,0.251532750265952,0.3230586240922682,0.5820413759077319,"[0.5097908098684232, 0.0, 0.07, 0.22, 0.37, 0.52, 0.67, 0.8200000000000001, 0.3612640590141576, 0.5981840672072131, 0.05925164234550362, 0.3876318011107287, 0.32303634625820665, 0.15019972907045187]",42.0,42.0,76.0,1.6518,1.6518,34.0724,34.0724,8.0759,8.0759,False,0,2.3253,0.150206,2.9748,0.5097908098684232,1.917651908306252,plus,False,3.8298999909864895,3.4410977279740376,0.3888022630124528,True,True,1.0,True,100.0,329.9000000000001,1.0,True,[],,,
20,4-1,116,4-1/r116,perturb_wrong_k,1564.694771438333,"{""0"": {""K"": 0.0, ""B1"": 3014.3472906331835, ""A1"": 3495.2247039690706, ""A2"": 431.12729105707115, ""A3"": 2549.869686326015, ""A4"": 2392.622777447249, ""B2"": 4105.751142976854}}",3.7136,0.1618448449119494,0.3230586240922682,0.5820413759077319,"[0.3320659531914968, 0.0, 0.6397171669425262, 0.7417709473618571, 0.09149560506304566, 0.5411438213764888, 0.50777223630035, 0.8713393766928806, 0.3612640590141576, 0.5981840672072131, 0.05925164234550362, 0.3876318011107287, 0.32303634625820665, 0.15019972907045187]",42.0,42.0,76.0,1.6518,1.6518,34.0724,34.0724,8.0759,8.0759,False,0,2.3253,0.150206,2.9748,0.3320659531914968,1.7352813753567915,plus,False,1.0913172279673065,0.9972534317967892,0.0940637961705173,True,True,1.0,True,100.0,157.30000000000018,0.0,True,[],,,
21,4-1,116,4-1/r116,perturb_wrong_k,3110.676674143453,"{""0"": {""K"": 0.0, ""B1"": 3014.3472906331835, ""A1"": 3495.2247039690706, ""A2"": 431.12729105707115, ""A3"": 2549.869686326015, ""A4"": 2392.622777447249, ""B2"": 4105.751142976854}}",3.7136,0.1253487252865564,0.3230586240922682,0.5820413759077319,"[0.6601605844956395, 0.0, 0.6397171669425262, 0.7417709473618571, 0.09149560506304566, 0.5411438213764888, 0.50777223630035, 0.8713393766928806, 0.3612640590141576, 0.5981840672072131, 0.05925164234550362, 0.3876318011107287, 0.32303634625820665, 0.15019972907045187]",42.0,42.0,76.0,1.6518,1.6518,34.0724,34.0724,8.0759,8.0759,False,0,2.3253,0.150206,2.9748,0.6601605844956395,1.7352813753567915,plus,False,1.0912107978089325,0.9971483952354144,0.0940624025735177,True,True,1.0,True,100.0,157.20000000000005,0.0,True,[],,,
22,4-1,116,4-1/r116,perturb_wrong_r_low,2402.13429610001,"{""0"": {""K"": 0.0, ""B1"": 3014.3472906331835, ""A1"": 3495.2247039690706, ""A2"": 431.12729105707115, ""A3"": 2549.869686326015, ""A4"": 2392.622777447249, ""B2"": 4105.751142976854}}",3.7136,0.3017260119468371,0.3230586240922682,0.5820413759077319,"[0.5097908098684232, 0.0, 0.6397171669425262, 0.7417709473618571, 0.09149560506304566, 0.5411438213764888, 0.50777223630035, 0.8713393766928806, 0.3612640590141576, 0.5981840672072131, 0.05925164234550362, 0.3876318011107287, 0.32303634625820665, 0.05]",42.0,42.0,76.0,1.6518,1.6518,34.0724,34.0724,8.0759,8.0759,False,0,2.1574,0.050027,2.9748,0.5097908098684232,1.7352813753567915,plus,False,1.0909394242930328,0.9969512379188044,0.0939881863742284,True,True,1.0,True,100.0,157.2,0.0,True,[],,,
23,4-1,116,4-1/r116,perturb_misaligned,2473.5191136585327,"{""0"": {""K"": 0.0, ""B1"": 3104.4077503702124, ""A1"": 3385.902246497274, ""A2"": 691.9935127048533, ""A3"": 2530.5542757509775, ""A4"": 2465.056124822062, ""B2"": 4182.213436401107}}",3.7136,0.2446237205345992,0.3230586240922682,0.5820413759077319,"[0.5249403891465477, 0.0, 0.6588301677356139, 0.7185700862685217, 0.1468577064314205, 0.5370446255838237, 0.5231443388841388, 0.8875665187608462, 0.3612640590141576, 0.5981840672072131, 0.05925164234550362, 0.3876318011107287, 0.32303634625820665, 0.15019972907045187]",42.0,42.0,76.0,1.6518,1.6518,34.0724,34.0724,8.0759,8.0759,False,0,2.3253,0.150206,2.9748,0.5249403891465477,1.6989524187599134,plus,False,0.4086729798429473,0.2075655254125407,0.2011074544304066,True,True,1.0,True,100.0,65.50000000000003,0.0,True,[],,,
24,4-1,116,4-1/r116,bo,2330.930503663423,"{""0"": {""K"": 0.0, ""B1"": 4655.32321296167, ""A1"": 3777.416915898754, ""A2"": 2728.2400792675962, ""A3"": 749.2963976327865, ""A4"": 667.5906440626342, ""B2"": 4191.662763058639}}",3.7136,0.2229312949760064,0.3230586240922682,0.5820413759077319,"[0.4946796484854463, 0.596923505065915, 0.9879718193891489, 0.8016589380090734, 0.5789983190296257, 0.15901876010882565, 0.14167882938510912, 0.8895718936881662, 0.006940390204778546, 0.627747238110461, 0.6647152470477281, 0.347886697014252, 0.22183879220337432, 0.5937830233360043]",16.0,16.0,79.0,8.3119,8.3119,31.0915,31.0915,5.546,5.546,False,0,3.0687,0.593764,2.9748,0.4946796484854464,1.843280460417948,plus,False,0.1783416832568313,-0.0898872792102117,0.2682289624670431,True,True,1.0,True,100.0,56.59999999999991,0.0,True,[],0.2965557720401623,0.0345669443243413,0.0025856917027698
25,4-1,116,4-1/r116,bo,2409.763361332139,"{""0"": {""K"": 0.0, ""B1"": 3591.898318342062, ""A1"": 1757.4129190904873, ""A2"": 460.9821704498311, ""A3"": 376.01588876552927, ""A4"": 54.74862361218544, ""B2"": 3852.2998225438737}}",3.7136,0.3628333234240663,0.3628333234240663,0.5422666765759336,"[0.5114098814372112, 0.4208940418190731, 0.7622874190029842, 0.3729653902993394, 0.09783153023128843, 0.07979963683478974, 0.0116189778463891, 0.8175508961256098, 0.7735660587575234, 0.31566042289334206, 0.5594206753751941, 0.2375687858512988, 0.2888646969197953, 0.9542175527384521]",73.0,73.0,45.0,7.1536,7.1536,22.8177,22.8177,7.2216,7.2216,False,0,3.6728,0.954207,2.9748,0.5114098814372112,1.871293460588939,plus,False,1.4907700754580608,1.103562445967851,0.3872076294902098,True,True,1.0,True,100.0,54.69999999999982,0.0,True,[],0.2898444085204171,0.0368197849755179,0.002179748136046
26,4-1,116,4-1/r116,bo,2199.135701317104,"{""0"": {""K"": 0.0, ""B1"": 4208.970501729488, ""A1"": 2468.540390272037, ""A2"": 320.73463026304614, ""A3"": 1455.739627222749, ""A4"": 4704.874973935272, ""B2"": 3829.653436928982}}",3.7136,0.1645064549418882,0.3628333234240663,0.5422666765759336,"[0.46670961403164335, 0.8196738749377241, 0.8932450131004857, 0.5238837840135901, 0.06806762102356667, 0.30894304482655965, 0.9984878976942427, 0.8127447871241473, 0.7630200859137536, 0.5078591353379368, 0.7151833916695488, 0.4824627158232575, 0.8526288538824754, 0.8763478769598976]",72.0,72.0,66.0,8.867,8.867,41.1847,41.1847,21.3157,21.3157,False,0,3.5423,0.876343,2.9748,0.4667096140316434,1.8370238526798977,plus,False,0.8289788722200617,0.932242218447564,0.1032633462275023,True,True,1.0,True,100.0,7.099999999999909,0.0,True,[],0.3062761567978823,0.0499994689323284,0.002129675714585
27,4-1,116,4-1/r116,bo,2395.601592123264,"{""0"": {""K"": 0.0, ""B1"": 2771.3280301118, ""A1"": 2181.889537141394, ""A2"": 270.6478668113169, ""A3"": 1469.1267537782692, ""A4"": 473.4877923145055, ""B2"": 3750.2003069806133}}",3.7136,0.3474486709557773,0.3628333234240663,0.5422666765759336,"[0.5084044125898267, 0.38763384829215874, 0.5881426209914686, 0.46304956221167104, 0.057438002294422086, 0.3117841158273067, 0.10048552468474226, 0.7958829174407074, 0.9192501617698866, 0.9080295645317095, 0.9038849895200123, 0.5533527433417431, 0.2996590008356391, 0.7997974178133077]",84.0,84.0,110.0,10.9427,10.9427,46.5015,46.5015,7.4915,7.4915,False,0,3.414,0.799791,2.9748,0.5084044125898267,1.8489724292202947,plus,False,2.496905094209531,2.519427214364286,0.0225221201547549,True,True,1.0,True,100.0,202.9000000000001,0.0,True,[],0.3411324996490167,0.0254068883715391,0.0012913720811848
28,4-1,116,4-1/r116,bo,2329.2079286990647,"{""0"": {""K"": 0.0, ""B1"": 521.8456031409414, ""A1"": 4567.433914357035, ""A2"": 3655.8009037091188, ""A3"": 1492.0490342765354, ""A4"": 3676.452659526454, ""B2"": 2536.4923136075827}}",3.7136,0.0897199540149597,0.3628333234240663,0.5422666765759336,"[0.4943140765490375, 0.48248408498173456, 0.11074821798407075, 0.9693195913321382, 0.7758490882234972, 0.31664877637447697, 0.7802318886940692, 0.5383048203751236, 0.005610396737344647, 0.0522306130432888, 0.1543941426708959, 0.8772192195243846, 0.23030529669221322, 0.7993449839186749]",15.0,15.0,16.0,2.6983,2.6983,70.7914,70.7914,5.7576,5.7576,False,0,3.4133,0.799373,2.9748,0.4943140765490375,1.8372061378679387,plus,False,1.358128649577052,1.211142409131133,0.146986240445919,True,True,1.0,True,100.0,20.700000000000045,0.0,True,[],0.3142978783999036,0.0463112668023152,0.0022752730799081
29,4-1,116,4-1/r116,bo,2295.643304378716,"{""0"": {""K"": 0.0, ""B1"": 3247.1495365689475, ""A1"": 3683.943338738171, ""A2"": 1840.2002472743209, ""A3"": 2715.339379148045, ""A4"": 242.54899455005744, ""B2"": 4144.0505193766885}}",3.7136,0.3250862909889991,0.3628333234240663,0.5422666765759336,"[0.4871908540701858, 0.8860498202524644, 0.6891234160799974, 0.7818215914130244, 0.39053485723139236, 0.5762604794456802, 0.05147474417446041, 0.8794674277115214, 0.20522036431077417, 0.4832257303615012, 0.5701563475635223, 0.49111940790832775, 0.9824872426773514, 0.06208889912933724]",30.0,30.0,63.0,7.2717,7.2717,41.834,41.834,24.5622,24.5622,False,0,2.1776,0.062079,2.9748,0.4871908540701858,1.71753259370557,plus,False,1.5153118780138644,1.386746147345336,0.1285657306685284,True,True,1.0,True,100.0,242.5999999999999,0.0,True,[],0.2330517132378388,0.0691451949581239,0.0005540216338733
30,4-1,116,4-1/r116,bo,2362.246196853858,"{""0"": {""K"": 0.0, ""B1"": 2101.9180722793562, ""A1"": 555.9102534958231, ""A2"": 652.0389518187663, ""A3"": 3817.0949365507845, ""A4"": 4582.371385646172, ""B2"": 3885.9722497064263}}",3.7136,0.1486718052176467,0.3628333234240663,0.5422666765759336,"[0.501325593559817, 0.8075300650662574, 0.44607768936319103, 0.11797755804240728, 0.13837838536051916, 0.8100795705752938, 0.9724896828620908, 0.8246969969665591, 0.3454553312719886, 0.6833024173997241, 0.03185309638978473, 0.37411325158823316, 0.7175872479762726, 0.37481432356205246]",41.0,41.0,85.0,1.3504,1.3504,33.0585,33.0585,17.9397,17.9397,False,0,2.7017,0.374789,2.9748,0.501325593559817,1.6688513618092065,minus,True,0.7896592708385977,1.4596889021405772,0.6700296313019796,True,True,1.0,True,100.0,68.90000000000009,0.0,True,[],0.3195582707970186,0.0401963625672312,0.0017335356705965
31,4-1,116,4-1/r116,bo,2381.683131878322,"{""0"": {""K"": 0.0, ""B1"": 1720.922947554233, ""A1"": 560.9987953739317, ""A2"": 476.7371616311982, ""A3"": 2482.264838172345, ""A4"": 308.09642933914665, ""B2"": 3577.425279467853}}",3.7136,0.2419682915030933,0.3628333234240663,0.5422666765759336,"[0.5054505797704418, 0.8382081850375196, 0.3652213386150749, 0.11905746930686156, 0.10117511919168043, 0.5267964427360665, 0.06538549009744199, 0.759215891228322, 0.9256664875888407, 0.4063340834190502, 0.029789143855434075, 0.979372214358755, 0.13537795413304332, 0.9615398467985011]",84.0,84.0,55.0,1.3277,1.3277,78.4529,78.4529,3.3844,3.3844,False,0,3.6851,0.961546,2.9748,0.5054505797704418,1.8592729884444616,plus,False,1.9082851850117173,1.5638416493245182,0.3444435356871991,True,True,1.0,True,100.0,84.29999999999973,0.0,True,[],0.2836548616174558,0.0561763722703113,0.0013447057657816
32,4-1,116,4-1/r116,bo,2438.06511317836,"{""0"": {""K"": 0.0, ""B1"": 2402.4043806052023, ""A1"": 1592.7964737105926, ""A2"": 1533.0219070236149, ""A3"": 344.89951551798845, ""A4"": 2070.405747076867, ""B2"": 3522.1120945465127}}",3.7136,0.2891656440740014,0.3628333234240663,0.5422666765759336,"[0.5174161954962564, 0.869014848364203, 0.5098481283118002, 0.3380298119080205, 0.325344207772414, 0.07319599225763762, 0.4393900142353283, 0.7474770998613143, 0.618580703451962, 0.6313566955740877, 0.4787926162385948, 0.45935124111026826, 0.46753985911915275, 0.6704555911072216]",61.0,61.0,79.0,6.2667,6.2667,39.4513,39.4513,11.6885,11.6885,False,0,3.1972,0.670435,2.9748,0.5174161954962564,1.838200429628472,plus,False,1.844335298429076,1.779558178448775,0.0647771199803011,True,True,1.0,True,100.0,59.80000000000018,0.0,True,[],0.3108085204089993,0.0544447127211274,0.0034552323211765
33,4-1,116,4-1/r116,bo,2263.896090159351,"{""0"": {""K"": 0.0, ""B1"": 1697.4681601830293, ""A1"": 2978.90804736403, ""A2"": 342.26583072993907, ""A3"": 3535.0215764131362, ""A4"": 1250.2586145618893, ""B2"": 4030.4608323161574}}",3.7136,0.119157509318267,0.3628333234240663,0.5422666765759336,"[0.48045332983008293, 0.2398254215080623, 0.36024366727144086, 0.6321961051281898, 0.07263706085100574, 0.7502168031437046, 0.26533502006831267, 0.8553609576222745, 0.7941139213238458, 0.15338889291196045, 0.3054787814380261, 0.39080637048874145, 0.28304770304547555, 0.8418481464277536]",75.0,75.0,27.0,4.3603,4.3603,34.3105,34.3105,7.0762,7.0762,False,0,3.4845,0.841856,2.9748,0.480453329830083,1.858433213170569,minus,True,2.0533298796329205,2.8690641490500397,0.8157342694171188,True,True,1.0,True,100.0,342.2999999999997,0.0,True,[],0.3275372758648482,0.040327701148314,0.0026426852677157
34,4-1,116,4-1/r116,bo,2426.002912011059,"{""0"": {""K"": 0.0, ""B1"": 3890.0014744395403, ""A1"": 3609.9372144456643, ""A2"": 1201.459359646188, ""A3"": 1703.3325432933248, ""A4"": 1865.9667016840024, ""B2"": 3811.6682491656843}}",3.7136,0.2998213131097761,0.3628333234240663,0.5422666765759336,"[0.5148563056050635, 0.35125039315625906, 0.8255520955941299, 0.766115707649759, 0.2549786416906171, 0.3614882307498567, 0.3960031200517832, 0.8089278966820213, 0.2111149033028844, 0.7750088020158482, 0.8414461163188821, 0.32648273396234573, 0.5752243488481497, 0.8094871945251073]",31.0,31.0,95.0,10.2559,10.2559,29.4862,29.4862,14.3806,14.3806,False,0,3.4303,0.809517,2.9748,0.5148563056050635,1.6325965913944294,minus,True,-0.8445798845138196,-0.316484124031414,0.5280957604824056,True,True,1.0,True,100.0,78.29999999999995,0.0,True,[],0.2916932745691668,0.0565047966587071,0.0019131070745609
35,4-1,116,4-1/r116,bo,2448.5688319147453,"{""0"": {""K"": 0.0, ""B1"": 3728.128930853169, ""A1"": 2037.3493752798825, ""A2"": 2192.239611559069, ""A3"": 1392.6470232795023, ""A4"": 1153.2541797298045, ""B2"": 3756.3905994878714}}",3.7136,0.2095171073742696,0.3628333234240663,0.5422666765759336,"[0.5196453378426878, 0.4100183561985149, 0.7911988393151886, 0.4323746551952212, 0.46524609752951385, 0.29555327319174496, 0.24474834035012827, 0.7971966467503971, 0.2998427053493552, 0.004115782143927382, 0.6538946582915435, 0.0367304300695549, 0.3431706938770982, 0.3892290707096757]",37.0,37.0,10.0,8.1928,8.1928,7.7548,7.7548,8.5793,8.5793,False,0,2.7259,0.389228,2.9748,0.5196453378426878,1.7457514371250658,plus,False,-0.2478149417538744,-0.9691688763104576,0.7213539345565831,True,True,1.0,True,100.0,28.299999999999955,0.0,True,[],0.3244407799963548,0.0346938824771542,0.0012866761795067
36,4-1,116,4-1/r116,bo,2430.4403860383823,"{""0"": {""K"": 0.0, ""B1"": 184.96740799460002, ""A1"": 4504.006960677388, ""A2"": 1076.0207510120993, ""A3"": 2125.114801699643, ""A4"": 4202.650141417803, ""B2"": 3555.231512064583}}",3.7136,0.22161529882408,0.3628333234240663,0.5422666765759336,"[0.5157980445752085, 0.17445079960677057, 0.039254543292572164, 0.9558588626225355, 0.22835754478185466, 0.4510005945882095, 0.891903680266936, 0.7545058387233835, 0.7936440053688136, 0.8886337683010704, 0.8714973247306146, 0.867573947438117, 0.38013460275108435, 0.992844569859052]",75.0,75.0,108.0,10.5865,10.5865,70.068,70.068,9.5034,9.5034,False,0,3.7376,0.99287,2.9748,0.5157980445752085,1.6749452652608685,plus,False,1.6188042890365804,1.8449011269267597,0.2260968378901791,True,True,1.0,True,100.0,185.0,0.0,True,[],0.3193035716596423,0.0376114829234622,0.0013100910189497
37,4-1,116,4-1/r116,bo,2479.002796174187,"{""0"": {""K"": 0.0, ""B1"": 2262.753951986519, ""A1"": 2211.9690429171433, ""A2"": 184.6923578696669, ""A3"": 3231.8997562147974, ""A4"": 1903.8850110332821, ""B2"": 3771.183617600609}}",3.7136,0.2684988322195105,0.3628333234240663,0.5422666765759336,"[0.5261041587806, 0.815438204238307, 0.4802109405743886, 0.46943315851382494, 0.03919617102497175, 0.6858870450370962, 0.4040502994552806, 0.8003360818337456, 0.3120899697442533, 0.12585941906927056, 0.8234826953859194, 0.029608570153736746, 0.47841468582576097, 0.3767585546741896]",38.0,38.0,24.0,10.0583,10.0583,7.2206,7.2206,11.9604,11.9604,False,0,2.705,0.376758,2.9748,0.5261041587806,1.8591969728939752,plus,False,1.7409903525426795,1.7624417599266506,0.0214514073839711,True,True,1.0,True,100.0,50.80000000000018,0.0,True,[],0.2700783405145486,0.0583614544244088,0.0009192764287378
38,4-1,116,4-1/r116,bo,2464.415685186782,"{""0"": {""K"": 0.0, ""B1"": 4701.357381298609, ""A1"": 1594.1143428261844, ""A2"": 748.2734938311858, ""A3"": 2251.51049527585, ""A4"": 930.5562445256137, ""B2"": 3212.6441879536214}}",3.7136,0.1882787713869228,0.3628333234240663,0.5422666765759336,"[0.5230084221533917, 0.8081895263823591, 0.9977413797323024, 0.3383094955064059, 0.1588016752612873, 0.4778248079957237, 0.19748646955127624, 0.6818005492261505, 0.23251528347866646, 0.12517709355409823, 0.9264868924470108, 0.338976022283078, 0.01735872437858288, 0.04466568836938034]",32.0,32.0,24.0,11.1914,11.1914,30.4232,30.4232,0.434,0.434,False,0,2.1484,0.044657,2.9748,0.5230084221533917,1.8483351391277496,plus,False,0.8154467251359125,-0.5177806440875077,1.3332273692234202,True,True,1.0,True,100.0,10.599999999999907,0.0,True,[],0.2661892822175706,0.0569205317827419,0.0006737646049191
39,4-1,116,4-1/r116,bo,2283.4697759150376,"{""0"": {""K"": 0.0, ""B1"": 2242.295895855087, ""A1"": 596.9735287695198, ""A2"": 2888.378995039037, ""A3"": 4170.324378034979, ""A4"": 2309.2472381656967, ""B2"": 4146.797918225987}}",3.7136,0.0865174185378457,0.3628333234240663,0.5422666765759336,"[0.4846073378427499, 0.7752693596476979, 0.4758692478470049, 0.12669217503597618, 0.6129836576907973, 0.885043373946303, 0.49007793679238043, 0.8800504919834438, 0.6954055574489385, 0.7482631504436099, 0.37830277133278056, 0.5724283742584774, 0.8682569635079467, 0.7678973763744226]",67.0,67.0,92.0,5.1613,5.1613,47.9321,47.9321,21.7064,21.7064,False,0,3.3605,0.76787,2.9748,0.4846073378427499,1.8530394457595245,plus,False,-0.0584294515507892,-0.0261533681461454,0.0322760834046438,True,True,1.0,True,100.0,23.5,0.0,True,[],0.2558500179488851,0.0597690286892019,0.0005686352454203
40,4-1,116,4-1/r116,bo,2411.0239898393816,"{""0"": {""K"": 0.0, ""B1"": 3066.843476094069, ""A1"": 1407.7168451983753, ""A2"": 2343.9605412049827, ""A3"": 1526.5211522661466, ""A4"": 561.9158233735124, ""B2"": 4532.301245438978}}",3.7136,0.2481668329584808,0.3628333234240663,0.5422666765759336,"[0.5116774171985106, 0.5013882485355906, 0.6508581231099467, 0.2987514527161238, 0.49744493658849376, 0.32396459088840124, 0.11925208475668769, 0.9618635919862007, 0.6822009445286029, 0.14314961569665974, 0.20345232363678245, 0.40832701676778627, 0.6768109352612116, 0.9857455260088744]",66.0,66.0,26.0,3.238,3.238,35.6245,35.6245,16.9203,16.9203,False,0,3.7257,0.98577,2.9748,0.5116774171985106,1.7588753605478809,minus,True,0.4282162295706593,1.6733355526430007,1.2451193230723414,True,True,1.0,True,100.0,118.80000000000018,0.0,True,[],0.2579759047308144,0.0609154940609853,0.0006991326962712
41,4-1,116,4-1/r116,bo,2354.8991079132143,"{""0"": {""K"": 0.0, ""B1"": 3509.8622114525256, ""A1"": 2314.7172267258484, ""A2"": 2175.5108619084394, ""A3"": 363.43635923128767, ""A4"": 247.00945073651815, ""B2"": 3692.979491698667}}",3.7136,0.3400459680953424,0.3628333234240663,0.5422666765759336,"[0.49976636415815245, 0.1966856975454081, 0.744877379340519, 0.4912388002389322, 0.4616958535459337, 0.07712995739203898, 0.05242136051284341, 0.7837392809207697, 0.7615770476960196, 0.34951559477431005, 0.7226633344146721, 0.05150974791623952, 0.117063408940556, 0.8291124950214147]",72.0,72.0,48.0,8.9493,8.9493,8.8632,8.8632,2.9266,2.9266,False,0,3.4631,0.829087,2.9748,0.4997663641581524,1.879433358085112,plus,False,1.3396242101198863,0.7907797836726389,0.5488444264472474,True,True,1.0,True,100.0,116.40000000000008,0.0,True,[],0.3231142872827873,0.0568371118857077,0.0059770774098781
42,4-1,116,4-1/r116,bo,2364.755796260032,"{""0"": {""K"": 0.0, ""B1"": 4236.784618885614, ""A1"": 1022.7448625680247, ""A2"": 4608.14109593045, ""A3"": 657.2842958100457, ""A4"": 1359.3616671555128, ""B2"": 3813.5921052908866}}",3.7136,0.1678274232957617,0.3628333234240663,0.5422666765759336,"[0.5018581910568829, 0.4521322367795185, 0.8991478393220743, 0.2170511168438083, 0.9779586366575658, 0.13949157381367694, 0.28848931815694245, 0.80933618533338, 0.7526859734603223, 0.5992605131829264, 0.7628287421163841, 0.45533941126475974, 0.2808497095972158, 0.7671865116016697]",71.0,71.0,76.0,9.3911,9.3911,39.1505,39.1505,7.0212,7.0212,False,0,3.3594,0.767213,2.9748,0.5018581910568829,1.7325093032706502,plus,False,0.4898310283946307,0.4613452094524082,0.0284858189422225,True,True,1.0,True,100.0,103.90000000000008,0.0,True,[],0.3198934698309651,0.0362130207747693,0.0011569292812909
43,4-1,116,4-1/r116,bo,2422.640498369135,"{""0"": {""K"": 0.0, ""B1"": 2819.138542083779, ""A1"": 3457.9254792407282, ""A2"": 3386.5907759139523, ""A3"": 278.1354963147992, ""A4"": 2806.6366126158196, ""B2"": 3379.4186430253944}}",3.7136,0.1184151852828535,0.3628333234240663,0.5422666765759336,"[0.5141427203669642, 0.6954136682489718, 0.5982891642792401, 0.7338551526402225, 0.7187162088102615, 0.059027057791765536, 0.5956359534413879, 0.7171941093008053, 0.8125047517768013, 0.34305965250456194, 0.13976464381600628, 0.13601998861991216, 0.7283157429219136, 0.7679015528757888]",76.0,76.0,48.0,2.5374,2.5374,15.2015,15.2015,18.2079,18.2079,False,0,3.3606,0.767929,2.9748,0.5141427203669642,1.7344306542554846,minus,True,0.1906396472372681,0.4529081609809541,0.262268513743686,True,True,1.0,True,100.0,7.100000000000136,0.0,True,[],0.3115281408115309,0.0459629036690619,0.0019466595916095
44,4-1,116,4-1/r116,bo,2479.7862168126567,"{""0"": {""K"": 0.0, ""B1"": 2075.13148831433, ""A1"": 725.3245627271433, ""A2"": 345.86795756711194, ""A3"": 602.9983105711233, ""A4"": 1255.8745102802845, ""B2"": 2607.7525700709}}",3.7136,0.0938484302502854,0.3628333234240663,0.5422666765759336,"[0.526270419527304, 0.5210617434358976, 0.44039293045720074, 0.15393135881306097, 0.0734015190083005, 0.12797077898368492, 0.2665268485314696, 0.5534279647858447, 0.7849168854439291, 0.14237977213930086, 0.3586746462763519, 0.382689757078997, 0.8133947919230177, 0.99967716968076]",74.0,74.0,26.0,4.9454,4.9454,33.7017,33.7017,20.3349,20.3349,False,0,3.749,0.999672,2.9748,0.526270419527304,1.708606431296994,plus,False,2.138592617858132,1.1041485768981436,1.0344440409599878,True,True,1.0,True,100.0,122.29999999999971,0.0,True,[],0.3304969658348829,0.0495432205332922,0.0054040957771748
45,4-1,116,4-1/r116,bo,2336.25599038973,"{""0"": {""K"": 0.0, ""B1"": 2305.6115195443012, ""A1"": 2866.5668779678654, ""A2"": 2059.1334980258557, ""A3"": 3153.32214136257, ""A4"": 175.98131135738092, ""B2"": 4090.964868381237}}",3.7136,0.2706891906735658,0.3628333234240663,0.5422666765759336,"[0.49580984515911075, 0.14257629444616138, 0.48930634964862085, 0.6083546005874078, 0.43699777122789807, 0.6692109807645522, 0.037347476943417, 0.8682013727464425, 0.2696061187826264, 0.15138299827720447, 0.09433954780016152, 0.821251667703952, 0.5500034058180516, 0.5796470670211002]",35.0,35.0,27.0,2.0377,2.0377,66.5939,66.5939,13.7501,13.7501,False,0,3.045,0.579623,2.9748,0.4958098451591107,1.7275580171253844,plus,False,1.3691657226834255,1.3245916600050276,0.0445740626783979,True,True,1.0,True,100.0,175.89999999999964,0.0,True,[],0.3408762021677309,0.0429738775818778,0.0056989474589037
46,4-1,116,4-1/r116,bo,2294.5797291111007,"{""0"": {""K"": 0.0, ""B1"": 2875.557461165051, ""A1"": 3776.963828033631, ""A2"": 655.460205658171, ""A3"": 3077.391478914125, ""A4"": 30.847254350633904, ""B2"": 1234.5983285541502}}",3.7136,0.1970280379342143,0.3628333234240663,0.5422666765759336,"[0.48696513775702477, 0.5661043757589438, 0.6102626190927527, 0.8015627818407537, 0.13910445790708215, 0.653096663606563, 0.006546531059132832, 0.26201152982897924, 0.6810155289868007, 0.071120487496245, 0.2758862230147997, 0.376394172540787, 0.049086199432958444, 0.32719343641599086]",66.0,66.0,18.0,4.0347,4.0347,33.2296,33.2296,1.2272,1.2272,False,0,2.6219,0.327176,2.9748,0.4869651377570247,1.854245316345932,plus,False,2.533731466330486,1.324344763620238,1.2093867027102485,True,True,1.0,True,100.0,30.800000000000185,0.0,True,[],0.3281458907855545,0.045194598566941,0.0038465649297808
47,4-1,116,4-1/r116,bo,2288.4862669155,"{""0"": {""K"": 0.0, ""B1"": 732.042005455601, ""A1"": 2788.250794496831, ""A2"": 2917.0227376317193, ""A3"": 4586.574296599592, ""A4"": 2.0338126899778457, ""B2"": 3731.2657600353746}}",3.7136,0.0779002704752429,0.3628333234240663,0.5422666765759336,"[0.4856719581739176, 0.6044596765194483, 0.15535696210857408, 0.5917340395791237, 0.6190625504311799, 0.9733816418929526, 0.00043162408530939, 0.791864550092397, 0.08908982202133242, 0.6573079674098324, 0.9889356801583743, 0.41207291419999825, 0.9786729254450901, 0.8172838659429436]",22.0,22.0,82.0,11.8783,11.8783,35.9055,35.9055,24.4668,24.4668,False,0,3.4433,0.817273,2.9748,0.4856719581739177,1.5564509096293124,minus,True,1.4784218692582234,2.225331632974012,0.7469097637157882,True,True,1.0,True,100.0,2.0,0.0,True,[],0.2653169558760608,0.0636879082325937,0.0011986938916514
48,4-1,116,4-1/r116,bo,2303.657061682949,"{""0"": {""K"": 0.0, ""B1"": 1538.3423789938654, ""A1"": 4465.08017901868, ""A2"": 2273.7417614846718, ""A3"": 1055.5569884149832, ""A4"": 4052.1030034285154, ""B2"": 3236.3890796178835}}",3.7136,0.1681022258141366,0.3628333234240663,0.5422666765759336,"[0.48889156657108424, 0.3216906806721678, 0.32647334019394425, 0.9475976610820628, 0.48254281865124615, 0.22401464100487756, 0.8599539480960346, 0.686839787694797, 0.3617682973088696, 0.11309333497052765, 0.17188354318957944, 0.5805458825857269, 0.14711679221139584, 0.8531783775319723]",42.0,42.0,22.0,2.8907,2.8907,48.5409,48.5409,3.6779,3.6779,False,0,3.5035,0.853192,2.9748,0.4888915665710842,1.892876350732727,plus,False,-0.542294702980565,-0.660497436254117,0.118202733273552,True,True,1.0,True,100.0,247.0,0.0,True,[],0.2817120225637904,0.0574765866766598,0.0013826564291312
49,4-1,116,4-1/r116,bo,2377.207242203752,"{""0"": {""K"": 0.0, ""B1"": 631.413146942143, ""A1"": 1722.5896307365206, ""A2"": 357.9519180097182, ""A3"": 883.9447141232082, ""A4"": 3423.5795492438106, ""B2"": 4067.8953827268483}}",3.7136,0.3105444578805217,0.3628333234240663,0.5422666765759336,"[0.5045006880738013, 0.8062930190402108, 0.13400109230520862, 0.3655750489678524, 0.07596602674230013, 0.1875943790584058, 0.726566118260571, 0.8633054717162242, 0.9425073074598709, 0.592919741662721, 0.2703349102691114, 0.9919821308153599, 0.1560048276874505, 0.003033493808386134]",86.0,86.0,75.0,3.9737,3.9737,79.3987,79.3987,3.9001,3.9001,False,0,2.0786,0.00301,2.9748,0.5045006880738013,1.679636563541745,plus,False,1.463057696159671,1.1202361404124492,0.3428215557472218,True,True,1.0,True,100.0,252.5999999999999,0.0,True,[],0.3128136512603225,0.0484683052243043,0.0025122327750056
50,4-1,116,4-1/r116,bo,2322.1902428669528,"{""0"": {""K"": 0.0, ""B1"": 4571.0527641647695, ""A1"": 4192.943267614201, ""A2"": 2069.646315070242, ""A3"": 4512.466828916941, ""A4"": 689.4004629437705, ""B2"": 3734.550988579594}}",3.7136,0.1254326909208412,0.3628333234240663,0.5422666765759336,"[0.4928247544284704, 0.5637108279461219, 0.9700875985069545, 0.8898436476261038, 0.4392288444546354, 0.9576542506190452, 0.14630739875716692, 0.7925617547919342, 0.113685608055337, 0.8923736129829294, 0.5329009572247593, 0.35095850666566664, 0.06479575165117046, 0.16181025894064882]",24.0,24.0,108.0,6.8619,6.8619,31.3219,31.3219,1.6199,1.6199,False,0,2.3447,0.161781,2.9748,0.4928247544284704,1.8110681647571267,plus,False,0.3753113255657537,0.1500298143897348,0.2252815111760189,True,True,1.0,True,100.0,58.5,0.0,True,[],0.293102781803655,0.048999106442242,0.0010678237547777
51,4-1,116,4-1/r116,bo,2312.448692357262,"{""0"": {""K"": 0.0, ""B1"": 4258.783135847086, ""A1"": 3424.7950701443833, ""A2"": 1335.0011723002908, ""A3"": 28.508240078998227, ""A4"": 401.04789411007937, ""B2"": 3926.6335752944015}}",3.7136,0.1971945177027352,0.3628333234240663,0.5422666765759336,"[0.49075736255459723, 0.11612030580834332, 0.9038164549760369, 0.7268240811002511, 0.28331943384980707, 0.00605013584019487, 0.0851120318569778, 0.8333263105463501, 0.13059417459642242, 0.9715178662180658, 0.36557295142114876, 0.9548462992310439, 0.8713688668260181, 0.7833682071688465]",25.0,25.0,117.0,5.0213,5.0213,76.6135,76.6135,21.7842,21.7842,False,0,3.3865,0.783383,2.9748,0.4907573625545972,1.7685055196743027,plus,False,1.1719645452699712,1.2504892277231314,0.0785246824531602,True,True,1.0,True,100.0,28.59999999999991,0.0,True,[],0.3143741057093997,0.0459791195484245,0.0022237521598972
52,4-1,116,4-1/r116,bo,2672.64053419498,"{""0"": {""K"": 0.0, ""B1"": 1353.8841963101918, ""A1"": 810.8807182129977, ""A2"": 145.6753205710764, ""A3"": 4092.4834276291954, ""A4"": 543.7453055385815, ""B2"": 3223.190262693039}}",3.7136,0.1094533601277766,0.3628333234240663,0.5422666765759336,"[0.567198755134758, 0.5620693431123716, 0.2873268667890899, 0.17208843765131532, 0.030915815061773433, 0.8685236476292859, 0.11539586280530167, 0.684038680537572, 0.7770679792100298, 0.23509211394875573, 0.1657796627988406, 0.8663676563415709, 0.23598822137893494, 0.7855434145110671]",73.0,73.0,36.0,2.8236,2.8236,69.9776,69.9776,5.8997,5.8997,False,0,3.3901,0.785531,2.9748,0.567198755134758,1.8303369921006527,minus,True,1.86738068626064,2.629658383660916,0.7622776974002758,True,True,1.0,True,100.0,145.70000000000027,0.0,True,[],0.2540217292397898,0.0679499896166191,0.0011030570971376
53,4-1,116,4-1/r116,bo,2284.2025055907097,"{""0"": {""K"": 0.0, ""B1"": 1324.8801954889911, ""A1"": 4144.211626267657, ""A2"": 3749.2917393051816, ""A3"": 507.87693365334036, ""A4"": 2258.6046319563648, ""B2"": 4368.586658373362}}",3.7136,0.1575806303591753,0.3628333234240663,0.5422666765759336,"[0.48476284074505727, 0.992509531315982, 0.2811715185672732, 0.8795016184778559, 0.7956900974756328, 0.10778372955291604, 0.4793303548294492, 0.9271194096717662, 0.2399023727942633, 0.9471730448853383, 0.2504587874095242, 0.32846977966775115, 0.8187592379566694, 0.03538452918267043]",33.0,33.0,114.0,3.755,3.755,29.6352,29.6352,20.469,20.469,False,0,2.1329,0.035408,2.9748,0.4847628407450572,1.774002857994632,minus,True,0.8350611308830278,1.4240643841098577,0.5890032532268297,True,True,1.0,True,100.0,224.39999999999984,0.0,True,[],0.2562445098690933,0.0638065486322561,0.0008503002889693
54,4-1,116,4-1/r116,bo,2356.2787074302278,"{""0"": {""K"": 0.0, ""B1"": 4165.473528174925, ""A1"": 3978.2391284527553, ""A2"": 1250.0586390127041, ""A3"": 2461.4469219092252, ""A4"": 4232.249625579264, ""B2"": 4004.5728902512437}}",3.7136,0.1676687442752528,0.3628333234240663,0.5422666765759336,"[0.5000591484359566, 0.8580815203319458, 0.8840139066585156, 0.8442782530672232, 0.2652925804356333, 0.5223783790129934, 0.8981854044098607, 0.849866912192539, 0.2739188957113927, 0.4892845769606924, 0.9445785524894261, 0.16954814305529675, 0.9810117939716464, 0.3694135297079584]",36.0,36.0,64.0,11.3904,11.3904,17.7161,17.7161,24.5253,24.5253,False,0,2.6927,0.369419,2.9748,0.5000591484359566,1.7765340445489817,plus,False,-1.1473234440138151,-1.212728408516536,0.0654049645027208,True,True,1.0,True,100.0,26.40000000000009,0.0,True,[],0.326720424338098,0.038604330272208,0.0021903401145247
55,4-1,116,4-1/r116,bo,2382.9659703266866,"{""0"": {""K"": 0.0, ""B1"": 1472.6886186669592, ""A1"": 2310.4339681513343, ""A2"": 531.3003708222241, ""A3"": 1371.022892238829, ""A4"": 2769.588137603353, ""B2"": 4330.979161816103}}",3.7136,0.1892827130439487,0.3628333234240663,0.5422666765759336,"[0.5057228290166992, 0.05795794134716059, 0.3125400294284718, 0.490329789505801, 0.11275474762780646, 0.2909641112561182, 0.5877733738547014, 0.9191381922360151, 0.2602264795386505, 0.3687654079394186, 0.4383106447901449, 0.5872140139325526, 0.368273562345126, 0.32899545606652214]",35.0,35.0,51.0,5.8214,5.8214,49.0411,49.0411,9.2068,9.2068,False,0,2.6249,0.328966,2.9748,0.5057228290166992,1.794619490546961,minus,True,0.6827013713559762,1.11174061865417,0.4290392472981938,True,True,1.0,True,100.0,101.69999999999982,0.0,True,[],0.3290043983315491,0.042142655135605,0.0032516539816985
56,4-1,116,4-1/r116,bo,2417.556198517738,"{""0"": {""K"": 0.0, ""B1"": 4526.085032685689, ""A1"": 774.6955046309272, ""A2"": 727.2633481716457, ""A3"": 1531.268977957919, ""A4"": 2361.4774307841144, ""B2"": 3922.5516292328807}}",3.7136,0.1864268476364055,0.3628333234240663,0.5422666765759336,"[0.5130637093628476, 0.5838938142454614, 0.9605443617754009, 0.16440906295223412, 0.15434281582590104, 0.32497219396390475, 0.5011624428658986, 0.8324600231818508, 0.9982862772358605, 0.8850235152184741, 0.4884398461579902, 0.40620110025699163, 0.6490348448137077, 0.2305027029237905]",90.0,90.0,107.0,6.3728,6.3728,35.4651,35.4651,16.2259,16.2259,False,0,2.4599,0.230517,2.9748,0.5130637093628476,1.647218332541201,plus,False,0.3561615028318036,-0.0174849042604646,0.3736464070922682,True,True,1.0,True,100.0,47.5,0.0,True,[],0.3239509628440873,0.0378187346209549,0.001749287862929
57,4-1,116,4-1/r116,bo,2472.9059850756844,"{""0"": {""K"": 0.0, ""B1"": 4492.599762587802, ""A1"": 4530.006091943057, ""A2"": 1237.7252495223017, ""A3"": 497.3574587218217, ""A4"": 186.44707968299483, ""B2"": 3853.333441997634}}",3.7136,0.3998424874063772,0.3998424874063772,0.5052575125936227,"[0.5248102684795595, 0.3269577802321818, 0.9534379801756795, 0.9613765050812939, 0.26267513784429153, 0.10555124336201649, 0.039568565297749325, 0.8177702550928765, 0.806656916212702, 0.4657094245952057, 0.34165178797922424, 0.2806692181864364, 0.08862572063131557, 0.29713528432225456]",75.0,75.0,61.0,4.7582,4.7582,26.0502,26.0502,2.2156,2.2156,False,0,2.5716,0.297164,2.9748,0.5248102684795595,1.6759274295499225,plus,False,0.9110021696029852,0.6140208965091738,0.2969812730938113,True,True,1.0,True,100.0,37.40000000000009,0.0,True,[],0.3062810242497566,0.0536040293006443,0.0027598420172058
58,4-1,116,4-1/r116,bo,2430.9666347280404,"{""0"": {""K"": 0.0, ""B1"": 969.5205249080432, ""A1"": 722.6456672152515, ""A2"": 269.2173178679395, ""A3"": 3850.2435044369813, ""A4"": 3757.294106620185, ""B2"": 4026.933049771411}}",3.7136,0.0913254565565751,0.3998424874063772,0.5052575125936227,"[0.515909727234304, 0.34572003561906184, 0.2057556292249667, 0.1533628326008598, 0.05713440532002112, 0.8171144958482558, 0.7973883927462193, 0.8546122771161738, 0.24711473252285232, 0.509529446916383, 0.6951399044268585, 0.9549067298022251, 0.5446308274977025, 0.026409200305947955]",34.0,34.0,66.0,8.6465,8.6465,76.618,76.618,13.6158,13.6158,False,0,2.1178,0.026399,2.9748,0.515909727234304,1.67127729788755,minus,True,1.096899411406803,2.06992529949073,0.9730258880839272,True,True,1.0,True,100.0,92.90000000000008,0.0,True,[],0.2944897726000755,0.0612123782826019,0.0007044562632631
59,4-1,116,4-1/r116,bo,2528.546709411354,"{""0"": {""K"": 0.0, ""B1"": 360.26116003064124, ""A1"": 4515.798782612401, ""A2"": 1337.8315506582883, ""A3"": 1822.543724603024, ""A4"": 2413.8062256080516, ""B2"": 1007.2393501493013}}",3.7136,0.1549539384588953,0.3998424874063772,0.5052575125936227,"[0.5366185716068239, 0.4907149229860056, 0.07645610357186783, 0.9583613715221564, 0.28392010837400006, 0.3867877174454635, 0.512267874704595, 0.21376047329144765, 0.804729357023514, 0.7441850628488818, 0.32009569570925156, 0.24530034804735268, 0.5520571158421566, 0.401101467534032]",75.0,75.0,92.0,4.5211,4.5211,23.3975,23.3975,13.8014,13.8014,False,0,2.7458,0.401102,2.9748,0.5366185716068239,1.6335937072443727,plus,False,0.7803042890205196,0.9952922355203496,0.2149879464998298,True,True,1.0,True,100.0,196.19999999999985,0.0,True,[],0.3278323037939438,0.0591535409160395,0.0022348661976539
